X_1,X_2
0.9285335673254859,-0.2878993544997431
0.9714671170483288,-2.2669404659716452
-0.872664294060876,-0.9246908301185349
-0.8012470523836095,0.9226320066618919
-1.9626890526250256,-0.6671520838272718
0.9314031932801613,0.5420693912069051
0.4206873810952026,0.23152696777007523
0.725627587838743,-1.7728819913443694
-0.2073101854195759,-1.9910633258218533
1.1083375520739942,0.5313562790851162
-0.03315974028468146,-0.966088028681875
0.913228636524616,1.513952727593781
0.20833187742093678,0.6830336255583207
1.2546558064377917,0.7228075236155194
-0.6124264788511394,0.18422562355186448
1.0582053396382227,1.0103940646950051
-0.2928718631532539,-1.0213770812116028
-1.1114137364266858,0.7371551091520733
-0.831121774104895,-0.3287338482667468
1.379797939055509,0.24929458868725365
-0.8808249765611115,0.28224709206849
-1.2099454094643616,-0.8801064331494597
1.6526349070021755,0.6460103472646395
-0.31494853924197475,-0.3320785856421876
1.0701852477087228,-0.21954288234029343
-1.520113493246845,-1.6835324357321069
-0.23747658064883298,0.34401967980100767
-0.20663572235191266,-1.082347863683953
0.29047798438126055,0.4608580769689715
2.0610343056712543,1.4183781906059545
0.46098421146317803,0.0628305530631605
1.21646325051913,-0.5390000939990081
-0.7994265323356763,-0.8151608437717727
1.403752029325922,1.1034846292727776
0.5066563466071844,-0.6856281223768177
-1.548649983920144,-1.1743385287829515
0.9916859487348942,-0.3612894862263324
-0.0824977538727871,0.8605771457864357
-0.2231501360492727,0.10962041254489886
0.6167666442530344,-1.17159680147144
-1.1268032456857835,-0.8140052177297983
0.9633518649688954,2.38676139983261
-0.6151006361044751,-0.47933932846912125
0.20718840988502368,0.7147470501147314
0.5078080538706053,2.4804878535314674
0.38413831403700993,0.12104360480367565
-1.1808070484929973,0.9792894790366514
1.9318075695874488,1.615593118036442
1.0261749159756326,3.108414423189296
0.08598820843860229,-0.11868430073268516
-0.1514279990665305,-1.1887804486329863
-0.5833977684162712,2.210867068471728
0.34274043722395153,-0.7723523542815304
1.328813590370255,0.8095519751707222
0.019833597738663247,-0.7320062984544713
-0.11380231168520952,1.5460420771091348
-0.9400681748694425,-0.21554172833803237
0.6402650876819075,-1.329083711135267
1.2271959800754435,0.07005004681613405
1.4007739146813207,-0.38499265977987934
1.34718198588583,0.7268442773396736
-2.135346423060479,-2.1137535827063507
0.6533449708032852,0.7459143529864977
0.22235335148134527,-0.08892630240567288
0.5431934256385156,0.8543281335163845
0.6891134230168003,0.6751034235286828
0.7923914808495631,0.0320442439426915
-0.8374203071902683,0.7076574965431186
0.35710861781723746,0.7797424970060355
-0.12414497451204476,-0.5870999041052959
-1.9010148485743317,-0.5628870954440575
1.509381259012428,1.4327474518621683
-0.4765831255297298,-1.9886203294169533
1.5200236477090392,0.6218536917520459
1.9850425578447204,1.384165867279186
0.6055463883109748,1.489920753694011
-0.8123403100177553,2.000119548736907
1.0870742096788653,-0.649636105823878
0.26481098032663,-0.26115968380686244
0.5058733243550174,0.8941248762354822
0.823378025979373,1.2076126137969834
-0.4937357082952101,1.0118947127674018
-1.389431079498035,-2.890882984942759
-1.5354975042546894,0.2263123801015393
-1.227158660251701,-1.1947351840142777
1.258506392726172,1.8067849805323393
-0.4821250144791271,-1.7726807741782422
-0.1631623667349666,1.6000261935168991
0.28898942073528794,1.1874303059828646
0.7834942861214511,-0.060954612545493336
-0.3031355637398831,0.11998814319374497
-0.26926285051265225,0.4007831100327484
-0.9503509771777783,-0.2391020759806835
0.08824550519310026,-0.0924428435803447
-2.2029883108671573,-0.5629558432621689
-0.32514457779229894,-0.582249984018465
-1.9484015968045825,-0.5194626580423717
-1.7783978426439573,0.44546122350592954
-0.07470767698061273,-0.8044417757244726
1.1164663925394638,0.8934764116526561
0.578202773878268,-1.3862069666038008
-1.2486582191071802,-1.2369985168652906
1.5396408032731685,2.063050550322454
1.1772177401321786,-1.2571879304211733
1.7735379046036168,-0.25680023612419506
-0.031132533885700277,1.1143311941020686
-0.6712607200659575,-0.6503003713927377
0.625324081533324,0.13268677593435954
-0.8786280920644052,0.08131894895053153
0.5067682107143084,-0.10560403059705524
0.25123930669230954,0.5953358519160952
-0.2932366835531003,0.4633415764207967
-1.09008334429418,-0.7071529680672375
0.5190193178892085,0.8661570938282996
-1.6514863547506777,0.3870972864119963
-2.1095885061041053,-1.2988210506535816
-0.5179670305746289,-1.0825735460948327
0.6889620990965571,1.0703166400322799
0.7870039969056912,-0.8500125831380364
-0.7066036140871017,-0.11226762487253013
0.0524289320962289,0.9739676689123765
-0.4994600594270398,1.8525859134223897
0.41693067196660005,-1.099878728878095
1.5827063290961232,1.306337313821737
0.8962579796715722,1.1048645509450186
0.18301358390506314,-1.6061936428445085
0.4650517987251172,3.0409040238021
0.40845459890560215,-0.18755534844211427
-1.6689107375746264,-0.21061661425042078
0.3215941476416706,-0.054493480534148826
-0.7074302057530838,0.32915098167579054
0.32486658271250796,-0.23705910373123798
-1.1336112387564432,0.2318590856878364
-2.4945959140147065,1.591297223958599
-0.6713639810966535,0.3978562484481369
-0.2749901927216097,0.1734315522405475
-0.7569976934647967,-0.3721941529819353
-0.32665209510015014,-0.9527377939559692
-0.6959762467777082,-0.48542914500461815
-0.2998003737558207,1.7021256905539939
0.4175838554313734,-0.7699287984419603
1.2041578631287395,-0.6724532486811983
-1.4976283745704522,0.9642854763372515
0.21014242788805013,0.1641843075647116
-1.0084259696612254,-1.1115315759963036
1.2654284827222737,0.24391669943752567
-0.023056079408411184,-0.41296915923523303
-0.1564189926397046,1.6002277624010144
-0.6700749579304562,1.378213035362361
-2.7556875702624017,-1.8155284545873291
-2.385281987016375,0.4713540895843247
-0.5056666346706603,0.8559725377118109
-0.3123319693689785,0.15522309689580013
-0.4608997554211243,1.7071080666509493
-0.03819076379682363,0.10145669818328655
-0.3166939039038941,0.6445911055961477
0.04547679631824121,0.39986343808672864
1.1580161188179134,0.7853702981555325
1.3998614795340674,0.11317853712784032
-0.04737052655972253,1.2791063628257706
0.6239836443985614,0.5663539579661083
-0.4409097945200642,-0.3796734135955764
0.8503875764115337,1.5928782454894035
0.40489605617660446,-0.2564273711737164
0.11116644673791358,1.1577994214259901
1.2129328162846593,-1.4058500928352018
1.2186502627769273,0.46499391385816763
-1.1498235275346265,0.031523841479248374
-1.55233777440911,0.3658556403435783
2.8892167410251854,0.909787968727832
-1.4983110078469157,-0.4880457845569803
0.8909144483290246,0.704519711688772
-0.8756191939330277,-3.8968021351101707
0.7705059403173721,-0.7109675502357897
0.13262621163326102,-1.0317059030666282
-0.3370791211711322,1.031906693160126
-0.23469792177220547,0.45656002546868574
-1.0001340004146408,-0.4581533228076471
-1.4962195910445402,-0.28468446076171233
0.7419367910576492,-0.3156303645634123
0.1165798118070163,-0.6729570025523364
-1.9137579273408947,-0.7632955402605555
0.37780535481666344,-0.3133015835570736
-0.9402983378949068,-0.005191199593142332
1.9121468753101114,-0.4219009819501268
0.8686536954252643,0.3771143684154027
1.0200024603564075,1.1129607837696776
0.552263047549433,0.831808724261847
-0.023784236567416007,-0.7843817977198471
0.10342487711521525,0.790726279548013
-0.6561082924915485,0.030371896974267
0.09705794238131395,0.8290379273458248
1.4199202400478999,1.5817755978599815
0.9813787140936117,-0.3141308843586627
-0.09814962107339122,-0.5290332179489579
0.6934612854668245,-0.9041093824703504
-0.256601342287329,-0.2634851090301385
0.6967894080962129,2.6532399320060773
0.31450521939552184,0.05230935967182291
-0.6386883699607431,-0.48658738967716725
0.480714861106254,-0.32185059570808827
-1.1760130848626251,-0.9792590074545469
1.641043148753467,1.0444559739120745
0.4401056868626179,-0.2644425760080156
-0.23481278130997768,-1.2600511209368734
1.2034795932474034,0.8344704210956954
-2.2054755568956232,-0.8143871411971786
0.43001126239448323,1.0956235596202766
0.8954362756510238,0.7037257032305917
-0.9787493341524363,-0.9311905350007286
0.6600195945486202,0.7137631854280916
-0.16287501793233516,0.030725374508620944
1.697827577251606,-0.45813651000256433
1.0414816515584324,-0.9589691383405605
-1.434106444979043,-0.01474479317262962
-0.4069454359168336,-0.38663920775124083
1.1297127048210114,1.0510356710947768
-0.6532619332833677,-1.2190688986766502
0.033502092619266496,1.0320739883076142
-1.7780742142502828,-0.3788001412899999
-0.45919065674886317,-0.04446194641023673
-0.6972924260874328,0.22435631103882017
-1.3853176023214928,-1.109360986252611
0.6188174029623774,-0.035685897308000376
-1.1836760919899807,-0.016378903690187404
0.5641015327398063,-0.3066044643662795
-0.5906527581910207,-0.08228802827666608
-0.4375553216686561,-1.2417746312921192
1.121499286356911,-2.018174904680298
1.7547394371836889,-0.9187298199382578
-1.3130770822987734,0.4994994922627126
0.6367434638379158,-0.536579335290235
-1.1407733401403937,0.8935010596233527
0.5971324063810936,-0.14726026956092267
0.3249763648132158,-0.29304882054456
-0.34310962530430644,-1.7151330852773228
-0.6263538335509999,0.20344614039595588
-0.4073289353865596,-1.043371037978267
1.3972774774594572,-2.35719820124162
-0.12962169159206316,-0.37194572444811436
0.4275512578883652,1.8547866764564533
-0.4669650625963134,0.7394294123662664
0.04253782667652259,0.42989325016617447
-0.012746018132313776,0.0340748566986715
1.1781846508193239,-1.2420538672455823
-0.4101143019620998,-0.09352360342733065
1.1795180003193095,0.6101031539613871
-1.3470299421645533,-0.10976266891810718
0.4975256969725161,-1.5947562890662403
0.41245837082147446,0.7138436914883817
0.13991042187185515,-0.17032593707628424
2.0585450994014955,2.274616501855462
-0.7124369870645101,-0.20818478897467252
0.5458508739335503,1.4751992562004452
0.7805325656657495,1.0058966886022933
2.8385957105401105,1.1613097461901225
2.1805207850125603,0.8336877413003515
-0.9581078103065322,-3.277432797881083
-0.07434750549950517,-1.0565903482048424
-0.6562113040763397,-1.2077072360970431
-0.5106351108780782,0.26110142948378245
-0.39296558290987404,0.581448357177462
-1.5718714028741891,-1.2573013519883458
-1.5890486693201344,-0.5529389193447601
0.21628736085239214,-1.1380423328150517
2.429271831731606,0.8470624266521141
-0.11100261669035556,0.9924926314711305
0.4607237419302159,2.078254333016287
0.5946170344660425,-0.46983894385830316
-0.6057235089075547,0.6806849456115666
0.2515651886433183,1.3744733111945073
0.3651823288253062,-0.9349430295510843
0.7995344637932441,-0.8555884365584578
-0.536943678181083,0.15541915944032617
-0.6643001588940335,-0.06064259792605555
0.6156027436077747,-0.3653723145086864
2.2430355963549147,1.814376869872085
0.9164551940566166,-0.20464203166162168
0.4660088952670218,2.178730828547886
0.952088077908845,-0.5486782534843703
1.8475069445895624,0.9033954277504408
-0.8762015365388625,-0.5010730035983
0.6092308717246881,-0.1022058673220392
1.4811889337607282,-0.6938474927600662
-1.6629033692875306,-0.5727563506125231
0.16364149880363502,0.020903781933562716
-0.4147420986629535,-1.275539249516811
2.137178751470338,1.5396937068430157
0.7549944147315442,-0.29848884130793074
1.0383693433868557,-0.6431052844201136
2.2149732816551264,-0.3437803002819351
0.4301454853949421,-1.1043679337212418
0.39392785481494763,2.101092689420719
-1.149170322967676,0.6186344395118542
0.7191454871026244,1.0058220119660777
-0.3105306186353944,-0.13180500907910186
1.9823685608521688,1.5651138180655897
-0.12620576019644603,-0.01395476317006377
-1.1095046022232344,0.717146734478576
1.9636910946885617,-1.1232654566933455
-0.3270204207136372,1.565404417801427
-0.21387519871082855,-1.300995305800685
-0.11505630613235948,0.24942506343396853
-1.4589888278510426,-0.09099719357300211
-1.75036676102776,-0.07223490711157102
-0.05776263901619843,-0.7393054046273737
-1.1258570341631593,-1.4873387516266106
2.504496539023559,-1.6828952546531857
-0.040742927713670225,0.0006829698275997826
-0.855560121540987,-0.008794200946041263
-0.5873826552845868,0.631811482847355
-1.5042052717335863,-0.15917681254616892
-0.4657009771689797,-0.1817487133534656
0.938745252813131,-0.5366838341998729
-0.15268457797158297,-0.6454145352524338
0.3227991204388816,0.089810557845895
-1.705429723533045,-1.8309260494106048
-0.6012055077481632,1.7876778657984609
-0.9432692108182983,-1.1667852152666507
0.5748432358143049,0.7782245668245741
-0.8387515004489129,0.3669486596966731
-0.48422871481426105,-0.5934055527060204
0.731859011519539,0.13663535603422802
-1.1428376668837819,-1.7812695681018484
-0.00032512596413477245,-0.03033371388954094
0.5001669421055168,1.727203815044519
1.0323795182503321,-1.0413664452169347
0.11870490999839828,-0.17339617177401362
-0.9352263771195494,-0.5828450396864145
-1.582603648196284,0.915836326861032
-0.5666241332314301,-0.07061376455471861
-0.8965846906797473,0.6141083886451862
-1.5426266096410177,-0.35393295661115864
0.8592249059846822,-0.7540895057025158
-0.24899934874949545,-0.09166512495825116
-0.7018390615592923,0.3293313120254658
1.364980884228421,-0.4092879633205113
-0.39072480944363214,-1.0952869676822177
-1.068216425515218,-1.3459224080512404
0.5653643485172485,-0.46713544775076277
0.743753329805565,-0.7301317497976448
0.956707393987958,0.09305145525189382
0.26848288809606924,-0.7652571836758166
-0.7687791252942449,-0.11346371389402228
-1.7694656033051563,0.9172623903419679
0.16412671710173798,-1.3836568309041855
0.39162158050717794,0.9717524813309335
0.6694581595256532,0.4644109685778712
0.010333424462534518,-0.5584899992679225
-1.8814506980604853,-0.6037035495249784
-0.9347034821475527,0.7724703919591599
-0.503130229294219,-1.5101393771527585
1.3765860337599616,0.44883065807402184
-0.017635673139657037,-0.39192947770781034
-1.558910718520259,1.090305350022052
0.015040185148983417,0.4749789920595171
1.0636639513948296,-0.37266394583089807
-0.23832524289724907,-0.24581972797364376
0.5029691896853209,-1.2418471834529314
-0.22573630135697373,-0.5342650704117882
0.17712462712927,2.100559976898216
1.2704142428322243,1.1338888443317208
-0.18446395270116583,0.244624216194401
-1.3590535963224584,-0.4180415237798025
1.2950361045460417,0.04103680345485481
-1.2636431054624657,1.0000041772122008
-0.3146826919770578,0.49212330826738704
-2.220330504132703,-0.535840213297153
-0.08068429977450357,0.03210936078332105
-0.8320489966936729,0.36596742103071617
-0.7587035093297446,-1.0948934408501412
0.29549811282009125,-0.09194588365847425
1.212606489829165,0.06982210429387381
0.9621590109591712,-0.20668621938668436
-1.3679459844106625,-0.7863126071795336
-0.6933915514340372,1.1584268299475728
-0.762593402387186,-0.24992499541370503
-0.6681256105725191,-1.107408447063753
-1.16441586364883,0.3118632871100674
0.9394823232464349,0.7724315871221101
-1.282137098772543,-1.3940755958402282
-0.26154888858590375,0.6586451886976027
-0.43724079709000596,0.45639126262590507
-0.45607256502186766,-0.45488996075887994
1.2587685337216694,1.0144692834588587
-0.3555954852904111,-0.20294076937948985
0.17853008628413836,0.39110688110588415
0.7999725838230776,0.8946253069931513
0.7888580320393037,-0.08504417529200069
1.5362597567478533,-0.3483285851169947
0.21708668022792488,0.5675920363784361
-0.20898700847172977,-1.2867409608169413
-0.1807359824230418,1.0079158719889605
-0.4107583540766971,0.1401467585089549
0.501585049232264,0.18061109813654191
-0.9824912408250258,0.7029692484533152
-1.0113248679805804,-0.49260930899167243
0.09223118800971641,0.7403700315012745
2.0026072440751115,1.6565535271735896
-0.004104421160430338,-1.35696084006516
-1.0042673050745676,-1.6183481166652136
1.5169028018180284,-0.34860760953925335
0.6102066900083869,1.3219502384072042
-0.9479028284475609,-0.07993464255675548
1.7371976184100053,-0.21943267990122828
0.8032505110063137,0.7717539640939113
0.516937375712575,0.45424363441985377
0.05068746156869331,0.635002877953688
1.099034670966442,0.1035425991146327
0.5074633293698606,1.4248762210609391
0.9342570760579071,1.8234375499028452
0.7703714825080253,1.1365299597279117
-0.5397074270992749,-0.626019486854025
-0.16370107570182243,-1.2902706869891791
0.28710537316009854,-0.3623002738092537
-0.40127774157110535,0.38473624504865783
-0.5145529772214623,1.8271560853343862
-0.7325753373696854,-0.20922712910381983
-0.40017831360929684,0.17629589886807853
-0.7809521612252504,-0.23961753263052143
-2.151973234801225,-1.9836094699864402
0.3765195466320005,0.5849770301760986
-0.2865547850393762,-0.16697136274601607
-0.17980780284977066,-1.7602802250019491
-0.8592606752724419,-0.11326409544466948
0.7204741139081792,-0.38618111805290184
2.692856153940735,0.8103063911110129
2.259703336364163,-0.19950610256406853
0.9736296151778944,0.47803596170429685
0.12933009483185565,-1.2502522720449232
0.8671669182558114,-1.4346427096275043
-0.9957456582644888,-1.0404555943073608
-0.48670214159921027,-1.1656233178163504
0.25723173777932545,0.25532335090134817
0.4643212786236399,-1.4889591926409242
-0.7395849912376552,-1.7857335167368398
-0.03338778636591443,0.4517615083012092
1.058044115578601,-0.6566313783478963
0.679536153223757,-0.805395420639174
-0.23029464150038495,1.5118117663451969
0.09730563999502317,1.0969249981049831
-1.8334885086925332,0.3012365027141601
-0.41739502330282957,-1.5237551364036204
0.5037655324689755,1.667558113178291
0.93494158699608,-1.0185578508899118
-0.8570417823486535,-0.5726443908178918
0.47399219583603935,0.6244345223964594
-1.1294391409070683,-1.133663491053724
0.9426879538491096,0.46775425406732646
-0.5719955171462057,0.5218252643209709
1.7625008599038952,-0.8052104269082534
1.3904442832710977,1.7411032548591516
-0.5241361462320318,-1.0444328218801269
1.6105237227935945,2.310105215284149
-0.3482484170187064,-0.9729101859616749
0.05195152356294871,-0.31724381166713517
0.2842720289239712,0.228676313619815
0.10607698281254735,-0.6799091594488386
1.1686272591287885,-0.11821244945251451
-0.33854372622739304,-1.701503481796756
-0.08488463505945942,-0.7340816829383938
1.0546488814096677,-0.07884434175337714
-0.7273343854446653,1.9245739094578136
-2.335903721256013,-2.258259362310897
-0.7016066092964239,1.0497093735455478
-0.02926451353513314,-1.5459670472450064
0.4440992894763945,-1.7569074139279275
-2.882296186588141,-0.363811230035726
-1.0009261570213397,-1.5756263236097114
-0.9850700347586329,-1.7090978308580185
0.9647716425667161,-1.5914407133748507
-0.021352870199895495,1.0854410875296705
-1.7056600979568401,-1.7080438075551128
1.5825767763706022,-0.6351379960092572
-0.1653697731715085,-1.1803738111385085
1.55922672271316,1.4058331372372332
-1.4574842860533717,-0.6681847603693657
0.5188309870856291,-1.8507011306976384
2.2883674883963847,0.6106278166917398
-0.04672939578445562,0.4490588671794354
0.05664896901450414,0.5266957768899354
-0.3527095160196509,-0.7543243262226385
-0.4620848378970573,0.027105093157123103
-0.8513039171205525,-0.24459695415886576
-0.5132875714636655,1.2897599621012623
-0.8197630675547003,0.1803604755491521
0.9908474493188529,-0.739942949703965
-0.2646338186358949,-1.8912620637483084
-0.9355592929720998,0.7752367289408914
-1.0258558347491682,0.7468303999318524
0.4232818813534289,0.7905851040477996
-0.5535337001452464,-0.3627891411662656
-1.6152786589938664,-2.0442773098311293
0.05615221456555388,-0.6936620435312881
-1.9817550112201074,-0.7306649684013579
-0.23345267694014668,-0.78605677256645
0.7345954868362944,0.6006717919854629
-0.6397730391591543,0.36880382374786363
-1.4153481718157959,-1.2350282380968658
0.9025543013502391,1.0805520881923023
-1.1500889217061956,1.108441010548589
-0.32748358533009186,0.7356779862905048
0.11267730291438174,-1.2051373926188171
1.4228391455788143,0.8423954520807282
0.6045959310189849,-0.2806684450178563
0.48463229934797347,-0.9445286279053551
0.2529449726267452,-0.14626298630005843
0.04836884033850065,-0.8013556522690372
1.0822057758489376,-0.8702955611625839
-1.1350086667463342,-1.1486952738310638
-0.3082988210997832,-0.3324085596320025
-0.4756031673745063,1.6695459862989661
-0.8323864316029755,-0.6119447753167071
0.12183983333100833,0.4345806171699182
-0.2176386961864624,-1.445603822205662
-0.9625513380588826,-1.5020786935901074
-1.0106892226478335,-0.09817157365072786
0.6941119540924144,-1.9417742510178577
-0.49513694409631637,0.5010270007396306
-0.11404916207868485,-0.7358418107957453
0.17713334559039431,1.0430119634594726
-1.1753206607170041,0.18319183617683363
1.2258637244817132,0.39926469850228563
-1.8599757386893199,0.31964308900333327
-0.2953714251993444,-0.33376962548874617
-0.6363161537625567,-0.8665827325831419
-0.8741418383933927,-0.5121238236903636
0.37629685165287097,2.5401470577327383
-0.5751073992419689,-0.07672727389105286
0.5436444928899644,-1.8724354843668964
-0.6524146037134632,-0.4587962174319876
0.237820998800974,-0.32119773841449545
0.5109905621227945,0.6095577159675339
0.41528616008843033,-0.7839838416000531
2.002253967421562,0.1956805947703056
-0.1976736654077897,-0.44163234767064846
1.3880299636962241,0.15574416904022104
0.06057418407569408,-0.21147218404650234
-2.0676331987067917,-1.7954474670137666
0.3267262315398018,0.07937368539603239
-0.9606502752740832,0.9930637659713394
0.48788489261616336,-2.8242827126601457
0.021569064226143204,1.2779786212221258
-0.2947376720579402,-0.24472386411168015
0.24692283994035855,1.1303214716111063
-0.409915296239239,1.3956550068642608
-2.9542744925975057,-0.7703042774651145
0.46640397877983986,-0.79636450689606
-0.17018620901093476,0.18919839269975386
0.9553108040833834,-1.371618558475364
-0.4133618383062915,-1.0301409106191122
0.11853233348234143,0.645428250421791
-1.0184567102855362,-0.4453306255085197
0.7555875446790894,-0.4846815648906376
0.15901388251260265,-0.1850738309876658
-0.21365385415302357,-0.39039557129166125
-1.728698613895859,-0.9393382372729157
0.3638665629747254,0.7539535061203135
0.7125102373245791,1.0440373705202117
0.5854200373485078,-0.06496600358826496
-0.07899296067532303,1.3182327436849526
0.8999743409757388,1.8876784707373115
1.0613214273214455,0.4944981835166644
-1.8981672727687695,0.25752525081387545
-0.9792422541403871,-1.2281493091077185
1.044576533847087,0.5845929747227052
-0.9637684102806574,0.5541947512180004
-0.5736606716584473,-0.5335978094643367
0.9941970354487047,-0.9622352553912104
0.7093076609365349,1.2411240856085968
-1.1536559374228037,0.48386458840490915
-1.5742724168620073,-2.226266519460753
-0.11613225767533603,0.216149183897444
-1.6429182971931484,-0.3362737755133083
-0.9972044535869814,-2.894484951975873
-1.0181842216364414,-1.0684686834784447
1.4789351542860851,-1.6956134725982772
1.71822509335171,-1.616648427796262
-0.2111356815600607,-0.7639153908204752
1.0998765846342407,-0.47480345691860487
-0.7753575261362491,-0.6973967337050003
-1.5553140475135798,-0.7941479887992867
-0.27142555369500904,-1.1247548035993697
1.950056074576455,0.7072608621095823
-0.6533488590351016,0.4033763255912313
-0.5075293804465912,0.8714049724759606
-1.3509644507979972,-0.595845135533385
0.9488987552743767,-2.356028408345397
-2.1713071558409767,-1.6721177204369602
-0.12174514399674631,-0.5345821210390237
0.5818676037188132,-0.5098877782084577
0.06497165018962843,0.23832267939687532
2.996213215627141,2.1166937654634674
0.4442271003066675,-0.007830088895947152
-0.27953525562049647,-0.3719995811277393
-0.4966395721263413,-0.2299891128805942
0.04325999067888458,-0.6931674892258184
0.16042686417192886,0.6283656790064645
0.566639163173993,0.5619542250552401
-0.45444237939157345,0.3529433109963562
0.22389404422716605,1.310466892870315
0.6287866283711332,-0.2840408790452466
-0.31680723855155707,-0.5573930065425455
-0.7015349252888773,-0.4598598500312656
2.4068260715245136,0.4174377832152019
-0.03557584343568582,1.0041189766908145
-0.7128393356112577,-0.6811745106664272
0.8327953973415627,1.3635656227771777
-0.33761382425865183,-0.654369809031963
-0.09264839614025745,-0.8623421912912776
0.15679078798522833,0.0891026214427646
-0.765310803316427,0.7107879160511962
-1.3905794872388129,-0.15942356912562697
0.709732965586809,-0.4775697669414809
0.7410871739390612,0.22153180877338852
-0.8398188959864569,1.16623279809889
-0.15032826206632982,1.8126156705869518
-2.1118814878099754,-2.682270116764833
-1.5524765348341634,-0.39082713452771317
-0.8030683475029557,1.9414366967873316
-0.6225522834137712,-0.4873747073124226
1.9607938052350489,-0.1172701121978854
-0.8046446992571147,1.0304456107085145
1.1241730943169064,-0.06414073186112268
0.08725949951059828,0.05560388847898459
-1.7475651030455415,1.428233089725338
1.742125559721236,0.1596276572121378
-0.423985592027283,-0.28142282054912726
-0.881317696043611,-1.1648922508101391
-0.5533473350966217,0.38733123346586157
2.696926289714676,-1.8209894558116129
-0.2807813228441625,0.9072659939149851
-1.7717428812874687,0.2955131032422066
0.5863930377178767,-0.682023000425918
-1.8296803304143932,-0.6168530183487618
-0.6870636883166947,0.8872286642708863
0.5198805497697496,0.36037387563443135
-2.249606026905051,-0.07045554061138294
0.021202712962194843,-0.25297412010967507
2.2954898513340702,-0.7334181892885246
0.07817271132894009,-2.2231903059805944
1.2079450734409782,-1.3275163197879687
1.6246473584479115,0.43341138541070157
0.7836635128879241,-1.3497860644180224
-0.13566261900058552,0.27096695107394736
-0.8391330989310317,-0.10485460214816725
-1.4511159891159842,0.6003495732768688
0.03120249452517591,-0.18317506481957968
1.4244764915105883,-0.6109834772916108
-0.9762232208812035,-0.1623430585884713
0.041916670560739555,1.0627779793956176
1.1425086277799221,-0.25619261563924095
1.0487805990583163,1.1647470296173823
-1.5385472036812826,-1.0610396368361752
-0.10657798358587535,0.6642621579848914
-0.9758012670261664,1.1020050285177403
-1.2108390296258675,-0.5428504681180513
-0.8401414008776672,1.1961405522367208
0.04354796441173158,1.42959707447148
-0.989004172945989,-0.5557652505578397
-1.2732665346934282,1.251906214069307
-0.11846920754363108,-0.45451814770779797
-0.35619192871211913,-1.1251661591233628
0.8714319584654159,1.9542157319018771
1.3111247758874478,1.8231837146364385
0.3166806029060355,-0.7916075746620516
-0.6616568912748121,1.6855135558373264
0.8703339967085871,0.06996375584757412
1.112491527606022,0.7316131199743457
-0.3330796673757954,0.020113810592652086
-0.03493617349929466,-0.3388734971053501
2.208242451805144,2.4491308913983088
-0.28757481108016575,2.4451714478606634
-0.45120056628350613,-0.6944879712140394
-0.2401381027905391,0.29548184182318293
-1.1371190935172606,1.6956467740770083
-0.6137490855079649,1.834619829697991
-0.3885379101594381,-0.5010880901190219
0.23606291614687855,-1.9318691968238249
-0.7114541485927085,-0.9289933540794745
0.6225398350070805,-0.12002027924747187
-0.019213529631175355,0.80778274402716
0.9984894656585787,-0.4334409209228011
-0.28643415845796455,1.5898782794919482
-0.39558625738231074,-1.6217210703520402
2.6470260440698343,1.4613939833753156
-1.0854524656065043,-0.3137714799758804
-0.4148410642919635,0.319054713988611
-0.4377353372828987,0.45845038053063353
-1.8101046823473628,0.22892308303412556
0.4391181053336163,-0.6629731161790761
0.03713124533756922,-1.126763025762644
1.1979663225056834,2.5812972500892624
-0.26519205226931664,-1.8741716331422031
0.47203782829740853,-0.8447019485791085
-0.019159359811170236,2.711211033507114
-0.08394625754787831,-0.4107197575774817
-0.9651863117225501,-1.450139307941491
0.42642759540710345,0.7122228132194338
0.08489762511165257,-0.7042685377733241
-0.09158883871455577,-0.1610892113577767
-0.2659348849727282,-0.5116563314736698
-0.884215987448032,-1.7972986143137175
0.2844382086889128,1.5856604830053846
0.29868427091911076,0.7298901252079701
3.612243147855738,1.2381859224984202
-0.3990043518351721,-2.4552740544191236
1.4592854778118112,-0.21784449492124489
-1.0443189181778028,-0.24379482438568909
-0.7409998602916484,0.13477661746611633
0.3813593556125278,-0.33330580926305137
-0.15249343045759273,-2.076944067532297
0.5684890709281211,0.6398709625333766
1.3698356165785388,2.062951386646879
-0.1988643049755731,1.4653540541529846
-1.3468760572638099,-1.2312897657047717
0.3236512677073705,-1.4463571053577917
-1.1138762599911125,-0.11474721542877318
1.6827382162323283,-0.10877502474014575
-0.2727825309972244,1.0301150605211635
-0.06455702015244422,-0.08815554152364091
1.324085104305162,0.7878339810700069
0.2950365202449375,-0.382258158976747
0.5383534729637932,2.4232296790280707
0.5967083297471186,1.1609643912985805
0.7194454285593366,1.749617437836102
0.19293631377197493,0.32813404706603444
1.6730798912348888,1.1294226920405321
-1.0345854735742335,1.7544449772773802
-0.0005563732632507584,-1.1473665270385969
2.3389484666325853,0.3941321337377418
-0.4340818474674575,0.4084746726250858
1.1339103393352639,0.5269267294787995
-1.4746466561159886,-0.5401931853688439
0.5615365813530142,0.5318556365587092
-0.35288771284388537,0.07677697883112566
-1.1184935042800364,-2.0107995081950873
-0.34608240151467196,1.1152341119231528
0.8170929898069963,0.5694698213046724
-0.7087723100135788,0.797975257607886
0.23207236922970617,0.7213200423672225
-1.5715618170150714,-0.773956268934906
1.3366224436710659,-0.2095481348017897
1.0521779217699794,1.1214713159856724
0.07675624380679909,0.20523387504522447
-0.5249590702303508,1.0567713710079063
1.8793849555486566,0.14165114095735226
-0.029487765962269097,0.5960501720468051
1.0391281387019253,0.7786242211285704
-0.20090447720789692,-1.1761846859144451
0.7361889211851685,-1.007844147669086
-1.2745662171085264,-0.8649869723801651
0.5392913309373863,0.07844901105094423
-2.232197676429627,-0.24214446538057036
-1.0821666643414514,-0.2807954948324397
0.3356538351427968,0.5135275894168837
-0.9214700740033154,-0.5030088487610731
-0.4776525497904604,1.3525095010945936
-2.0335861424021564,-0.6707172880822893
0.6874810128647207,0.9562758807422944
-2.5545207784922903,-0.7082559070456506
1.0339666102084062,2.621602691573368
0.45700682019923394,-0.4147638414607076
1.0522056516393907,-0.9937184667577535
0.5047269505836139,0.7065468515759271
0.7165806531310043,2.711240858499122
1.5438636078017485,-0.029250592275238546
-0.31756544511497453,-0.6296197054634651
0.12189317902484009,2.5892159525474514
0.8593581598960219,-0.4695597742015515
-0.12655675527019453,-1.3022887947352308
1.226255837446844,0.17632780755344346
-1.3694919038777353,-0.39431862770313164
-0.06697186040085824,0.8008029182596282
1.9180072427179407,0.7007651564012469
1.1080185531349163,-0.5057750059692496
-0.29515542793687,-0.706406581114609
0.8317497871451083,0.4215195872941431
-1.537436042575964,-0.7318742585807793
0.18214328839427923,-0.39686194080008114
-0.342609893209213,0.7172498902417361
0.7036813937145171,-0.8921140832222436
-0.3918260591551454,-0.9789586301421083
0.27275753952461196,0.08529602343248392
-0.6532675523434005,-0.28798420839542177
-1.2578366678213793,-1.6680425710301738
0.6708342003345574,-0.6181798230384434
-1.8906509943239473,-0.13618150010882885
-0.13863640495141155,0.6198230914648223
0.7052841622380231,-0.24585490448308098
0.6205239238411782,0.010406295024164253
-0.40844732982578624,0.803278459858756
0.9797123125660981,-0.5875497822884217
0.2065901054787605,0.8181049758519585
-0.9140500378710978,-0.16970365010063165
0.5240255905327605,-1.1237255623303655
0.0487226045233269,-0.20145888827188352
1.1282043266094026,-1.2938897375827998
-0.8886910586076872,1.6459978755598954
-1.528132600707373,0.815557933214089
0.4804536257119563,1.368509439692609
1.0266163669015769,1.203602907974893
-0.6371032151304744,0.3827448474840327
-0.44713280954953744,0.9852062897685
-0.59321059459353,0.931789523926203
2.0153116245036253,0.8560514616966566
1.037472761788348,0.6548771580884971
1.423250307935862,0.14371153894620192
-0.4982669684363375,0.9180206695230441
-2.401881405854036,0.41648830697248573
-0.30114309321847155,0.9127175025497138
-0.8310346297752872,0.9436007087962079
-0.16330569674295994,0.4550825783270246
1.5567222145897055,1.005337269412247
-0.9170358365175438,0.2947876441014002
-0.6236031923631825,0.37091675257631435
-1.927748466926295,-0.729027056584819
-1.781132275103617,-1.5962320438448614
0.3616013233598746,-0.7875073234678962
0.07429112387741209,0.48429769482162577
0.10643226448776888,-0.13564369198741938
-0.8879062574679221,-1.1015226496266235
-1.6625663438953124,-1.2926988154446388
1.0302209272222755,0.3360845785621471
0.030560155275567925,-0.8563372355841149
0.7339382837389787,-0.36426053218524573
-1.2689986078900442,-0.3725533021912271
-0.43011656701534484,-0.05356099758696741
0.9446093765924426,-1.160838500361776
-0.7935660396812187,-0.6549506157925127
1.2001818655340935,1.1028673736432242
-0.1707077265941587,0.452126250997978
0.6800947170642926,0.4687626768022431
0.37201077113322467,-1.3195389140024205
-0.16110083108130868,-1.3776900694504681
-0.2233892507886665,-0.04041764157362316
-0.16011131997954756,0.7582379935872641
1.8141583102027563,0.004993860659853325
1.2121113771497347,1.4404777044601553
-0.04384158461852655,1.1417825104189854
-0.936509056930778,-1.5788451804378154
0.06519788569296736,0.597218121702912
-0.40843094037597105,-0.49245189142849227
1.5407134166401664,-0.8532623172635528
0.18577721855880427,0.20847488779056778
0.8946173058696136,0.7441956295569547
-1.9934263120565974,1.4276517894777159
-0.5874463546175503,0.27729120862504153
-0.12072878841317683,1.13741354040453
0.1927975259529942,-0.8608651321958775
-1.5306045767780663,1.0755263334317484
-0.6504211213162149,-0.4445293513428755
1.561296024249323,1.3929768215079177
-1.1144949997229405,-0.7293418749243316
-0.8729011101422003,0.6553834126506254
0.3248600429674096,-0.6773885018197519
-0.9261693405466926,0.05422087294660061
1.2252582537237044,-0.9240725126910221
-1.002568706783548,-0.41595256114987145
0.8550161164902367,-0.5899141348311437
-1.432273252106727,0.8385511829994398
-1.5199525813593868,-1.5818989691091676
0.7417480879488436,-0.3475272775625694
-1.660152591752713,1.2927159876272198
-0.8285883113939887,-0.7419316294951375
0.19006842965887027,1.3037709597920348
-0.3098968383869388,0.5300550563077704
2.0104842545964003,-1.1670233811402184
-3.4992216507887592,0.7577143256090445
1.7196014436228388,0.21438302977343152
-0.1134069286243633,-0.16452202995677978
-0.0808930123030902,-0.6118428484117449
0.6861652940652035,0.09146926491053059
-0.09084424296264165,-1.5824458334997422
0.32816150004127587,1.008526000061215
-0.4025598487857645,0.17812580621798807
-0.014372416209105569,-0.3308303039373049
-2.4575597641491234,-0.8958756174226996
0.6130695858967266,1.0050259872937461
0.14747755624377057,-2.616086169306882
0.8871352422897305,-1.8288265417417606
0.24181931530924877,0.9358116120519623
-0.21242219701587647,0.44352232147887405
-0.3033046669887224,-2.661610886623279
0.7297488556280953,0.2273794812511586
-0.08284116528478358,-0.4339090462808427
1.4956944436658086,0.1708088720493556
-1.571389442832358,-1.859952883876001
-0.34541705690665214,0.6689301382158952
-0.21237308464570015,-0.12835660734344267
-0.3969372343437383,-0.5097386004332835
-0.35998115983563994,-0.7036002177483873
-2.8108871329945173,-0.7343625645435059
-1.2047519115546146,-0.1780375768474208
0.6192270438043807,-1.172386619002665
-0.13222687885745135,0.21942772559452656
-1.0073063080505091,-0.495038055826411
0.40336700440378487,-0.19517355307453924
-0.6748734384867814,-0.6033643244749881
-0.3180762273791121,0.2227460839140278
-0.7107115583496963,-0.9812572954510869
0.9193922878138632,-0.8379487281155005
0.21329123417737764,-0.41934792632907253
-0.34654773355247,-0.9488238643977279
-0.47733393771139787,-0.43538440187955163
1.0954384247658926,1.481517097968387
-0.9208721060667451,0.30355004485184417
0.9000635696937764,0.49031858531988753
1.8516091590958954,1.3375002526351545
-0.9837619463424013,0.6589253763822767
0.5897750986899488,-0.39501856199117025
-1.306486458832012,1.0155040478258262
0.5683916816027202,0.7470260869968885
-0.3844155806805417,0.7509352482730777
1.4259488536011982,-0.27332464668596557
-0.2648755780555664,-0.7418180655691149
0.5865545016590348,-0.9355609215917146
-0.34629514725902355,0.03468744493868766
-0.2624527373099616,-1.9884571663556148
-1.2999604520794514,-1.9975991864826206
-2.4904032222084997,-0.6200445001530461
1.3028090722099284,0.5103523754811935
-0.6205784010523172,1.2620796861537487
2.349511957217882,3.498250677571728
0.7389793277590966,0.731005914230463
-0.6567385887539346,1.1457611817242208
0.16811238141815993,-1.235574736366847
1.326854960358877,0.15183336123024702
-0.05196500288101677,0.5137605481517513
0.8724730101421488,0.6629764646604219
-2.023960188333288,-1.313286159585433
-0.6210692512753235,-0.9453200422415876
0.7394959220222584,-0.4904184065480562
-1.6413817959483166,-0.8748628669127837
-0.20044887043167797,0.32002687967186016
-1.0904250453567812,1.0671552548574295
2.21286013456606,-0.7978330738712862
0.4623217318547775,0.9067674492141586
0.483593318492241,-0.247850856325385
0.6625074844456735,-1.5456552223790363
0.242261612767342,-0.6961162082249028
0.9261316439804936,-0.057258488617249075
-0.3298411473404042,-0.14342595696136565
-2.401899874521567,-1.1825715022522447
-1.6373989438095862,-1.124987512421093
-1.4026741376016272,-1.3170008817444845
-1.8980916096580847,-0.9251906644772705
-2.325239947486603,-1.1930615731890235
-0.821964454710971,-0.5392565749538777
0.6272568005163707,-0.03887453318915831
-0.5607635421204513,0.4408299428423189
0.3472716646105656,-0.8649949347279136
1.0703565371994956,-0.1890223883244302
0.5288182689331087,-0.3445310235053977
-1.436355926414317,1.8194423337977539
0.11869413074755121,1.0325538082548111
0.6595047833432438,-0.7919130435561118
1.9642348628252644,0.2141471026390579
0.3105182646182669,1.0367604072801826
2.9758632403873784,1.9143376393724794
-1.6175796996786191,0.6437069558510168
-0.8196328652446733,-0.8823327369828731
0.37563486290986803,-0.8531500223345533
0.6597936055903005,-0.1281239958677303
1.5039617412462274,0.19847920410167777
0.1300109563538258,0.46084423645679146
-0.41824624589828485,1.8027356053217813
0.49335919989899396,0.45811308594429095
0.45445777956747085,-1.1347113822231405
0.6474802077343215,-0.5660551284119545
2.9364895105133035,-1.71190854278683
-1.0120048080954738,0.4838679222520861
0.5271892885500417,-0.5934120879093207
0.4888166441128274,0.0210926650218549
-0.5179860833056307,-0.35496284935422273
-0.4763716100609805,1.525096852865448
-0.2951451763442832,-0.2240287085934198
-0.5112080945970373,1.2243953689134741
-0.7195679739977094,-1.0654680506048892
0.4338307576563835,0.7363986252367813
0.6800992042107802,1.9933991352793183
0.269195182553972,0.7482221048370156
1.3030074768022961,0.43466480356049153
-0.6162284207762924,0.7680372023243393
-0.6886725580738754,-1.5136340824004666
-0.24709877688542894,0.2717201257914271
1.2406498054581172,0.5477987180229477
-0.47555526663201125,-0.10511535672656899
-3.6802752737981996,-0.9947184259545099
0.8877684051454993,0.33685848569684407
-0.28616931334741924,1.7193857089976186
-1.0641179698650194,-1.6677141619829308
-2.2204636359706353,-0.05334752071360855
-2.492989147462329,-0.8282053808229958
-1.1459755919034285,0.3740388862236158
-0.4546702976707472,-0.12874596986163003
-1.0341017855843104,-0.19724231022766983
-0.1972000304135401,0.12379507040210597
-0.09599715946182087,0.4258235556000623
0.33373183425820224,0.5645132733600224
1.2927978415308545,-0.6235169363188153
-1.4769579951229417,0.3654018139141268
-0.7804782595072349,0.2633669767458437
1.6865949246683078,0.4406063690709269
-0.6088656385544663,0.06265424265787631
0.036278534787913666,-0.4243970716464027
-0.44721716453920796,0.47935478545125837
1.8308427278769537,0.4283339623265985
-0.05408641095294009,0.1640380013688462
-1.2155636177040277,1.8085300019604293
-0.5330906363397293,1.2129865995988502
-1.167219107990829,0.5319454069217515
-0.13731451688493118,0.0205551025239598
0.022328391793855092,0.8282113886536774
2.020048872193132,0.8590835298945376
-0.11830559857807858,-0.6213380342665266
0.9846345570153008,0.1410281051260896
0.02098480372154552,1.6598082189117522
-0.3773761944287776,-1.731614835171257
0.8038265411692256,0.2565582263427324
-0.7393508622804574,0.24662004194774753
1.644763190540179,-0.636735878931137
1.6845680226556805,-0.076465074288028
0.9285007457103994,-1.2335434069066458
1.1323097765435715,0.9902948418626341
-0.6840267813655221,1.8633828082873463
-0.6825961480395644,-1.7122131095896547
-2.3264591936295895,-0.9901438095445189
-0.10355651637942692,1.8824942841994974
0.11043538705897439,0.08080174142690755
0.990200433954708,0.530539884454059
-0.709375552668177,-1.1241568696671147
-0.17399075753470722,-1.293619262701735
1.5106336703772334,1.101131306173201
0.46698416942537946,1.8848840348561924
-0.47599069064853294,-0.09789324860710714
0.6674114524117337,-1.2222299090120088
-0.6758043561066424,0.2280011905460609
1.883795124923546,1.1388892218475537
0.2353404353614476,-1.21945356614993
0.252528073158984,-0.7086202049602024
-0.4724398777695045,0.8499303961383782
-1.7412534378284144,-0.6721098448066732
-0.500013495500398,1.0442542800714998
-0.8254331083185884,-1.2001630326099517
1.3034654441614375,0.7238146238762561
-0.32030325487651545,-0.7179858722257509
0.542764879137747,0.45926245567061774
-1.3396335301159565,0.34251773026827786
0.08061265726048483,0.9427437785379976
-0.808220606907834,-0.20027413599959215
-0.41318684675961675,0.2392294391150724
1.4593972276811984,1.8248549530514577
0.20560593849438857,1.989985943496308
-0.7283522883489479,0.5546524389504378
0.7721077278414009,1.2474677494435855
-0.80781227056579,-1.0728363719620198
0.3930112437196405,1.460010466584816
-2.40529758638897,-1.2499772400228424
-0.9161283494586778,-0.4949820604884819
0.41328253207469035,-0.2201449660754213
-0.9948076924429442,0.05249094514863873
-0.1667267777696304,0.25759757875548833
0.13028922247867153,-0.6360171239559425
0.09358833933497561,0.5030451042652103
0.12352039494131102,1.2360304054070383
-0.7002007957031905,-0.21948598062033683
-0.3276186909368069,0.5818250085825749
-0.14927272251180476,0.40660929470612284
-0.9081951524220319,0.4244239334257978
-0.9562486942043508,1.011629333758401
-1.4889897232311593,1.8286857107497796
0.5708650496485644,-0.7852090002324158
-0.3984376031508126,-0.7931595327140932
1.30675235124489,-0.2811633734480801
0.48586906295312104,0.9140152073944783
-0.7108596423466044,0.9344254818462957
0.43035178262736107,0.41365726110400347
0.7694119606978478,0.3557775914629437
-0.2439886228980732,-0.6810832733613084
0.019970825619397375,0.004962232684463059
-0.006709729618510726,1.7467266941622812
-0.34509104407702623,0.7357915536633068
-1.1588113144994514,-1.1683301799403167
-1.1046949639635963,-0.41738054053962426
1.1729964191851996,-0.5166447831765345
-0.22631288895182572,-1.2636671557823644
1.1400477293968876,1.2732470947688141
-1.5255636840197635,-0.9781023944317331
1.6276498960663477,-0.0974762020869536
-1.3211044567098553,-0.013075885512371101
-1.5274676781277408,-0.49251329542532324
0.9798170245648791,0.848039515406176
-2.1402955782398707,-0.7737419032006952
-1.1705622375365599,0.4768080462083204
-0.5449054910356029,-0.9929626087744791
-0.18995635148519796,-2.4739613242153515
-0.10523046328147108,-0.6055303181014886
-1.7863296370572161,0.07695489919018894
-0.7988720980504129,0.45863408172131354
0.7836511257980802,1.1026388975016188
-0.3772440249983803,-0.23168552091889935
-0.2646381458733339,-1.7786011623063704
-1.660047713516987,0.6166930963728423
0.5106327127274828,0.019544505275012898
-0.018676087903372527,0.7625116103863485
-1.175108946239831,0.09319674365620068
-0.14437617108475334,1.254443166701832
1.0176670028311559,0.19082178138342687
-2.7249729934792364,-0.8294981042535254
-0.6872491859793914,0.03921658435310994
0.6000319606935876,-0.40812106095029843
-0.9578406857197164,-0.12952355827977652
-2.1024009365036074,-2.916872855605218
0.7412364153801237,2.5309166474351894
0.1359247084561856,0.9162933028014787
1.140324188278446,1.1444580591111173
-1.0235485143414422,0.31802112303648616
0.2411360085263924,0.7213365759970516
-1.018501519508604,-1.1004630000708033
0.7540086621796644,-0.8750164777024236
-1.1900225643796094,-0.6997435690868581
-0.1781320677931582,-0.5570604545296376
1.0517245683356133,2.3786861261470538
-0.9774804774446072,0.687689234540678
2.267535076188997,1.2707183814009073
0.2285379089791711,-1.128712237715124
-0.407680317505467,0.2173904403624498
1.0274094597748995,0.587547900938069
0.6787540262223511,0.6200388180208006
-1.0180430052637583,-0.46091429294627795
1.0693191238393183,-0.6822062311046485
-1.1321627301792496,-0.9001051738196435
0.9686125298265427,0.021648569895694858
-1.0140047750180894,-1.218045638375077
-0.964633069448531,-0.7658065832960119
0.7339969823482515,-0.017532734476519114
0.36170501740379213,-0.3894136301560642
-0.6168829351660253,-0.33851558482825567
-2.410578094479688,-2.9727014758696457
0.5900910578204607,-0.5190538161439995
1.7540181100119385,1.6010483436001268
-0.1819627657727749,0.7595590141730628
-0.28336113012332226,1.1697241051882943
2.06882153359267,-0.13499370397867672
0.4177172239726137,1.419344576747288
-0.3356672930290338,0.8019334975254562
0.26014680916605026,0.06191985542692591
0.7739872433184464,-1.0944283456424801
-2.121878917258751,-0.762922312534694
0.011776538552156521,-0.2936539474531344
1.415480883999314,0.6733101838627756
-0.1907293866237696,-0.054240660929725806
0.8297583701892082,0.775459035573712
-1.5099288444601646,-0.469427206117619
-1.1876293959270166,-1.1682561921929182
0.20672737372974803,0.17336526442400405
1.1604261723678881,0.675160139509317
0.7997689479633933,1.3418213909719696
-0.15533056257554112,-0.32827138426138436
-1.1195698122001378,-0.7263279849113755
3.302448638560645,0.9894130199468144
-0.008374090851484953,-0.8864565766016912
0.5813429596566346,-1.1148777725293622
-0.47608641800454,-0.4999142759023874
-0.18488552671452393,1.4006345851496687
-0.6688182833424284,-0.32931426708625855
-0.5969770004618087,-1.0955036118777992
0.33632562469241783,-0.5742272404559238
-1.6194171035472749,-0.7680400294305741
-0.27932553557030454,0.49937738972568035
0.10489425276770092,-0.902329064304751
-0.49406828923096424,-0.32334886601815943
-0.7002773818402244,-0.10207115671054819
-1.0499035086901487,-1.231751951703385
1.1263676179095314,0.01049031264430113
-0.33792619330698587,-0.7923471236162626
-1.4092964399825152,-1.5530023823840666
1.1380015124483673,0.6848077063596184
0.2866845818178723,-0.8639426509570935
-0.28145348046848667,-0.164305618590931
0.1689930230314418,3.0680772502300853
0.9099087785553195,0.22970763862040766
-0.8254623730411411,-0.1072934106942679
0.46853003600455295,-1.1220593286098879
1.8551870911326283,0.26118684006982534
0.7712417400454677,-0.9963016041394508
-0.2047811780792017,0.3163534338153909
-0.5667988876067762,-0.6319635802950159
-0.6860919690440589,0.3022295864958728
-0.06609073001656887,0.3910572369934517
-1.5833820686691547,0.5198326990834047
0.5630729709269201,-1.0896700430688808
0.9036279987364334,-0.45604605312746954
1.4157053710969825,-0.03164876627434679
-0.4100584452576407,0.07999829020021587
-1.818089508028361,-0.10375075288251764
0.6649857290663065,0.6426102706138368
1.4425208200617292,-0.4888827725862028
-0.2187467416769675,1.771209648147703
-1.0015757049944676,0.5318061753058992
1.0158962999741654,-0.517908703311289
-0.8370302465121052,-0.07596225102127872
-0.04555255665433271,-0.22943986063560665
-0.2265842173289532,-0.06350001201793191
1.5826524112934535,1.6521197552718685
0.9512083019726495,0.24383152617469828
0.5525396259994101,-0.16763456383861006
0.8237359755307587,1.6555884504065124
1.6275188219886751,1.7163078103159164
-1.5051302313037858,-0.36158686930832534
-0.47058283959258435,-1.2745177872947462
1.852936470674155,0.6386714011463248
0.5080266395808467,-0.565008444314464
-1.3979587712599795,-1.8010270476028898
-0.8003886524147991,0.328186039591906
0.7190377496903821,-0.12415631497379803
0.5900901251415843,-0.633226815863327
-0.7852188505420709,0.24235940372248926
0.8977497680511367,0.39438737267049945
-0.6143851568228849,0.7171020304061742
1.053019067738615,0.4860573923658531
-0.3046554291610833,-0.04937373484951213
-1.3212421343119498,-0.516485916565786
-0.659818086423501,1.5738742178964553
-2.162726823264665,-2.464070800618741
0.2610606030013674,-0.16255143062989608
-0.09846383269071725,-1.0409561262668272
-0.1661967041704608,0.1909453571350035
-0.1874522791910487,0.21409513538282315
-0.36296314346436825,-0.39172721281963935
0.22282575189152276,-0.6863496345555429
0.10896108410039262,0.598598745015454
-1.5086436435840835,0.13079851625013408
-0.7317548266794637,-1.7386470174208488
0.30328116612135486,-0.2094621770904988
0.9061601122773189,0.29446391283127954
0.875512089834847,-0.29197103118671597
-0.580600316814402,0.49415396600157313
-0.6951590812813694,-1.1861588187381917
0.007245133622943193,-2.253808968979412
0.0756686161616454,-0.4104589673473905
2.009910344782013,-0.11321816437241156
1.6699255270786535,3.0511752728308346
0.09791294139536345,1.1901170217672123
0.7629558716633127,0.8372084885939468
-0.6167302280094683,0.8947462328287626
-0.6034539244092547,-0.3261582536251276
-0.36590243203346795,-0.18868809483729929
1.5389859614444643,-0.028479190766100216
-0.99046246355936,0.08260589898124839
-1.0655457240650705,1.3785702415954593
0.2447564949250845,-1.161067553703198
-0.33782732804725946,0.7155089760584645
0.0356244142475763,0.4538100898897297
1.973717615970949,-1.3476217118651475
1.1570526287481575,1.7333298344319583
0.1442873443941072,0.3160689357459138
-0.4524378419097678,0.21016144517539614
-0.3525540903805046,0.7834356624859647
0.1933009372651872,0.029869513951884523
-0.6645038201841074,0.24261631037927137
-1.2033461725019319,-1.506184773717825
0.5331449580085228,-0.2796694135139655
0.6291178983851586,-2.3145811328306722
-0.8861327948462624,-0.10810672059363986
-0.06629815428383183,0.8767418926958398
0.6019908387381613,1.0667972004931239
0.19752344977300845,0.08896803731955645
0.31245333451642243,-0.5831462949194949
-0.42902713413786914,0.6739424139253252
-1.8631410634162582,-2.1389743317434378
1.7873104837337366,0.36863274933079093
-2.1534199467414754,-1.296992181335004
-1.1425052742502044,-0.9999052976996683
-1.1533078930384215,-0.17266971309385284
0.43404635435325273,0.5565647934825289
0.6907292706216038,0.9361473722099708
-0.5810932758077565,0.8181288201005334
0.7635695158841808,0.5815253354794889
0.1938249657145254,-1.297955072542874
0.03628966529590571,-0.8087378128713147
0.5002345881593239,-0.19480300445586923
0.6337986661316474,-0.028193088461556905
2.0356974355521276,-0.5724329199519669
0.021798503199250672,1.2522633282291833
1.0922681267554983,1.609980655384147
-1.3020874791859283,1.0355182775504541
-1.6230422705375869,-0.11512184662483549
0.15115033176317938,0.04596421091152286
-1.9303556985604429,1.150696298566464
-0.4573591271321062,-1.0812159670907513
-1.024217652039127,-1.545324690525211
0.09271674663637466,-0.03488565657802749
1.5143945088884447,2.0242436688026393
1.113780034937757,0.023036670950567644
-0.12076606167257586,0.6769180732049133
-1.8584309121804323,-0.2655943168177249
0.2058554409154994,0.3325679501546804
0.2162103472584493,-0.22364806749797808
-0.17019363689950168,-0.3253456592753878
1.0535535233836442,-0.14702011606493381
-1.1891184225334885,0.18938765165342894
1.2469462764734722,0.3807388478577126
-0.4720944498314935,0.5205543469201115
-0.4631199590300658,-1.001357148202997
-2.4456184592987094,-0.6790063861077827
-0.5988441092408697,-0.4250393237387534
-1.1035576876329678,-0.658238149273513
0.34655880889476715,-0.3287325841391716
-1.5231043096908685,-0.1772311407012497
-2.4100991343261335,-0.7603897397841379
-0.7273881688766737,-0.7791358381730944
0.12414494357462744,2.0267614196207937
-0.6901641154450536,0.17323462166309345
-2.145818808137237,-0.44628131256495807
-1.3635333718996607,-1.018870233605047
-1.0602859269568679,-1.3655884364732473
2.06343875567021,0.4369199281530833
2.4418018162593724,1.1488051122624672
-1.0377037913031484,-1.03626421978088
0.02962485223020912,0.6017289710428277
0.21131534774918478,-0.06817143916684339
-1.8436781282780004,0.3012151192539561
0.3418501369869494,0.3024893936447177
0.6279365723866044,-0.9897082526460028
-0.32760375042315776,-1.1323576594674427
-0.030112235264383308,-0.7384006384517309
0.2869440751554235,1.9272734256123485
0.2634470039640426,-0.6428069161781477
-0.1625587121443514,-1.3869361709192707
0.0010463611067347456,-1.0351538782724463
-0.017284231676018537,1.4826201978247076
-0.28510333342677346,-1.3490843525235399
2.1836100470824356,1.5945216717754604
-0.2868894876012512,-0.1951713419387312
1.121896195041944,0.9807591505729374
-0.11723642932001645,-0.18294931376070733
-0.19064779419557434,-0.8754069250168507
-0.8664503368172664,-0.9047495797588643
-1.0944346060015806,1.3605690848396659
-0.14026600119133628,-1.2912526026057314
1.2070338074350562,0.8012030097096797
-0.4139940987868195,-0.14768845111691187
-0.4791076185232163,-1.4102099576244658
0.8410119480475765,-0.35230344284455983
-1.4722911475961682,0.587314208890122
0.6440707420411794,1.6435537009506924
0.35381472431030936,-0.586361189136748
-1.1388224026868443,-0.404604513654311
0.21438072338287165,-0.6468515463910902
0.20959929279338982,-0.5438679185518293
1.573822135805369,1.087555110136857
-0.4319532510037005,-1.162451320775505
0.78268654518978,0.7521260993826044
0.794079073153795,1.5732014352050676
1.2169371960323614,1.1287648762757692
-0.12232344334253559,0.03588233471440458
0.0006155822115469512,-0.03249723162329571
0.8115072467524939,-0.9731991686996597
-3.8243947822825506,0.2233236721110567
-0.29932949503624284,0.8343496943903794
1.055216376671351,-1.207257343632278
1.0419273628469141,-0.7205952772631246
0.3803274393527411,0.7150708613766544
1.1487179822527132,0.611287800638997
-0.4544633188515317,-1.2542900243429655
-2.0410002303360644,-0.028687068112369297
-0.1518645266096426,-0.6350813420627135
-0.8734519100746619,-0.521639504979469
0.09972308633356754,0.44632727789307697
0.6239502153390988,-1.6083621986439571
1.076131495696299,-0.7362440692128154
-1.1067470834284523,-1.7922312488499919
-0.36459303548990135,-1.2011585020447018
1.161303265312758,-1.1107990866150574
1.4314608910612867,0.8867667256573711
-1.54223191055071,-0.9561133808558081
1.2199594615729519,-0.3760375187136795
-0.6301688698916783,-1.1502082638188993
0.5782612086116514,1.0584228800364466
-0.8829213116494484,-0.056295028504109
0.06994080862777043,-1.1683863495309765
-0.848198964758241,-0.8035521104597081
-0.5184232440173859,2.0695119011533682
0.3156618486765182,1.382353073093706
-1.442123815806359,-1.7195829933395523
2.5912454419746864,1.7464229848905601
-1.5722782861053657,-1.8464681709389683
0.28737310891043055,0.5216117220722938
-0.6207257943615082,-1.691292307596618
-2.506453203006038,0.4033109013364539
0.7220405546715916,-0.4383552010886999
0.8086250957564146,0.46303955637236965
0.570845998292459,-0.25260436828519583
0.23399174626503733,-0.07081828409979617
-0.43097217011681777,0.8240037585249873
-0.36565184894100694,0.17475752140687012
-0.5245776053284962,-0.03689692705344259
-2.286353049269767,1.381669524397095
-1.3911887723617278,-1.2666642512096309
0.4484663161296646,0.8157095304812262
1.0098285440334531,0.03938018250180557
-0.7915620789108574,0.7697082530876758
-0.0737165942519618,1.1784465062089153
0.7361719551387764,0.7094527983241323
-0.2838504498189113,-1.4346250802651308
-0.454571653353971,1.9520647302046585
-1.438545831262482,1.3478676766360085
1.2285939295015291,-1.5234147339216335
-1.0699178215272438,0.919419519089838
-0.4501902053519334,0.004499359855466938
-0.5267211092020548,-0.14462435460409118
-1.886961954127278,1.3196034580413873
-0.8430478540929122,-1.114678938532564
-0.3037553208719406,2.3215481430801255
-0.15958305267329906,-1.3893396348063902
-0.7724289928922337,0.0964505982475884
-1.6035825451254893,0.49475321809777684
-0.3081232359361626,-0.569173926919745
0.627680541192847,0.6140053777019521
-1.9547802492863244,0.7893736653795868
-0.5326121360400976,-0.1514728775611716
2.4272321189752786,0.017033702410813433
-0.3883019260929938,-0.17673371276409816
0.10049060679581774,1.0615750080135207
0.40888007982010416,-2.057923678764746
-0.24041947430835758,-0.14012174798777272
0.5130673183344777,-0.2411517867006989
-2.4362564561890654,-0.9125033307717076
-0.3253904204785542,0.37369246082644736
0.2640325207422424,0.7871148388545927
0.10760276895307624,0.2000646361091613
1.8065527501774648,1.5437581171840578
1.235408565233717,-0.7529189157804475
-1.5422846958918375,0.32550777170580547
1.2869037507020005,-0.05650756698298368
-0.6094240002849454,-0.635459420182309
0.42655716683160394,0.6795715999350609
-0.7155268100154162,-0.3276290098353881
-0.2193246969688216,0.9940982287115829
-1.7297181488954219,0.7689275079834865
0.6592750572523162,0.10965014658091149
-1.0649425549333413,2.336397758978745
1.0506557794314946,-0.23028824788312263
-0.8732220809038684,-0.18503974357554615
-0.2102970590591957,0.6094496897812199
0.4848262289979005,0.9921061509095088
0.6007276165148251,1.8132687603738595
0.9168307019742891,0.07095682274278059
0.8585114953241155,1.0394324194601845
1.1953892690060903,0.7911696285196106
0.3827596898150343,0.8709904996635818
-1.7959489852611235,-0.3360436539511257
-1.4235195277857622,-0.25571681326697393
-1.0391373145979368,0.7457591140868205
0.3173519784572721,0.5465838460047464
-0.5404140572600817,0.503486254424142
-0.4244010368061134,0.04156099575115798
0.43358651387883385,-1.000929846371734
-1.4302607219295052,0.20972600416336942
0.1857612540643636,-0.3031497862954202
-2.25715564724329,-2.1197016463087817
0.5917412818381304,0.26131440720917354
-0.20094827557310826,-0.6998193530893569
-0.5157998159732717,0.8892661699335149
-0.3559328486098803,-0.4910381893205683
-1.3241415677432913,-0.48460072779300184
-1.0522253362225167,0.8811441417860485
1.8770372978974341,0.7563733891433273
-0.9536501100861599,-1.1838463759142144
0.08258141194997083,1.0585634085644395
-2.4996030758829675,-1.4025982126374932
1.888445604040065,0.08742662632871166
0.9266537585401723,1.401905234105172
1.5284839700806412,1.2499461261548892
0.36342535839327844,1.0148830303040808
0.6256834290015238,0.3981221203805899
0.26679683748037336,1.1160889689285738
-0.318557247865977,1.9501786554398268
-1.28815461839231,0.3323196949135404
-0.15864411879098256,0.4946795677591586
1.004963806325732,-0.933420585587116
0.21181146684458674,1.504088477743144
0.08244139877826231,-0.7678202322390145
-0.03734676886295724,-0.3917345756752366
-0.7663773524289976,-1.1191338144831198
0.4488938185495932,1.2593501902318827
-0.866943583711339,-0.743345811307435
-1.4619918059476638,0.13448192568735434
0.16342311916708327,1.12249883474864
0.2421499402675884,0.5954155846683177
0.5578243624756603,-0.6767998416470378
0.025466199130322456,-0.6638496794645011
0.9054239525079193,-0.2798762154037144
1.3676912621439423,0.5595726237533153
0.11719239729743706,0.5208688487090672
-0.8946784588742913,-0.9086592624989401
-1.1834697387281845,-0.4385532128532121
0.9752391010504388,-2.2151570380896786
-0.5975339796421487,-0.8402950816533594
-0.6193523291363894,0.649353927971857
-0.530698942706932,1.275598449361495
1.825136972488314,0.34216331095469876
1.9477417927261358,0.3767419013302415
0.7130492254272911,1.2106874910379388
1.6246247020773648,0.38050448008413384
1.305825355192163,-0.06745960624534811
-0.8489674450057629,0.6388983912881486
0.029401866721691382,-0.6231531688576688
-0.23095746574977707,0.48499103906717417
-0.054387063955998266,-1.7082040526655669
1.3352758703120833,0.8185720684244812
1.120885003793951,-1.0603574495711428
-0.5766402922456199,-0.8987838871989179
0.8100953390158006,0.5123721883214338
-0.40905630332695087,0.4875191433829321
-1.6980622707438382,-0.03950279394270862
-2.18442174554311,-0.8918284467659445
0.5870763996266837,-0.6889854501339517
-0.11593752273428054,1.2457933554228615
0.439726074245133,0.8064928104024505
-0.08903592566685314,0.5020630728749732
1.8285307923771201,2.7263736985379237
-0.7966792878126717,-1.271727701948363
-0.8011277915650312,0.644273035818467
2.0051801636335567,2.639836597164171
-0.2852158067892923,-0.07521808234995893
-2.369999345736169,-0.819622900120816
0.18246429679966603,-0.1416496845618319
-1.4147367788231753,-1.6881998678788352
-0.6472687136035288,-1.5759955731229685
0.875634058361624,-0.33347319082433946
-0.9692245809679986,1.2504879074764028
-0.8780944354915066,1.1780084212238129
0.33191545648841386,0.6905267916499462
0.06520948213731598,0.9891986197341299
1.3016002577958583,-0.05000340590971162
0.33054199615807045,1.4349676935186473
0.11775912941151306,1.9540364836026258
0.8616411053028026,-0.050135977216872823
-0.6031853913398428,-1.4590189175241373
0.3064635491599773,0.9478106948872564
-0.9026186512841623,-1.1421634343757712
-0.61082116677266,-1.8297931629276967
0.38633682376843537,-0.4796209304154442
-1.478796227042741,-0.7557312248296587
1.5917695276149304,0.29050896816368377
-1.7610917357828793,-0.7948667481820253
-1.755727470418022,-0.2236520300838499
-0.6694897588482538,0.3725423804532358
0.7011114433894617,1.0502343434117305
-0.5005578615017529,-0.23939822510866174
1.4532540522341304,2.26104880096572
-1.2642935156806996,-0.5276703476012965
0.5941506128082429,-0.20668803374589323
2.0955402859005896,-0.3407633982237183
0.3428945721603201,-1.6852911120235383
-1.4204214045594203,0.4002917293283279
0.41218829551790814,1.2030823811835856
-1.3714930249695212,-0.511682347198476
0.11757183246224051,-0.21109227189831536
-0.27379693535921923,0.6252916866353833
0.2988999342351873,-0.04149863109800812
-0.2100684153773269,-0.8843789782261775
-0.5800225719790053,0.7721548488882076
-0.33631850550804576,0.7381516469796054
-0.28012381095180433,-3.3018079771731568
1.3151713111171432,0.7129530490591179
-1.2989846926210336,-1.326313917935387
-0.2475303217482033,0.20995500751869453
-1.2178907078731973,0.0910108348612214
2.512600408120338,-0.15489613876445796
0.3365145753422169,0.4917793520323812
0.0004807243673412784,-1.9899057146442356
-0.0011172240611052838,-0.38829316258045765
0.40108011170711094,2.0272538415008277
-0.7158319444404744,-1.3314419158316093
0.9476160732925345,0.9889674459006622
-1.9189782093766363,-0.8303356195925182
0.10733895471666594,1.863614163882631
0.5302088710620115,2.250475426795999
0.3248564384813679,0.410875420933912
1.1680859050080774,-1.124280989664942
-2.451199801523715,1.9796847332363812
-0.2131756479989033,1.5502228000303504
-0.5472097934685958,1.5037097813360583
1.0003930959620377,-0.507233505459174
-0.45764977810723045,-1.8975843265589498
1.029043597598181,-1.6575089969487502
-2.2405146422552407,-1.5314334082603114
0.21773107409064815,0.2540644224711523
-1.817605347385197,-0.6092718066937317
-0.6779698387812904,-1.2588582202149485
-0.20254998647286465,0.620944793894845
1.1930672126921709,-0.7394266549566031
-0.8156426754076932,0.22587945799551568
-0.8770320789159897,0.06814252619701736
0.04096202920747313,3.8752807748244495
0.45141227801834855,-0.6584621532029258
-0.906882136920903,0.07502824117034126
1.1763573925482422,0.6677385333225725
-0.5230136702490942,-0.675576981951464
0.9800251126766757,-0.7313867164864489
0.3685675392928968,-1.5321020674569525
-0.7826151526371321,0.6246739630512712
1.3204976866858942,-0.3955492022630254
0.23551082929431996,0.19554691263172025
0.11334797122993497,1.1921516967225876
-2.115669467461754,0.07245536443987269
0.8783811267807444,0.703613115913917
0.9933221580143424,2.633001415040181
-1.2279479640752902,-0.7528784264619455
1.960456810848041,-0.12631024912201036
-0.9230598280518857,-1.1513258363147423
1.0515666025989976,1.159298719000461
2.359543537069339,0.17166851238004693
-0.4227795138204697,0.6154483029477018
0.37434263513916566,-0.3794168957016138
0.37354344394752126,-0.61138428408433
-0.42261092386557686,-0.6521153979009535
0.01429076228999635,-0.7854687988662623
-1.9138859486168498,-1.6854415000158474
-0.1892580071983362,-1.8087729551034302
0.9053017107525164,0.34771601108970446
0.10877610094254059,-0.4122048463658485
-0.6634634599500411,-0.8496702909868389
-1.366646215278762,-0.2542507195629689
1.5545459525995282,0.20470556699991915
0.01425944462323389,-1.655196007281753
-0.11264498243819582,-0.9639919992327178
-0.6901741600040983,-1.1679342454399257
-0.023426736727144754,-1.9429225778328714
0.12639611784898233,-0.08198896235214952
-1.544943603430354,-1.2998622009981076
-0.6927085251163191,-1.892519842125454
-0.3617925529490313,-0.004990835492084509
-1.4149215172613852,0.7430320624753772
-0.18698802521227212,1.4037058019638495
0.8868162207244737,0.9784965546592708
0.9460169902959729,-0.6508544171708242
-0.4418175337351668,-0.4607748713184438
0.39142755643183613,0.3693740368457158
-0.20057585133498218,0.06671690733219768
0.22004748296141757,1.1859575128917108
1.091900961696904,-0.9544689588827548
1.6183657259051587,0.6682546172574826
0.9330114636238823,-1.4412540800312557
-1.3939120743381803,-0.9739189103814263
1.0953488673169707,0.9904113440272828
-1.0047046967793996,-0.3099497867208988
-0.33540305984572866,0.8345020324092778
-0.15406113520299464,0.642653209844084
0.29917347582574455,0.9497661925170695
1.607283190741393,2.392903761788195
0.4923045724705976,1.3218555365839786
0.7007927390597736,-1.1624996338377982
-0.963127351301873,0.7298061521919039
0.2807006767462457,1.4992934300222234
-0.22314478647193461,0.6850335435601537
2.7225980868587207,1.4616436923495852
3.790486278655766,0.2006050135430904
0.5522138960515695,-0.634727056374084
2.4139071402428316,1.8951500815828026
0.30633080920110456,-0.32367045164027797
-0.4418925711514738,0.443659433264797
0.8959165338997445,-0.11667751367449725
-0.22212107489877464,0.18398941417810744
-0.13318003703514097,0.8496134256886565
-0.33216416357346923,0.17522874946647318
0.06591970258187037,-0.09576613273092995
-0.3137950992949222,1.2031578753901888
0.9175858685294834,0.2801116079617241
-0.25915200499020047,-0.07444950220410848
0.08731675046512466,0.5430846032124587
0.8005969468487218,0.2763958176463314
0.02180691609873198,0.2150102251064724
-0.23133251617046102,-2.3971174477917114
0.6698980713034473,1.6451573034603453
-2.0359180959960117,-0.6453840804607051
-0.6635474862968839,1.1217208807453858
0.27623613887348136,0.22573618086466007
-0.9040471117824145,0.7546328336761482
-0.8449334926069642,-0.01956176127465702
0.27358167225699026,1.0391416834403517
1.8472702655893167,2.028790095632421
1.0979981340057625,-1.3530494309074563
2.065489848069147,1.361996604906195
-0.27633505074793924,0.4234898844863728
1.1905685416227623,1.1884618867289372
0.8103132532224501,-0.7172997360654236
1.4315550724231776,1.3770449716998747
0.8745418234108417,1.6904611369031626
-0.9391764553659577,-0.4366200183518021
-0.021293752169324935,0.8201607567096888
0.8230574420802856,-0.03893393618451558
0.25978878660702465,-0.666600517089284
1.6298340878801985,-0.5913851067117387
0.2490416327324502,0.2415446318276463
0.3922518065862837,-0.1691333384040109
0.033067082227169295,0.33898817832318073
2.2271028835529,0.2736825567938892
-0.12195447760624917,1.5725206588886849
-0.6855387301975484,0.3038427946674865
0.5185700598157659,0.016215210276443934
0.6777652075098299,-0.051575332772281636
-1.0932423397599387,0.838379354423506
-2.3097097700842735,-0.89940807614392
1.1961812570890216,-0.8206563988350501
-0.43292892156169305,-1.1561764972774704
-0.7339512756812479,-0.7364516503096284
0.15149166319716942,-0.395357737394862
1.8611610028471515,-0.0031741530364959997
-1.2626999739184348,-0.10186820346300836
-0.44030966874375393,-0.7296406633581515
0.801656820523561,-1.4489420534408777
1.6569773611421932,0.4150581709506758
-0.08343112129663785,0.43789121497190026
0.9079720973554667,-1.5084562071222982
0.04728879120500121,-0.32663023063633523
0.9382752730141283,0.09612185821431352
0.5419634365629717,1.2698410980266772
0.7673457570145303,0.14757889067570518
-0.029249038470886515,0.4102688594888483
0.4850452596914598,-0.5205279723624708
0.12905329751298386,0.5162711993447844
2.205169419432811,1.0925545629730362
0.3919968467642488,0.5893704424331607
0.2326703269183418,0.55888128014247
-0.7912532242145435,-0.02529507996385115
0.6750086421192527,-0.8519909384003943
-0.8176073137978169,-1.0261396728528422
0.8670949345579242,-0.6964106232224128
-0.12888953907403566,-1.1131277894542921
-0.5202434640340322,0.5093085797778132
0.6140287852375194,2.0175706001860942
2.1209216451570465,1.1640373316765562
1.0916081900649934,0.21518715456220433
-0.13011107320146909,0.46111531929588284
0.9704666623989763,-0.2943717496977055
1.4393803196238706,1.2228727775179724
-0.8961517862774699,0.5117729906180196
0.2925490764990059,-0.6773243110623498
0.27038976437636325,-1.0595041470871365
2.673132625274193,-0.45132626633383466
-1.9099759075843137,-1.3612713054113366
0.2186683854487085,0.10095853349152799
-0.1503781547697994,-0.027667495670714318
0.23185605443967042,-0.3002948609028443
1.3347387946345426,2.596140958070566
0.3234467461791826,0.12408341886409897
-0.29885117697557323,-0.16893594377031998
1.1471826048373626,1.2205222080067109
-0.13740032739450783,0.5786470927583863
-0.5786644314787491,0.4759482034015173
0.21449381992642777,0.539816827633664
0.642504561658941,-1.2322343659988124
-0.226063523316086,0.07307474474702498
1.5787976611287908,0.9551763540722586
-0.10072230923519034,1.1350436975790106
-1.2465914969584386,-0.5567637619509943
0.394203470283886,-1.080863231130118
-0.377776111565363,-0.7722587824051975
-0.9893913521586768,0.4246130773496393
-0.05486947613774991,-0.0097263698521372
0.7657768344926003,0.1378898451754649
1.3425286539242065,0.9722314478578434
-0.9129629319072412,0.06900119431891248
-2.1485815211564976,-1.5893447323587684
-1.6631703360628902,-2.027581755066099
-1.0876441487817279,0.8403051033124642
-0.711753145307775,0.04085165851126725
-0.6158582283048393,1.4306149624542905
1.423415606127546,0.27079570368884537
1.4024706031877503,0.9634013192552495
0.10018496355798003,-0.4549224201222739
0.504242583335767,0.9189744134468104
0.5901523052792423,0.24614384203653347
0.22161589308570187,0.7433760179458193
0.6713426025367615,-0.22256403479612394
0.26251990013146437,0.5152247183277892
0.5566315004932744,1.5097344539554893
0.7846161979494365,0.8407980281411361
1.143122908505484,0.010019848291672798
0.2831028021729441,-0.5102472945027428
-0.024670660662547347,0.37415025114433503
1.6445984837421952,0.8402161987246182
-0.366348513448799,-2.634511777513299
1.0850578580845356,2.08065816873133
-0.25402853061632,0.8366665990227291
0.307036703698952,-0.5796015775336211
0.6864461970752912,-0.6868091545916903
-0.8067579884698893,2.704130193810741
-0.22032473352987836,0.5348162148921235
0.026711218223683983,2.7849685131274766
0.1314342109975374,0.25314145305792063
-0.5476946254221866,-1.1507846239158135
-1.2289123512194076,0.39195999501869394
-0.7597420894922793,-0.2899321717259332
0.8662456504716588,0.4740383070458203
0.8036255039465112,0.35093503828418815
-1.3638353570643424,-0.21759444417233856
0.2757970317288407,-0.9896928474757135
-2.400145861206381,-0.7657797346886142
-0.7775433243862271,-0.06559815538423433
-0.9670369344992831,0.3129261423227643
0.944967877644474,-0.005738782479978257
-1.8841503696072055,-0.728826519266873
-0.11573128011875054,0.0864518943069653
-0.19879371116842717,-0.07937040952921129
0.34251804358111493,-0.8302807001599917
1.0366731506461384,1.2218886589330218
0.45363867136669594,1.4689250732052312
0.17109205385895912,2.4330349611420394
-0.9273246089091887,0.3125926170986177
-0.7770881930550833,-0.7728790212289246
-1.7117907107947679,-0.7238797397229549
-0.8017180228803453,0.4009460918925174
0.23596733442863893,0.9650440130198971
-0.4301039710452842,-0.21795616669154277
-0.3153465824787222,0.9501284998666698
1.180485235659487,-0.5047438252411459
-0.9799585265107583,-0.7703785338529148
-0.2239671571447677,-0.489200212372643
0.5535377652443949,-1.0359006651401508
0.16124045708692486,0.5671922572386704
-2.6560322057283163,-1.1157148230990102
-0.2526687328886136,-1.985967541599911
-2.0407789001619037,0.7644191526457149
0.7843017423031985,0.3728719208213004
-0.09220459884872026,-0.19767080723854236
1.1765802610886484,0.5766481952797223
-1.8072293388523597,-0.6461073759392415
0.0707343951906281,-1.3695525322097486
0.3642193980230816,-0.6278858123134469
1.1306111219238713,0.2688923866046472
0.1760523557270694,0.40768840620111124
-2.5842230512268403,-2.370561761429784
-0.3041012085921048,-0.9799051715980319
1.1767106397925227,0.7162601300163812
-0.1532263079843732,-0.13783362985661543
0.42175444716138205,-1.8476070129564703
0.7030456363714219,-0.325639991845549
-0.848672202817113,-0.6123226129524227
-0.09223417862592348,0.7056464019511777
-0.3386341364734386,0.5909586577400643
1.53806749952179,1.7527074252708548
1.8262318862464668,0.9701111495685609
-0.2537497089800441,0.08167110180837504
-0.0213658500314345,0.24441911369122615
-0.4396421372597872,0.8332605251029911
0.8313536981023165,0.7625457998293842
1.948402934190275,-0.4293517954295681
0.777424930061431,-0.6078259981814307
0.37180799394455205,-0.7541976779350018
-0.5691819513646147,1.7965923305831435
0.36725113721683195,1.010225342304922
1.8320093601619922,1.5367917909863
-0.8930210928622279,-0.38830100371538867
-0.5804409523570276,-0.4161028326689811
-0.7085833033818225,0.16309723547100508
0.0634459159201066,0.010697410188739532
-0.6587333473987528,-1.413764612447325
0.483756960799572,0.7205529097088659
-0.243386016944922,-0.01967111660626529
-1.0192265399945906,1.415371838687639
0.7036328706571098,0.26183759209529506
-0.047200931708046304,-1.3163939484022762
0.6931377513105069,0.2456993002744711
0.8058153414460614,-0.16179498074200363
0.0634630275646521,0.6601503789448151
0.6920163042094752,1.8721461345716857
-0.5436556021932537,-1.6359915353619021
0.9600078641346342,-1.0160984028563798
0.9289694837292167,1.1150187996491212
0.8871176216409191,0.0380446069359119
0.4462500502895797,0.13172599977698385
1.7524561848742093,-1.7753344717925739
0.193856147207016,-0.235396663251808
-0.5645469934228686,-0.543785974943366
1.6364018220780985,0.6294611470370217
-0.593959419962207,-0.30040093312671334
-1.537033495979421,-2.474195804089808
-0.5380800300730315,-1.3734627917252245
0.4430697497484607,-0.5616537325101443
0.2613196668561736,-0.3588630500669959
0.8234895771535714,-1.0766345206991743
0.6028758233090725,0.698477674296224
1.8734223078348955,1.7404334336082663
-2.117794210350998,1.8194609721487218
0.21899671432718879,-2.1500469143253627
-0.6672681067676193,-0.5226477724401962
-1.053997532765011,0.27889422270817776
-1.068933542140533,-1.1363242902778474
-0.0818384379685199,1.954584811334106
0.32797894181356385,0.04332316718336755
0.6647316099887975,0.5258889969253809
0.19059672339000844,0.18463334073823856
1.69279860263584,0.7910649243794272
1.2143908494292683,2.119942341210202
-0.11837661639661587,1.5726585571521259
0.7968194609149306,-0.5140372449829927
0.041508858598618144,-0.5306788114443299
-0.9251039148824822,-1.3819318031478853
-0.8590037613214981,0.4480099150479095
0.3668049974321864,-0.06733349375183281
0.5388859284984806,-1.4319034463412061
-0.32646116629427485,0.1356420365295989
1.0998161254127268,-0.9460382203749738
-0.09316523294560608,1.6080764720352094
1.5605266194949186,-0.6444561174934985
2.076826807351061,1.4237999486669222
0.01589341582634546,-1.8594440491041855
0.5331120023832734,0.06764245359055697
-0.4427993603494725,0.7346057411647003
-0.09218574059069162,-0.4953594986874464
0.3462045666193352,1.067192104945091
-1.3676714474695637,-0.993273224482369
0.26339057826074536,0.7533866143773507
0.05708738211875159,-0.0687665300076169
-2.635771427178775,0.22890471722723224
0.46937604040282965,-0.1666583168453933
0.03157260268166131,0.8727165506141962
-0.7625950037747025,1.7210438094959046
-0.9523541907544817,0.44694612268483475
-0.7428001975001062,-0.8983067694563905
-1.129311253785376,-0.2660968178763079
1.273073646962742,-0.8873740055131915
1.7283498473923526,0.8455626916230711
0.503820723849052,-0.09609276077182206
0.060593766469859506,-1.5673093179986235
0.4504156015538031,0.6260950996338497
1.0418389730746895,-0.07452921721007325
0.13339018315556683,0.9618701245685374
-1.6901915032332582,-0.29580972092037777
2.3289870884409116,0.2788152030503483
-1.898234975244617,-0.03584403935558871
-0.5090869171756373,-0.5713733833557274
-0.776781301264566,-0.2063531201294711
-0.09323319492083819,0.39114085428932444
-0.511085198609022,-0.09441106176324443
-0.4947591629073463,0.12930475466488686
0.16637999378067286,-0.0027552641003531684
0.33009577398599443,-1.0707111520093073
1.159548087057931,0.5492627628231435
-1.255776878739695,0.00870193330383641
1.757780458013172,0.6459617813512069
0.8062842839462239,-1.7091147918491674
2.5322974899719872,-0.003578981026440525
-0.6895357683680506,-1.3923737752490961
1.2367282103507067,1.1675694095267366
0.17987206043921358,0.6610592889292818
0.9789855630640707,-0.10111906038292326
-0.23691349539615741,-1.5971816971106703
0.379558588997393,-1.1766652682870442
0.8623906826654423,-0.14056444734647472
0.9974877426856535,-0.1257218948841375
-0.23547111034868934,0.19062106225732545
0.48266853455504954,-0.04878347532397597
-1.4139541594812612,-0.8218120369272099
0.3209895513779548,-1.1138850444467003
-0.3720532770477712,0.4581007834075842
0.7844122997564846,-0.7181182834838146
-0.5111549429144965,0.377854240234262
0.8224083461257314,-2.2996158024400057
0.4475690654245462,-0.6095635419367639
-0.183230834650192,-0.663267934502216
1.1977547161009952,0.8236837118436532
-0.40536598530390666,1.1247053700395269
0.5148052442776034,0.6360004953823069
-0.15540986140430366,0.6007698304885376
-2.822369779188386,-0.15006876532308258
1.701585704864535,-0.33754694498425897
-1.4016186203246692,-1.9728145033660511
0.14681597695618168,-0.06111233362495605
-0.4216551847973409,-1.1104523390385075
1.773682670536257,0.8206542080186824
3.163162265972303,0.5096695393232977
0.18962613530506298,2.3770092038276376
-1.3495255961239676,-0.6006671342433314
-0.053204926960497584,-0.22314875414800223
0.10663477156211522,2.6009101720511922
0.2768457240228029,-2.0261884834261994
-0.9617917252254407,-1.4130913609123266
0.8445770604133949,-0.38292909701185457
-0.8185313936509895,-1.380130411997573
-1.6899235024595405,-1.5453383200355844
1.048772081563262,1.44876065773182
-1.6711237508761538,1.7971741585742964
-0.6430595374941616,0.509908265261695
0.10127183980157771,-0.15180386514699915
-0.35567297279577126,-0.3678146933644736
-0.7523102618340939,0.06991698336372111
-1.7620145117321182,-1.491542947409307
-0.497429917747162,-0.16523569386853315
-0.9786148370924582,-1.047577380053513
0.4559590059003093,-0.9243419858973885
0.23570776272077504,-0.05781021129416855
-0.2039667276787758,1.73352773007868
0.17323677506752405,0.7598028985252931
-0.7704341424918293,1.0203601179858068
-0.3743868349076932,-0.06473078083411699
1.364770698594354,1.443614453120836
-0.980362577472775,-0.12261674134231504
0.9160210577337062,0.3995259317584711
0.8514622759611145,0.31447932127634265
-0.27363060656543764,0.3995528057879472
-1.0947391189962457,1.0857567342998244
1.5222219945679,-1.0081374953815765
-1.0627449343351354,-1.612654137362146
-0.49950471769161786,-0.5138735839907237
1.969220324352152,-0.9332151917443174
0.5299185815274573,-0.33288417153284566
0.08344458589991237,-0.2883646599797822
-1.253387639109628,0.20825858699982985
0.9403333497048085,-0.7992037024959909
0.7601536652701826,0.3440712627939524
-1.8987916820574404,-0.17292338066040103
-0.8678975879954933,-1.7569957468873982
-0.9490670510667527,0.329000936884411
-0.6034610624807102,-1.1926485169002554
-0.328711916526525,-0.2097956480640489
1.443821642925772,0.4743206645750432
-0.2305962603826916,-0.5239521782798319
-1.6311936794032722,-0.17831870016602885
-0.5294385664276733,1.8015947142901152
1.1699588906537195,-0.8214311632705464
0.761231398293479,-1.1132660502161438
1.0982937553223502,-0.25486622688034827
0.21816550928466202,-0.384912038295187
0.38161476205324885,0.780025593094875
0.6426768068213037,-0.24963620433652553
0.9971184198632198,1.0883165201737728
2.1134767769132137,0.4247716369865601
-0.1792156888116446,-1.1478173575221053
-1.6375809401955719,0.36004537577476164
0.18824913786058714,-1.2868381897211976
0.11548841835426227,-0.8973828246327916
0.6472078091009413,0.3210720815883872
0.29186541923928067,-0.09874707747257311
0.875197581255022,-0.020804740389875488
0.041398320786397436,0.3050058559904152
1.3325588191449371,0.35166839170383674
-1.6684207442371686,-0.5985756667350652
-0.3524265215448315,0.05743123217270576
1.399132489729493,1.068259628319253
0.4292971865930586,0.26770641331184764
0.10234502694827892,-0.14579365836307687
0.7563981856609461,0.41063740398693493
-1.105167807479136,-0.4188337209858361
-1.720508560267836,-0.13923532412701556
-0.9282541291488366,0.35995991509156267
0.2995416153043091,0.30723855148038387
-0.09540740220590023,1.6965419202504073
-0.3804068374770463,1.3648661134690891
-0.09023170387628618,1.0752745601559595
-0.9454290735340891,-1.5739060428642913
-0.24666890574179895,-0.7932856132005203
0.4050318737695693,1.5018527596096412
-0.497165881162681,0.3673355407822726
0.09636335728323293,-1.4944271657442958
-1.657071083150076,0.5278747419391474
-0.04044987699970869,-0.9392697070693911
1.8494042142712115,0.3876933914300263
1.9628051883697926,-0.10773249854179057
0.35572377095986946,-0.5064120560162424
-0.16593877784245303,0.21279997028224826
-0.8538686981660084,-0.1419309043650682
0.8086779843015974,1.480267348456213
1.0599478275109875,0.667035058481969
-0.49251603195120797,0.9599182109710902
-0.14762563776206292,-0.10737301904450773
-0.2617628749639292,1.590221436276128
1.3659877911088891,-0.035982682243105545
-1.4858904318053452,-0.4102950681156879
-0.6768473096817301,0.2565432300752113
-0.8163158828620697,1.8079660874376675
1.1299401131020288,0.6255369430487837
0.12377299621442166,-0.9031773541487447
-0.2650720319480505,-2.8135511803666207
-0.36647251029774625,2.2388293945512254
1.2316892468231373,-0.7544119714698444
-1.0263684182936739,1.061665135728789
0.29240856663628767,3.7172678250836624
-0.9904179196828138,0.6229724490384146
-0.08378850248476402,0.5952585535176879
-0.6565829968836049,-1.0323634828106445
0.3938845113167432,-1.2046402625471908
0.31422374390341423,0.4527559549091218
-0.603498469477528,0.7114337515228153
0.12341299703755886,1.4094981628916747
0.035833535396937094,1.164073051407574
0.023616779575894774,1.6726354613319347
0.7911290605707607,-0.4333878059177077
-2.0251676980675306,0.1388569978136221
1.359970637806524,0.41293959626757404
-0.9832293062134629,-2.0074897203117663
0.7619787688736683,0.5314035951351267
-0.38336686348357685,-1.6042083188536893
0.20818388415125433,0.1731793061899797
0.9949398509648563,1.2730139760672365
1.8750012434533292,1.1934620633237027
0.7224779985943194,0.8579800639942127
0.8242284908554276,-0.514270978981629
-1.669615769061312,1.2536159178809205
0.3221870200574074,1.1436200017623288
-0.44574561498643955,0.7835279550432268
0.7034296417625336,-0.2467882182825318
-1.7351424498625116,-1.4849820612657378
-0.3300512797251302,0.12189830967497306
-0.8975108871702204,-0.9841139984970292
1.54495248871289,-0.8945467547194632
-1.2116052700809878,-0.04150008630334948
1.3320331692159784,-0.3151584709783908
-0.3892190453901648,0.7767235828101426
-0.01861219956978202,0.650873848703048
-0.8425091785138941,-0.16024418026388465
0.03860501841624651,0.17131316959848977
-1.459596067587046,-1.246175703405779
1.373463475353916,-0.021790953875092233
1.0897399246521164,-0.7404532320543775
-0.5218221966148652,-0.02425637315419915
-0.19986427149591948,0.09243346793948932
0.6489119514988134,0.6516568132916419
-0.818147483335136,-0.4205604222248568
-2.0655867625283313,-1.1150226242256165
-1.552470000217928,-2.4624574756510107
0.24438684862766896,-1.0557580270859006
0.7276351656149245,0.5673643394305268
0.3282687725595572,-0.2695069280814901
0.5844984176236484,0.8034914320351816
-0.9013370108122555,1.3411519453543563
0.42848165911592156,-0.9183960873366892
-0.7587041866321734,0.029638507444491407
-2.7610873223901624,-1.0489296301951947
-0.27439687749440883,-0.22675012939905045
-0.3940182008606994,0.47957930208824157
0.851455646009938,2.2285160612111254
0.7158799934175503,-0.9265950958872838
-0.2901486189832822,-0.4859232673020738
0.03301473699619091,-1.2483850755871462
0.05410062081782478,-1.9711137555698375
-0.8775739957994828,0.08415229356359333
0.2983805413267009,-0.20765655101349398
0.5632759913930029,-0.3199923400264074
-0.8825787207693253,-0.9907219258407624
0.9181444253192965,0.8092384926648534
-0.4513982743572833,-0.9671935472728341
-2.3257048688838324,1.5777812158703068
0.8911298299963835,0.1363000498355917
-0.5963727124101978,-1.1479509095195797
2.5206821351390616,1.9550863325621965
0.8352369705217714,0.26566573912999725
-0.19584434618053598,0.13589467702213737
-0.8444703901155698,-0.48986658977968256
-0.4438059046195131,1.101574524305617
0.5360546552847426,-0.5068722260650627
-1.0173297499053977,-0.45979258365366227
0.6352481295177105,-0.64841586193076
0.5220851619879526,1.8409689956711237
0.8741528152083421,-0.18079044671413858
0.8207585362511025,1.2344825723392727
-1.3809096603462458,-1.6345089921260911
-0.38486834208403287,-0.3983493576473831
-0.05952913982333096,-0.448224109689933
0.5574301712693228,-0.3577818545144763
-2.001986287241459,-0.2328092697729353
-0.33389984443483817,0.30279805366951645
0.2094939343655935,0.8210799716804787
0.27614385425576715,0.6728984797604463
1.9949831804179792,1.3305837652485135
0.4102037375501743,0.2367428304886652
-0.9450041596889128,0.5697749387858064
1.4570824358963332,1.6145377028808054
-0.7295061733809158,1.3441384179627307
0.4635957959203677,0.9898084974398408
-0.5560140326139951,0.8006878830629044
0.12136850437914669,-0.6651961985185705
-1.1362384779865011,0.11044622658481279
-0.10321598876719157,-0.03109088060841281
1.1842142718732365,0.321990817675922
0.24987421977367433,1.1602510110882145
0.07333585816597901,1.1345110634687956
-0.449600388293807,-0.5305118540133653
0.8500274318112168,0.246185760098423
-0.30865276117251,-1.0067182671122896
-1.3637364630503641,0.6979542018503575
-0.9898043775179831,0.9594773029234513
-0.393004647277145,-0.9504866473718626
-1.090411433833625,-0.5920815107558888
0.697914802426831,1.2226364961214595
-0.3218072379907736,0.05806825016701985
0.4397909231661445,0.8297317719694424
-0.9717466076286753,-0.5229147876953738
-1.8883182235304659,-1.922745707711874
0.10739027962215918,0.3412479996562673
-0.5029613799463549,-0.057778774231975936
0.16513467203208043,1.4841406697901227
0.34545722933679135,0.9889707980605237
-0.7916612248430109,0.9819062531895263
0.8400770258527135,1.1213098412051885
-0.4016785516004527,-0.930713319158763
-1.9678782906757633,-0.3517577826391911
-1.3650694744445782,0.32481602676072036
0.5384722958801864,0.9648508795791206
-3.604831995459709,-0.9739867447740073
-0.045033907899482466,-0.19872565022375654
-0.5426288911778709,-2.557936011413559
1.4122900969405676,0.34594676538314795
-1.2705972253727134,0.5041832160149509
-1.3835766598788302,-0.656296119625317
-0.25134634458923727,-0.039370006045151756
-1.3763131192989395,0.07895230156927491
-0.9841262806215951,0.8759111861949819
0.09180986864502703,-0.4334876344091064
0.07406101215731863,0.04469021539878559
0.0744615762740372,-0.5374317554490566
0.17763045876358496,-0.7995486497305697
1.4282690576974075,-2.3618417705928763
1.570704048804704,2.5849011437302223
1.9397275731024495,0.7646781923781814
0.8029594272251043,1.2531821797580271
0.8107823556918874,2.198220758706141
-1.3694685858196747,-1.2542488199510202
0.09506342459666157,1.3623177505916386
-1.6112930263298801,-0.27484275998673424
-0.75150194943931,0.12658311101051126
-0.47968053251425014,-1.799873649789693
0.13784502070599694,-0.560698108685658
1.1621752550327824,0.7957798271544411
2.7299384017547155,0.27403872339264035
0.04553545261056902,-0.4543665976798541
0.823087703000737,-1.981594962755804
-1.9489040020444928,-1.4451330191385166
1.2353259691805385,0.906541243420983
0.012184420277943933,-1.7010854017427957
-2.055386691917956,-1.7168574808377797
1.4531891558396528,-1.1292633938930818
-0.1680755086374618,1.5237032278408142
-0.06462802021304694,0.9002217549049089
-0.3223422953840926,1.175285902965296
-0.41843474520176727,-0.6751827889494372
-0.7189973384996443,0.17781493462738437
0.4506765193585143,0.03547373343066046
0.17884270920241296,-1.0930903754398467
-0.33927918843040206,0.3073023507704612
0.9112755481185331,-1.2539111164978034
-0.11343066212455279,-0.7968196193902357
-0.985654614901625,-2.039639547598644
2.4409687104108895,0.6811011772860402
0.2953626057689093,-0.5918161801424189
0.21370921613471572,-0.2674315775993165
-1.791743658949256,-1.2984271256017181
-0.8396562066902188,-0.2825018063172701
-1.4786222903211683,0.4587881046752392
-0.7561248950802075,0.36829301942117837
0.21946151318791818,-0.13967626194875196
-0.6301236724284774,0.2544730818622907
1.9262763026249357,1.750770328761311
0.939789201610345,0.5115673222516759
0.029193595033455522,-0.34586640542284064
0.15616375010953432,-0.45137015742738595
-1.0902342439881363,-1.6668743864084383
-0.3616333669277794,-0.9360078819325095
1.428608631305937,2.3478151346488456
0.14520721325318459,-1.5897241867708138
-0.21824776645429764,-0.8658098125987769
2.0882671320294897,1.6038177064017507
-1.1069671027707924,-0.34953020576767896
1.016961959644555,0.23909256906862683
-0.7695545343981394,-0.27781406583408785
-0.007009959744099193,-0.9105398684835665
-1.2571132380606618,-1.0833086266076146
-0.866481375903987,-1.4896434873003523
0.14016392989516765,0.7659280129622186
0.8934876085150513,-1.038742314622174
-0.7127632430189881,0.9575433611369026
0.21326405179726166,1.633951263188946
-0.12772398284748263,0.499392880613525
0.748154879929571,2.4180148445188316
0.13367380243294724,0.44050996792596375
0.5966572496690188,1.6668976044001482
0.5232665627336677,0.49079984003697574
0.7971522477950088,-1.7973726856314525
-0.8775204219346866,0.7907565136928503
-0.9133260488729662,-0.012450515996353523
-1.1025671944604267,-0.8605873519085803
-1.119857820913043,-0.9622343558078642
-1.568322231315084,-0.13548802222953202
-1.2394130788037805,-1.5441781674817066
-1.1388426463071746,-0.31939619764241894
0.9565267360360572,1.124117687384142
-1.7304734161526178,-1.0069559353573938
0.744761798289298,-0.10083289328260875
-0.3320048128441435,0.07488081212061388
-0.0579082825313005,-0.0006867654638115622
-0.025968948231262383,-1.140040371703065
-1.952771321490989,-0.8968840580577782
-0.3570893472522659,-1.136726571099705
0.2786114305820747,-1.10467620279077
-0.5009209673784613,1.9782956726947276
-0.5650862178125851,0.399338219018291
0.7672299525085796,-2.2837210633217238
1.5911134941605782,-0.6001002358463339
-1.2922531949168519,-1.0190950925741338
-0.26150558891705833,-0.43490001313640764
-1.2992837352466433,1.1129722047810389
-0.6594422747935093,2.3471837037084713
-0.5726237006030445,-0.2862406004174901
-1.294144751741219,0.6578026260653249
-1.2357842548587865,-2.102209829612093
1.006752793963271,0.7990036785293922
0.7840315700039816,1.3530601613541688
-0.8276393534613827,0.4986055853142932
1.4511634687787205,-0.01861018484562743
-2.2455761814008635,0.00816901213863788
0.25975433984272384,0.2399099335017507
0.14638575693534228,0.1664359223715373
1.307152107314184,0.11246632864906217
0.3542927728402207,-1.2344226405635623
0.7944854202148598,-0.4241699160242534
-1.0956922225059211,-0.7970336065222602
-0.37934958271220265,-0.22290753448722572
-1.5556220672978076,-0.24555750856939565
-0.792555935660824,1.0565437758404932
0.8241063681481532,-0.18124155436056613
-0.6474003536109217,-1.8419190809535797
-0.19482341836041184,0.2967997226210174
0.01825057486309412,0.6416226019328667
0.8220179179284339,-1.2284401647896694
-0.4569395900409291,-1.5193567414758191
0.6910084423350614,-0.829704612229681
-0.06480274876229068,0.6010669467607006
0.1085325245975121,1.5103686714679248
-0.8887043170745145,-0.02024337900618223
1.2306266488039492,-0.19895979083487952
1.162169839292119,-0.3543155978406588
-0.08016039602498314,1.134706468789165
0.31224503993530905,0.1972586070444481
-0.040007259468953144,0.9741847731368045
-0.32095845088496366,-0.24250832099098601
1.1071812388245714,0.32362179062460134
-0.925400036956113,-0.7314950573777714
0.8199315445650756,-1.4625316999124776
0.3571732523897442,2.3430105049204792
-0.6868316089524724,-1.6143598626549756
-1.3706048340149917,0.048622854120704696
-1.6085806751014071,-0.5702452843152497
0.21649518800635684,-1.9730442888749917
0.4555268529506589,0.8408525599940972
0.679424614588858,0.9300926253921546
1.9538591037200022,-0.43087748183295166
0.45025100652607614,-0.7669532086049674
-0.2791882367076201,0.6014659302671366
0.4152557809552198,0.9114565613157499
0.9724321391843596,1.1193901882121544
-1.518376694484081,-0.5046767662912823
0.11481438332699141,0.9308818442711216
0.5392546259733728,0.6727310493076726
0.06844296745995392,-0.42873166723328743
-0.7181266499877335,0.17255444380256366
1.3676430726356923,1.769030190510281
-0.14346145613910524,-0.5189048336999228
-0.8744867965068008,0.713431993832408
0.03784354935021293,-1.7226523106089737
-1.0782193632682915,-0.29982629542664857
-0.12686821828110556,-0.59337461988698
-2.2604003786413807,-1.485287091863752
-0.3656647585686619,-0.5294574910018274
-1.4668547506182126,-0.7134864938171136
-1.356869066068324,-1.5761524042618449
0.7672480624336274,0.10844319430115468
-1.1592092249472574,-0.09062673513175293
-0.8149095510379184,-0.3746675453040833
1.5485204860209958,0.6475070899669381
0.30023145802925255,0.332892369539148
-0.06833696125686216,-2.3390280164679016
0.6638053505158669,1.3784600128272997
-0.11117597138044437,-0.4935831160804265
-1.0704838661162341,-1.814977167523826
0.06153027634166238,0.01994908631782768
0.29535644108362824,0.3199285539266235
-1.0093770703074705,0.23707158349633178
-0.9908570226218938,-0.1312892790351232
-0.1873964511214814,-1.2241354185473539
-1.5883661247401628,0.9456896749434183
-0.8395865265788168,0.9677020002330318
1.2865733913883086,0.9719850310178773
-0.8224723699393294,-1.840197209713243
-1.0017599682543583,-1.6661087685842104
0.5741181880830338,0.27773089817055857
-0.6825843323291064,-1.2149340752603581
0.525155628962577,1.2166328844449898
-2.4168007925169452,-0.47090705246033937
-0.837318989861166,0.3988422831422223
-1.336464710076016,0.16263480854819032
0.0016874039298535005,1.3214892698229999
0.14510346504213165,2.424093518295762
0.05993095001138536,0.22055038383442874
0.23825821451993373,0.16086168697727118
0.8813288033415556,-0.8865968559949388
0.6299652449451296,-0.36220829684459294
-1.2424151954767066,-0.3662610248317291
1.6164012046209464,3.1619296915801343
0.8192090799623529,0.30916622361541585
-0.7188055574690762,1.1997025654853035
-1.1344968282209733,-0.6252760204782914
0.688886486194719,0.4076008571581508
-1.3075668452328186,1.0631266745167243
-0.7329808632205705,0.4377821451014892
0.2548187070833428,1.23059433130448
0.5633312641633231,0.05730763307112689
1.1256354497967758,-0.018541839726235656
0.733981877866444,-2.1869305891529067
1.1681149353278582,0.31198359356001426
0.40680473775976156,-0.3025253183827601
-0.44367177236801947,0.7303807819757537
-0.972300975794458,0.9414506133270257
0.15356966673454747,0.3942324385969551
0.8079782185021139,-0.762869659389284
0.07793957061580103,-0.647001552691645
-0.8735815449818309,-0.8640390967894718
0.6743540945069211,-0.280054492499459
0.18594774345923099,-0.8522864055730617
-0.100213809505282,0.5254184492957614
-1.8299403784552013,-1.6575774659454838
0.5107242246679666,-0.16544195110630594
0.6083847813853779,-0.22597286912143616
-0.2352671029152769,-0.20461308221600963
0.37768455506434373,-1.7348865784570877
0.3577264939044868,0.16819450000056177
1.4751105598569882,0.4123857876226192
0.323589184170981,1.2523779082302542
0.9980680011437633,-0.9642568591054521
0.20531418832936302,-0.7444570964907791
-0.3129305363193623,-0.4266098402151211
-0.3055812192066304,1.6547254110023064
0.4584156154600296,-0.7160028245122788
0.19491217086311333,-0.732288401799297
0.5714204866884558,0.4982349597510119
-2.4810773351218263,-0.18921508669003212
0.35354406031326113,1.160115426644502
-0.5436377364318278,-0.2577884556334338
0.24475134129280937,0.6140395382766739
0.3132690029605501,1.0756808436832255
0.3165937423927721,-0.18160555347736376
0.689457200501445,0.16888818100486586
-0.9764111996935056,-0.05444362717498303
-0.9019181497020655,-0.16555030827024278
1.1676890828179296,1.9350044507719135
0.7441412159604763,1.5512899312416513
-0.3572241357530772,1.572276948739217
0.11669654970631817,-0.2248587841023177
-0.4714376823274525,-1.0009993839726843
0.2473505408208112,1.0479014928345163
1.212527927118096,-0.09657144847540125
0.12137014733135228,-0.01900174944194419
-0.31596990842917105,0.6691532445664911
-1.615081196370042,-1.280758974377828
-1.0134431161190312,0.5722468177376971
-1.1716893723087913,0.7886550813036297
0.16208562054000408,-0.465111252352751
0.6157981661695059,-1.3728383330962382
-1.9414036626018285,-0.4749486403905627
0.07214393176953363,1.3960651441690415
0.5219843472239889,0.7547007209946127
0.13757384971777034,-0.5765273737106362
-1.2551865407781821,-0.20959722358492214
1.066467459531111,0.616601176805602
0.8716418208818837,1.2491789365545014
1.07678382987716,-0.4546644157742046
1.5744957306134253,2.7858363921044598
-0.9579773664081275,1.715476775153963
0.25755241510135857,-2.113669621776159
-0.6893385940606758,0.19139058745525628
0.29715996757796803,0.5120671472319793
0.18336705093703248,0.035966434932086976
-0.4816844840102313,-2.908561261046017
-0.14128405206766542,-0.1707501317460225
1.8505505422501762,2.247929862498223
-0.07872534281441299,0.5179625204479195
1.6156595043316915,1.829734259269856
0.4889502132145905,0.3772473371339327
-0.4756809631933125,0.42303494009037745
-0.9565204957665633,-0.5457276026654083
1.6293989397157238,-0.4440861566349747
0.3159062622022089,0.1116580657181948
1.4991194933452274,0.299947305685046
0.37408978422330713,-0.15912943602855836
1.270445669733428,-0.852052478454028
-0.5648749756144075,-0.8035470939210002
-0.6820818475742909,0.12682879650529996
0.8785989558292386,0.25061366209109065
0.8364870734166543,0.0037586613276277023
-0.9686541215720582,1.7408702096187687
0.5323994871674652,-1.2915350374611614
1.4769908226335409,1.2263576662395899
1.4175477047814518,-0.6726952014335152
0.4692631340285181,0.06829821464893564
0.05517560994893444,0.9644052870923082
0.838166391916287,-0.2850047175840344
-0.28969406623166655,0.7585588231327085
0.2509119619802478,-2.13383088686452
0.18480831497321,-0.1793149231481705
-0.009062273764477529,2.437719650663036
-0.681252097191364,0.7016370089581875
-0.2299819772006241,0.7922376515742262
1.8944530787767722,1.6896569846738603
1.6372581075532884,1.87299470836755
-0.771081665274614,-2.3813529873100254
-1.1638079730641933,-1.2904236283098636
0.338439951565142,-1.417519506311839
-0.5847459044516169,0.6569585567171025
-1.4207103286465161,0.8277518470161574
-0.6744467913137674,-0.8742259267655468
0.21299287210308013,-0.7800689070280578
0.4029057990418488,-0.8717437189887063
-0.12707085265214077,-1.6937168140827026
0.25994774556282996,-2.8420594040991016
0.8319032321598023,0.8082807735752455
1.3248945633822875,-0.40217831684581795
0.32749679138108145,0.048044160750258635
-1.1932612011310566,-0.7899941601230426
1.1537226067778983,1.6088056827425368
0.5770631819909213,-0.3701285481581424
0.38040070826147354,-0.6200340275667737
-0.9816316822746968,3.054651397329551
-0.6328961732149646,0.3872211254248459
1.162243338967697,-0.4083700033853603
-1.9920206409666483,-1.677783395991907
0.6053517449671889,-0.3647181559014464
0.8514920279755854,-0.88874034805623
0.5284515740483245,0.656400082206443
-0.7664853608949054,-1.145378253721805
-2.0883606934956718,-0.35838721514089666
1.2679844836610672,0.8488415084565232
-0.4465925857782101,0.22397203618248335
-0.5022563555690596,0.2574436678591761
0.7938626210477197,-0.19939803093785297
0.961147457419801,-0.8605845460121859
-1.4695462171452796,0.29608233118906163
-1.1654137808726346,-0.7190036305940227
0.8137571146161121,-1.1721273038741173
0.16878610920855303,-0.08860748625757209
-0.7275446243609347,0.006224758587511014
0.3781190850028749,-1.9943165537222245
-0.2940410385660041,0.4156605166183997
0.16789776069918866,-0.6488239515779188
0.022901599626579512,-0.4335729505823204
0.008155849830312019,0.3914659352090508
-1.2944768464414913,0.9273359227135322
-0.3672750253884233,-0.6888239935647629
0.016861138128472855,1.105637317687599
1.505944180711681,0.9348188898508715
-0.09411257444091639,1.3761608227948614
1.0732298491933996,-0.07708954860445454
1.965831993997448,1.016209230035837
2.833679688586089,-0.3050129569108774
0.7931659596497062,2.299570130514265
0.714870620209689,0.04039808799185888
-0.3190135053992381,-0.6066819978125549
-0.5555567084394717,-0.6846783671852827
0.8250637066682402,0.5993770260709503
0.14556064542931646,-0.9375217996709403
0.6492143367399266,0.6823073677906486
-0.54338602931297,1.939239320906292
0.36268611628642317,-0.35846109917345165
-0.15264167605452592,-1.8700540712819522
-1.7850630735075874,-1.1690601360664006
0.13057279361156843,0.1836292659340848
1.1714612842471295,0.3609645245691621
1.0908191784495702,2.0195225301038024
1.4506683323343277,0.04040361689059577
0.7713707629146909,1.0394897076280356
0.9906784903357186,-0.7595134384500781
-1.2258464403992035,0.7156936205298418
-0.8281720629911524,-1.383691412415777
0.285112447405624,-0.41390044114981106
0.1665795017578846,1.9830795811887565
1.184821830527138,1.284589911453368
-1.759910900443637,-1.5568378895561725
0.244109742451177,-0.958177636303066
-2.2526362130758364,-0.4545049130773813
0.2613743225868421,-0.1557699480409829
-0.4445020172589679,0.7075094151383963
0.9938437375030789,2.103228625770469
0.6092881139117818,-0.4125567620337734
1.2957433746112308,0.3628322238157213
0.32759841552868446,-1.137943081447824
0.6273651072701917,-0.5491420681501865
0.4578644314329049,1.294429356306041
-0.3904360242876177,0.9850461927941275
0.34086559089714813,0.43478037676300607
-1.2731882918566808,-0.9487669676432074
-0.9559461797903278,-1.153423743188928
0.610132311814003,0.3498704200927082
0.997337485998096,0.22294615366310586
0.24446107757371588,0.22399831631217482
-1.794424537175092,-0.541234027997372
0.263506246946372,-1.059033650725997
-0.2776485254658202,-0.8629269931355062
0.1624774326937669,-0.4206974294745235
-0.24884271083946197,0.591835433328107
0.7705179594257979,-0.13394231208995566
1.7587369953529524,1.290535872801083
-1.2285450695238558,1.1726815810427211
-0.6233993488305082,0.13261916250372274
1.8829754644182763,1.2701586882203428
1.026197098743308,2.5047198180180934
-1.901382133061412,-0.3325963546454469
-0.19351183254575868,1.0342295789822797
-1.096607660554443,0.2766830482321956
0.7702758599916083,-0.2571848994487169
-0.6539276435839716,-1.184637495211559
-0.2764148637797057,-1.0914523415493766
0.02298336891243506,-0.945633253673381
-0.574495054698403,0.14403727257454585
1.0501006173458916,1.0868577020828558
-2.0389410313819387,-0.9680711621019844
-0.6093111653190639,-1.9294275841799178
0.4633871634508856,0.15984040104126954
-0.8577596122796142,-0.8535252291714417
1.2810721680774237,-1.929760619721422
0.5585319648782507,0.5597303232212023
0.16421976524428994,0.16288591699141514
-0.29391723339273884,-0.5846596499575063
0.6147682636196077,0.02546583207505547
0.5089851361435868,0.40740224496452554
-0.017527435585886195,-0.4728491896501299
-0.7536270518369304,-2.2030523163888653
-0.2692335974060603,-0.3602640481243636
1.0629516499441223,0.91964178001547
-1.001222780600866,-1.0262462863478148
-0.7323056232083572,0.21697041056064195
-0.47009041469068075,-0.17251038807108895
1.5691874564893378,0.16436690748499314
-1.5728350801281343,-1.7840426314489033
-0.5352325018308424,-0.5395155357315393
-1.1433052385072906,-1.1577858892106283
0.43423660315875123,-0.4067982560739157
-1.028139306104304,-0.3364807242510927
1.1104256804779484,-1.5928485582380587
-0.3310582487497727,1.7621846571730861
0.3024173196727331,-0.4403980693424634
0.2709690210424252,-0.6359406683484297
1.0323977489620881,1.3365618324864852
0.41681496389102274,0.490065099070894
-0.21363935010368731,0.5052187059851572
0.14670615060052974,-0.146035633141526
-0.5094794846128825,1.3183628762940514
1.3743832875713637,-0.6880395855364781
1.0677505698120004,1.778501824450511
-0.6897475402501638,-0.5394759596493784
-1.9016357021337118,-2.1924277812160233
1.1893829226335355,-0.11652221342198905
-0.5010696031674163,-0.3499351109519967
1.0289086478375211,0.4242794492572188
-1.2069089423235715,-0.6017007998481998
-0.8256032025696252,0.4416023037958828
0.28740590022455115,0.1907997376163963
0.44499814750140365,0.5317014015235969
-1.560357068851319,1.8186098694941244
0.1558776352438749,-1.9748835385543295
-0.3251053590155695,0.810822526616746
0.3057256456473511,0.8890391143775563
1.0026384312198335,-1.020114026697561
0.552606852739237,1.13040292824761
0.029424539485519985,0.5072376313331087
0.3784351809601364,1.044259571201028
-0.1774165509762153,-0.24591752356576954
-0.11508803596231286,-0.7609561585831861
2.386198495506688,0.6017635125601003
0.6421677828341426,0.9073428270165383
0.2056280958860785,0.9792822205191176
-0.9877132982122871,-0.27139740480120267
-1.0031984024374567,-0.22467838836701143
1.1367710342316666,1.3049985800394135
-0.9773021701203983,-0.7895082101203068
0.5308540056044753,-0.42827608818723184
0.3941335415853484,1.1762229223047989
-0.3500699807332893,-1.8031489823783045
-1.0425091163069435,-1.0877799941858244
-0.8071332272802653,-0.7278265636893437
1.86414976450844,0.30197756402903886
-1.2014386333149008,2.1159878954175384
0.09821121399337457,0.20009918754549083
-1.2792604116984672,-0.17962906530216755
-0.9219345384466502,-0.9525847922225439
-0.41907566339201935,0.3682726040076338
1.3191222561641738,1.3858275708424652
0.14899537713361719,0.1757216209406394
1.1240461088062574,0.61861546680357
-1.6948553018361525,-0.7875890593238091
-0.05631828317164644,-0.060738642169919956
-0.798628404412225,-0.6115234367494428
0.7150385748451935,0.14594704567877603
-0.9968126402615951,-0.4557347801539149
0.7637807948796905,-0.37908759612337717
0.43882533908087124,1.6811572791874985
-0.5356548148302993,1.1471983754788682
-1.5191546217877254,-2.4051663402944494
-0.639319087183075,-0.12102061094797095
-0.772438978602796,-1.0603707766003194
-0.2660727756789424,-0.27505605170850844
0.5172167951205191,0.841817083899424
-0.010333433773163335,-0.4869968164921993
1.5670564979358805,0.8378338758085708
1.0483469961848568,2.928230277848514
1.8070711288825965,1.3913255596354928
1.7221675668551357,0.2264335078644746
0.11708453959200356,0.9381701220797825
1.3508885714853416,0.7071819888735409
0.3082355020132959,-0.31784968418335097
1.3359838504747017,0.5225382312570006
1.7345074171194905,2.0330110792903535
-0.5869478986442113,0.08933859522227808
-0.49918532057643306,-1.8559776352248627
-1.7797795827727991,1.0032004988346666
-0.7294497988005837,0.18593522281229116
1.222600595873662,0.08436579100268185
-0.15856323612940296,1.2573732202033763
0.9676535045881113,0.3746186783310443
1.4872771078731852,-0.1476959771079145
-0.4007463065986926,-0.012798258520938651
-1.7190748921829264,-1.3170764164691207
1.1443100254138625,-0.9179521230010179
1.0759302232374608,1.987123954815571
-0.647229746935351,-0.7209517256387843
-1.1632281178326944,0.6968151388346835
-0.771001110647444,0.03245508996350108
2.4405786847448026,3.031950832606568
1.2123445795108996,-0.3483647835698312
0.07744549053291964,-1.0725586974564394
-1.2290395650366135,-0.6193252619663625
0.3408055763781219,-1.0466577972766404
0.30063854266819273,-0.3689697597037232
0.33412201932526525,-0.21818024933707175
-0.8295406017056762,0.008719569695869941
0.40755662487712974,0.2514452101638338
1.6139007219295227,1.5489395762159914
0.3218609474421118,0.24373495069199985
0.0406162198649476,-0.21695529250401963
-0.5991713219563112,1.1240147301040375
-0.6208735078333742,-0.132918633931782
0.3110911521767085,0.3612134236173007
-0.809481313504099,-0.4086730600757608
-0.6764894919598873,-0.0885342426533031
0.3091476744707949,-0.040154014903891776
1.5279550581644574,2.1351777392349596
-0.14498147438371603,-0.8122836602107817
0.12762341721623588,-0.5616857166954453
1.3727229605183535,-0.89209279549158
0.2549987056609345,0.37363239583320007
-1.3445146448428587,-1.2360672182740922
0.11400685858474079,-0.12396322080649323
0.6162940666081993,0.558604088477269
0.4361723744028979,-1.131794437499486
-0.48328979634450064,-0.7749675352719645
-1.7874662252719304,1.1608847535950406
1.4180745762335505,-0.6497852490566786
0.8450292117805775,0.5329338739620688
0.2839616023977088,0.9688698742524123
-0.4112975880336125,1.4244294707633596
0.06653031641011643,-2.21493763559936
1.2195065497942053,0.15440535722241064
-0.2972671934772659,0.92835228236989
-1.7614728387440044,-0.9081039962789321
-0.17814925587091568,-0.7263551626323574
0.33661943836908115,-0.8588508286209486
0.6963041284679868,-0.06666086934955792
0.18824094544677505,-0.3871818154874611
0.006258924163821127,-1.1232108651698334
-0.043487313507769555,-1.0182885965710815
0.5344683095420794,0.8390565898031869
-1.1457478782101367,0.8886768738132821
-0.02009318294912721,-0.3803850164387775
0.15742667437195101,0.6148319073448372
-0.15027254735683726,1.030173650266089
1.728461466192316,0.538251773701318
0.4585899091784161,0.9475443201654611
1.4622066687935484,-0.23789119377738396
0.7294646283156172,0.731689603835486
0.7295614720384287,1.1891793282007743
-1.1996851604992178,-1.6316116394744504
0.8310567845060833,0.5170244973894543
0.5037291265374152,-0.11686908371306982
0.3441018318937484,-0.20844314182806364
-1.023469336733442,-0.7035614030025941
-1.2803884142947857,-1.4344312735910698
-1.2314830421344571,0.28522389650088614
-1.194630610560621,-2.6819097154757077
0.9779302806477305,-0.0395152540055943
2.0599771561090505,1.4616343926735227
1.1324614952518144,1.6797694089637
1.1644942166866852,-0.3334950129466409
1.0982764906480298,-0.11311413666068551
-0.5128995612546156,0.0027856644737760134
0.16666369962060965,-0.31860532447915324
-0.399813120913008,-1.3949961873138357
-1.0272079969828782,-0.22500225681177105
-0.15285046836829191,0.7658246510280842
-0.8825479074958246,-0.32346346963839306
0.4736617082679726,1.4102107791934104
-0.06059495545718824,-0.6940679364714439
-0.555422676279459,0.08967375584610186
0.17574716212095073,1.2869047762822239
0.6112716521739211,-0.7571869475668495
0.4644611650667205,1.1171015417673347
-0.4354834832245323,0.28228514713277847
0.12431046469006991,1.5351290086834832
2.3938402520777236,1.2655440259175792
0.6023044785964997,-0.14244996901371276
0.1410419440641007,0.7454730676701513
-0.4199878686609089,1.1729869946332097
-1.647095902168298,-0.0015059893058258246
-0.2743396424894226,-0.8688413056188055
-0.28357683171226855,0.5735356282689822
0.8008559189805637,-1.449188228397075
-0.5339841149317839,0.4551616252751034
0.016094241686078422,-0.17622882989066854
1.2382683758844009,-0.3835149756261411
0.7904026094015733,0.23591908142548637
1.8284152572791057,-0.6036317226318217
-0.24007024929166734,-0.8262208994344084
-0.500181279580348,1.396172371756944
-1.7474800462787525,-0.9193316277852739
1.5013572855979453,-1.2053686866009936
0.4230377172262473,-1.353026112109168
1.0163257844101017,1.386380136647803
-0.5877509422502712,-3.289700421766567
-0.2643995570348034,-0.2534147468999639
0.9746276027949172,0.3307327281737519
-0.23430419173583947,-3.1629908697151055
1.1946485782941794,0.5008450686608754
-0.7208506368033588,0.34855202977500827
0.02944076278225952,0.09800757955313137
-1.0931424905696157,-2.5001133621054366
-0.1321403979787173,-0.8238059138442225
-0.08591811784628131,-0.6677019309830715
-0.43522471382953737,-1.9928539754406607
-1.393102550555382,-2.8076206504916708
0.4378720201456996,-0.7954447930377879
0.3964502090317349,0.23189561320611016
1.378235747470142,-0.4623838993870624
0.6921490593157346,2.0463812217913366
-1.7657202368705276,-1.5485504756753823
0.5364761313271428,0.40555946711825164
-0.29067148081864685,0.4897307027339333
0.3525798159366056,0.08361167494499865
0.3690634002820837,-1.1524725641179103
0.4346344132624234,0.16694908027787134
-0.5939555722973806,0.32567517542113755
-1.4428422787550659,-2.067744221782406
-0.6671461016266665,-0.7083449214554549
-0.8970297164733337,-0.6211253401985425
1.5842576859344903,-0.7489954989939197
-0.21794609250806327,-0.5370298136394341
-0.13972272148419013,1.8138700376024213
0.17830820592902663,2.1442834493631135
1.3041604365616193,-0.15679033434541587
1.217979282134563,1.14771401190228
1.218575499629902,-0.9139687078097584
1.0679229873010703,0.0093057360382744
-1.251027387713373,0.19375441386653455
0.8295844393277204,0.9242159938240113
-0.18171757702095298,0.3879636016553836
1.382741905850164,0.9333724995926856
-0.02950428550330616,0.04263001900515231
0.41205165547163924,-1.0269561966973473
0.43220625582974864,0.10126270083199143
0.218767164129022,0.48558323938153836
0.9625234832755785,0.2815560140998822
-0.2372283169963983,-0.2418385439540069
0.7678885361457201,0.3607762306266118
-1.1381524303694686,0.13600883182403464
-0.34913215281794974,-0.22609559556869988
0.1694092372971685,-0.16397301593267202
-0.9648176210126246,0.448211333766088
0.7403680127590474,0.19642240647660278
-0.5827938045721058,-0.8326738668322039
0.3077684776835966,1.051292601981929
-0.2808026564106603,-0.496721753234735
0.5604921763808584,0.6689884395038318
0.6935054180993401,-1.408737185893323
-1.8298706239339928,0.27622271135609566
-1.849610668577701,0.6327576064620792
-0.4883635829575799,1.3669624586701452
0.8178924115276812,1.975119290042905
-0.17595671537764626,0.2562434148318137
-0.9879622283620544,0.1090284269273931
0.5941081213645137,0.6382215104724068
-0.6433339571366723,-2.0800796626680853
0.1664996666491741,0.4503349205000991
0.5713053117726123,-0.45776658169608014
-0.20483450492597027,-0.41353804074234285
1.9451108988513948,-0.07936049358199848
0.048864395719746795,-0.15137289662381093
-0.038242316607094436,-0.4222933561972803
-1.2694603148901202,0.144537592501931
0.3230017819840483,0.12349962400225803
0.08854218340055335,-0.5978657588596029
-1.5603073038489674,0.24777520099868444
0.8966572971027115,-1.3025158589761134
1.3015649317981948,0.49933078145794607
-0.4821924872894229,1.390916511124039
0.9441297908087106,-1.375031529970368
-0.395172548286321,0.3657456122700247
-0.30642746201470594,0.8343507610709469
-0.24946681130165507,1.3051401556047566
1.5378007689246744,0.7194932812440958
0.7403333709025417,-0.4017736801887319
0.9584839397782003,1.9699490584207775
1.414131659131009,-0.9256736597296615
0.32809762066214077,-0.9568449637797055
0.37433100442108974,0.9420002117353474
-0.829526619282368,0.7716104026987872
0.5247368514525126,1.1191395298579292
0.24623945514492585,1.3367184025035843
-0.7524873249486101,0.581589605893671
-0.6690634216186632,1.448460319939948
0.06229109050481199,0.2950601640028806
0.3086698606168431,-1.1370546699639277
0.19825360797694905,-1.1025548780552938
-1.267982505353542,0.9362974207377297
-0.5086881511206175,-1.498557147508196
0.4323632250031918,1.273282764654241
-0.016228326760104692,-0.9701171743513656
0.005473165622578695,-0.2394898187714624
-1.118996968236741,-0.13122212158488802
0.15013700792282628,0.04051673212442471
1.114344924640473,0.2886474551534477
0.8666880843563348,0.3262902564184034
1.1715506550960502,1.1159220929375397
0.46677594631169345,0.42097644351896485
-0.7483024642512515,-0.8700080426867172
0.8548225221483472,2.288377475337151
-0.3671511821702473,0.7722504667277317
-0.34012904012384815,0.8455531926478372
-0.70908630282697,-0.5046202930432079
-0.529080197747982,-0.40127051533508445
-0.6586597424158088,0.14123918547821113
0.23342020753482376,-0.5899071809940475
-0.8141026979058361,-0.875099974429317
-0.8894716192868125,-0.7238368679117584
0.8608723327696794,-0.2457464789623164
0.3874909798749393,0.48743984988996036
-1.084487295901483,-0.6547223412274391
0.42388050473033867,-0.003989345900151608
0.9323924340273875,-0.08314888506552721
0.9844997131061692,-1.4082707308148854
-0.3548857915417072,0.08599621141306855
-2.312452965040381,0.2674127744202526
0.38522543375103696,0.9043996849871216
-1.0644814065256345,-1.4659643860544211
1.6805792708029221,0.4410450255486314
-1.6944985751953878,0.2236203182705931
1.569423012967886,2.240264725845853
-1.4203390122334068,-0.5958698694499566
-0.9211120276828175,-1.3535856974788187
0.8382997405232657,1.3111826621400986
-0.600517911576367,-1.1786252476880912
2.581213718604294,0.14935999838876066
-1.7087126597717064,0.7313748460095986
0.19531395924709039,-1.22696133850092
1.7226417800329838,-1.2609408240761533
-0.8438624096011407,-0.7331055840431886
0.3554427812462503,-0.6081334402473164
0.56534864213962,-0.8519416311623548
-0.2804622235760807,-0.6521995711218631
0.623892469033183,0.8320860095524373
1.4329111626359023,-0.31249979718308846
0.3728939940908609,1.0596042134082038
-0.6210095564776387,1.6525123495149145
-1.210036629429314,-1.311530534988048
-0.43483659886617415,-0.20947743619693127
-0.16098857528561872,0.7845139502597824
1.3476013608343245,0.9276529477091763
-0.7179403518716855,1.0700202769094525
-0.9367744817545132,0.7936501899301857
1.1977067667372843,-0.21123768860355197
0.6579346779659463,-0.19204831511565704
0.6185862376215906,1.3709231807713271
0.4688494312018334,1.4519590305261536
-0.5504252071524864,-0.16842446137615708
-0.29110695594714237,-1.6792406950842904
-0.33923378788761216,-0.9416140615271492
1.3136898877960448,-0.2259764748684085
-2.7383774274394077,0.03255785912759833
-0.8614829349870842,-0.6598070757661607
-0.6449189716472423,0.5102510314950052
-1.4974878635166744,-1.3300319682171853
0.3270121133181578,-1.3825971937661448
1.166870383570035,-1.2447871589882498
1.0835324150940204,0.02310359077918245
1.182581139402843,-0.1745549417236185
-0.2127357616841594,-1.45616888678108
1.2252627716626519,-1.3877784122913537
1.2392361052980843,1.3389204584190164
-0.4515468072616874,-1.2385038260460282
0.13735403122529377,0.6047981900624434
-0.6867154848376698,0.1403905605195895
-1.1366536590140868,-2.9191933441809996
-0.6903751786977825,-1.1506992235643405
-0.9159590889536965,-0.4726324396654038
0.6271064900945218,-0.9640254140460367
-0.11820732251672833,-0.012578531375621524
-1.3981098456011245,-0.45980377749782825
1.337031681702295,0.5694234066856603
0.7014549314665787,0.1834071058709958
-0.9460325080750212,0.5285085145145011
-0.48731866402066615,-1.476086048506412
0.38152725954306727,1.0238976001835052
-0.2349949006759452,0.6065890437212381
0.44212182688307067,0.5796329997207816
1.4265547977120834,-0.36507615398123483
1.694087624510254,1.3031048877894047
0.7209753150957876,-0.7856257296838745
-0.5848975827086625,1.476167547658492
0.14446675711248674,0.10771553316600217
0.29198377727199637,1.3392015434259623
0.5664913698006182,0.5170980396947128
-0.324020158981122,0.32404413788722364
2.3342416236892833,-0.24335898780414572
0.3862501902884144,-0.6500752056870928
-1.2823872357481747,-1.4369283687726668
0.5279782108458699,0.09194450946959791
-0.3351624024863224,-0.2667855772655657
-0.8615629839107517,-0.8052915549090361
2.042527201801603,-0.8135934254013321
0.8134094544625246,0.35811455685909227
0.03934744378431644,1.1445149149800773
-0.06394838721931083,0.9655434188737749
-1.228323392412545,0.6846616108494005
0.14604067520359693,-0.7661125610779372
1.522586135395177,2.452339387451472
0.6098944988166427,0.7891377548091311
-0.49718195757212774,0.4680978209442175
-0.4458404413246677,-0.14002803149829088
-0.38846477653581973,0.7611723293176073
0.5286881489864282,1.1218523613919242
0.04186336471447829,0.623229501740288
0.00472482863199762,-0.15605858023343858
-1.26928819484501,0.10838196954697056
-1.9263133331906168,0.1930354940011657
0.44305839548660964,0.9745030921932556
-0.24748849628459962,0.9437276284614562
-0.03967180731118359,0.5400379410950775
0.11004423212397561,1.2171323668651006
-0.7660833556171496,-0.6406869288819153
-0.423498183008187,-1.2419579724018592
0.9148263845808979,0.9214475419821094
-1.093878097544909,0.34499444209504376
-0.3048456856666515,-0.9387240533169882
-0.822871710305753,-1.8443232425365201
0.49543004087292297,-0.8359561968576669
1.7865566761850467,-0.6558626642017048
-0.05249354279322864,1.5818914040000582
-0.9846702916532456,-0.37611304881360197
-0.8372911427660749,-0.4384204831402484
0.20170641236369555,0.0756038555182427
0.641519753779669,0.9158862022626296
-1.4858485225966171,-0.9734562606314301
0.1272873087509068,0.4322807361285332
1.0378660731132103,-0.4900708287098822
-1.1851451294957966,-0.36877283331950284
0.43900942631215795,-0.10098219448457267
-0.8108199749877425,0.47119353058212643
0.116365799055149,-0.38149444030562224
0.5918525609649409,0.371904747380856
0.4291942754540947,1.164950293075529
1.0370309498578094,0.3039642846078416
1.4926531833346082,-1.3128621419131314
0.5766797273820186,-0.4239220686698104
2.841549204345507,-0.5565312899723651
2.4523495133900446,1.2086907526330017
0.218342932569013,1.0470492121054789
-0.026094441127906386,-1.7290051585388713
-0.9732062806332753,-0.6238317405599417
-0.4340205023040411,-0.6082676676208426
0.28095925610486233,-0.7366614255538164
-0.2682186004188506,-0.012165956124692874
1.3255087599795496,1.0430586316459767
0.9285600610023107,-0.9328374906298773
-1.380057616955211,0.04281558274189202
1.2798712722857144,-1.5603220582489163
-1.3436683903017415,0.902051571062158
0.4907824315127209,-0.21681375568202266
-0.29728029071750023,-2.473024183064023
1.344906315236822,2.193789043438214
1.5465594128353968,-0.37104142423809133
0.7870131237881628,0.8577908529104616
-1.1010652152810088,-1.169875396449182
0.3240870344618234,-1.4103566054305756
0.5468287535173555,0.2691059143805986
-1.3869114201366177,-0.8630006975241934
0.24567124746601365,1.6410793423573171
-0.2035634515683438,-0.4609899805780999
-0.1827361678002932,0.8308146557854531
1.1576821883406103,0.47524482186673556
-0.20490325825424693,-0.176253311803192
-0.4813836320692761,-0.7537996480769666
1.174111739681067,-0.45298960686684675
-0.5279782335767038,-1.7965433032389886
-0.8436784874658502,-0.15740364691079095
0.9911593485971446,1.5395381271833615
-0.13325615957487824,0.08108865836822343
0.8960959468067252,-2.455137361707371
0.9562127198098046,0.366200321552319
-1.2712345520564978,-0.09628155582572401
-0.18635282422558158,-0.4248890456131463
-0.27025533241450583,1.205729223262185
0.5898619003443681,1.1880774950642485
1.4110970783935721,1.5272105319615534
-2.265579147148889,-1.7218880290521839
-1.4776538695598833,-0.3910947650421328
1.5254646626788668,0.9190885523807916
1.161232796865237,0.43215172982270794
0.34307201927175873,1.0121049962140731
0.41967600017429413,-1.2226431515754486
1.408137717826265,0.21203823408494682
-0.8851209072739006,0.3781275689071311
0.003256459018781078,0.3664211181232566
-0.43085353779838104,-0.8325831781433136
0.7389313364647779,1.9432965950840841
-0.47900809089843077,0.33281253900958707
2.492294236948784,-0.2041687277839232
-1.344407312852456,-1.5119210141333226
-0.5389124792418573,-2.627394735383145
0.9613681152692187,-0.017285579662152068
-0.04131944676018481,-0.4139177979833045
-1.2912854679392567,-0.2607736601799764
-1.0237452731058965,-1.1482153717512047
1.0654198353273252,2.654094241797375
1.735197902207045,1.3965135627561178
-0.10851111315386339,0.9476933827823706
-0.735165115297377,0.06484771814311686
0.9423393332534838,-0.06982006504831827
1.9175270971304108,-0.13483573542717053
0.27810280465605264,0.622504766430531
-1.4131618913372705,-0.7128027399611876
0.4136552044301402,1.0742257836055367
-1.0583014400835247,-0.4831871074302827
-1.753612534484148,-0.4179761905970834
-1.5164266239458468,0.3441069292422219
-0.23570177060300423,0.4140845426687832
-0.6768685810722272,0.2562538651451571
-0.13339483537583324,1.0694848567538384
-0.18942398483498943,0.25654642484337165
0.04412475817229482,-0.32876901107672135
-0.5606400300574887,0.9853797563160314
0.8101916558169776,-1.1000915323833937
-0.17374430089948592,0.7877401250458781
-1.072971737912152,0.2586404924837214
0.31703971504617434,-1.277737372230056
0.6546337538324781,0.41105491279650996
0.5171648732547768,-0.3574683384642011
0.5391160593203133,-0.1738179569281797
0.16483679653742844,-0.7969387267391176
-0.6745808808404118,-1.894236534168981
0.1838922882032013,1.3835964436271884
-0.0567108188354239,-1.1260752982944289
-1.5532238878965825,1.0319017824543617
0.21495766322578624,0.6252683314760259
0.4633437128954603,2.3584614794072034
0.8968698882660531,-0.21164605853482654
-0.9106165252283456,-1.4442421370585397
-0.33225412956359957,-1.3073057384750166
1.5258908679715546,-0.4456166195200298
0.28947348954709884,0.15483377750104832
0.4021010338378038,0.48357429691944165
0.6416543364633421,0.572368346828701
0.029437005300598982,-0.008088566246172194
-0.7046416610754253,0.15881152991342765
0.6923406758835112,0.5573934914887922
1.6969328651994742,-0.08865375752250954
-0.9394693972730337,0.39627333174113644
-0.2897123786473979,-0.8171491413999453
-0.08619379925158492,0.03349707287496918
1.217973658815951,1.2801285634810933
-0.7597844721115924,-0.7526983010117162
-0.4765494498000286,0.35257283248150223
0.5490807490131919,-0.6226792002455963
1.0684218886771006,1.185432298445186
-1.9391064752707725,-2.096817515396717
0.4818866302357434,0.27069558817392125
-1.3188441055387825,-0.26611110255972364
-0.8507010676293695,-0.44024508923978733
0.8235111367351148,0.04141546205239013
1.3098734066031026,-1.5350698774641975
0.09718743562067401,0.713411045152133
-0.1014990261378577,-0.10650245476527748
-1.9495647052358465,-0.4714769993168468
0.3710290936334356,1.1904581372455223
0.05904311843123926,0.3501981297034721
0.8696684251989597,-1.2570606992077837
0.43529918742189455,-1.2221133937383943
0.15212072697956008,-0.192383491864737
1.426773591646686,-0.4978175542472618
-0.8526299869649008,0.2782472141308461
0.5093040269071721,-0.34879791443440866
-1.4589264633698458,0.4463110177446232
-0.5704398568173087,-0.7804196797983823
-0.05324955819693281,-0.5441687567595273
-0.09757965533458153,1.0142567226643415
0.3490057045350321,-0.04206681673602209
-3.0752672421956584,-2.368617131155634
1.0216399152497206,-0.31395800074708446
-0.17522780820980438,-1.810539112191026
0.24437725089667756,-1.3192840533214714
1.4421794524349274,0.34310474589076245
-0.6366942223914137,-2.223335270585871
-0.4411481182373644,0.19581377445645995
-0.15745115512197272,-1.4479337503843828
-0.6834295357529594,0.712567108518783
0.7356527373709977,0.06850794273786874
-0.7997125053843037,1.936667227876054
-0.6242254965736103,-0.17980507587517192
-0.3339339358553509,1.5197853566047075
0.18603715518538724,-0.3837922728365738
-0.6791961835292187,-1.1067218160500045
-0.6128761587905767,0.6944546274882277
1.1352899101301126,-0.5073611274786602
-1.2211261667013882,0.6264769183127594
0.10764003707097652,-1.834976823317281
-0.9288511467324081,0.06325952503934587
0.5506415838665016,0.4990696664428891
0.07961166011509456,-1.621341959176872
0.7634741771991345,0.02115699341481701
-1.1419003347511698,0.30952872073150434
-0.5157000978798376,2.3258984221263836
-0.24417772458058176,-0.4964333122842384
-0.6689655368770978,-0.9249547401182987
-0.8042103070071185,-1.318922957267971
-2.185649690226902,0.3267477712533702
-1.1968645853273798,1.4197584766109042
0.7572557375967579,0.46954423474078066
-0.9082673129721003,-1.4956920456830896
0.32774967047564063,1.0213144246834795
0.146636102878251,0.022017129756186762
1.0086447745693146,2.619537971895662
-1.172700377980708,0.13998871739381571
0.10030416658129557,0.6725864850092511
-1.8669628068313853,-0.5756972934416237
-0.08880013111186502,-1.0076194005428492
0.6809796265421751,1.302709164562004
-0.938122895559784,0.16698801748118391
1.1587654055784948,-0.09009128507749935
0.7262429435140513,0.704420603048822
-0.7137731263355398,-0.2509095790749669
-1.0840955749493584,-0.930430509139829
0.2132063056732559,1.2692964917932783
-0.011762610083027841,1.0225263045307413
-0.9240770727847505,-0.22253386202376002
0.3157202979770142,0.4375942798111851
1.7482061174137784,0.13351613034873708
1.6503429744337916,1.3940168114131253
-1.7462797727680224,0.04937171620917026
-0.8611348419945493,-1.1260049726490147
-0.3681138875712011,-0.2859391428542221
0.8938085240580523,1.57017240848676
-0.2765574695139451,1.0235418723475367
1.0938654554673484,-0.7879779505560685
0.9158276440585867,2.6840653679068476
0.7838968326873934,-1.9301107432524938
1.8125758614694623,-0.38939922669839877
0.137606626157407,-0.07614556034484374
2.115989709343644,-1.8404706765501273
-0.5792580422612617,1.2109926022539412
-0.47206261078122796,1.5487012083280278
0.6866589383775763,0.9309454295382452
1.0844300261055861,-0.9316270779054041
-1.2393675977255296,-0.6345547072518466
-1.6843565580270092,-0.4694948156359755
-0.17098480250530426,0.00813440035664722
-1.2492266581339426,-2.1729457199278968
0.5409674369044672,0.5475606069676188
-0.3544784754799015,-0.7676451634285174
-0.09577733494490366,0.5615925912726341
-0.9889161330909914,0.9139030982188878
0.8331393480801941,-1.4814014619857654
-1.2950831077892855,-0.6453376611768004
-2.295967521525928,-0.8955604007192433
0.9606675094479891,0.436642110735927
-1.547137959192777,-0.33476241627297426
-0.8189006220628354,1.1940135571485868
0.7117213698877777,-1.153702040293745
-2.1423594031528466,1.2109490013429172
-1.3603761550554765,-0.18776005973069074
-1.3402876970011903,-2.0356619617112957
1.7292549698422737,-0.4335314510513913
-0.16222207782714954,1.0063226778390835
-0.6132559263071473,-1.302558842232653
1.1025819664915906,-0.3165755867975868
-0.7333663880781391,-1.4106970762164885
1.892127952638551,1.1002629539375635
-1.7325004405649942,-1.0411444159155498
1.03752412301894,2.7706828341624363
-0.9742421080957773,-0.5818473332435669
1.364863663399347,1.3101151719644584
0.36572613230381723,1.170264027643317
0.16746507142058736,2.0335874360094777
0.4529588639429922,0.08078615507678585
-0.2564804353827086,0.3427041125450174
0.13627401546649695,-0.35323798202623663
1.7281514523665011,-0.9058334265359631
0.1955661160924165,0.11254425002207215
0.945476800613996,-0.09139140352601044
-0.9841689297960318,-0.1624972581850103
-1.1734200909917822,0.652307957076664
0.021744404844341193,-0.9808061360620464
-2.061159737176494,-0.13053320810844327
-0.06317781827178921,-0.8101159291980551
0.4668277241076418,0.8846416641644218
0.06719687363835726,-1.098729093483083
0.1802039966522099,-0.8563113534649925
0.5443319452710291,-0.4167855722677756
-0.24440496841824505,0.346264035739794
0.24844548445707912,0.858002887043233
0.055957998036097745,-0.4742490763701238
-1.5543548150616304,-0.6739465592175411
0.4138070822369169,-1.088565084164607
2.0281403909927818,0.3833613155448791
-1.7558425145978056,-1.1243922589952235
-1.0276807072541485,-0.6596926393566647
-1.6495148922934468,-0.05872079339536285
-0.5284023387820769,0.0026679879870864925
-0.28727080233797,-0.25903720507236966
-0.3328641999853002,-1.8295097164548575
0.5475997649032783,-0.8690369519283272
-0.05246726574386452,-1.0377020431606678
1.4708558937303673,0.9575142904623068
-0.20471666983302664,0.14430814660453212
0.4097828414285295,-0.8683304625874596
0.1917516197757387,-0.7347409608501012
0.6087960566317283,-1.169278130732255
1.730579101984706,-1.3902633359561758
0.5379807484194632,0.2804382836624412
-0.9668082514036656,1.0775269334348612
0.09514953984154986,1.4522780478570956
-0.35589165255364635,0.03986550921870866
1.1235163325058972,0.08536383572985927
0.02016674408986503,1.6629695363872075
-0.20031849324633966,0.06527550389579093
-0.49283646166175527,-0.6347874158562132
0.347325712552915,-0.09959306379842833
0.7995796655829459,-0.8312147265363594
1.5796563731863142,0.13506294221636383
0.9345138873721744,-0.24320149464450122
1.1133780518747998,-0.10501348010847122
0.5875127639272926,-1.7590575018627703
-0.11844925704834158,-0.11802463595614726
0.34574996041385636,-1.695870465709941
0.8939945367490106,0.4761040546280986
-0.32445195743531796,1.0595655944850677
-0.3593976902706911,-0.24185865362134984
-0.13941367723916492,-1.0052005372047519
-1.3471776469285222,-0.24095330178702382
0.6376622674759554,-0.16395839369053167
0.22778407177833937,-0.03209706842662246
-0.7006887257978078,0.3592450205352077
-0.8098823787671012,-0.8607086125547778
-0.08507865185718898,0.7037128303345634
-0.7056804139100159,-1.9267777797809562
-2.838558303242752,-0.7879022576745273
-0.9518532225449635,0.46405775190682785
-0.8906202213688107,0.8591291975167827
0.43323569246823657,0.6169326369030493
-1.60640110653864,-0.05499384412941228
-0.9947645071776458,-0.6242614029488932
1.6305571310513993,1.5669320597711427
-0.19642840032306366,0.8587731384719367
-0.890671167383906,-1.4654203554018197
1.8299126712583305,0.9015380134885067
0.4507747073973284,0.13303513762649138
0.1514069386854822,0.05653988343488502
1.0867402568430664,0.541126650386483
0.09859321744174383,-1.971114322971835
0.42479038722531565,0.38077679956491395
-1.7709225364972017,0.8145536031187489
-0.07929830776055777,-2.330504938717508
-0.11749037565338857,-0.3804068041319291
2.311164357555575,-0.4526452906516289
-0.47168762824900085,-0.35473735002292944
-0.033737913697659196,-1.487221947087851
-0.02615930040530037,-1.5162758607188742
0.20538941194335922,0.5032438852358705
1.8465648834945538,1.52030949593376
0.416836583260984,-0.6646184629986348
-0.03474808402115208,1.7116096373057421
-0.4839939046146105,0.1468178368175194
0.4116109094337188,1.0022820729490816
-1.3585612024052585,-0.1350692628249516
-0.6576238142185991,0.27462201892796995
1.3054624883214123,-0.23895582730212858
1.56944313026308,-0.05293754832561094
2.211048442351613,0.7963500762323863
0.16696756780783287,0.8111177230448732
1.1096128949783282,-0.04180406160395328
-1.6961720564724658,0.08770420576400631
-0.9534571823099565,-1.2594695038307835
-1.2594544131755003,-1.5683445601575114
1.4693869969472764,-1.335162544097515
-0.0032073641498843474,-0.4840605359352378
0.6979789544736649,0.7164460344143476
-0.31799171522820385,-1.783384161203279
0.2108632844513825,-0.9414401913941683
-0.4928738169581927,1.121254819329294
0.6451556087044169,-0.7950812294531793
-0.622239339952477,-0.32141875947053555
0.46727839602412186,-0.4873782463236433
-0.1949026662779416,-0.03927799292060614
1.1970328768166116,1.2342268449379488
1.8026313108758212,-0.08208636628474658
-1.0033652450997173,1.1715021750247243
-0.06684996015799119,0.37633378091666436
-0.221803766520938,-1.4132422620642566
2.813208016534262,0.10523163623964057
-1.6601738642233952,-1.576540216508173
-1.1133595709862414,-1.0088534038810748
0.663824873463042,2.2670773029904465
-2.041080646067418,-0.13321646518352023
-0.48661437806211905,-0.320778667822732
-0.348368719727825,-0.8630954987682166
0.21741231634213348,0.8553867760511502
0.11971003719225841,-0.5248387682800549
0.5569825387596864,-1.2694402455320855
0.5578999792859884,-0.7694333484550693
0.19770484917207168,-0.08610267702753618
-0.9885560782899844,-0.3524059920288972
-0.5971990863321848,-0.14475413320326713
-1.7113371938941628,-1.9707633478686204
0.4075616321921582,-0.7397652522034766
0.2554269874050832,0.9267732881298001
-0.12994516937304157,-1.6564543032976
0.5755119550838904,0.9163017759866672
2.5384570052992372,1.0152630011888777
0.6959608621370253,-0.32997035151788917
0.9935585560835658,-0.633106775551516
-0.7086138688462409,-0.09472350042686328
0.23831985445466938,0.40904119368201536
1.1700296787514661,0.20630028018325522
-0.526973961029693,-1.6239664007033252
0.26642614410110277,1.1490151207285373
-0.9613359958695609,0.22675519050321638
1.206161988482024,1.3025619469000445
-0.41254634616878355,-0.06904043507687196
-0.5003844452016294,0.8217772456608755
-1.0172756077020457,0.202122845643024
0.458389410181989,-0.3620617205873241
1.5517714366671485,1.5000578989735822
0.731289789429339,0.9881452695480882
-0.0749134004515022,0.7021773957029586
-1.1074109516749528,-1.558550117627177
0.17314014512751066,0.13169783295816448
0.5169727047510873,1.4113398207755252
1.2487719109153057,2.0324603555936465
0.9558156318335932,0.1827409289018839
0.5954276740863993,2.6904937125479975
0.04116387922434417,0.7185232905210741
0.7195455897984406,-0.33793508340860723
-1.9963614632289401,0.25960295312473125
-0.9659926412916806,1.0007358234043442
-0.2662507742308571,-1.9159436359304691
-1.3334433189224486,-0.9915668644884273
0.3934659965808636,0.5159723755267156
-0.9697287827048272,-0.8840271428747274
-1.7901465178867817,0.4845814226862585
-0.7454675846048275,-0.4634589198296362
-0.2688870589354057,1.0121751853098468
-0.42878461379087984,1.8225231661108867
1.6802110409941855,1.0545005394547364
1.3510187113332524,0.5603700761370166
-0.8647348558047045,-1.502726589337505
1.938080981136777,2.5045349661378142
1.7530641554503874,0.16889449822722205
-0.8823657878786577,0.3928671615616427
0.023252417662245478,0.455348812958084
-0.5237642550714449,-1.5012723303044468
0.6592239265083185,-0.6300739594075538
0.6338248645791421,-0.5320899902203562
-0.412726142354915,0.07624333770136564
-0.16259531317047737,0.4474364747385295
0.4249521198739654,-0.11493842175383903
1.0226651547087555,0.49513926897991467
1.6310793884655734,0.5328879005471626
-0.25606534913440704,-0.9505152714537476
-0.4460987072785135,-1.343701554024134
0.4750478773174864,-0.26870133331962237
-1.3632018985721401,-0.7467967074008092
-0.5951628778886154,-0.4978391549780051
-0.9516980266916669,0.04657239516189157
-0.5745941122922708,0.18498412978663437
0.3084909710832999,1.2376842761256601
-0.48341017027662464,1.019705139770831
1.9626529920654232,-0.8089398744542903
-0.40350288918110333,-0.5899228200279582
0.5207834860742013,-0.8020655803978602
1.3102468438783923,-0.42858220581210266
1.8463339752168757,0.7840321713775572
0.5649886366019948,0.4383195761112901
-0.16301532341878017,-1.773327206446736
0.1925760048381479,0.3844245412814026
0.18899167712000897,0.9643119598429705
-1.3459796191435542,-0.3360577954636892
0.6006992242847404,-1.7795015184570304
1.2526514784548388,-0.32246685606183617
-0.14904354952525684,0.9320336111072447
-0.44076886805132104,-0.13817251144166465
1.7238127890957293,0.8255019094811807
-2.1700660509637553,0.99595884303442
-0.27387790686414004,0.7644450209483827
2.670485665606902,1.802132079114249
-1.3894963092663772,-0.8433237045053015
-0.9918903097928661,0.7875428126659894
-0.9292172380581054,-0.1786145073599956
1.254430218477127,0.20303224376089785
0.049294146790873676,1.7710000645041906
-1.1905225011518086,1.140412889289741
-0.8350581240916247,0.38851175881877487
1.017565082583428,-1.1893805714774441
2.7480893069119143,1.9312227820760368
-0.38486455482488136,-0.0005681712768447486
-1.3548966318963434,-0.6608905919857655
1.177966128830776,0.3948321231176172
0.5308706197504107,1.6315787395280532
0.12086740310516648,-0.3349757211369246
-1.249085473123481,-0.5618215578667759
-0.25356096421051405,0.2044252813822752
-0.6358824859717519,0.6754474215047268
-0.22813394598884013,-1.8923356342443407
-0.09697813466364372,0.2113320732839214
-0.979686408595917,0.4309504571889064
1.8105051076190857,-0.02962377559896056
0.06672308857087111,1.4854769779869217
1.8406826227257782,0.0723046169101359
-1.3433113526625136,-0.1908756816396499
1.3265710694539437,1.858322231502402
1.0759456537604883,1.3892004875474488
0.6310911702091964,0.32526083177619347
-0.08515833400975088,-1.9754248613473946
0.13822007266926775,-0.7281824923523829
-0.32620675652087605,0.9930986255265835
0.215778430120329,0.19742844281224844
-0.6150044839264508,0.2403589368697578
0.2742828831370273,2.18626185837792
0.3702366694111071,-0.3490318230087845
-0.8804788518025058,-0.6679440547128376
1.2870338972870128,0.8415623603222122
-0.40718808809443235,-1.1650738901764937
-0.11691618489456135,1.075455624540211
-0.5570968145708465,1.1899957049724472
0.09598551752989204,-0.37734912540723936
0.0652484778478607,-0.016225306185427862
2.1676701403675347,-0.5419552796700662
-0.9058872330508526,0.827950638772811
0.4079268117978848,0.14312612552542855
0.21548578769813823,2.064246854897012
1.0169063269251375,-1.1837918107439436
1.196299193010632,-0.39630761511388146
-0.08899684655140072,1.7293696972810493
1.661956615120968,0.09628399785005125
1.415071332464284,-0.3559554914375702
0.578075487237338,0.9541930708577139
-1.6527989900142142,0.49612802581499377
-0.3579187796895941,-0.446344790673651
0.2049722689862669,-0.3416132543333743
-2.41060278030072,-1.7371549037883263
0.5025159186099722,-0.38968584815092716
-0.22497016301855258,0.5106703589900184
-1.1112204706182265,-0.6128128165810106
-0.7240349374850628,0.560714434231719
0.34460872972486,-0.17633491616750835
1.1070912057769893,1.2412126479651604
1.1537772282966858,0.7599180440824321
0.2279111712676779,-0.3378252595098439
0.6385685123670491,1.056713831432802
1.0808069378556193,-0.05177664463665287
0.0853335714001801,0.742106516543373
-0.783848433285998,-0.7795024283804141
-1.616140367393075,-1.043123939269693
-0.615065530825031,-1.9186197727734806
0.4085632839178918,0.8164791854493736
1.5633997920577494,-0.20199763960409295
-0.12623533972187972,-0.6530963872827764
1.6807763923741386,-1.3757889118935287
0.0851610830292048,0.48359480887558187
-0.9085671811851481,1.3534874996891355
1.2530659138529687,0.7647376344016871
-0.07060452893889314,-1.5481872897428708
-1.089122809777324,-0.7188229058626215
0.6063888194692868,-0.6536266390119153
-1.0594773774579538,0.3129688365700364
0.5858761486742743,-1.7128741987363854
-0.09495746651189489,-0.8617866772357108
-0.5167455665919982,0.6844884052331
-0.13248322178247315,0.026389990768483713
0.6191697177782388,-1.9847133321540031
-0.029765801915918523,0.14215827427726524
1.244005796055052,0.22975074838690074
2.069838029204792,0.8157986169430687
-0.4535083406476333,1.8191349618582768
-0.256586848482807,0.73031522353336
-1.08777886717619,-2.469277203935359
-1.115336867042039,-0.20069724627823582
-1.0927193980888568,-2.650660573937801
0.010958168192756265,-0.46718300516857975
1.332233878419988,1.6447098677779861
1.0497450687852956,0.6086056657828984
0.6216302224398077,-0.016698044586366385
2.289590111858928,-1.0496670752190287
0.10091140405800597,-0.04707698481371189
-2.207970292692209,-1.7130824393353394
-0.07046059390607293,0.35556590430564133
-1.3870753455290306,-0.9364646351050572
0.4864608045795984,-1.311156199647917
2.4393212187019255,-0.32693795758100924
2.189791831222724,0.9217530609588016
2.6623364663404123,-0.836741562853842
-1.1301663972588214,0.13482784243443013
-0.32884610457679747,0.4018488617300077
0.7235705025576343,-0.48549996199408324
-0.05755869377147981,-0.9285740479410293
0.7825022387982569,-0.7993678612201189
-0.266435304057759,-0.4991394907186207
0.01249956098561225,-0.7158306946589922
-1.2131342365151792,-0.582885936364859
1.5025474853422334,-1.2022801521775697
-0.5997186177063452,0.5628865570892031
-0.45208644724243763,-1.1438451182921876
0.9172549526412462,0.06126044417856369
0.7647965423005105,-0.6784952922643528
1.3670291485734005,1.1489109518213478
1.8703509274098618,0.6567267010681166
1.1743956124677846,-0.6331169902759158
-1.1521149462150586,1.5919031417137415
0.5407679768687308,-0.19464700070975463
0.29535648675394954,1.3353943768364913
-0.721056890538734,-0.05358960100526119
-0.3484646814213929,-1.086557124871779
0.18039012213369482,-0.4943159848315957
-0.877539350426605,-1.2115069384218493
0.2185899533455865,0.15914351366782226
-0.6322454212722572,-1.3908709998795894
0.3901234931032451,-0.5932829316649222
-1.2862536552303956,-0.5015666941431971
2.225117936431917,1.1667216402093823
-0.23396348358039723,1.452976397174713
1.4346025149444697,-0.0030559672371209953
0.9248713306426182,0.8437553080527489
-0.22549742594429315,-0.8373339575221387
-0.7917156794292886,-0.22269050564159878
-0.0882386213812387,-0.36130049520199486
-0.6945225976330471,-1.307391989680808
-1.115429759931926,-0.2667048114375827
-0.9641060427780741,-0.7149762288589564
0.7073385664825426,-0.7314957905775185
-2.4928155170312833,0.1727337603705775
1.2992309333998495,-0.9928258145904187
0.2777029893870917,-0.5957068314511396
1.3629971047366927,0.7598202004494361
-0.8249390237081692,-1.9131634603680063
0.11228469402779463,-0.7441205788545155
-1.3395108632923898,0.46040943477723495
-1.0006851954537241,-0.2898020135928635
0.5741617095184316,-0.8964976871673438
-0.11955937908617562,-0.66309367190712
0.36803681563801705,0.17089205594462814
0.029826766673064182,0.1454031263246837
1.4121857769461892,2.0729169353269894
-0.47328514369872154,1.2954756249326163
-0.031811435058656704,0.42151618931278617
1.8265617714956786,0.9656266083210934
0.9006366245494244,-0.9724020687565219
-0.781185073410564,0.12025620435158635
0.7780798678642241,0.8261671841370513
0.9283049749698696,0.10472067918850088
0.559743181345908,-0.296805107706485
-3.1887791381423862,-0.5014324856624598
0.09224601468410604,0.26643823992590465
-1.0325835996317305,1.016817734171954
-0.3911441301429999,-0.6404750720713778
-0.5288327902540909,1.0196935297181278
2.3063668054316673,0.38227488972365053
0.5902897269940558,0.05783910962839502
-0.5065705254417343,0.09003114394778124
0.6300513365386781,-1.0070838071289254
1.423471512626307,-0.3891599776650046
-0.6736503228512972,-1.6859167076294146
-0.1195515807435951,-1.6156775550820663
0.0857777034080611,-0.39650871801591725
2.5299242523194736,1.4204429489612882
-0.8333128882903129,-1.5887108795875051
2.2789714422815024,1.0850384141068854
0.11358877733154328,-0.22949466636940075
0.6348370209454844,0.46003842658671185
-0.5088993417334507,0.5427866501953651
0.22341605267902026,-0.77120939178763
2.3679043635691666,1.1338626383599117
0.6590954083738779,0.20953195474509273
0.4768579723493884,-0.5357895984610177
0.5477793563164324,-0.5577165491004576
-0.9860903586972483,0.9026841790236987
-1.1820797740373161,-0.05972462080419203
0.4113073594231887,-0.27527209755484455
-2.9429247240945227,-2.2631619456770236
-1.1655521170616316,-0.6034779801377442
1.7369119299771016,1.1261019871911027
3.1450540803162923,2.0005461191820815
-0.17219535790537774,-0.532824946210259
-0.35638809526282694,0.04289050164824516
-0.002658817556495071,-0.4334357990329151
-0.3623429161062182,-1.2295019722686396
0.4689913328166468,1.0519424093659935
0.26553893552477625,-1.0145264801967784
-0.20777224852416878,0.545632220237444
-1.0036495692473575,-0.3546301116327999
0.3400207559995823,-0.7406763032260371
0.29381307271740664,1.0724277178975585
0.30421875010889715,1.4345137887763615
-1.0684576312455198,-0.20108571172269132
0.5684757121918744,0.42094249715820886
2.0417352280934,0.7868141502289978
0.43616172879350584,-0.12067729958875215
1.373139932974911,-0.24497631346424564
-0.4277015488325556,2.1474132861235007
-0.9219010486826485,-0.9910743384338271
1.5777564338879684,0.3558459791704568
1.0705277254677603,-1.1121869169254892
0.8394245421814849,0.07303273540462706
1.6528721400049766,0.8506405753596872
-1.3553430192062417,-0.20559164348279457
-1.6019145970882829,-0.5160567354690894
0.9333069460317625,1.0466867068888115
1.308913096018515,0.871389449273681
1.827600515100829,0.533711871539335
1.0879476923132498,-0.8711229434638711
-0.7767903853712855,-0.09987124001983205
-1.438253842441843,1.0554276089745183
1.8350181332206408,2.2003605591731223
0.7218074063934603,-2.0619981029366006
-0.015831000194947563,-0.7674345672009
0.4370124892247153,1.463033156650151
-1.1264114733209505,-1.2004805399694576
0.6074319794260095,-0.19587759236756955
-1.3300450632179643,-0.20720500487202317
-0.011369677835170509,0.46565069833317624
-1.032213771484024,-0.432263317087278
-0.3166166840836956,1.9904648775573623
-0.8139495972643351,0.3951059616598756
3.1959041064726508,2.142150043709272
-0.825783319892713,-0.015117545827108045
-1.223832450427167,-1.2305376065490754
2.380410156282675,0.008848484654747787
0.8778360712756299,0.11065622155040988
0.2087141158491612,0.9659207353721238
0.14197159737249476,-0.17613785252401262
0.3004812481982451,0.10058496033527
-0.3578499969149465,-1.4905660491840176
-0.43465565753110047,0.47842151804370064
-1.642527483272907,-0.009915492233842025
0.9881258259216429,0.13595505676287287
-0.1573441699924686,0.09723219564324069
0.37508311700003466,2.0048481698654657
0.5355146518331411,0.2933844342841707
-0.03295770741219047,-0.477613034817575
0.5368842452155161,0.984917624120845
-0.5193364782747142,0.44337689974220756
-0.034616848293354256,-0.36294200181712033
-0.6983145348154154,0.39998619530686713
0.19088865096371277,0.014761520219911244
1.5865043242488004,1.4134631652605598
0.05142385849610279,-0.49514880916757903
0.9850383987648885,-2.1532861895650535
0.32307517170395256,0.4516354828830837
-1.219318288452378,-1.9648528561489582
0.12093676801123929,0.39297762215872073
0.4918108492844364,-2.4878223037144567
-0.8623314208026264,0.41875417348111266
0.8195041565034102,-2.3499467713450963
-0.3981337459389348,0.2124977857479947
1.327905334933064,-0.6769251358515331
0.6973326598147331,0.13730141481643998
-0.5979917324666999,-0.23423341269962247
0.06594359702918016,0.7300251565149302
-0.18769559453427817,-1.489435278499777
-1.3712091986829922,-0.04480735062634375
-0.3953292129600551,-0.7393195003922295
-0.05226295792246656,-1.1031935993041835
-1.624983576473538,-1.5575663754883198
0.9805749735674322,0.7532914839370831
-0.46910653598254165,-0.007389791616272508
-0.06729151986305398,0.21460422540108595
-0.4159389731583633,0.24091908548161398
-0.9207449912159584,-0.516661401179548
-0.2724580822861702,0.06385381694609664
-0.3129014794522272,-0.09445424798937402
1.4875376701819676,2.1401678260075454
-1.054592478359016,-2.294991719476731
1.9276564619748093,-0.4228719698598536
-0.6793575533725799,-0.12771277006676574
-0.8861064358839448,-0.9173853679482162
-0.6250075210716689,-0.07054446339094933
-1.0515630446888296,-1.6483763064798609
-0.33428968192576625,0.11853886335283427
-0.36211798237043696,0.33675463619419554
0.6370882078759882,-1.3129721100279765
0.49367093970914155,1.325625421510788
1.447812628659422,-1.7458064607202113
1.2165241943988525,-1.7630318878844304
0.007574890877744401,-0.4382794102472998
0.155999782350249,-0.22438333323596785
-0.5007633851957778,-0.21396002976656628
0.8239131403745557,-0.7463486504804039
0.21358529206341637,-0.03363000335375869
0.7102457204377481,1.6155771065368005
0.8292297757298082,0.2566177395561688
0.8051272467437449,0.008890944479129036
0.11424507007255107,0.4790023717341471
0.48220117089754266,-0.01974498831175961
1.3232697368869029,-1.1259993277153748
0.3787911501380932,1.5634706287880888
1.3877248659481534,0.47202593175855595
0.1600932204485218,-2.404331494431361
-1.8871174488338711,0.4122138945011754
1.891592813296709,0.30176392749945613
-0.920493325613562,0.0070325100354796805
-1.1354004527230686,1.1845645097116653
-0.6693854990741119,0.4199798333603855
-0.6264455864948212,-0.26988906555854386
0.8960090811306626,-0.21266409943405232
0.9913087326442798,0.6100960620081846
1.3183310520465623,1.0732366374730362
0.7703195377267954,0.2286123169689887
-0.040581927725384846,0.6110570637828167
-1.805342973739088,0.1785266017885995
-0.16382612933996044,-0.49304540741073083
2.307159720577044,3.2053375256389574
1.2408261910279013,0.5608752407684632
0.5882531743689822,1.7455413856022053
-0.03175654846142816,-0.6409271082646889
-0.36355258336250984,0.49465025019917885
0.46427571924299826,0.7134888800123405
1.22660226404848,1.2356911376925466
-0.3171583216090334,-1.2958572056685085
-0.3405580250484597,-1.052185014548649
-1.4373623476129773,-2.0572661178134792
-0.008419100239435309,0.7006875945872091
1.0204309445200426,-1.0644561304288214
-0.3700717295483408,0.811689029980706
0.15001127028299877,-1.1556732172477142
-1.4638181353398156,0.156840450632878
0.47565542725565646,-1.5389890480504906
0.7668842433946165,-0.23241475549528917
0.39403491329628915,0.5476152902575111
0.10553957149090701,-0.8635081698755914
0.9243472408246495,-1.1548507033353268
-0.4402501010746838,0.8877800027904249
-0.9321027474736048,-1.3809874924038228
-0.5785270260271006,1.749501865490409
0.8465700262809691,1.3657235932325076
0.20255664403022872,-0.8237004264808907
0.95410655398839,-2.241730600388461
-0.954479644393282,0.595464337471639
-0.19187604983829684,-0.3717228577565541
1.661942350307179,-0.36376040885470445
-0.10725594202924658,1.0178402653567102
1.0533093327971526,-0.0378794754430821
-1.0415469900142258,-2.048182414801921
-1.7281775442412206,-1.0240606818592985
-0.5461478183429793,-0.847974692472582
-0.1723147939051017,-1.4198995500624028
0.4142607692368754,0.7977738844105776
-1.0450375448890488,0.5029444021989957
0.6124066584706448,0.020300311919518352
1.015062885639573,1.5270134644492221
-2.341364694836797,-1.121255401123031
0.9619465760640741,-1.9343142551686299
0.9758820039059215,1.7920488725405388
-0.6806546400423615,0.9654759213502346
-0.36669595863786253,-0.23647774980559846
-1.1543348742394262,-1.805769171946346
-0.013676045918014277,0.23617916941014502
0.6048221761412269,-0.21642547158192266
0.010679400645452586,0.2362179849123516
-0.44131372972771843,-0.15394044729782616
1.802102494278246,1.4677309786212243
1.7945081475362499,0.6430702408530005
-0.06726179201744382,0.02357186717134215
-0.25934098538091227,0.14484711263950742
1.8949498653444175,1.278067464934849
-1.0275930817172483,-0.9896906569047257
0.9419520150485696,0.9294628597218365
0.4452926786162721,-0.5822320327565368
2.221756908880392,1.2920714994273543
0.30663682332409053,0.2130677248131993
1.4178562047204428,-0.7127224660186301
-0.4945527340530648,-2.136587462480094
0.05904918004207054,1.9196885881363053
1.974424986856368,0.26957115698134054
0.35997078623696616,-0.3568947850259442
-0.9884170840760648,0.5302992268025527
-0.8394773386977471,-1.3985137639787
-2.2372865041039507,-1.4415904162357498
0.1523129099258541,-0.37314840734739646
-1.9500300850911432,-0.7189127606822483
-1.2019324501726354,-0.1386384588011863
0.050919083469898346,0.1498532074668408
-0.785986256606637,-0.17522409949581338
-1.5735551199733708,-1.5944101298477256
0.9864076879782033,1.7350449734722069
-0.07989067170607594,0.5550651029963274
0.4944834064301918,1.029398803016836
0.1046411044004791,0.5975415661068472
-0.035708749438588996,-1.2606524371633208
0.5000178120150047,-1.9042543105450909
1.0191450655958112,-2.129077261686639
0.07373985069512382,0.07704668368658395
0.6103052013398887,-1.0362893548164933
-0.6518870862676411,1.0087955827582191
-0.39804406159826544,-0.07157397109079419
-0.6675783004232455,-0.6948851656136706
0.3957763145761493,0.20577934129635622
0.8179379736082629,1.0560746031129513
0.07987600014575086,0.46836143205222386
-0.7920283361214902,0.5886270699318809
0.017801402822046706,-1.645201832840273
0.6275187423562324,-0.14459252533167746
1.0064178934741916,-0.6561344755652082
1.565020578037207,-0.09659400604439923
-0.07653741981212492,1.1529342566843122
0.15182150018607096,-1.287041341995956
-0.2843192738184124,-0.31360387408240065
-1.3557585922868358,-2.1803884729497542
-2.9824565428847354,0.38425977195375755
-0.17789631783743184,-0.7906619041086903
0.0525050660266972,-1.2195871175543722
-0.709048944266013,-0.8209833975830486
0.21832019167375497,-0.4212780325010389
1.5507248953235162,-0.4692628703474907
-1.2525442895186025,0.44207499770703207
-1.2059900228429072,-0.3456477636129884
-0.6160443300177123,0.9890420224081019
-0.44266535035236854,1.4896408368352387
0.049778520668131244,-1.0282882352467102
1.4636001119091429,-0.3939090344583143
-0.7953656673715883,0.14680051627114127
1.1649077055374657,0.5659913264241753
-0.9814851707210672,-0.5270671987992088
0.5804699968171555,0.7184374188559657
1.1992174671591924,0.7806583957747603
0.5020805441022065,0.4979475815642754
-1.3912094749755817,0.8956506744336181
-0.7924653449395175,0.303048324359052
-0.40371461267079284,-1.0132179150812042
-0.8866444480238367,0.5594874322624179
-0.7068911376416743,-0.8658834343843216
0.40990634427709605,0.1791662229894246
0.503849936302454,1.1273764885642408
1.0879715741044866,-0.05304657493884193
0.41620981559375914,1.107499060807267
-0.5279048321789523,0.34259384462991077
1.1028921209430942,0.1737499389642466
0.5936596657309443,1.0503949385867877
-0.814123658967046,-1.1651394971207767
0.8451642960363828,1.9514095032647076
1.8738236096534522,0.45561637376532516
-0.5945081221948645,-0.6295703901298462
-0.6467756273638353,1.7292718560965512
1.442627902694242,-0.2616306655458837
-0.9932091643372077,0.04958071532618683
1.6343558211902391,-1.0552265015079538
-0.9330690131504187,0.8916528943088556
-0.31525346830823026,0.8153394461572399
-0.9817426438631438,0.46883788782780983
0.08557127651786307,-1.657866478588171
-1.0457143440598005,-1.0767270341148847
-1.5841020946802038,1.0253444972001853
-0.1543202122624144,-0.7010268310910235
-1.080774508655525,-0.18799900335073771
1.4238284507792667,0.7285949609994307
0.027534188786105623,-0.29537302082150796
0.5123409097587409,-1.251500265714185
0.9272644974340578,3.437233595071017
-0.7279307499622854,-1.8469042165574334
-0.7871686092275542,0.1846593209764903
-1.2177487646261167,-0.9992647561121863
0.00212357901484334,0.7062279627591357
-0.7148552251715206,1.4351045336208281
0.19937032564187732,-1.0709425965931165
1.7860201746461353,-1.598788434348666
-0.7730561790704185,1.150567765465618
0.6152967374177649,1.3784158023776532
-0.6284139572446011,0.010236533011671649
0.4919602636671561,-1.3082111335896829
0.30533087676980164,-0.17376021706814226
-0.30367246574234685,-0.47626842985976264
-1.7854072027805994,0.8990363885321488
1.326769734088883,0.8651125236632253
1.9206829274562178,0.44269502540645084
-0.29963593924038595,0.06846646455197607
-0.42439954986425305,-1.6838237156585232
-1.3073699326092896,-0.353798575222916
-1.0126428435748112,-0.13082808690162612
-0.3067491958093065,0.42619935260964165
0.47067846968673926,-1.0754055976410912
1.4645729516681418,-0.2816664070676944
0.27321153357319994,-0.3030998300917442
-0.1845108946514086,0.675563178992497
-1.1502882956318252,0.2929129301525076
-0.6185868299283721,2.1409066994733954
-0.4565583185667586,-0.6242414753738071
-0.49960072382991766,-0.17363374368719142
-0.3579448754970966,2.6360297520552978
0.2172015671605609,0.19540836296159722
-1.0917600445675917,-0.47452478511884644
0.16016563522407135,1.0398421689984185
-0.2272524251086188,-0.5236118289386146
-1.1041104315913735,0.7756387297208708
-0.49567594934178794,-1.0309890915931308
1.24636865429805,0.17361679236147157
-0.45312110186701066,0.5701571838383709
0.7621379851786378,0.10955657250547222
-1.559183185151624,0.3357726330857545
1.024388698771381,0.9560239916213795
0.9393579925148752,1.1847666679676738
0.21389571758768372,-0.9686914524888476
-0.08812343744156842,-0.09998697683142621
0.11798202634395484,-0.7446471722601303
-1.763418383344699,-0.5665099131501276
-0.8488733821778007,-0.46779884764609225
-0.879053466441305,0.05130435336789429
-0.12092984170166032,-1.8713265331427293
2.2829621070872914,1.897485343281576
0.44051544637039547,-1.4143436451498028
0.3471863070029262,1.337099104102269
-2.2034470707002,1.755641555812305
0.9320346354986241,0.2678614420046243
1.4690111187973987,1.0021470471222718
-1.0638724634684846,0.6627182521602826
-0.3358554954365593,0.2942392671287671
-0.48355157216772776,-1.780744276888185
-1.230560683479866,-1.3664293690964742
-1.6415530210542342,-0.5060868085474655
-0.4711959376630395,0.25081975051537075
0.05776287078151089,0.9472055748133626
1.1292163959616206,2.113561678857026
-0.6638931296835344,-0.44491853507582846
-0.07494459197770079,-1.3875643151069033
0.8355286069585846,-0.6337017434270927
0.003665431835375265,-1.3065077791384876
-1.2844115834712766,-1.7079429644596318
-0.1594719036691935,-1.0320140359768952
0.8790092727665764,0.729971121750254
0.8829707259200795,2.669752460423213
1.2392924290988785,-0.3060258272390446
-0.6988686832186787,0.1437152816833387
0.3514706358480358,-0.002216222499758123
-0.4876446072076459,-0.052763906921735125
-1.735941465761767,-1.9479954710420253
-0.43606802790705046,-0.6979428680748556
0.16379931776977788,0.22032096318968877
1.3855788308827055,-1.3549498957835338
0.5818811804371532,-0.6301156695971669
-0.2530890540773474,-2.0271618623387635
0.2511453792252219,0.4289164960545933
-0.01058822082182727,1.0920323386406845
1.0282030594037281,-0.14610773404472915
0.14690940769133198,0.48799785357727543
-1.1592374779882788,-1.0395416754843219
0.7696710642384909,0.7026903850555036
0.35584770298520924,0.6543000368563525
0.087401937674538,-3.256770084383107
-0.6226642447333116,-2.281264998276109
1.1322603405845546,-0.179884634579239
-0.31353871555772783,1.1481182619310464
-2.832784549425795,0.11485726572747579
-0.4774847752988194,0.5807125808368235
0.9787299479817824,1.5898044310198831
-1.022001781667617,-1.8287081221658605
-0.7654791301912661,-1.773481385105373
-0.5410717153044007,0.0002870865193232566
0.6863122024206171,-0.5943204325582847
-0.6588851744336515,0.3882247366311971
0.5464362024770881,-1.4355887042481605
-0.5721226363359418,-0.09882976071931697
0.4224433483285771,-0.03146101083322772
-2.4840999061796687,-0.3266832317609325
-2.1511339797339217,-1.877511402234045
0.6635968133287753,0.7802010904982326
-0.8146151349455167,0.7680104746348081
0.856069685355599,0.601544427287431
-0.4133141274523024,-0.42815147747564103
-0.22120100305076337,-0.8504883124062381
-0.1283363755787829,0.014960756924066886
1.3078141529959992,0.2587820466116949
-1.7395532393216346,-0.5720078196827812
-0.1346841818837637,0.5563337261144312
-0.2651482413093274,-1.2527424227686774
1.5398409696157467,1.5152638440262491
-1.847822205044819,-0.8579139873770352
0.2996561099141414,0.05692722087819955
0.632533891891093,0.43023930374575975
-1.051681484054071,0.858360889995673
0.4935336474007512,-0.05059956976202203
0.4538993486573875,0.06433256865319548
-0.2895921572780634,-0.973998600086168
0.7909261589332847,-0.73413097970924
0.8929030651099856,-0.6826406243978748
0.13545713461430609,-0.5569050704323363
0.7780962371053516,0.8974667263774333
-0.3586429972437858,0.5842171613627134
-0.5090972427793284,-0.9378090942461477
-1.1328059425429542,-0.01875361995920298
0.0712419305156667,-0.5142319299792284
-0.25969106314533463,-0.20132604848065974
1.071212383187612,1.2579792100594265
0.7095802804843843,0.10602643689775049
-0.03076374108586207,-0.26378736180050977
-0.48129710469819953,-0.5509338625222596
0.5451361612052181,0.7638343098557961
-0.7719774132842081,-0.1271687818487748
0.4839129138077347,-0.9513389857818678
1.2763775413471765,0.9258713900652876
0.41563001324408755,-0.009269318887462923
0.516323804650171,-1.156530739464276
0.088699924151165,1.0462055377083856
-0.20019056932747467,-1.2930420730033978
0.8316337645841158,-0.08179459499523137
1.0621889495855434,3.6511794330753196
1.850833501597166,1.7992295022255511
-1.5597159610502778,0.736563844760464
1.5340626543236344,0.3913995016885925
1.8576407638111876,1.3733274229841874
-0.5445710842337328,-1.7523932370584643
1.6208971156003142,-0.5445062413977065
-1.088420418866828,-0.4306929594490769
1.099424809191632,-0.9320657962035156
1.6086202044558031,1.6237133107172388
-0.36824596970249024,1.2648405819156006
-0.270901289768689,-0.8389036425650541
-1.4164813408282704,-1.5644609900595032
0.6883082709692266,0.883238722358085
0.8882547367346613,1.2518779901632366
2.3058883509898345,1.6496567305375085
0.5085627443016366,-0.21153778048520763
-1.2309157474781984,-0.7583247713955185
1.4587609691457641,-2.1466887926100675
0.26943200336164025,-1.2525319756935247
2.1603242870033794,-0.16389327735018883
-0.7632773658554788,1.4504468075468453
0.1518023349123958,-0.06877298358145034
-0.3146505144555124,0.5066725380917168
-1.4095320205381419,-0.10609806968458177
0.6433381640233419,-0.19299722687316473
-1.0935138178520931,-1.6544973151958065
-0.38089835420631546,-0.3326465584847422
1.7013407718582256,-1.7880988915502656
1.2608441121611293,-1.0358255657155209
0.20967062647033868,-0.20183983300698552
-2.474837232999245,0.01850225126669129
-1.1696515632807203,0.33892413010560535
0.619833390970776,-0.16346768700235031
-0.6078298433448702,-1.3806950250365235
0.42311577052265154,0.128918173269083
0.6037770131814808,1.1262754761654428
0.15564703197788574,-0.4655134605784741
0.3684685508505657,-0.05178566181522492
0.32786826614726716,0.8486393002847151
-0.9205956567203465,0.7179153927599091
1.1945086408598766,2.9407850608171313
-0.6313922404017404,0.1931133977217724
0.0460673076869734,-0.6668065289785285
1.3066225240310263,-0.6699747014614333
-0.6114755469708857,-2.2689008990755624
-1.2033772398862674,-0.9396242257466937
1.561593087568497,1.6281725612453721
-0.1648842531383099,-0.8886584825876751
0.7731936576862208,-0.13892690195532265
0.09450432350066966,0.3206347037407028
1.7128936742964462,-0.16216756553980663
-0.3968451520489685,-0.7365803810237991
0.21965619506794773,1.010267221040026
-0.8079685938688334,-1.174074350728812
-1.2055713412171354,-0.5876934383803164
-1.7227405003190575,-0.9618785986878278
-0.9868899526141047,-2.2228786070552777
0.5657862976923428,-0.2974585628803428
-0.14508574379292705,0.08294383490692828
0.1392078651796537,-0.5409852724528976
1.503137223699054,0.7241909905776331
2.010809615793186,1.4957666716680678
0.6936496554687327,1.268019944332437
1.3158736893195,0.4982774702190604
-1.966304987785389,2.0373783641121013
-0.12039741452865557,0.4383437264056894
-1.491133675458596,0.03235283397653659
0.39170999257520267,-0.2163032571906239
0.24256231665573344,1.5078592428150213
0.921616063336077,-0.9621214420978207
-1.358271458644102,-2.1723063911328935
-0.12705389797286415,0.43934998193587455
-0.372294681910632,-0.22789335018177942
-0.6037658430257742,0.23082984138559576
1.1084694437501277,2.0003223257858127
-0.11590692221319755,2.0869106151322816
-0.6472450665253573,1.2550855152262386
0.6018849484996542,0.40258616975670725
-0.30998498664508567,-0.21825533260006336
0.042543200207773385,2.3953858451892813
-0.2394922570455029,0.5211822896033851
1.3916291693111051,0.33623637471870643
-0.3261011520129956,-1.1277309160337854
-0.9780493040755791,0.038520306926635904
1.4533642130753355,0.15303170588035678
-1.8366980503654564,-2.704033931172007
1.3839231074271072,3.0585324519963994
0.3673409371740746,0.13252710353947417
-0.7214170004503395,0.6441511269298777
1.4319345798403527,1.7667298375469462
-1.1662792149841665,0.08238985451860746
-0.7421405459052806,0.0422067916848168
-0.41921099641208814,-0.24684498848427056
-0.4290439923846895,0.49171781124327735
0.7483455628649619,-0.10202033561085574
-0.3912898010837665,-1.1594180009245936
-0.5905668401625732,-0.9271594025187967
0.15482915854899118,-1.4469438025221089
1.213696141693921,0.5320862302530658
-0.016160182638675913,-0.20311144618380925
-0.5863008989310609,0.08207161823636881
-0.9945931129045952,1.0561520924918908
0.012924360975760442,-0.7497049168766846
1.3618068308526263,-0.7883688006334809
0.676105628201613,0.2001256127793263
0.8836675883986399,-2.2361122416034016
0.4869077121688272,0.6838110727293429
-0.7672308784098703,0.012389735507608116
0.8396804887914028,0.6112841468626122
0.33101275895273774,-0.0014788145586601797
-1.4566321392852681,-0.5312013872283696
-0.3622174774791931,0.08825118906912038
0.5394471691975194,-1.0267548276781735
0.47431426468360643,0.6596935020202137
-1.4931245105478348,0.399187061484359
0.5548345036585873,-1.1054186463146518
0.23370042440789585,-1.084875626356316
-0.422107919587931,0.09952762141932026
-0.26963704220877105,-0.029537134382337637
-0.8622283759142414,-0.8427919724296709
0.3029951660675578,-0.8467438073876188
1.2971172264710278,0.39460041506964716
1.5848560649653207,0.4974625261515169
0.3548524595135445,0.25598361134334
-0.7859587500650924,0.3409865654789112
0.32473101869596427,0.06630629242003033
0.02429137489096611,0.5339087566623746
-0.19039169771736159,0.911386673073182
-0.049616580562917414,-1.0091237265326916
-2.1808109564384273,0.8514001773840456
-1.752049301101683,-0.2111002996220384
1.4852700312263627,1.3361987835046192
-1.7707972628717146,-0.3676258887237912
0.2206889557269243,1.2269723922314795
1.310113508769065,0.14346358955061478
-0.4824397154387958,1.306005110226082
-1.0463671413353832,1.0169601029638649
-0.5208331056154133,-1.8066119030157077
0.9567754600841265,0.25714056588713385
-1.9189162909627975,1.8198818173057683
-0.6261231165997143,-2.0346141350626192
-1.746551985753927,-0.9136063077153475
-1.1511597762635926,0.7805494916680936
-0.8583601865386563,-0.15684444262582573
0.6476672231499035,-0.33513927394628606
-0.15311339290351253,-2.339955635093844
-0.5901668823677952,-0.5183731211023368
0.39881888035402235,-0.17736094252260745
0.13823384272577455,-0.09684807190674902
-0.6299704740776838,0.2386878864905733
-1.2249357715937093,-1.0360569408203082
1.4962535245313102,1.172488866869424
0.6302502038218701,0.3526770916490724
-0.24239809636346604,-0.8060894159063485
1.2488612426788777,1.0922503490193094
-0.19921696119373197,-0.17827382479156575
0.4463071690738629,-0.9932985891559227
1.8844615464739485,2.316203045404091
1.6705808829142943,1.7325249268872622
-0.9347342040788397,-0.7109539645917736
-0.9879779606335819,0.040550110028066154
1.234612231799264,-1.0745106665169746
-0.44385707796358626,0.8295194577304997
-0.6826988982214971,0.5855600415721729
0.1588240655400527,-0.5072650862470205
0.8346063016049768,-0.36506714735858764
0.3031283322344132,-1.0057784612172165
0.2632450916742329,1.6846203095166312
-0.9038897714389396,0.3526639585748413
-1.1246865056549722,-0.4411859167720644
0.2244133231750526,0.5812746372731452
0.02257671655457218,1.0405055139256094
-1.2069579856128183,-0.6111593719299039
-0.6434748719252072,0.08477407187047693
1.8649305377421637,0.9077502606999764
-0.26296920362825627,-1.6756831411383932
0.5534074421475832,1.1480792093607899
-0.12022540267402042,-0.05526895924171358
-0.9915063741422971,0.39120666579695845
1.2396026333593408,-1.1113172683371493
-0.1272591432812135,-0.937996171752735
0.02046361395936768,-1.2253648653154294
0.7087348043082234,0.2146647502968879
0.3176494367800306,-0.023704879476128208
-0.5228077381040439,0.6734329582905763
0.3231573620588971,-0.48374899856852255
0.009251279848326795,0.879783577139909
0.7524226111493757,0.18983199319813307
-0.5276279969967252,-0.9049544829597572
-0.9658192289609073,-0.22453075511550444
-0.3171395579714022,0.5247709607021902
-0.37983814113935715,0.542650483653357
-1.7754806455298209,0.2708975783637116
-0.017191627517759902,2.6163475687497377
-0.4136968495730736,-0.364689333408019
-1.82056495358296,-1.8267956414770528
-0.919202370127365,0.1387983072798062
0.4834519137256352,0.8342710684692627
-0.19077624223259065,-1.9110282785415753
0.7727218837381395,-0.7861238311581381
1.1835663514054233,0.9092106601835567
0.0007794717311393459,0.2792698690500357
-1.2635774157652064,-0.1211842437653606
1.3067507026591225,2.2530902083164044
0.5562284372432273,0.9040791104040948
1.047485295919488,1.7313611740557853
-0.7536398196116266,-2.576295298730632
0.7125647326628468,0.4891117846679784
-0.34676490100642576,0.3463857762084811
-0.009903873726906081,0.6912126756348114
-0.36925024522286903,-1.981403843629965
1.6833830558911536,1.5536888385170113
-1.89898019068937,0.8289469047370133
-0.027393034205185823,-0.7297952178711519
0.037613328836003074,1.60044165089968
0.6928512435257955,0.5892311889787835
0.3150162522650035,-1.3542236419464329
-0.14398943207082127,-0.27048847067163373
-0.4912006467122923,0.4844079327350567
1.5314145952741398,1.2591941659956742
-1.2988947098677337,0.9134476586258407
-1.6889097378980589,-0.19175436437443785
0.3877256434093362,-0.5155294008387719
-0.4070196946481041,-0.7485870733192981
1.6122383968950702,-0.23365160257693102
0.4839196865522579,0.028713192128312956
0.1893864304305102,0.2757979796930391
-0.04000055355457933,-1.1275781515921808
-0.49096947401517627,0.2926104389367348
0.19302780253972862,-0.6209948413297475
0.2392981598313882,1.0612460775208568
0.18392803899830515,-1.279102775387638
1.658626011939586,-1.0921185945052507
-2.867550855151824,-1.275951349462341
1.014892780672891,-0.1663817764673703
1.4050200260395171,0.12497997221001836
-0.5361533294667312,0.5484792456694163
0.2811936765003554,-0.34741481438501765
-0.09582838469272524,0.3620140425957671
0.27181899301348483,-1.4989192708913919
-1.7759900689733417,-1.5288121286780505
0.21385541699008936,-0.9030439363236317
0.22941768772627277,-0.7375591386528978
-0.1790909244354918,1.199732694681281
0.3231766870139566,-0.6191553497062318
-2.5579750580131,0.7536876893221724
0.5472495213129913,-0.7190959007563278
0.3759769432656487,1.1268006336484944
-0.7167535875581134,-0.006387254481212178
0.2481709508049757,-0.5492937102198532
-0.3321053855478466,-1.2806084721687518
-2.0073517057635213,0.03996797156575886
-0.37787270111761484,0.8528160583637265
1.043527976472194,1.2904801633262475
0.3215070495738405,0.7463695573771886
1.275313999579957,0.051445700987772985
-0.17792374894739457,1.4021704643815451
0.3305614648858503,0.8779745411340397
-0.7772529412978584,-1.5073708324643156
-1.5297291791919212,-1.991905856536697
1.5566732665784555,-1.5321415926930015
-1.2178248577609252,-0.8420080708210186
-0.8117373662182832,-0.809599250628708
2.2140606462773187,0.4158081465343785
0.22673379709604935,-0.26998297018460105
-0.27856439549900464,-1.0019358255210675
0.6171826975109257,0.40389936960203293
-0.4537913209008154,-0.20162032477529573
0.5520325905668977,-2.023142199243215
-0.8033922534357806,0.5513660400088269
-0.8654828729778616,0.1659434097450981
0.29710733619616025,-0.19915525203733903
-1.537337561500078,-0.14975171123714254
0.24076481404150304,0.3434562906648486
-0.15320854317059465,-0.33750123510419966
-1.0165525859093796,0.3643871863183268
-1.37883876539537,0.8144515526620726
-2.0245815783217234,-1.8707392119333157
-0.2435007726134107,0.008964443664968945
0.883317899558451,0.39296751277500347
-1.648644226200235,-0.6173636359747167
0.354810991517719,-0.7892114204751691
0.2408037758671057,1.1110921665841498
3.202347241513282,1.4159192977624007
-0.5657709732176723,0.5214431819383881
0.3382037226100049,0.2796381078688385
0.49808692450329295,-0.0341901487140009
2.02428892425849,1.1364008349664785
-1.7114989646348007,-0.9701239307271127
1.1430663986117373,-0.1896052501013757
-1.1352157036461612,0.9922339191121419
0.8834531218916748,0.39408466480847515
1.254069636771804,0.1392715300668946
-0.18106650779970757,0.3003037181966673
-1.8515020739154167,-0.8371551446526871
0.6013796561951461,-0.8654120085323341
-0.5471052098965543,-0.9932059591565006
0.12768715470326494,0.5426757781892315
1.441978208407329,0.48701596059858104
-0.5648280012648935,0.44535035957922153
0.997716786953306,2.5327611857428183
0.31710855380974606,1.5734963610608548
0.195390655192143,0.04629401604105657
0.2918080216659874,-0.11754022619624369
2.2674628105359305,0.8713632652475339
0.6945933325437933,0.8382619927510145
0.7394721472130377,-0.15497679302458975
-0.029924109214193167,-0.3323229665360117
0.36396358523682976,1.3760972551553383
-0.10478119659656705,-1.7501949119410105
-0.18948366600954106,0.4621069654293884
0.30659020937551684,0.8640802964956839
0.8252135393519116,0.7851863632932342
0.5315945891250649,-0.7124339145752859
0.2857739689538611,-0.869217912092088
-1.2634138482397068,-0.5763733707621345
-2.4345121168967747,-1.2797818269067922
-0.3366119324178456,-0.012361860056126868
-0.6314204291517702,0.7513958467005527
-1.1395158954325029,-1.890501184021726
1.6926012929040535,-0.6429903428530238
-0.331797584562886,-0.7578947574681058
-1.1510011067779475,-0.7836269055309043
1.710334897659667,0.3361310048996888
0.1284750960921922,2.3949037661689605
-0.11793088552644837,-1.1998862874237122
-0.1479276010745892,-0.7180367417598627
0.04949338078523461,2.327039372040631
0.716941749747113,-0.033547438454786534
1.1505919783822025,3.0196893558514666
-0.04219029594599364,-1.2162261865234583
0.32543760663137883,1.2768565721556504
0.07433683594219616,1.1019560634425838
-1.2208305566719604,-1.6352892811089705
0.979314815202879,-0.07806337986025681
1.0688415804673697,-0.41515338270938196
0.9126095413010056,1.0027559992154047
0.054240792623652674,0.04056239695108828
0.4321818440326028,1.0283895940057624
0.8946192178142999,1.6273955396939708
-1.2895453786674165,-0.6045598036178094
-0.6240153954456126,-0.09574791794606075
-0.9934439373227393,-0.4190785083635784
-1.3807471099558812,-3.045938609003212
-0.18717349780233017,-1.5508901577461305
-1.3216671381593648,-0.7067557783871226
-1.4204959771085255,0.05514750929117913
0.9177312907190992,0.08768725282340092
0.3507017536643847,-0.9462629127847039
-0.7724622126954784,-2.451043179545296
0.3936497470416847,-0.6032979298254264
-0.16586711992212153,-1.4060685824189754
-0.31387702856204974,-0.7894404473955454
-0.7555630041371694,-0.33708313164359466
0.6023596607484036,0.4514757800593224
0.21718851734848002,1.5107569331260216
-0.9352066888343269,-1.2397771643121442
-0.0030887832975112937,-1.3681361574267088
0.9816488525182803,0.8802345789550551
-0.1755604636855912,-0.7385022650968786
0.37834740434514197,-0.901293599553343
-0.5470664458255245,-0.7758432959753221
-0.029214227244050994,0.2230151283032289
-0.16895466533633308,0.5260064324155131
-0.7345282427842786,-0.8819902952013168
-0.060036536461869676,-0.8987081773440995
0.5628706455222426,-1.4801462496595346
0.24760114375219716,-1.9504286404698037
1.163760354540731,1.7539368007123497
-1.9051753117754937,-0.5423449331685389
1.8440111441876161,0.8592730116004876
0.36327655199703307,-1.1408766176290153
-0.5898395939855807,0.10665528562437253
-1.6677543085622886,0.22199923571664348
0.009571016945018756,-0.702088292014564
0.914271560692628,0.41321381275053354
0.28021097470727974,0.13978168202353827
-0.5374003671919602,0.02576132452170501
-0.7182052859118666,1.197782320690769
1.1941027305494782,-0.502728549581044
-1.4975258145986976,2.5720918507498274
0.6604031308908762,-0.7218562949111658
-1.7059646885282629,-0.4956647079367506
-0.05859619246961439,-0.16087914823261343
-1.4333377891455903,0.17289738286463768
0.8291957035183796,1.0306450273345726
0.8548574591121408,-0.26974284786585606
0.18836066169461962,1.1518414005204438
0.6408493694361652,-0.19893970032435118
1.810381633933121,-0.2243835425081082
0.7100489751032271,1.05767908670689
-0.9362709900396697,-0.630313271837247
-1.090672672994717,1.689246761864748
1.9397522552403734,-0.4475399808960857
0.22563099202966788,0.21032790719852895
-1.235419787681526,0.9091744345524425
-0.018415728056223987,0.03725170443717222
0.060010737392086365,0.16916002238433328
-0.7163562983258107,-0.21154148734612382
0.23861607341079602,-0.1874870168155717
-0.7775806310174019,0.5838362007409884
-0.5113415039513771,-0.17086685714743255
-2.101690768030495,-0.7672594129709799
1.5290302723159435,-0.30096890666746845
0.2282446596374682,0.7745205534139143
-0.584300380506801,0.27380379473651745
-0.6427640213960062,-0.9901065274379447
-1.4965749945793532,-1.28953883036987
1.7446884766965556,0.5767318144951447
-0.667679163374959,1.4783068211735326
0.8920938805164446,0.8391653962160642
-0.9292875125142279,-0.46861508913637473
0.4038249097903282,1.998355018534363
-0.20682719236517588,1.2191313583181418
0.20172646372659236,2.3639505866457133
-0.6811727271481635,-0.49548921208178043
-0.26110176668947177,-0.5843228251581952
-1.0403128538949515,0.5644130282384866
-0.8191443600140845,-1.0476712715338905
0.5746847888065169,0.6004637611055311
0.6424617736491283,0.8241611198468626
0.8211110300489167,1.3417872087101208
-1.349811890528952,-0.016434307461245894
-0.33881707410762446,0.154877695148775
0.05401793799405101,0.30840550107959713
-1.8177527007661358,1.5500044072920829
-0.2740471061127063,0.33752649064455026
-1.650407397958702,0.37068437618511274
-0.2323741811115799,-1.531065179884757
0.7612193175468809,0.8978787961790987
0.9675791328675114,0.7678950927191225
1.791639705763625,-0.07077085788955914
-0.44538972352397826,1.2086331888043316
-1.3349972354862263,-1.3151310075366796
-0.3594924637296989,0.2029425906092258
-1.0511742292965274,-0.6948125515306832
1.226073998847121,1.6561492629609247
0.3297303735296837,-2.350920499764222
-2.232385816713282,-1.591133949240865
0.8752361058819692,0.21860590927083687
-1.9106452721127318,0.7037315675901541
0.6135575305247187,-0.4765256446991955
-0.07868456668165066,0.3101853332671831
-1.366155910563521,0.057822358615594815
0.8263137652772152,1.8206232996600367
-0.6979091100029666,-1.375248282461784
0.4722659797477161,-0.3386000377801171
-0.29968863080715025,-1.6119373795672052
-0.7863077197991241,-1.47589761728932
0.20045631394544547,1.1461484690544606
-0.012813403601593904,-0.35690252300408976
0.2652982958491886,0.643083177593865
-1.322565420737167,1.249285247943001
-0.2701808241516412,0.639697671403452
-0.14701860588547278,-0.48600384040245576
1.7223711202664762,0.15723773058722296
-0.9936755920015155,-0.07856875679144487
0.11821104679837205,0.7488017756380111
-0.973041311986078,0.22160821255882057
-1.7119511581438882,0.1456398008423376
-1.1944135999591758,0.8264581748546854
-0.8526024134194821,0.7698142422794857
-0.43375115217549587,1.60408754229916
-2.201241397825563,0.13010349025342732
-0.01516921370022779,-0.6400662241663688
0.1733798646613589,-0.1351056676896151
-0.2013905595009906,0.2689197193170769
0.5668667974169753,-1.9299807332703758
-0.8586335601702502,0.5623024913758613
-0.0364886852855006,0.4890851785698604
2.0878598613814123,0.3212317731224882
0.34246364053170847,-0.3757612463738223
-0.4280498071787404,1.5037953643865285
-0.6565870697667342,-0.3660281108367233
0.15711348950769932,0.925221287548291
-0.29211286864148567,-1.0974584112996348
-1.490041048911222,-0.04764943821426689
-0.056169330141008965,-0.7714852067408888
-0.8436500648806221,-0.7861761116930538
-0.44809342198786783,-2.228474265633172
-0.6540467334808595,2.191859952550447
0.31646738988339007,-0.6081220224113987
-0.5321920077560145,-1.5850106982475813
0.7326332295494369,-0.09013772691830246
-0.06395693931672963,-1.2335286907470753
0.23531100715463288,1.5678550922279753
-0.34811827337159873,0.0985917460622288
1.5998179482721655,1.8954847439156501
-0.4584817124970242,0.6759437600409623
-1.3507681472189712,-0.5748104774672247
1.2214110066602708,0.8073052726678602
0.6981763291308026,-1.294847963264953
-1.9577522680014785,0.6754335874760835
-1.2348339311571297,-0.9061879528263759
-1.5343555296905578,-2.1554787821335473
1.9236193738147136,0.8227925029933951
-0.05844313626677762,0.8195419577035149
0.11708562926115074,0.7592898612342143
0.5153966196228276,-0.36157333055054897
-1.3321728460018305,0.2867544917597558
0.31824226897351093,1.3849162223318503
-0.2214068618721431,0.8361936101847538
0.19431252966062482,0.5726415115375804
0.45022529870066835,-0.16502017130395952
-0.021137238604200647,1.8517192016065969
-0.841969259307569,-0.4402903625314944
0.37911774380026975,-0.33897563099385974
3.2608223010921895,0.9530517710646382
-1.5222702039253917,0.6951098377724999
1.0584727141020152,0.4512179926588087
-0.07182645163417832,-0.02965739505798289
-2.748802829785922,-1.304683141082177
-0.35330854856932176,0.7651059792613978
-0.44370989807863376,0.81813007818784
-0.2994940590058702,1.1901073855397628
1.2253415085762671,-0.6659037415604302
-0.5248227755301463,0.5404927537173286
0.1986116755518519,-0.8468293155826944
0.5753423633304393,-1.662229020155461
1.7527971315862965,-0.6003509757659112
-0.3059984198203977,0.3068184643907138
-2.86459048357735,-0.8186141702069564
0.5472099971151525,0.4518047847861955
-0.10137731070738018,-0.43346918630148323
0.5154604725881068,0.9390068184582867
-0.6098858343561,0.8564029665570004
0.01130727264524272,-0.20092390163590307
0.3511549486553118,0.9127997722318891
-0.9775578767386393,-0.8073188638749683
0.37727150338485566,0.771839015831854
0.3431698477198768,0.060253116435509756
0.9943413297788268,0.25928679767128426
0.37048948554675076,0.7125418616187705
0.9176267640862784,0.8018596737217464
0.8294793563560685,-0.1380773941724655
0.7933047116582693,0.09746655834309355
-0.25217929589745175,0.51179669738811
-1.1188074492377955,-1.402882201636928
1.2148091709838813,0.9486051470971435
-0.9380195482516773,-1.2750071501995983
-1.0936402435946206,-0.4761147217345453
-0.9585353887003507,0.2512696274485636
-0.7600163410926555,-0.7322932248305815
0.6815356534019474,-0.27148419817877145
0.3069498974314647,-0.35471995952201013
0.5582910732938274,1.120334953744404
-0.8892916478503099,-0.5279951079587235
0.38810389795318123,0.04370359178566691
1.149270639093728,1.7583210040137964
-0.9003867815306642,-0.2507262587348376
-1.4218855653051157,-0.3589916672890369
1.4640809722916848,0.20792783160444483
0.431050500451954,0.5058486013984308
2.4437069480995626,1.0562464263457867
-0.3240481915663024,0.9438750890773031
1.3831689528123146,-0.2834322645807888
-0.22726956211676355,-0.6100794666766423
-2.5793460437821545,-0.8188060236566552
-1.1684101184321884,-2.065271904560458
-0.03950636062750434,-0.08287007500365866
-0.7200875388502186,-1.4509900611109492
0.7552999230282877,0.21456214643285199
-0.0515674687904774,-0.9707841076930895
0.758469495059098,2.1891391330028394
0.7985830553357488,-0.6331629653506874
-0.1505915048450131,-0.012790232352210128
0.8186182048452537,0.33091742190192686
-2.0041448419943206,0.4359276140401422
-1.3467669491470402,1.1669040302323554
-0.20483910250582105,-0.2532369239257564
-0.4989742415934041,-0.7319212966600985
1.3409807218076852,1.2494054046025327
0.29432451438659313,0.8150494744915946
0.9575361525437962,0.18950119420600586
-0.8604418321656413,0.25770479681307323
-1.6093250440716613,-1.5925823320236105
-0.9113683574090142,-1.0605519356691617
0.2773569753773056,1.2184411832142565
-0.5322175982588919,-0.3766706533333298
-0.7580496417273742,0.8497178505541313
-0.23398755577187402,-2.1663704494573452
-0.5068570636272871,0.20083629150775095
0.25028016667909314,0.7876466244249628
0.5326456717737469,-0.0028425838038771104
0.31938085765849056,0.9449409898250549
0.6848833563413913,1.3509817033570755
0.3201446143196634,0.6201275812138805
-2.015740961345806,2.0325169421472746
0.7285885068339554,0.4925966042908153
-0.4604041601325243,-0.37309865327465125
-0.6380541409860243,-0.5485981486984332
-1.0086840989611026,-0.18886945284932521
-0.8588589800553,-1.12795116892357
1.0616898899261962,-0.4901457196460624
0.907670463827704,0.8415916367999032
0.6338675255503669,-0.32430835342482317
0.29720420727214286,0.3657326614506174
-0.5984475552623819,-0.48579679294428735
1.0918751559427848,0.12812492765205505
0.835298097577987,-0.9782844352713015
-0.3386251983790671,0.6162350255169764
-0.5068215937345708,-0.21844772114624203
0.5456574816467299,0.13467239928827623
-0.1392703039517928,-0.9214422601631344
-0.5729645676629713,0.730644492345872
-1.1047098372222834,0.11341748083738834
-0.5374150789420467,-0.5273003405698569
0.5614917449489238,-0.582333188504685
-0.4884297218941321,1.1286805669805209
-0.09868179601112631,-1.339111355097377
0.1515357376827515,0.989054963200294
0.5212715401870955,-0.5713066770334112
0.006257695580781362,-0.3186116239327209
-1.9512831384731686,-0.23897313344851356
-1.0504637757688684,0.8795144014510436
0.039550491792089415,0.7516538856486975
-0.4443656161670296,0.40380127041812647
-0.9019223573205305,0.2536589083376482
1.875622597548851,0.4692692347803801
-0.5293755116272549,-1.4086314321360895
-0.5823438073490316,0.7551209117297321
1.5357694436350173,-0.5225954928950513
1.0221016164230616,1.1692959971768784
0.025168386624634612,-2.367934823705703
1.089540350794119,0.5315225820215183
-0.6759025787247597,-1.8554883660036767
0.16756147113352965,0.46284707167545847
0.37990031393465096,1.132364732196022
-1.5651261531564995,-0.7552341545818804
-0.8026813551284835,0.07866317773876412
-0.5225377211606517,-0.6883765780149703
-1.155919924844083,0.29120719904708736
-0.8098554562426868,-1.2991188322640688
0.1131754141420609,0.4552231590898372
0.2218252445881037,0.6313435025117384
0.5241783098776057,-0.3809136991933538
-0.3077161807547995,-1.6111588637677339
-0.3814595806566019,-1.7528977849076135
0.7702033524711394,1.0062429274498
1.230097736466374,-0.6161247284998397
-0.6781648007483345,-0.314979116689709
1.8026112470614202,1.6733557997689434
-1.166402730725813,-1.0517978067640723
2.672872215235731,2.1073019629238097
-0.22225739783961104,0.7081174789936782
1.0601181552105696,0.32447202944698955
0.19480815518917377,0.8093364640675578
0.7870162064391794,1.265962797493459
-0.5175134817489065,1.0901242529871185
-0.39686290004911706,-0.29036342098141577
1.0049575526035253,0.5903520183494959
-0.01526777257527498,1.8037557916061389
1.216091137538015,-1.6843302418340647
0.8686091321493881,0.8937556917813085
0.02803289928718055,-0.40133683866403663
1.1058033907944367,-0.4704374477383248
-0.8900862316541127,-0.3566290409774642
-0.007325277752627661,0.425613863290646
-0.7498205514725552,-0.20078276310477153
0.6288721051648395,-0.37784163742572363
-0.5040428479889194,0.5523799100518957
0.2410912738404014,-2.203687596120672
-0.13480691450392032,0.8555926897082291
0.08880486400822107,-1.1357501507038188
0.9320760531733842,0.07463392525850442
0.46101146340646987,0.14899876513721566
0.549516394968306,0.058817494859788017
1.5284847505960781,0.3902281984925515
0.6383945584878807,0.9394675919505079
0.3906441263523219,0.506478475575352
-0.1301491885393729,0.43211001572585206
-0.050176336189301216,-0.8656601544065161
-0.3049686337831599,-0.2314911238578224
0.8287612657213635,1.0929416361744964
-0.6566893270487569,-0.5634185664138628
-0.976328529213371,-1.0616066131508433
0.8676067632364459,1.1607877053498203
0.8907860776179878,-0.6084999854954876
0.09000651569478217,1.2109094347940377
-0.8961260981061723,-0.02096937242965814
3.17114156181777,0.2769721592675105
0.5036138269282082,0.5156512634235194
0.09863917021339684,-0.9775432555100249
-0.5956725873736839,-1.1055381374831315
1.2043353831195718,-0.8737207183428674
-0.7803752994220411,-1.3550485704768882
-1.3401021994611435,-0.48824632599201045
-0.6389290935383287,0.11924905856138072
0.3356670940186028,1.2008571814233528
2.182928304444693,1.2042928604826513
0.19279430970254463,1.0521079467406254
-0.3393246929443499,-0.3336092419019581
0.905472665156255,-1.1060638661467053
-0.46723550982164536,0.2974560945772427
-0.7662409144461995,-1.068184568079721
0.326156707504836,-0.0542338278582743
-1.0277370980927856,-0.5837494138300895
0.9451550394838655,1.8452990233644664
-0.20919231237248379,0.226452178499692
0.24510380347104083,0.6636190129422859
-0.8587663813557456,-0.36369172820618
0.7262631364452243,0.4862604610833542
-0.23178603674124226,-0.1516645744420746
1.280683140962408,0.37531229086683054
-0.5234860052803396,-0.3788678843883105
0.36876763789796035,1.5109494248071857
0.1836227206483295,0.043940391333481967
-0.14544278773281458,0.6711803131632884
0.5835662501053902,-0.04841712910427124
0.7027886364727718,-0.9454771410373369
1.3323210954614115,0.16047250710953906
0.7605958153625918,1.3868818329568393
0.9461368169947321,1.4558389351949024
0.9516171649140598,0.48001381562722084
0.060638335534270726,1.0524244671659329
-0.20873346828835762,0.3831828265975011
0.44859789450206927,-0.12553383048275762
0.42019346123293205,1.3688643450221376
2.067863975298356,1.1645174474835025
-0.7928906856180871,-0.8516587561457932
-0.16279934624337458,0.4364556313638561
-1.24415602025202,0.5773434050037674
-0.11568891981609047,0.5004890157091009
-0.32859578164134146,0.3334075412671603
1.0373764440583388,0.48192222876315965
-0.12514965500768446,0.03469413642290409
0.3147161926652764,-0.4861910794577508
-0.06755692000112518,0.07068906484789546
0.9047556277950215,0.8199387971127186
0.5570791586943654,0.4333458352436922
0.41520536629851423,-0.02641827443005244
1.2541513580150667,1.5963936374116847
0.053463105920029855,0.6044532859894077
0.7664172609040055,0.4529939882247391
-0.6690281736998083,-0.6514536049982633
1.1927786253210524,2.796447506444714
-0.5125840163981576,-0.6097356726507978
1.4694393426673973,0.26715420414049407
-0.32724448848810506,-0.22120640800838504
-0.7023211555173957,-1.051771792363768
0.2137185957760398,0.3934091725245603
1.4084208105011304,0.8220166305480003
-0.9199490379635867,1.34440509826969
0.8098360841752159,0.6769835718366204
0.3144498382746578,1.574123965937673
-1.1681888314510884,-0.6718850732481867
0.22445215120703785,0.8084296174274027
-0.09752890971835276,0.43730454969762755
0.5107403299798597,-0.975365590625788
0.3263419846666872,0.7017199336386645
-0.6327589272428467,-1.3669685694729181
1.0105896308618614,0.9261392880304868
-0.43156990738944606,-1.4704479518807585
-1.1675801224689062,-0.478562798460014
0.6124569533638403,0.5760594250968274
0.133190176818686,-0.013288152348003622
0.1887699603820629,-1.0878516857284413
0.6833344977178716,1.0840620768826008
-1.1422935166031953,0.6217878145528496
0.6699179049855492,0.8973349887855577
-3.0239073593524446,-0.6519626143197206
0.9705047014873786,1.8022965530941286
0.03451547196486016,0.8694403869917321
0.5322832684259377,0.44201575055756837
-0.38641452572024343,-1.236323626774916
-0.06039249591795727,0.5526312308615321
-3.2672441046239036,-1.8857304653361622
0.03650225606711293,0.8928363510376478
-0.19590666143797889,-0.7104494419415868
-1.2910757323985542,-2.522462303053943
-1.240823947650151,-0.13564815217571385
-0.03855191487936751,-0.46178884110611884
0.1307437646834361,0.4536512412329267
0.908993099769077,0.9656462102430391
-0.3785224509360364,-0.5513070738292853
-0.09452041644833063,1.9008580719485177
-0.16777210114671187,-0.607046074876108
-0.559101719925506,-0.7328095022557637
-0.5217475062809683,2.420465282328472
0.02247844561057824,0.3837005803075996
1.7804095361555734,-0.935352998510452
1.0026604647782178,-0.8571134576956693
0.46959601963123476,0.32697693097783703
0.011591260328398216,1.0398441424646483
-0.011679770294810687,1.7008432696835143
-0.5372451681185085,-0.20490481017132664
-2.223530465201419,-1.9109175509923413
0.3126299701322031,-1.0881329526317918
-0.8504818599347492,-0.0729444956689143
1.6824493364015314,-1.0592800287476831
-0.4817403725301519,0.6719997545970066
-0.7786252308216667,-0.6702497087098497
-0.003145010001903901,-1.0431747692107933
0.3469658690261249,-1.3678184286212012
-0.04553232402284399,0.8302144273755478
-0.01501712051091625,-0.8236830702446739
0.41539602736594206,-0.47784639677141993
0.44295269526010206,1.4089978984992346
-1.1046772228056179,1.0278048742404147
0.8703573646793744,1.2511394780972624
-0.3689862806468413,0.21593712945940446
-0.991398131382175,-0.7098308934276836
2.710147429980461,-1.087454020867067
-0.44835512609788275,1.4461194089338536
0.5798640030697354,-0.5347517699257284
0.32568535276803273,-0.006885471889293073
-0.2972860874894634,1.2005685563389283
0.35446676290201073,-1.9008547549387904
1.2160189546862763,-0.12363981791107927
1.0171729737773496,-1.15549505582141
0.7023431480341273,-0.20313595687284394
1.6138772089475082,0.451568374560218
-0.47918751078827615,1.210911211689403
-1.7795161855048964,-0.42010794968060017
0.5718058094809685,0.45393164845877565
-0.7091265671556054,-1.708371446368048
-0.6114029406204946,1.302892040170611
1.507792043933372,-0.8145789076700779
0.9509850027527084,-0.2678684979147447
1.3653696057622142,-0.26996946983093556
2.287126163724943,-0.17204882009675546
-1.6231950378877722,-1.3124725985696128
0.9238002578446078,-0.12498216367066425
0.31036696426095445,-0.7774832398860693
0.2768066891926922,0.31247830722574255
-0.22327179233706118,-0.4458664060817492
0.16798129891988653,0.8425467450672628
-0.3334058159989075,-0.2663015585986887
2.3376796516770377,-1.0592527899861441
-0.16335411854911994,1.1139821666567855
-0.1000271618443586,-1.423238483770631
0.6409939805811841,1.221083805486509
0.9479710175673222,1.0215922784195555
1.6888884808186706,-1.7209128104286622
-0.42961697477775285,-0.7119775243754709
0.40729522987064404,0.09633825022997337
-0.4072392246348554,-1.0342867538728362
1.0026786550814177,1.145387815139024
1.0330621015427053,0.23731424431251452
-0.237804560938194,-0.7725762852823296
-1.397573232747018,2.8442908182323
0.09633208527278585,0.09963593927159142
-0.9208142815484721,-0.3282483143557458
-0.7094747525244112,-0.3502378030785595
-0.46685065502899115,0.33176327710419806
0.28637578841389594,-0.15932223689154182
-0.1995762972550386,-0.30168272231251736
1.9084382475818518,1.5686102964659647
1.0681481521527256,-0.04506964214143512
0.22947788412915,-0.4638873249711297
-0.7448013086840627,1.3967937131241228
0.2233721268628944,0.11848359445559367
-0.2587852657798862,0.40867472055575194
-0.2996471826550847,-0.7077120547997894
0.4034173546531104,-0.8452527623245223
-0.36362278948411325,-1.3199332226232545
-0.5566515674513045,-1.5868006604705003
-1.004848371293139,-1.8292191545516785
-0.9763308852565545,0.29547801485950786
1.3409992004488671,0.761273075701753
-0.3784525285368104,-0.9844887580868629
1.1249355609932676,-0.33673632209883636
-0.5722446613622235,-0.1938985398847132
-0.2554052592395931,-3.1145335933456746
0.19179238910955537,-0.45666988650379636
0.5665694303401325,0.07950124728113526
1.8703980593167757,0.9558837923217015
-1.1979540674467546,-0.89899363421375
-0.16384067324939397,-0.05515620621470464
-0.019424955389739495,0.9167995750720057
-0.3791004331729202,1.7164638382242976
-1.084673176439234,-0.10435759060251482
-0.0015246281644170632,-0.6269973400348797
0.6008080724366591,-1.502659669218125
-0.6859805417031926,-0.4733681616201145
-0.043835191026422,1.35897171944013
2.2756798994751852,1.1108215742361216
0.5044763326503545,0.6486567654266148
-1.8341337330563738,-0.6353494890507626
0.005809656348194391,0.8923107611589416
0.9376208280404215,-0.5010409923575372
1.481900451596139,1.3012679155942433
-0.13095778042319473,0.3103659144212719
-0.1023969641922623,-1.1296168846684564
-0.7377393498317805,-1.9059455223687596
-0.25464331822905184,1.5714426050596875
-1.0627811753883152,-0.3670398517354707
-0.5829645394743892,-1.0984986539652368
-0.2828046848770729,0.317470528608911
1.578735985032285,0.7515398480568739
0.5140034686735151,0.5501350463190425
0.7593190725086387,-0.9361514306321387
-1.1537807272530731,-1.9927998217949445
1.7630883624077696,1.4986627374303099
-0.1392964345329083,0.5421323828845735
-0.2867830928083126,-1.7574011767039202
0.9553072962067672,0.8433897749042759
0.11017451058650043,-0.015845870691653056
2.193760239480355,2.149431410806022
0.08569234582860895,-2.5654442223537584
1.78628122292875,1.2149173926228996
-0.42512877199756993,-1.29669089112924
2.031153494404767,0.8669448198732874
-0.5834352888036988,-0.49580367849935475
-0.7698043265097357,-2.5610612686367564
0.7382324202537277,0.2444217666361963
-0.8341778115426784,-0.5478311702826157
-0.0598599457420219,-0.7979210113087549
0.48016452680502014,-0.9354053537915489
-1.4349416095945005,-1.2252321719720354
-0.03303603504987684,-0.34078913893624746
-0.9869357831122544,1.0147489395867748
-0.8882704821489743,-0.7752192259547106
-1.6023960498046506,0.8652202495362736
-1.8977799169939944,-0.5104410031509671
0.5748182306441497,-0.023744563037601127
0.5162210650165682,1.3144395937851108
-1.3854819759540733,-0.14455242525569165
-0.11914562898776626,0.19477861079663422
-0.6206494152461846,-0.25115373220266934
1.1268495947978998,-0.994637690824737
0.17438619731065982,-1.2107215879903444
0.29530425867235505,-0.36290603993882814
-0.23332353734306122,-0.34102051776375114
-0.9987880242879114,-0.013126136507493424
-2.13614715007822,-0.7025106108762877
1.657301567084085,-0.5421876482101113
-0.16080959752613966,-1.471378203229122
0.4763124396925189,0.23547749447746696
-0.6561508123025762,0.3822381792470132
-1.5986595714683378,-1.6527175494557074
0.7685025769081097,0.2572354024026175
0.12369805413122964,0.04119918069555525
-0.9404861440716088,-1.700710967372414
-0.8255393574478931,0.06896622821174027
0.28785244794720005,-0.6180575807489925
-2.2104563017193595,-0.1638622656571275
0.6739672728716368,-0.7352416862334911
-1.4104301170580482,0.1296917287345524
-1.397694553233595,0.5447982429285673
-0.2033425373042529,0.6522394941994399
0.2610851176346011,0.007323519374565383
0.7888141643183859,-1.533226665901505
1.2610655704597633,-0.10882211779484095
0.6813810878944949,1.8103692991144176
-0.10569516393989123,-0.07768581965888542
0.003671728636574582,0.6334293461143384
-0.2835115309081594,1.189366285852367
-2.2373380239746634,-3.1608294391927014
-0.3519275098358059,0.14308774420403841
-0.0646510160089504,1.529136603894685
-0.27347803661722414,0.5159018210792379
-2.0005709355284296,-0.7533062238796217
1.5896237326990985,-0.347017984529243
-0.9524928333183197,-0.2785256041188768
0.7708363081371927,0.1496931255863521
-1.2325032702365135,-0.890268054858785
-0.2023331382093645,-1.1640795018196481
1.553866967273108,-0.24328574022270416
1.6704018740015998,2.0135909909859
0.8624591914459898,0.033972426034968396
-0.6888878082907176,-0.08510732434035272
0.523119132396228,0.2665989634933616
-0.316013104720198,0.7179395314010748
0.6297337078874622,-1.1585357169428079
0.27071645232669,1.2856354573463808
-1.5018754788589936,-1.0409344253220763
-0.6927370057084813,1.6122921074140335
-1.4526981055588193,-0.6613675430917951
0.3272536045560697,-0.6003493552890162
1.469916954489107,0.1649239750207032
-0.8773749936227887,-1.247206705474635
0.47357462896687474,0.4782929481342128
0.21229707411953327,0.7895891992698988
-0.4729612726143947,-1.979083116990332
-0.3632889657450089,-0.4908009396885219
0.373896672622352,1.496030827367682
-0.17066362433826063,0.6077926171791789
-0.7431881274761222,-1.1536648486664771
-0.5189132508086002,-2.7747262534565102
-1.7264162231888145,0.6172084651426154
0.4190649454407358,-0.09459363338736146
-0.16631591117296862,0.9560837038903084
0.09967969259218792,-0.8135199743133603
-1.2642727690786462,-0.47358525403895246
-0.29184091093424197,0.7946491042336843
0.373367100405575,-0.4219874129631712
-1.719255194755034,-0.27127246791084647
1.4681723359818648,-0.5325061173926664
0.6082178574692508,-0.23594973612399603
-1.7885603912436854,0.9740184445733011
1.3839287495476005,0.4018728947418107
1.1376141613301143,-0.28496757941953954
-2.0711086834550656,-0.12985975998818197
0.2103144019381981,2.075627488727919
0.8777852375047925,-0.7154186012525279
-0.895870833471187,0.7314420933088903
2.2406165891063448,0.9444883107416697
1.1519917773851889,-1.0462649848523313
1.175315979700559,1.944797947449335
0.2625921259244021,-0.32401005314601117
0.0672738050339561,0.4179460065731868
-0.6355680819169139,1.0233905515858794
-0.005573001407812327,-0.7748125458578826
-0.4919314233256656,-0.495459609821879
0.6642032110640866,-1.0085624080537359
0.4347399236275576,1.1313388565471587
1.106787195573493,0.0186146393488863
0.6856153065490388,-0.18769631286124216
-1.1779407685391716,-0.20199728908883044
0.5403187681204678,1.0917113054206096
1.3864383086495002,-1.5506961994321204
-0.14919343909535623,0.12384285872873427
0.08002725787994941,-1.0005826209237627
-0.1286804914103836,1.1169921797697986
1.2132866006843095,0.38961791149144853
-0.0986186750296082,0.7559882236079376
-0.3575127652993018,0.4624260547570597
-0.3513576657175343,1.1705134794811893
-0.41703924807711196,-0.1643794170001807
-0.4829715753595582,-0.8128359173967724
-0.5929016209174212,0.4283575807065555
-0.7322476808329705,0.9316097995670478
1.1290954704435858,1.0945012894180841
-0.2653454052939431,-0.8565035459645828
1.5396929931823051,-0.15458210253007515
-0.2009465020086536,0.1272887059721464
-0.008475396391343915,1.1680095602976432
0.11743603662129036,-1.6429999320757056
0.7249165140058645,-0.47908000463054107
-1.645488790801571,0.2661728740202268
-1.218035194353525,0.6647782367202284
-0.6215257418185254,0.15034729049418846
0.1061423443404754,-0.08042065948348658
1.392618903295399,-1.0608550307375537
1.7840593361528878,1.1578793753851346
1.1026373218875458,0.8213363351128795
-0.1295804076976675,0.5470513404710627
-0.6331684717474481,0.35790878672559046
0.24516741580101997,0.7564334476691374
-0.5943614306902837,-0.32370891951948066
-0.4547841688405068,0.7171056325987847
0.99273612206532,-0.09672626767396914
-0.6629511052400804,-2.2689481358719554
0.8837084853056565,0.2016219848945987
-0.8305616605659446,-0.8470145439598951
0.35278136848424174,-1.4446558850228888
-1.3363055980027256,-0.8462724475551763
-0.7422136750826268,1.0024333135819037
0.08595673112080147,0.12329309831928476
-0.7281291494964381,0.4736762845298081
0.7109147263963638,-1.1401634041641133
0.029149912246027303,-0.6597196196471404
-1.08345322679967,-1.1632779210303745
-1.9678731352899772,-1.6398252434629728
0.390147895164822,-1.4564832319989827
-1.139808489946587,1.667646921865602
-1.0181606718188065,-0.2035440017251544
0.28681352392735476,-0.018090841224852473
2.102206669162091,0.9093109217100163
-1.0191098263612912,-0.19577850079515266
0.13345382118819546,0.957555469285149
-0.2816499560000741,-1.3912621611604157
-1.2713341323465888,0.021129817150040947
0.4540380313971666,-0.4426272229524949
0.2644865215404838,-0.12195355822172872
0.26051740250147554,-0.18140492534857874
-1.8768270295390266,-1.526191416375089
-0.2261975138933224,0.1337507864307677
-0.6359388092086002,0.5522092255682156
0.9060750249112403,0.4124596847606702
-0.9296291810979718,0.0004131734263417935
-1.7049336160632955,0.4912335955563992
-1.1705954219175447,-0.7807885022818563
-0.10428234785399132,0.5887648239638147
-0.7425526168420548,0.44537661529054573
-0.7048574413787418,1.5326360346529173
0.5146100533730443,0.20782560012041254
0.7739250987630972,1.4091916620184055
0.7541621503420972,0.855637469721791
0.9898816836630581,-0.4723468486927294
-1.1489070692574344,-0.6831325551117106
-0.8034440043844266,-0.6946786511815064
-2.9936912570084573,-1.5792713732738106
-0.21310894189572926,0.4512790772343379
1.7450491129350678,-0.24904711178723227
-0.3685540459655613,0.3174660741940946
0.9033837499501627,-0.4147545664383032
-1.7627027745177852,-0.08569754278746602
-0.5382858356437082,0.4012150464577904
-0.8118770453796987,0.29655772006805703
0.21381451648602143,-0.11385015966446554
-0.6693807679295054,-0.2411441971073253
-0.38145125776823924,0.5664356204277158
-0.21634975353677263,-1.4139067068113813
1.0483730691955364,0.400030702720865
-0.17250728198833204,-0.10639419108737358
-1.2762886505162152,0.9258174673057232
1.2553808179008472,1.000332187264353
0.1421054969913474,-0.8813394535223363
-0.4477246239655271,-1.335174029805846
0.011140916470524707,-0.9238959983221936
0.621717547877498,1.3828641307406033
-1.426427652683165,-1.1487093309361136
1.764654341223867,0.8011301739504747
-1.100668667736396,-1.880595086287371
-1.7930788158719526,-1.0902835536803464
0.21254776528912267,-0.7715887699486687
2.7335581423937545,0.48355021343683474
-0.651056943875064,-0.6044929680108998
-0.8251968881665217,1.3509564531220095
-1.965196595484044,-2.0231316603989833
1.4045165577971852,1.2872659778917557
-0.761526886704334,-1.3922988533875835
-0.02838724402836229,0.4717597077296916
-0.057580738086748004,-0.9807866218793061
-0.5398545349453313,-1.720052817804144
-0.21834403704059852,0.6175597161263884
0.6305179241248466,1.4914448001381744
-0.7531372526707936,-0.9185242439065734
-0.2306551143723102,-0.12358421665367336
-1.732401278211274,-0.23834260253798817
-1.6802039455720512,1.51881859945629
0.35666687229675426,-1.114193012778801
-0.35204023332505274,-1.014602995393963
-0.3271605180256564,0.20676429520381445
0.41385983601513665,1.3541326628781833
-0.03077238960643293,-0.2875042517434408
-0.4835174271196252,-0.4831259631604035
-1.0187499330629433,0.3413044634640597
0.5031834182701362,-0.5984287036703624
-0.10775268270731105,0.18033632038314973
-0.013960928483671893,0.14652264375403085
0.36342897986453654,-0.9828564287754161
0.12136588766273511,0.29551256804169873
0.2634789496280711,0.02423694042058558
0.7519927736576085,-1.4090782941645323
0.4939269071219381,1.8612393651433161
0.026811713702997043,2.2238881590010995
-0.13956113033878784,0.1525215864596063
-0.2059131061078807,1.162497616856089
0.24500590469708627,0.6346285030284015
-1.2111122882289207,-0.7717532698433026
0.9578492938014727,1.1102205627101043
1.5030445113903033,0.004218573041181016
-0.9684736773164982,-0.47770327711042726
1.1619254137187922,-0.10121032850969261
-0.1885387755316404,0.13895912653374334
0.7735128127312525,1.5206109943264265
0.21742954498072636,-0.9025846763483727
0.04223807655422329,-1.9799277642559823
-2.49386086317826,0.035340774243303764
1.0125915999388528,-0.1605964935370707
1.2693354009417506,-0.1207547331577686
-1.1983436701240904,0.46322108435189097
-1.4344989192738498,-0.7206275649382072
1.247196272440091,1.269366424681851
1.3624911978295275,-0.8597034210844319
1.0612867026917474,-0.33117984889625446
-0.27659094437239046,-0.9348815719196389
0.8555591809062161,0.3625727103818265
-0.5107273753283105,0.337010175098399
-0.1648553794735832,0.34182758814379
-0.8879914858410121,-0.7891657361820837
0.6866970728287916,-1.0859594124974081
-0.33117270886782885,1.6856395545402727
0.33860717721948574,2.067058609485816
-0.09150581935500246,-0.19592316865355894
-1.4028814262162124,-0.4359282762042348
-0.03733683772227891,-0.03677998994287165
-1.256218190838034,-0.07767127842244856
-0.14964608310240235,2.2097708600893977
1.6200907304558703,0.16664123911676504
0.7235603605371627,-0.572718735127065
0.647255150303896,-2.5650159744728547
0.4965415915366856,0.3176977921441243
1.2684496431090067,0.5801304601613352
1.533903844994265,-0.3449723959229942
-0.4936420901891213,0.35747587241416445
0.3799340028367072,2.621641584405286
1.0628512098728926,-0.30735715253222673
-0.10987863750603451,-0.27747763868136666
1.7916804275588585,0.01409933139649083
-0.2772479820165483,-0.515731992511601
0.10780631960697469,0.9215417541267478
0.4417771063257326,-0.1157103769255013
-1.2094326773074835,-0.7353141475494528
0.9242188047127855,-0.4468119810822728
-0.1642805160652044,-1.2651344511783544
1.0215001782263515,-0.23954458802144285
-0.13598292563815076,0.31131230753209493
0.13817547066262936,1.1833612258733217
0.4369707915984632,0.12400329975865938
1.8338443250593157,0.6763287827551332
0.05190146251686155,-1.0619448327541214
0.827227217341374,-1.7124783775763164
-0.15511903883656938,-0.011960427346939593
1.4233821342666049,-0.28802215683637816
-1.2590024155962478,0.17720536042450574
-1.1369323570133398,-0.8268805569923554
-0.12366666368151794,0.12770164140412357
1.1251001947550974,0.06952236044180944
0.6242905649885025,1.5405005423647307
0.9050614196599327,-0.6327577220008184
0.9661097040474241,1.3408396892492314
0.15734904431899366,-0.08354601725100956
-1.0667126831178646,-2.25555489868791
0.28318795321630474,-1.1280270982286114
0.2869555798561481,0.17229344636629845
-0.16478567954680248,-0.18359734433912425
-1.47912352983609,0.34229734693251435
-0.05928728509280995,-1.21935544528383
1.0488482982222138,-0.5002112821255115
-0.6791081079878836,-0.31569612729534674
-0.852274958406742,-1.3740202246976136
0.052388545236420635,-0.8412721137511915
-0.5962741403525308,0.2028503430413888
0.5542883671200202,-1.7676151425891573
-0.06047940710685406,-0.9247174797826342
-0.4382417753140973,1.2794451666407491
-0.10068033937692393,1.2815400654563909
1.0077313810515325,1.8370541786152481
-0.6534890588093002,0.5966264783189387
0.5148009724361172,-1.2447800913982543
0.4532252645136446,0.6316608079017739
-0.2557466884803082,0.14005201238674614
-0.17287146791446806,0.0416846168870882
0.8378714250901359,-0.21449176244006601
-0.13467173715257003,-0.6788025023449564
0.015800215484334,2.0792751916518584
-0.9934289251182941,1.297342156246876
0.07531343926642987,-1.594787527682738
0.2920736211260332,-1.329857663981142
2.580636849370085,0.9423558639908296
1.2939221134726064,-0.05477984389168555
-0.2614322412661635,1.0100584066584404
0.24553425749674349,-0.2768544345148991
-0.44344186267626656,0.6725782700661483
-0.3366448437045829,-0.8450069033752091
0.44417451191630475,0.06599983112476836
-1.150290078711264,-0.19990720968268863
-0.030576103589255756,-0.22607539125585938
-1.0064479594369817,-0.40677111605830113
0.6743012446878566,0.21661934323762636
0.640452175929071,0.33245850641153135
1.6110746444732915,0.4533042571545877
0.9521992037381954,1.2401274322432683
-0.6337132043054399,-0.9467315549947943
-0.655048955774568,0.29506746336336515
0.2637490971059672,0.09154471503524969
0.957692830473423,0.5468329523039531
0.19237818807678259,0.7522000090954606
0.5758634679900858,0.7708998467879308
-1.8330716814195684,0.20536662272356662
0.8801781590540886,0.8301108877570377
0.2518148144649516,-1.6248663168037905
0.42406649471459185,1.3457197852350122
-0.4019319944083522,-0.769790513378721
-0.3309962833180236,-0.5075339414730228
-0.2149301722030059,0.05786747509357513
-1.7256604397703372,1.4582982798082949
0.42387100203412975,1.4857209736419705
0.9320622034710383,-1.1468845982910854
0.9356549191777004,0.5570004075107596
0.9483455717847584,0.4090142964015271
0.20186508029784056,-0.7317224982501864
1.8995336646256145,-0.3172796126221968
1.0524319749671445,1.3062737064167191
0.0350170826645328,-0.07096102875735813
0.08976747297279998,0.8038967036722275
-0.5954323134211521,-0.3751876884775469
-0.35531527422567993,0.27754590303746124
-0.08288654979492571,-1.358084637678887
0.3475070820884701,-0.1313006695919364
0.9005122185241244,0.5865144088132312
-1.6298592698135144,0.3723703237243319
0.6795145648938242,-0.48041276716516784
0.484355608948586,-1.3373341275277595
1.0622381751968346,-0.12609613155593108
1.391626050687228,-0.8750568851225259
0.25899925541853297,1.4951462437751815
0.39654163662799546,0.5204085764375701
-0.1068874909423449,2.165492032520069
-1.3125240959432491,1.6073012937994602
1.1452608984047614,1.601107272199388
-1.4833225503735137,-1.5124137174140306
0.5498556558208878,-0.3126993485939932
-0.8024829778236408,0.48966624636188205
0.7398278241006073,1.31764707247156
-0.27709864491441083,0.31071670803461604
-0.8996126167652703,-0.8504647244011043
-0.7774104474038374,-0.8112186164660498
-0.27151299963450026,-1.0515404851454513
-1.248615180959424,-0.3008999416336816
1.2257135598568196,-1.1173192434583057
0.8536088894868957,-1.535173550795763
1.2484629233812699,0.31484710211739403
-0.7245931730983698,-0.2027216765414367
-2.093895006333261,-1.7244016848161507
-0.11020754886024915,0.5484433622627992
-1.6231530529873532,-1.0372255464428521
1.3087765398936424,0.11720005005576925
0.7973434267036973,1.5596706013646857
0.8921572653441512,0.6373181493023385
-0.6004300081898564,0.931871107910607
0.5748222446549035,-0.12026255001404008
1.3373034432507707,0.03758684735528083
-0.09506888039478278,0.45473150599852313
-1.1933883056624062,-0.11967026618388774
0.8822126214773278,0.9086451125142719
1.0459668208409998,-0.600967876161068
1.0429993618688076,1.477242520974082
-0.29168691866766616,-0.3177601902706533
-1.371564189339599,-0.3222398142384571
-0.14201064719414389,0.8627484308520855
1.155494291559858,-0.5974737537753658
-0.7697199554471164,1.5505052966224742
-0.422752853648437,0.21091653107013633
1.1405568402786925,-0.2658631927307993
-0.17628449324699952,0.8107261916256151
-0.22091038705077973,0.5048620036103615
2.2091989921173103,0.45745694752585003
1.5274020567080593,1.4728641640541618
1.9926724584956113,0.7049512757025557
0.21876961293063116,0.8851929558702695
0.12416856237685057,-2.1783257567023204
0.09287705804355248,0.21063733664844586
1.637334964143929,0.7418374551539035
0.6116545523776608,-0.703677003210079
-0.015805030924971257,0.5463975683722694
1.430595036204021,-0.7003145005932437
1.1706326227038248,-0.4784691536548589
-0.22304118088818511,0.6629853787859298
0.00245333212555505,1.0286965110111892
0.45278267753507295,1.257568123506788
2.589152265458989,-0.08553756986399558
-0.2573671621766044,-0.4524954376878377
0.07617020261627008,-0.12513038607892413
0.5611784901277787,1.5092209038486932
-0.17650413528295394,-0.9110408713243681
1.5138509103983264,1.94920133077585
1.5613945394777444,0.4501803725299448
-1.2581992978699854,-0.7110294692993007
0.6056927224939115,-0.4089908343434004
0.4282768029263354,1.9347492957551047
-0.05632735712960759,0.39180132586900296
-0.85882115375696,0.10001759663267552
0.15017343129032634,-0.3750125954234065
1.1086323119505086,-1.5772336480750793
-0.184088980824611,0.36476026017024266
-0.24851667943668446,1.2748400488859548
-0.5029660032098692,2.652754329552521
-1.9417280176685876,-1.091864909651401
-0.9325390690159934,0.04364141264217357
0.5076142704323099,1.047862734439314
-0.6592059984191119,-0.7839309190217645
-0.3596729093898374,-0.46838568274749426
-1.281191433171227,0.07288655827123498
-0.14013241460835488,0.039532445684926754
0.3727751041193491,-0.7728462496332013
-0.840699357410904,0.1962773742102079
0.714312228834136,0.2130950646181546
0.7793712887877435,-1.0440272654146525
2.743022229792366,-0.9906383168696615
0.12336712191377039,-0.3516402587234276
0.5014977080294952,0.6691303276532206
1.7437945417684693,-0.11915464140120956
-1.201063010972666,-0.034006330810852574
-0.022703465833164037,-0.5362002582225888
-0.9868659227524957,-0.41510638629542856
1.5186349055288504,-0.713831042020687
-0.13345189659815102,-0.7770094614983253
0.318150858788183,-0.45685897624588356
3.6635590894295835,1.789141039037873
-0.23571373296106884,-1.235452032617899
-1.1617094152745646,-1.2207871219050164
-0.9463344883711846,1.1613040997353277
1.5203004600575147,0.8613032497377184
-0.6662133431276415,2.2222792606727646
-0.3843733948647179,-0.14236450626520655
0.6642742884944071,0.09922108811977368
-1.0581198308516462,-0.6590871536552809
-0.05639173451147155,0.10832384729014853
-0.908988364138058,1.2479459475247605
1.220597180392502,0.10773493832559457
1.4967961488842025,1.3612869839000838
0.3735978067708376,0.19640972554897776
0.5872579305313607,-0.3546638814617029
-0.8691232522726414,-0.42515009297623435
0.66809223829173,0.22215802561623674
-0.31315911311051375,-1.6381854867127712
-0.8904198396931984,-1.0896359446307382
-0.7435258484760086,-0.7804293360572236
0.31389612647129284,-0.9862854046967067
-0.1396921148761818,0.6255772108428685
0.22032682709761695,-0.7907801492411642
-0.2631345810656098,0.7974536174125931
-1.3087752208726655,0.5232261044878367
-0.3096110955087876,-0.6889637992245965
0.9115191673023495,0.39143106025535584
0.049473870274958184,1.1803515037738013
-0.6971800389793387,0.15824020866079644
-1.8172190678115283,-0.19972878310881395
-1.4334099129203866,-0.5846646633556244
0.3201922335547867,0.3248912625764021
0.6824722986355688,0.28144991943498526
-0.5863258142117946,-0.03603291840993015
-0.34257369594445586,0.6221799038756145
-1.3195664626106742,-0.14083116132016862
-1.554742559957132,0.9226593152940075
0.3102608193816892,-1.176693903782249
0.7852511665924751,-1.2665828515350732
-0.5546470167668813,-2.1724344943123373
-0.7533306308979919,0.19237648869115992
-1.0646503527866666,0.6047773369592871
-1.2540970935640832,1.9104972969067997
-2.1967250626145183,-0.158003990044526
-0.6737638502402239,2.3558425131006446
0.34118372281742354,0.8687320321266577
0.09596590245039137,0.18481753713209095
0.13276179532243837,-0.9989392805470513
-1.7612836211259133,1.2785777217680363
-1.3289553962856666,-0.5758934113828407
2.288649266406506,1.5977194269092463
-0.15831247565687276,1.266462253481906
1.7196942657863394,-1.1983988565629489
-0.8067112230697655,-2.9651136468662127
0.8411101895905297,1.0867843395241574
-0.26440285040810113,0.005759827159545161
-0.7093834968306819,0.1741025221837205
1.2400354771054458,-0.28687579880867237
-0.0025004160727107863,0.08607742975427707
0.25371348653229575,0.6972718019754713
0.2184725902818602,1.8088024173704833
0.3524796529845541,1.3385390738711216
0.218381748380341,0.830329162472531
0.696909420373518,-1.5712317705767103
0.34445271207996875,0.3088255914787645
0.8278182644967812,-1.4336744028109951
2.1210106588195288,1.226224592677177
-1.9253797709980696,0.1805362792726309
1.230112053077245,0.37183601645369774
-0.9895175327336425,0.4818741222998605
0.26473171643812365,-0.5691063018653035
-0.3187935982732215,-1.0587614750702676
1.2117078469181624,-0.3034703259799183
0.39466170151982244,0.6921251652862244
-0.3316331807814583,0.03491930095117729
1.2194701563111023,-0.02580810120745947
1.2807829153143546,-1.1927239648270824
-0.9778814144573785,-1.567533404334743
-0.4583824724723319,1.1055730504514525
0.8167094015559445,1.0978323854200673
1.819683900683952,1.3849661848833148
-2.2744945959300322,-1.0136261540021945
-0.7527255082427862,0.2801875141935023
-0.18359010843575332,1.2657365058599273
1.2176731996500874,0.0074486412176061985
-0.7837251209796952,-1.417168475956074
0.2639906415269832,-0.2938100871264964
-1.6166541389500968,-0.6199939871025321
0.03622338827646917,1.903804333743426
-0.7545596855437198,1.4645159526292784
0.00756562503297691,-0.03236643628964791
0.6150582531444551,0.08263047835163641
-0.6852907601654356,-2.127656280117619
0.13612369757922843,0.6968937214173978
-2.224858134196449,-0.058037775934966396
1.5387213360782688,-0.5067572322786263
0.10834666429301136,-0.9900799984765981
1.7236434809874588,0.671200010602278
-1.2166672289154696,-1.2532888088653216
-1.5366975792458846,-0.5635966366955274
0.45150734631187917,-0.02203146230923991
3.4857574401430735,0.5121768835886492
0.8012199043868663,-0.6453966264631313
0.3031181428546815,0.2813465637146283
-1.3990950007806613,-0.45949645996786276
-0.08564152645108343,0.15151664984699276
-0.6800765049310359,-0.38032848516720164
-1.6849994183799344,0.8576956141454929
1.3204273355513136,0.22932951219601833
1.208696931184673,0.8903042230288805
0.8057082844741854,-1.0291757898087979
0.7907644228778173,-0.13073783816427156
-0.08356284961160917,-0.7674697187342745
-0.046510972834683306,0.004239747543011536
1.202591868587017,1.3511996781376445
1.3091691989116474,1.0058137811712746
-0.09628877766286216,-0.03267179765733638
0.4378080020228082,-0.5466993180994658
-1.1687711144565351,0.19529524635501247
0.12607317248312996,-0.10841836691434345
-1.6786846058054403,-0.08479453291199938
0.05785813659066181,-0.3233907031987454
-0.7949788484019276,0.8766216215056933
0.4230404090867353,2.054052313063464
-1.5093666547874467,0.8307944067241863
-1.1890770481209247,-2.069646641445981
-0.7474647792181132,0.5149278762874148
0.45687521421402166,0.49838993535292
0.9736124968985279,1.665665721712879
1.5808923711351506,2.0511807158424857
0.009252486772458556,0.5834499001951513
-0.6289612567708485,-2.0041604339347954
-0.996118065332323,-1.0544516201004102
0.6515535921277142,0.2917063718960506
-0.7076065778135363,1.2725447492205249
0.6308580516941366,0.046902709216998205
0.9335038437375214,0.9374801417568192
1.1483449272544115,-1.7472677143092494
-0.3841115354878059,-0.8218329698357283
-1.2105022150233113,1.4253689754509873
-0.8769196027624273,0.6242343729657458
0.6618041484787018,0.39274799573357644
-1.518863743864017,-1.0484996290094604
-0.416543061972153,1.722202074658071
1.064357047964307,0.4573369272266413
-1.4524079557757459,0.652380662619865
-0.8198267066324051,0.7571744463374346
-0.2600433080742881,-0.20450980235989685
-0.9577341327221406,1.5584415135314276
-0.7779608050167132,1.3121913514652186
-1.1479925575920558,1.545175419033207
-0.5092650630323257,-2.1599915762406616
0.6298120561551658,-0.6035090408181385
0.9295492428051163,-1.272506852300301
1.631897352502077,2.3953079715112606
-0.00048220962931666274,0.5739432494241126
-1.3958714365663591,-1.8609902072977689
-0.890954072378225,-0.7610291543015252
0.09615569528360103,1.7393682008054305
-0.8368294479230769,0.8414541279837819
0.7275365846249109,-0.09825882086854075
0.5848572458893156,-0.03853951043467775
0.7493618388442033,-0.7410316983137367
-0.10001467616720325,1.0359014923383678
-0.5459249014494676,0.7527380458465924
0.23825025733282354,1.2196736511728163
1.7995282946639968,0.5913454736796405
-1.6283648932140782,-0.07595459938378427
0.0032150323754274327,0.16951404813475215
1.7200001858344032,1.4184630128358289
-0.6703745133101084,0.16169929005138317
0.905510538285103,0.10330846289049869
0.8870324819707017,0.4641197065156427
-0.17814147198881913,-1.8930647397159595
0.9907277122521723,-0.01977031045014964
0.6995838460022371,0.18533919379414637
-0.5970940282644192,1.1179610823200277
-0.24983171227295722,1.5872852652221494
0.8886702204828211,-0.08706316456300774
1.3383355893141542,0.6390316201467343
-1.1289620207041628,1.2325793331489334
0.7429003105238737,1.042832332151044
0.8796754881628436,0.15874141100608843
0.10762342027405618,1.7257972298604007
-2.2711568437867378,-1.0945837216913608
-1.7925173642038539,-0.7032812151932623
-0.0007205541783824211,-0.6268803435990243
0.1407956641111377,0.752397376403703
-1.3664818281336462,-1.1736036758425417
-0.9121073045828856,-0.0383235812890572
1.1222619451983393,-0.5900538255912073
0.8145736712772684,0.48326409201121434
1.2963138522670823,1.2922601396162876
1.2278638837300815,0.6801896380114408
-0.4396342526140002,0.803897477627979
-1.9872321114502183,-0.917731283342031
2.0848021062571935,0.17130348067157808
0.24465068651503039,1.2031414594892662
-0.9649896632195875,1.1413048540724193
1.343085176809744,0.1940611235490899
1.1730130729808614,1.5194238070923798
0.2968371260745914,1.8086306127412826
-0.18964383083712852,1.9183683235212272
2.0818820920940273,0.1919438772354059
1.1524205214453218,0.3553455773362685
0.16470645053873947,1.1584341347406417
2.173820933331139,0.352750093351279
-1.0658129368284015,-0.35208822625639175
-1.4053827447744454,0.8241782322742761
0.6250034420459282,0.8899111750117319
-0.8902305497023727,1.894055947251385
0.9776113740798549,1.5104308271760156
-0.07570884087358579,1.1768779345597324
0.24414155510529237,0.5571938727504597
0.5977727912348253,-1.8745600454004896
-1.3644461054048738,1.2365013702158734
0.533629739000784,0.5821706345198906
1.6743799596041846,1.5565959295049474
0.02962771282904038,0.69658099858478
0.41983994976683336,0.07645610035675275
-0.08574118469479151,0.7491692593096129
0.9044194312684554,0.9895716044160686
0.23272188742164296,0.567620343829163
-0.3344167910075376,1.0353310360162804
-0.7251371394742534,-2.306648136914634
-0.2765982928170137,0.6369433930692049
-0.48790145318320155,0.5895822396306525
0.283488005655377,0.02752808265101012
1.1851669151266184,-1.513374462797396
-0.08560103605900739,0.026021166941116385
1.1249376953487316,0.7037771791445234
0.4779992419578585,-1.9933455984515305
-0.0925881860245588,-0.6148010137575912
0.05697998171160122,1.549070232552264
1.5641599317529118,-1.8016221014479672
1.2310947655794346,-0.1007207893524915
0.15136780523827326,-0.8105256671721458
0.319785387617986,-0.2425348591218163
-1.4367518692488126,-0.42758429339867776
1.3495178696474266,0.9668934719946666
-0.20460875020280933,1.1477824836272497
1.118646766739212,-1.5155202103170486
0.07546596967956958,0.24550386416078818
-1.1489564509058994,-1.6555482786461087
-0.4119303620952587,0.43315378024556134
2.015696395367565,1.2340107931924285
0.11776458175276097,0.23900892472678334
-0.016895660846486086,-0.355072987578156
0.36646667155619655,-0.3851722278847579
-0.15038661881137683,-0.7151172545751445
2.639264474636862,2.8935533989021054
0.16328760065216438,-2.008728485269027
-0.9536745689889511,-0.018651021141747978
1.6534106123756962,-1.150066785154293
-1.4156205772914079,-0.1320662668506932
0.39827211722497535,1.052836475809609
1.632387131625178,1.4048054078697139
-2.854019504566173,-0.9905698469916102
0.28256584458635653,3.0183464050832374
-0.017790493713492752,0.9266036371697765
0.5265810453481692,0.7559126012879299
0.712779128868816,-0.3057833239220914
2.525542540270769,2.34317494948501
-0.16494845720359994,-1.3079329007090545
-0.4983549669830007,2.298315866118003
0.6732845384246183,0.6190521811925467
-1.9202784483558788,1.0741557824583
0.08383814859246737,0.30438798203912887
0.8267160668506165,1.0729616901938794
-0.5570059923801056,-0.39646504538541144
-0.23800239830497286,-0.0208067803694952
0.4128665642188727,0.11627250593397737
-0.5959493566569872,1.1384569787922612
0.1557809038982025,-0.2875520570263241
1.0599074943194702,0.20432618597811947
-0.6086896369571385,0.39228972826006947
0.2498414239142583,-0.2922169251957157
0.009298151522577932,-0.8287911293005616
-0.25237879750279407,-0.21596435842567782
-0.37655524097778176,1.3662365736088173
1.0568085303563146,1.3551727232787534
-0.4976652113928051,0.3299525141507079
0.19456713823393393,1.282475759052437
-0.5329419137904445,0.32910838129143977
-1.1600885753484749,0.4506463736359226
0.08815301214407434,2.474569038533904
-0.5762152373185769,-0.9312414121666406
1.3483753586726979,0.6449176263945822
-0.4008918517485882,0.11355535882917242
-0.3726535257789508,1.161264858429106
-0.8914554283372518,-1.1306429628942805
0.6452619051230959,1.6699937426680092
0.45690585375040954,0.7443647322265282
-0.4918028153838887,-1.7689489878194853
0.38488015102650297,0.6164540667805126
0.598459120102338,0.36672336037106074
1.9163722209953569,-0.3069880059310965
-0.7955325576282838,0.2518158986092494
-0.7518744442212468,-0.813366361050636
-1.1884676412619681,-0.6083730110104654
1.1198159759693296,0.3795525734373032
1.3288995832322978,0.333162396259525
-0.6918506991762479,0.2772403642854033
0.8891366045968859,-0.43955850817172765
0.43928524123399293,0.11983041029565764
1.1216291647381238,0.3841655144571537
0.3752180384876782,-0.33243393719843806
-1.4420107421878636,1.6988081850340928
-0.27732116807530366,-0.7979225886551354
-0.5070714889361552,-0.09257752960120552
-1.128369034482044,-1.7614421000703042
-0.6886636536040573,-1.785890046614447
-1.2906822403586207,0.22679099737707528
-1.051266282836621,-0.5108216635097576
-0.05355140340617784,-0.6331687429662631
0.11397680779658925,0.5364035067182971
2.739527771672272,1.7334096873256086
0.5251722203425254,0.02722019868663926
0.8301344180614236,0.7626167565323305
0.18117045846802238,0.1486000760755846
1.0335348074342436,-0.3907090136091696
1.5627447916124344,-0.035433273087808866
-1.4640926552334157,0.6055845567198029
0.30335990675519536,0.3376683570169253
-1.007537939215896,0.3963934534767993
0.23683272712697095,1.207423403350589
0.6620295867956485,1.2462804733867188
-0.9551062852670466,0.8955706273837478
-0.12309989094312768,1.615053634432846
-0.8175460410220875,-0.7759999995892221
-1.6747101100185673,0.4794137899599759
-1.5634915655894048,-0.5872374913384947
0.7120858532670962,-1.1694280380511082
0.4008887892364417,-0.8254312240198085
-0.4902332590177492,-0.8342307606644891
1.003053765242188,-1.9022294878197865
0.47571773173880916,-0.4830880302476158
-1.7940790983420665,-0.21762632968658976
-0.15284960545206852,-1.9280848676022964
-0.2355181450930712,0.8699599640073251
0.7607499575314536,0.023307655294323756
-0.5077511839501897,0.46456577837588814
1.0628927050859112,-0.2236709342628441
0.9830287810199315,-0.02043943865449685
0.5624111678142584,-1.308834892073246
-0.2735065513525183,0.7732279472345243
-0.01982541232857998,0.2588873010366882
-0.6426294133372628,-1.7071441284524713
-2.1236441186169177,-1.109704411738718
-1.3002408226130815,1.1168098902276036
0.07799213955417085,0.6519711199832987
-0.3117428873593335,-0.857442939313322
0.7255654475517266,0.3266265727750375
1.0410987323935084,1.080833735964921
0.6533726248430116,1.1038133913289265
0.6797300908084576,0.4353578847361252
1.124295040071495,0.6383170576739307
-0.7671626505888282,-1.648399921242522
-0.45788657902656293,1.0746105229524612
-1.2350829428733638,-0.22615890968416433
1.1164017151533616,-0.39222248358461176
0.2610325170827049,-2.0384695860479187
0.7106442016292603,2.4227995707490977
0.9724111936169977,-0.7263815248290216
0.669552134997485,0.15304330159213314
0.33896816236655314,-0.8075383661505047
0.6068284113769838,0.9805155883024546
1.13615127733767,0.09950519101127568
0.45038939449560866,2.626080066674088
0.8285850060964074,-0.4279733487963129
0.8357140932296516,-2.131445164830561
-0.7393933257372763,0.8244789784053415
-0.18462070863757324,-0.8265128006499176
-0.6778427400638549,1.1097869085800314
1.4457820211940633,1.953267940756169
1.5126590302737757,-0.4656355320933805
-0.5514740256025014,-1.0818438524679945
0.5356863209981426,0.08418719491256205
-0.7039615422838902,1.0602963949923734
-2.816262885025739,0.20480789800280738
1.708109515274535,-0.25411522588540636
-1.1128077357762496,-0.7747581039042967
0.801758425191536,-0.834371097358773
-0.7163228816798691,-2.5108064824807035
-0.7663030444224941,0.24040880205184223
0.8676201835905107,-1.8717412647595681
0.8316798980917433,0.5640330076414889
0.28073777932525557,0.22341554630907695
0.0300955293512735,-0.6149995890122072
0.15187132049757515,0.8118320536989383
-2.3498886236660974,-1.6556724636371765
-0.5674204693504522,-0.3042162580816996
2.116986833891688,1.3307816492062365
-0.22192376148504753,1.208188254698566
-0.1298784625140015,0.33728596102122405
0.4003586841676225,-2.1364733139722882
0.011389913464770949,0.8880466617180127
-2.2649943312893526,-0.1972794136290245
0.1584335802962079,-0.3069473835980993
0.03531623931519192,1.4996079522513464
-0.09407750895312228,-0.19952476846575296
0.4553012650363685,-1.6848503432095858
0.08129452048152953,-2.2566780670453013
-0.8237680006766019,1.1826298995775053
-0.9728610410787334,0.4277708352777223
0.8500249730149929,1.5093763742800952
0.8971807695475462,1.003429084556792
-1.8649878128444695,0.34490656460594155
0.01180943505296924,2.410592679235881
-0.9830214963714371,-0.4649919989311698
-0.028884849211006956,-1.2922219810946562
0.5488654873839134,1.28750543000938
0.7775215730902046,1.003143126310755
0.538728607643824,0.22995351771059325
-1.60858189493052,0.48038565419103624
0.3325453479952226,1.3744670654544824
-0.9965036724956852,0.8425960315961285
-0.747908881781569,-1.599293590730034
0.8945295436914625,-1.087161679796295
-0.12002934378279928,0.9493520636543304
-1.2768195951040773,-0.7103922984146306
-0.10498115586260971,-0.7244117312181922
-0.15301475679432985,-2.28541065374515
-0.576270878413805,-0.2593181291251508
-1.2019031374010847,-2.0173404156927592
-0.34752567275579305,-0.7160927796524535
0.45297098383669837,2.0034918059242646
-0.6906093835695725,-0.08892508106450281
-0.09519096066763147,0.93673483853272
-0.09641465027743722,-1.9632343614567567
-0.3148304350106072,0.6250543918479802
-0.26939368808883224,-0.38915771584363923
-0.31566804442132035,1.0002076355267435
-0.9456242266808433,-0.41352032010845946
-0.8902030196247461,-0.5067064650892229
0.4495291479392488,0.7301071670002239
1.4499039188376954,-0.12854739455644992
-0.398819361708102,1.5786038648207572
0.11739531088974374,0.9715373388017398
-0.2265130720130017,-0.8486039465318114
1.6064591834468012,0.6109184937296701
-0.3169981271256605,-0.4916265502550191
1.3020864074936151,-0.16430703378742645
-1.0612508025591123,-1.8012569199554798
0.655694277802028,-0.6442089651311101
-0.17068058067455902,0.39159900779473716
1.5925985376231286,0.5959205654154024
1.1756538848749214,2.2868895666239943
-1.0607429830552437,-0.828887799610632
0.7425385743360968,-0.23182057638569556
0.6109850491462558,-0.3780803680064309
-1.832230113852619,-0.3263718098266706
0.18111069122047244,-0.7155595768798898
0.3047729889985172,-0.9131252506846996
0.4780292215007696,-0.06828082728593325
-0.4390626250281898,-1.1021257171202812
-0.7475497156594572,-0.22654383341251721
-1.0151786926567108,0.02549050184753977
-1.566961477275115,0.2422890967405789
1.4494852994785552,0.6004224752094895
-0.9071709838778246,0.8347583085189062
1.024077060231051,-0.7633641616340358
-1.017351934095817,0.09963905794845
-0.8769255943675356,0.903940479129554
0.05095213029419485,-1.115343032564402
0.09812424046894666,0.8222923739360293
-1.9285778044078292,-0.6607881619205797
2.4756755999932345,-0.7273090123522405
0.2102866769111346,-0.9691822083396762
1.450500501034989,0.8339364771250309
-0.29718318160580687,-0.8727526264008386
-0.8188192670854643,0.262869600741315
-0.13649993533566432,0.29468575244462664
-1.7881621637161313,-2.9156802689570247
-1.006501343868752,0.11115847944060922
-0.09267595591072907,-1.6660882179961118
-0.25403812118712665,0.5601268336983053
1.5599465720295895,0.6695921732200353
-2.2425209597672695,-0.6956790986387549
0.35136196776221496,1.306858875761459
0.4906706381802852,-1.0309592962143854
0.18502263171435213,-0.37387832741471955
-1.0977276374443892,0.6998918667068654
-0.3493158223134531,-0.7597702111512782
-0.13804927100020745,-1.1500278493337552
1.067274152887103,0.5470509209518267
-0.008792261699659748,-1.0226645530592884
1.1339777440358996,0.633761517238538
1.3751534336030375,1.1386834808452404
1.2892900588582408,1.5200135010087532
1.3137242648798637,1.421375928663295
0.30711091374466115,-0.515689379091454
0.563947266650383,-0.6479653936793871
0.39872772926694233,0.34813117643865693
-0.05002674374376286,-0.8320526469571233
-0.6348987686256767,-0.8140397632521494
-1.33693002663205,1.2210302577226275
1.2680847820984682,-0.28181516767024223
0.057617228414383624,-0.603081929774306
-1.037709577684125,-0.40464938355228236
0.15867143520767715,-1.0160208862365667
-0.8099616123082247,-0.5735999157235402
0.0710751618735672,0.04932752797335079
0.45772185665886744,0.5650121685458643
-0.51102524984632,-1.785959190552688
0.15968707760816453,0.3960233941685686
-0.08779825361474886,0.08607003230286642
-0.6064514499018893,1.4837053314158366
-0.7425683525346182,0.41308723543250664
0.6151112411750403,0.45664379434888447
-0.9203183378986471,1.1161886631446947
1.1203024086015998,0.3685152914173817
-0.07846677721689865,0.32320822311922065
0.8286597015477571,1.3277340129414767
-0.6597939255432393,0.9917264949949246
0.9775350699215771,0.947849209094467
0.2208313705368733,1.0251369302810707
-2.9808909733702533,-0.5313095084001593
1.0618227917187064,1.0045989216484497
1.8142327340316298,0.16128766470243333
1.350573217488185,1.122717599245727
1.6036071045090519,0.43622592622267803
-0.5098811703872993,-0.8813002683918169
0.43214017157491963,0.19957292217618205
0.6846388951870446,-0.9422994152894985
-0.01218788526558235,-0.07022655790954457
-1.2738496606563652,-0.3083482271069895
-0.4927915711574817,0.8249495156930249
-0.1472356815638334,-1.1603388608241665
0.24845629160075314,0.07028669549590585
-1.4268429421999016,1.050310723351711
1.5174730971333914,0.5176999074852696
0.8895708721890376,-0.5891816962016325
1.201526029634475,1.7391646828740543
-0.16088332659907403,0.20245607359560472
1.42742768446047,-0.3772180219077122
0.9712680310091489,-0.1320013541156179
0.596060141968639,-0.7417301292417028
1.9948794713076201,-1.2646771866344213
-1.4548581322405425,0.32168385355685786
0.33157395873739026,-0.4267044846472008
-0.40278937644972945,-0.06504380832942734
0.317208467988913,-1.073882879938898
-0.9713464350182242,-1.5123451970115467
-0.2219969564454201,-1.26971643111164
-0.7853931446120026,-1.375007060323391
-0.29137505580682205,-0.11173470522705001
-0.44125504916152347,-0.35404584583312854
-1.0259637587435022,0.7449255313706633
-0.06676403226179352,-0.3485159410198071
0.8478221424568027,0.2031805803577955
0.8528446101972809,1.0370533429027449
-0.27859119609497807,1.261849720588967
0.4191417729010738,-0.113262882536123
-1.0583514097610631,-0.8881572622247271
0.2667379385347932,0.7206053798628695
0.5378850994500869,0.2311313195113734
0.2920639228106443,0.48140136648361476
-0.5164357129923758,0.02510907888625816
-0.3676539738727095,0.9668698346793325
2.0053635314049374,0.7351834092688619
-1.1208249435611464,-0.2961258376193877
0.8121261195232404,0.012987463725021343
-1.0743974332939505,1.4318163382347031
1.5690865100532758,-0.4928561690083323
2.6870027737904936,1.5152625816438299
-0.23441244205186115,-1.4373093586771304
0.0640480750320241,0.890831314118025
-0.34545237183991456,0.5129095364159629
0.43151115500173726,-0.2503994380597521
0.21639703324868864,-0.08641111562521561
-1.3497316925543952,-0.7162727628950006
-1.7193130475403853,-1.027408598138814
1.0164070791389928,0.4994451336739648
1.1847142871464604,0.805898985854712
2.3146347117094592,-0.6605140915992427
-0.43948947948720024,1.255247763955214
-2.6124337480809925,-1.0319201592540734
-0.8674430689632321,-0.18563004962493143
-0.14431371060811318,0.13269460728118795
1.0750693262625848,1.837991451862782
0.020474906136376436,1.4881115715755053
0.5130196203824532,-1.424989062385168
0.24231529357343803,-0.6895143930502471
0.05073253093649625,-0.12055941140545949
0.86534567708995,0.32527053454168275
-2.408449794882574,-1.2099117582017427
-1.0339732017966548,-0.7963205757298699
-1.1034665955108738,-0.21642728821549495
-0.8919571000726257,-0.538339849069772
0.19704155583242866,-0.8599846108654492
0.024014478617195315,0.6789487843612702
-2.7317603872423843,0.023118816873516086
-0.5086215975671449,-0.2844749736132504
1.175986810767896,-1.1383081776607378
-0.172778483770426,0.5258067683266291
1.2156123312912093,0.455815540663694
-1.1492137015871,-1.4018597629409375
0.12463495949144361,1.8602365384817166
-1.1574768790565553,-1.288509748316551
-0.05011730398888303,1.3446372433430833
-1.2316539400476243,-1.1862712222711644
0.6020139713222922,-1.0908874729045819
0.6454647229224865,-0.43296236490355866
-1.1048881663115504,0.26513136252617686
-0.5356784676184886,0.39530307295974665
-0.0035205213964122854,-0.809621763827733
0.2158046500951691,-0.7160979470464633
-0.7905379615449895,-0.1504507824629784
-2.3282984711459975,-0.7797970591656925
-2.2121260494785626,-0.872001948354794
-1.2238907035541373,-0.4308252114660028
0.29479801547202067,-0.005791936457378954
0.504609445219891,2.1019878076782597
-1.3144048333486293,0.4809823215768881
0.07749942191166631,0.7688720478119048
0.5175517353399086,-0.16492495559823162
-0.23529561495852794,0.07517038232741333
-0.9011773429076795,-1.4821911827131236
0.2726713282847718,0.3524333788645966
0.5765957987744628,1.4407006658577226
0.06978964075246687,0.050113995529170854
0.3652014577911664,-0.8717200660752458
-0.5720357459307235,-1.4825384598195015
-0.4576886183211941,-1.0574701798862849
-0.13599458101238943,1.3762070614441335
-0.1032605529541091,-0.09824193352770834
-0.321741837334954,1.788256463791161
-2.204675479558753,-0.6468023994148266
1.79101018561453,0.022897480746626685
0.9830737427548273,-1.8761385345099937
-1.2129577119972166,-0.49276581813366
0.8631259493501635,1.3228162267234291
0.6616299919570874,-0.1893232833206738
-0.40086003931968406,0.47367525950032496
1.475466294541001,-1.0274841456621029
-0.12434860292355784,-0.35073615682596265
0.6450546917412266,2.562419833914058
-0.3455396796565967,-0.7156074831440898
-1.726773503186875,-1.1275919311149978
0.19238173384545992,0.2919175839202851
0.9593977022219644,0.18601736775938577
-0.3087327718619764,0.31502518026118903
-0.279503659198896,1.0125328875331743
0.14392770243692765,2.0802205076747318
-0.5954052322579103,-0.20696317328417732
-0.013382886180589347,-0.19598681400218135
0.22384904544047055,0.2764312854724386
1.5097013992113086,0.04920983971022021
-0.734707947468181,-0.19228883841037367
-0.8040810674552191,0.19541514893913256
0.5942152989391991,-0.20528994262575595
0.46932597999229103,0.09759541455072976
-0.9432061099866822,-1.926052207478374
-0.7794586961496303,-0.09150180714183746
1.349905043096567,2.706488050627838
0.518783746477185,-0.5464233251203962
-1.3841077078636501,-2.948964048545383
-0.24056726786662908,0.9297776313461539
1.0855825385213886,0.5012679158739985
-0.6818111960701401,0.15184785627190103
-1.515103625829456,2.189086736206486
0.3289321910056492,-0.9769064334614823
-0.3870982057132978,-1.5953936499255754
-0.43504777322846105,0.34578156881034927
0.09882721219322073,-0.4232398409704116
-0.2844040543060533,-1.238144071610396
0.6849046389258675,0.41947037802681186
-1.1631944312832085,0.7614240672614094
0.16344701040345697,-0.3100562113965717
-0.304841851216459,-0.9108080564929518
0.6485966207923552,0.5125465624882142
0.8914178397933691,1.3839705558784297
-0.303649504228238,-0.0283454583837354
-0.1507105556733664,-1.1329954683116619
-0.6519670342615808,0.7051008941881679
-0.7434027585453782,-1.0265491737035672
1.4179237187096845,-0.22006481214772375
0.1380501466602826,0.8639625731342367
0.4906231587578076,0.2223201203461512
0.6732349249356023,0.30194150731363634
-0.05681441374999213,-0.11272129581136771
-1.202762018829429,-1.242645228073233
1.1238315324095143,-0.525114961843094
-0.9111505023043903,-0.684820273030093
0.10391094207300298,0.4509056190533275
1.560532765493972,0.9853917333810056
1.574423270522248,2.4517766316421366
0.36680911104408975,-0.07805564250626812
0.10857490459792794,-1.0430418967592545
0.6469548025198105,-0.7319833106816116
-0.8389254406522075,-0.11628152341704166
0.4791659645300559,0.2664707248083503
-0.5987190587171891,-2.4049847476887525
0.19269037759262925,0.08865611907976004
-0.4927213678767491,0.4749477669625206
-0.8492129479872328,-1.067899780185994
-0.0015891290146489115,0.8155288864446153
1.1544835941827611,0.299215409197464
-0.05488054729540477,-1.4658478836746067
-1.7223647765390517,-0.6675865347692114
0.12832565837947119,1.3070432766220017
-0.7807056242074738,-1.484706460063648
-0.006698994752088385,-0.3072121947903084
1.391156933971466,-0.10525148908872325
-0.3088246164818594,0.03797675652685913
-0.531871940403931,-1.6515801733904694
-0.066858270428122,-0.027152785791855136
-0.10737055852722609,-0.10420975187312806
0.5243090632095418,0.4303710224467655
0.5881493954363,-0.8349230336455803
0.059593073637289704,-0.4688448756046554
0.34704413445276544,1.9133136173776075
0.40176224456313936,-0.3480139337167244
1.0640747686545715,-0.8796545725706093
-0.8230427938013017,0.3959231535164976
-0.4233745924332116,1.4780201327501141
-0.4091201362186253,0.8535168246989233
0.33216627390960995,0.6583027578369751
0.05611027635168516,-1.5832925604266759
1.135017274551096,-0.5535884322606999
0.736881724895273,-0.13015241458556337
0.12816235496082654,0.4835614334261289
-0.9140872734261166,-0.04892023294484828
1.1815581306789114,-0.8234113000511193
-0.16741764394990835,-0.7244648018697295
1.1745016480727366,1.7797761827468486
1.1747552123838205,2.938580701567098
0.10574983400352696,-0.19523369708264648
0.6930501546526646,-2.785305401401017
0.47824800244165383,0.5058271685809902
1.2150376811202603,0.4511749466735343
-0.8093627339126002,-1.0747831844279163
0.15139751733494713,2.182353998589436
-1.304094096546554,-0.6292378865268416
1.1292213539503317,-0.37263697196958645
-0.6841157468321196,-0.19843322162437357
0.09111540556362577,0.3033137530124192
-0.5890540571202485,-1.7590201852130087
-0.7290811271446002,0.29834769831282965
0.1295405074188342,0.593223839735615
0.7467840099136697,0.8722933032193242
0.165664009898601,-0.6513241117368342
-1.3425778905112007,-0.21460858825318263
-0.4074546310948277,-0.8892512662332899
-1.4731104549679115,0.08744180066329475
1.4345854594938119,-0.7108773782255219
0.2875467521505796,-0.4362038219557228
0.3016801486658769,0.5633663589166309
0.9305237971408187,0.9712532260128551
-0.39151201021367016,1.1463008280744138
-0.0982318931168959,0.7571376117632684
-0.3261464100288422,-1.1409743914172157
0.4109399424241656,-0.1771477959602435
0.27172451073308435,0.09731124608900421
0.03082021637716618,-0.18329304746426978
0.733508625154462,1.1633261781823374
-0.7420647442946989,-2.0807709588345875
-0.4008329316340456,0.3218019484390859
-1.7348339706386982,-2.5324857255343254
0.329480588847581,-0.7388243259560161
-0.375925261744438,0.001056856216675781
0.112446038063336,1.3042998600009605
0.7479325757627491,-0.25679839158910467
-0.6669805130976669,-0.5613655635632642
-0.31610705812023265,1.7688332519935313
-1.1306060679664616,0.8935281499356111
0.03628225585354115,0.9526086540279579
0.7450182522787996,-1.1911575434552453
-0.2719612107305325,1.3026205634999612
2.2768732627630204,0.3580298208755822
1.283280556909137,0.19954999850001068
1.8406499311196056,0.8802880648105884
0.5277121799888758,-0.1608526195760647
-0.26610025099060275,-0.21857232132712523
2.54149233607671,0.33004011782762205
-0.06914387507598548,-1.839317373883227
-0.18810277924446547,0.7835472227905661
-1.7684372366909427,-0.8389547083825011
-0.7261415436375064,-0.43172209642362125
-0.043261198221656035,0.44656504690069465
1.2213740057905718,1.502146481623528
-0.5747857414627907,0.10508042644532246
0.4263113422064941,-1.387647513746483
0.15872682921348974,0.9772948456442218
0.9526335836662071,-1.0646778508390466
1.0129422370685606,-0.9652465667770137
1.4975579859045325,0.10639693021969128
-1.156019529315884,-2.1854964296893544
1.5098696113498709,-0.11385075328980668
-1.2041466629669935,-0.06384110247066842
-0.08213014732347261,0.6637575749381168
0.16018322539461122,0.30763569891044135
-0.527773847562775,-1.8406300204595554
-0.0928084481803308,1.3570916551428807
-0.05290291136871577,-1.490605921568199
-1.0164808338051274,-0.4466581700011118
-0.3953579007747269,-0.9807273701563126
0.5425875229956649,0.5233586349792735
0.3293515382421479,-0.2695310906198996
-1.5235600321574454,1.2505849930742219
-0.8429798135935131,-1.448659872602742
0.698091957877776,-1.0011514332786076
1.0371902340698813,1.1270577490847455
0.6427292613346658,-0.26362693617525634
0.29449179836299877,0.24695809024077328
-0.39345007979627455,-1.9404818357470124
-1.281878817823235,-0.18789215934649742
0.7827207395768889,-0.015556836186387792
-1.3605170058406562,-0.12500302915085448
0.6693638464643491,-0.9927459458206704
0.17706335878431168,1.1057466471605062
0.5952800576686009,0.7678763784924189
-0.717010888478592,0.43504630866206556
0.3099224510381396,0.635548353384053
1.009464235381305,0.7996886810886639
-0.9615350271295177,1.0683007936700286
-0.8120413687643954,-0.6031807364661745
-0.752688308011959,-0.20976980757076033
-0.31861486253168625,0.8120930737106855
-0.5595345202146677,0.7703046123729792
0.7390519824810151,0.24233656031609102
-0.3586142847071273,-0.6300512832609533
-0.08313044441326353,0.23462951829253895
0.8833756308097772,1.3866165994817103
1.358456355806433,0.6701424068393945
-0.1647127736914829,0.7110234782455123
-0.18871327950496058,0.2946141336868758
-0.41869535934179963,0.274814925545014
-2.588698998431193,1.1982746073572135
0.8134056942978106,-2.2496720223622675
0.042484704204592716,1.4255647887107314
-1.2027430750442218,0.4383218789731406
-0.0712352970364798,-0.5639611405417245
-0.04771750153988365,0.36424142219090305
-0.6234241349785871,-0.9078218630737738
-0.7611030900870761,-0.5407768775974079
0.4013101429835546,0.5906160053258295
-0.7986950644140085,-0.49872157202310813
-0.3753647104212315,0.9249666639940759
-0.45874542437434584,-1.6432732729574329
-0.6021922716556511,-0.004879108398999745
-0.8120773763116069,-0.29234150599252606
-0.10129349954140024,-0.5194313345578384
0.6881075723898605,-1.4602824561615704
1.121545035307326,-0.5397458153016944
-0.8365722987984647,1.0192133385931472
-0.3527337752259157,-1.032839264610161
1.8072313186270734,0.546451707820137
0.7424417436616536,0.3840681836816697
1.2790024655866274,0.5272358975954312
0.5716399134178626,-0.7129821746384014
0.6415872377011899,0.8538810618061273
-0.18720754284363492,-1.097033598201177
1.4367329125132142,-0.5804420935379134
0.9555540343202023,1.4893956376421333
0.5236555552619183,-0.8497685803644308
0.22595572332508435,-0.5323418236356365
-0.7700090100051129,0.8236192588806243
-0.03550389631013955,-1.7724624172406935
-2.572180288495427,-0.11346161756266028
1.1477738721286541,1.0407706782255874
-1.2083179518188367,0.19072435436847512
-0.7754053398766267,0.38931121410510233
1.0292745066715734,1.0903301029747305
1.2370003280793498,-2.074919809316661
0.9218200194860996,-0.3059158459285329
-0.2305792972215392,0.035461899821718386
0.27865820430250143,-0.10445747599946874
-0.45611659016410155,-0.9788368301420163
-0.050317583924608,-1.2809116825230273
-0.6026419755212861,-0.18739707555011895
-0.5599899251238813,0.3506842325405501
1.3416569392298043,1.0697947341060907
0.5597506771395583,-0.9420428534992958
1.1125486712003194,-0.9904573165657871
0.21657423004663134,-1.2473799640256196
-1.4267375872465824,-1.461103208735652
1.8687952849462246,-0.883609045976932
1.2105568010787964,0.9993557345837989
1.1906057536291603,0.7114549258404933
-1.7439727007353487,-1.1010673528114123
-1.3643070350587414,0.03707061002626968
0.9835506926428277,1.2521673721782158
0.3714822219863758,-0.46242416532930875
-0.28734475524620073,0.6022736340664901
1.1963437242011976,-0.05667278781432077
0.29942573603327355,0.4732715478299681
0.23295105916727366,0.98221089670465
1.1751883557335476,1.3313805506744123
-0.17891996570375449,-0.03577933020384703
0.2330047567122005,0.3628400651151408
0.12585233350436803,-0.5451327691819715
0.6978980759589108,0.7246668041026836
-0.7841640819928168,-0.13495048180422278
-0.13300299663249593,1.071556622084429
-1.0825744900337557,-0.6727950795893104
-1.1337967090910819,-0.48699102544168027
0.9312317286808884,1.0149900531643123
0.12313609046365068,-0.7042215606456095
1.7335272896524716,0.4815784063666057
-0.5711250576417904,-0.7924368281987599
-2.2134328487168915,-1.1155807468199712
0.09029706301375247,1.0973923067324123
0.11086284962363321,-0.4381606562586479
-2.1663165045605997,-1.2469643943082402
0.2691624406696191,-1.0266268412981872
-0.9733483486241968,-0.5527518000353762
-0.10337789549741642,-1.7959552707658961
-1.0466137430766267,-0.9399201324690801
-1.076417684207771,1.7025552463697258
-1.138253907179155,-1.3283843633626005
1.8825436411338536,0.463395438467973
-0.8805937845448872,-1.5565746000631107
0.8172473131522604,0.04114300153142557
-0.8126278891717555,0.5221862154896063
1.2600235742453567,-1.298878179803117
2.10256072547711,0.3959437207204094
-0.23833713273798382,-0.56550026918302
1.7608532151177112,-0.5147044795428869
0.1468413089728009,-0.3565764257022452
-0.4661862011648497,-0.5336099981644524
0.5526097569137102,1.2820856947382697
-0.17866275641566004,0.026274199051979787
-1.401721316020071,-3.1526687218612213
0.9253356156205116,1.0047532834026356
-0.5980811148139127,-1.2128436120927346
-0.981717092252036,-0.9590278429874669
-0.0028857672482295047,-1.9016892285712534
-1.2318401644477883,0.9905808497615306
-1.196123605918757,-0.16621775523659438
1.3866609025828078,1.4942902887751996
0.3722930340872258,0.6631387075131863
0.6607973193576593,-0.882014836924082
-0.10508237026412473,0.5595253453793048
0.5881911901154331,-0.8190729875727653
0.26249412846477616,2.156397072760565
0.33239538205628644,-0.8616681870433839
-0.2110787175370461,-0.3059315100389104
-0.05564561840843345,0.3140592005549834
0.16640936460686717,1.9065955798923266
-0.19642783487885457,-1.0358715573471406
0.9497741822704933,-1.1259897967676773
1.0398286396884218,0.016777167090438475
-0.9992370431665336,0.45412434887570285
0.6748882153342891,0.657631855851789
-1.1474735683140294,-2.408918058474135
0.9270986124054797,1.162018007049554
0.7742071081583565,0.07385426351572512
0.6509472244613973,0.8058873342214867
-1.468985095654912,0.09307528777126431
0.38582758312252347,-0.6363180303328513
0.38792256877338244,2.0935481564682816
0.29410066120583017,-0.29866500424132975
-0.1398031324225755,1.2368449545534888
0.8267983782199914,0.7802026552156421
1.4770104484647517,-1.0316622684440633
-1.1810525221145582,-0.7597253228066587
0.38536701249742566,0.4674396853565893
-2.1541851697597956,-0.9275885780617935
1.9380751996611265,2.3923007632588127
0.12906752924724268,1.318061357406242
1.4362925755245561,-1.0645241903470697
-0.1859378604256005,-0.2626462096902195
-1.7814749379557833,-0.04113957233515796
-1.7638221995092014,-0.9494798393064856
0.7158001098213125,2.084462700478496
-1.4165673680467807,-0.01775541619042392
1.7231300885826408,-0.21636199161293818
-0.1365441330086962,0.5221414784123637
0.6413248860398479,0.3299010082802336
0.16492703006523052,-0.9865256731399513
-2.300499026744857,1.949020434051603
-0.5752021502701347,-0.18827820941694276
1.5972323353051887,-1.2068497208320421
0.8301120681256138,0.05079730733032297
-0.5278184909523614,0.2722744922406709
-0.4045935945426645,-0.7605892491695637
0.4410967235670961,1.4262936056472675
-1.7567811719293849,-1.4480911438647646
-1.494260873881298,-1.0111702872558894
0.48035972145777955,-0.4768898233755706
-0.36237154622861173,1.0327014669161865
-1.7254269272924703,0.021064148468423992
0.221710168914218,-0.43324789441793227
0.1679296061398741,0.7592644423786309
0.3481009802053256,2.333926834491694
-0.0003277072979025675,0.41385151475479437
-0.31734478990370707,-0.04085112532948752
-0.5776488173312074,0.370788655024752
0.08388406194866671,-0.23859199401321018
-3.2010152317467644,1.6923965625039443
0.13804756958894376,0.1749011881684017
-1.3507607399681958,-0.8085697068765794
0.15736660249239276,0.6453771940774832
1.6344737028998462,1.4577087159525595
-0.4146522542869089,0.06625442868005847
0.3528738260318003,0.16793457331564965
-1.5100601657928896,-0.3565026472969603
-0.2007388324019641,-1.756859497049513
1.5761574236211515,0.7693087325496868
1.1446583937077601,-0.6538842550374481
-1.404089338561992,-0.4391583489453802
-0.47660490111939313,-0.3927689619692521
2.6598734126909465,1.430902459527746
1.1286760473879558,1.053391313054235
0.7908337036759578,-0.19886387889793536
2.355792331851333,0.7952150097483051
0.574054304562153,-0.39054707252971615
-0.9271316858097308,-1.418028015382301
-1.381775457927101,-1.9184238592042626
-0.38639187740793,0.2210977169333814
-0.49027043970504425,-0.21559884733253568
1.5291572608158592,-0.25822654587556065
-0.02693462811992696,1.1895236644456237
-0.7701239992980617,-2.231289591112014
-0.21428261983026245,0.172830006287169
-0.8543804661764056,-0.8278680656659021
-0.9758333500858346,0.19663801100925807
2.447000793117767,1.5316366430287702
1.065686891159919,-0.3146017463931413
-0.9511721310997098,1.14461838546126
0.7886251818894271,-0.10979082269970934
1.3403618175145386,1.2559718815610088
-0.6488001551726168,0.9331165603270672
-0.03636794865705503,1.01411645903742
-1.4605671587111635,0.08883986441336107
-0.5003869332287156,0.4390143925210309
-0.7630489759414701,-0.10390338033949799
0.6552954498747006,0.09053963109756634
-0.5768144452189354,1.3892557162596069
-0.7995326678220965,-0.2408613687546394
-0.7074138846343716,0.7875565576114709
-0.6926060388988767,1.3115800612447794
0.42813237464333753,-1.8012097066447432
-0.4255293993276821,-0.0801679451653554
-0.13549697224956642,-0.29491288159541096
-1.3995738072487973,-1.350709207334093
-1.6953463269835019,-0.23187559899577082
-0.28719545150583076,0.6298669739178954
-0.3792102253710421,-0.013877753981854372
0.3733678214292713,0.3459758684440379
1.061905463389254,-1.166777536284873
1.164444186929695,-0.6677764431690375
0.11660493096465582,0.21786566849669273
-1.1105481925168614,-1.1164933937053327
-1.4787316072903625,-1.5421833444430382
-0.610743562630548,-0.43550913026232035
0.6236293461539025,0.14188859195170458
0.08128841821595792,-0.5205625071948611
-0.20353388911837605,-1.0062365106274962
-0.22002466128552783,-1.2717560531714234
-0.28820002272655126,-0.41211626516342764
-1.4876788891578363,-0.7195426819952515
-0.45681582540463017,-1.1975402391433412
-3.1914963957558835,-0.230210065320314
-1.255291907334603,-0.06845874215076912
2.0040664426961214,-0.04627105320258411
-1.8862801991571432,-0.05581022669592323
0.28534745256060007,-0.22435204661108765
0.8586243652026918,-1.2857166418160153
1.4915907433650641,-0.36364286170642585
1.2402932459822729,0.03224714076967718
-0.38892766923078087,0.15383735299710466
0.1749936745388223,1.3783319771592553
-0.7484699563976017,0.6681411219172387
-0.2540663364957552,-0.9156452231713339
0.17182928291789745,-0.7162397498656948
0.05751393163023161,-0.8405720609508894
-1.452609839898027,-0.4782116974820931
-1.3934650547238243,0.035940249541220236
0.7875216283626383,0.7190706126978957
0.04822108837168733,-0.6902611437601813
1.0513155905423686,1.9211316400334362
1.4379731095610828,-1.5947371189853274
-1.0295235058604812,0.12236235768098185
0.813442766887729,1.5455426949630162
0.19985124623843697,0.8084057116864174
0.03179831774327599,-0.3822591056840213
-0.6113325801725868,-0.4509364412304268
0.05652687370762345,0.8926449693500499
0.029455044073009765,0.34173804639024735
0.8376768779158631,0.6569577198472181
0.25183165848058725,1.1399814918080766
0.8603249119303821,-1.7269854225006882
1.478246231048515,-0.08899876875041779
0.823190513619407,-1.462577948672658
-0.18537434569480057,0.30261481631598497
-0.42825238564501544,0.6269481135220408
-0.1809916549230807,-0.5586250201553148
0.7911062219077742,0.8871327872519372
-0.0035744228266445612,-0.1646227041917082
1.5177598301962578,0.5450321426188307
0.6188074920775737,0.32218033316960687
-2.12898647057899,-1.928235774787311
0.2078690987397808,0.5554217616231072
-0.4232124960048003,0.21151047266534836
0.8813830955140993,-0.7169065170297217
0.9562597988425128,2.301399836302129
-0.1493561518244194,0.7406803082303689
0.21552838269189087,0.020504171305907416
0.3003427525423995,-0.7268208174108179
-0.48572058024089176,-0.30007653222091174
1.1290611215218291,1.9386939953402331
0.8668165516389069,-1.1559856663958723
1.1939210779872316,0.8213639695018864
0.4449795160182301,0.5938987356780681
-0.9618134868128657,-2.261897792711585
-0.7230649095579555,-0.5345154334579356
1.8566573592408366,2.395956856559608
-1.21069277118383,-0.9247722893827461
-0.849788138695804,-0.2408239529868658
-1.4873635215217738,0.5625121079947141
0.6900377464234524,0.6036707618055949
-0.5256416528560064,-0.643172442658225
-0.5401958816094684,0.7660448856607476
-1.0808373504572437,1.000760360252102
-0.5780010587184334,-1.5954574808065942
0.422149017784638,0.5036528408255719
0.18662196595583005,-0.31205490513507234
-0.5754375907580773,0.8224060316134375
1.23712552325846,1.8716774917822434
1.0449430891366056,-1.2495690135563489
-0.6094974846548596,-0.29687771210255554
0.6221016064725929,-1.2785703380359295
-0.622489996033391,0.5948116497302378
0.03154087216407208,-1.749994873392821
0.09442880121518779,0.40260356308475764
0.2690989741691322,0.046518131532209614
-0.7015820340944509,0.4045601515952036
-0.7663088773526631,1.08349505043702
1.2550438845268443,0.9198952726739843
-0.3329379641092218,-0.008379873513404391
-0.36000520806149106,-1.357172345949933
-1.0779056209072446,-0.61172421257904
1.1989499224650373,-0.1659049308936434
-0.9218050458378703,-2.1733760361870273
0.4050903715905039,1.662552198305123
1.501035333833516,-0.333812355277832
2.7356441124430413,-0.11110139847513152
-1.0080281939386577,-0.6506067695747094
0.49512724019707943,-1.3641381661081455
-0.7970957403300386,0.5641798668769127
0.7370475177235187,-0.5530959696602956
0.05023718742663774,-0.9869942137681739
-1.429562477681632,-1.6549846630557619
-0.09055009853018584,-0.8021395807404473
-1.67016314660347,0.40568740791788643
-0.9620860596736996,1.1858693751356957
-0.5763614383631384,-0.11899120816778785
-0.7026428887096522,-0.025811763368797036
-0.8784808677366197,0.024433386172640043
1.6086897243520373,1.0970269303104858
-0.47373260282168533,0.8373280847714016
0.749667277411057,1.156166400982396
0.10896253991593517,-0.5116967471235054
-0.23355391745344078,-0.9072449001521194
0.6833792225130921,0.40151744586014093
0.47440342640885197,0.019401909237311346
0.3035770770281504,0.4037314297406476
-1.438545988904208,-2.229413757033308
0.19907249355888615,-1.9549732977720722
1.2960652445690175,0.8457205816452985
-0.39895108136831925,-0.14102810470941676
-0.4523907739128253,-0.9547861343521706
0.8590565607051388,0.7364201006710323
0.13333873124939466,0.0671536519348492
0.7654473428744505,0.5738233632532247
0.3095592357430286,0.5163823540912756
0.7863038262762426,0.4680446272533328
-1.0860767049628364,-1.2528966578884262
-0.723132886958872,0.6213755921533829
1.6620456622481525,0.3107917343591229
-0.657021133441777,-1.9468061807099986
-0.7794301565815435,-1.8047159217499695
-0.9457487399771342,-0.7915789854293892
-0.14638479831058998,-0.7864653823968192
0.18084950027366162,0.2140059490806546
1.1718755468966866,1.2166978733841356
0.6841992234715234,0.3755513204558291
0.21707899238935116,0.5009962223363301
0.3673517150228003,1.5267161122840067
-0.2919960061712637,-1.770920902045373
-0.31086120636910936,0.4249350273857983
-0.8917189797496051,0.0316540325761961
1.274939645400753,1.2176307353030156
2.2539630701359505,0.9134243245614186
0.44871592695502144,0.5068033280557818
1.0448761971426805,-1.5282030462625182
0.995374498812184,-0.2678623019612457
-1.2529778247716203,-1.0238573827287878
-0.8123127704768468,-0.7102574942451723
2.4137219786783115,-1.4702838386913282
-0.8943148016817453,-1.1034343399170776
0.4497884081111864,0.6251286591594918
-1.181902595353587,-0.8310750240409522
0.504288764364968,0.12881639421117472
-1.0487278727898022,0.17723699290735764
-1.407626051015885,1.214431180166574
-0.4207088365423119,-0.7662233599999824
0.1710694105767598,0.3425362097710897
-1.1485100473600625,-0.5491299482950274
0.5749245106930463,0.513556296934015
-1.624995238117416,0.4473168732855709
-1.470989389657016,-0.8157022404366476
-2.4752585446071986,-0.686864433637452
0.8169051198424896,0.6030041412755113
-0.583641961684865,-0.3439941067971239
-1.04476076733076,-0.5762785472974282
1.7688960034727332,1.9316551721631967
0.010433101867881375,0.9743576607784324
0.3215925871054478,-0.35369161132812915
-0.5729593790589071,-0.028901521384045174
0.25415609736187106,-0.3771104413886836
-0.8684452330542585,-1.2261162094496316
0.22077187627842107,1.3908654488842482
-0.23785101451930035,-1.39963663954412
-0.48490144175506644,-1.5503405693225356
0.6327041621119144,1.3204057664289834
1.1330344889901705,-0.33652346774990777
-1.5587938552490084,-0.4342323207299988
-1.3876825978701914,-0.022944622547294985
0.6450354811578635,-1.1684103722708794
-1.2356726042383188,-1.0572740713034845
1.9661344642098046,1.170452150041298
0.47363223431618495,0.5076257034784858
-1.8130008247526235,-0.3461666791309766
0.11968682773862606,1.476927105998852
-0.06285229401063179,-1.4511382653169569
-0.8744418557806214,2.0412749761369504
0.6824965669713456,0.10820783861729028
-0.7532839505310565,0.760392997999096
-0.5377867768442945,0.6171051050113658
0.2306046833165203,1.393464401459331
-0.25385088004706846,-0.7509685479872508
1.1257498767997767,0.5409804000869891
-1.8991922742972136,0.7822433052903143
-1.4819261076990415,-0.2277798545708685
0.8594635952058637,0.9171691741299779
0.22816798408311836,0.43734021691200126
2.184248829939459,1.3039297397669694
1.0037621527391085,-0.7151531572884017
0.8778735298247333,1.3265603499207694
-0.3324291067144108,0.32382514210654795
-0.948062947017575,-0.7527688070986686
-0.6769184496803389,1.3123314633818766
-1.5991891144734285,-0.5845451516129373
1.892860851683267,0.6547187785941093
1.209417847901764,2.0322131356540023
0.23892651853666944,0.25246605145427575
2.23577234323878,-0.02724691101470368
0.7911830382144319,0.08015523809742595
-0.0019837028094492125,0.29948797545634265
0.7527512231665543,0.435338459475339
-0.7555485470894643,-0.14981918492576524
0.6857841823686359,0.2079345099301497
0.21571096790238214,0.3666212021752403
0.5935652387995134,0.30838412368003204
0.06304879796922754,0.1287535315913868
1.9114066067222282,0.4771737179199643
-2.2725529253634598,-2.6906857048694186
0.8396470429485404,0.3471154325283733
-1.4876524307352672,-0.24632820362014252
1.2215060738577947,-1.2718407416046318
-0.8464161545110298,0.39696658275841956
1.2840378364857774,0.6617237924237737
0.09061044149013293,-0.5815607124235056
0.45768077758968356,-1.2987999818313323
0.27332462786210676,0.06677410562119165
1.2644376316666706,1.3164620528952828
-0.117342778105152,0.036495698051988844
0.5802950465083927,-0.0640946486489284
2.078150199034483,0.7228433015463805
0.2658771771003211,0.7326555861294742
0.3929559162748991,0.04540607900886194
-1.9950905051019958,0.6318159748581981
-0.8811018072983805,-1.0035257829068316
-2.9625848749091928,-2.103778984090666
-0.4119625935788099,-0.37424916475219716
-3.135605021687493,0.13665048949360942
2.2207383356168906,-0.4072180794826674
0.923157642544957,-0.22785093832409758
-2.291246934664759,-0.4369616847610995
-0.1479204520554042,1.6330220416970869
-1.1491293790506396,0.23618382274660513
1.0405132584102679,0.6647809486641677
0.2902101339269858,0.7690974837166941
2.345980825264497,1.033225152402649
-1.880446611677361,-0.5826211252072283
0.0151514251294341,0.5422381481807584
0.88053258891279,-0.39793638463779063
2.3371712151218755,-0.8408690393545241
1.5464585271161628,1.6637577476459575
0.221932531620491,0.338849409131164
0.22428695658255302,0.039236645296314224
-1.1052686166835755,-2.6536732804968746
0.821736860309627,-0.44402662422820205
-0.28628849639675047,-1.7981930642107178
-0.10159333923681046,-1.5932235493083624
-1.7258873145487474,-0.7147938136197798
0.19524597673253544,-2.9877442502166134
1.7915914159110178,1.2501776097964945
-1.1118498762396274,0.7136165846574
1.5138439343064622,0.14673841394094944
-1.5208406764647842,-0.5090896396601727
-0.3154757202177937,-1.6111812951560351
-0.14750225243776827,1.6852685733602926
-1.356364372466532,-2.3843365866965995
0.16902807478771945,-1.2285094879929381
-2.2639049295330618,-1.9583024362926233
0.1259944511937696,1.0849222685025355
0.3314724350332604,0.3582475857871325
0.9318731194638933,2.0414344980237527
-1.1002816834751104,-0.2829650571321717
0.09883213612614108,-0.5513969304452672
0.3291946102951262,2.439261574356018
0.6012688875441408,-0.5372122677298767
1.3955180416651805,-0.8551914884561325
-1.1165242650597056,0.4329153689243911
0.07558744442257688,-1.50400742852003
-1.5639151289616622,-0.8180788607614762
1.0063253045688214,-0.8644413388664461
1.4174543778750512,-1.8939410204528517
0.08232664210926002,-1.1363979570300453
0.7920859203499171,0.7261821425059815
-1.0000515122175362,-1.3453259181362156
-0.9559853204356373,0.9008289926268181
1.4184175933068046,-3.283690665065261
0.6104436104283775,0.23777917722801203
-1.490195138033377,0.33016058147347893
0.971184791934491,0.9123631541874662
0.7365018459258736,-0.38898697998395354
-0.9929995991632543,-0.08809169632172645
-0.17550832722466378,-1.033420639023276
0.9195840253703207,1.650582405038336
0.6497369753448541,0.9875636403751639
-1.0364623146419771,0.22624240650146737
0.5768163204039713,2.783308936713954
-1.2289785249769969,-0.5440199949655902
0.7086229550503881,0.20332792633334795
0.35157310574961487,-1.5173694798704978
0.8519646682134279,2.1731628371222045
-0.6394495247904483,-1.5979287079992015
-0.9988816956557369,1.0052067155284274
1.6199363950666015,0.15776787665411246
1.4459416394139748,1.7220918668116534
-0.8991602901839784,0.48776266113798455
1.1015730464959341,1.0193528635049174
0.03039260360027516,-0.5305558270008479
-1.4862576564555314,-0.5091848653514043
0.24853576996423382,0.5239916082788235
-1.8190642823864926,-1.200337457775107
0.9306724063581282,0.7230815001753513
-0.7903913719125379,-0.15306228028184596
1.932216226099337,1.3358582702976738
3.826104705873061e-05,-0.8580897631499348
0.5943797970509589,-1.7278128557771901
-0.030433565705998117,-0.7049579077433404
-0.18999264289886839,0.79851114605704
0.943876151936041,-1.4397192493183493
0.4608503533074742,-0.7696923320488158
-0.6791588572281784,0.12693791218243544
-1.4348136834531682,1.4768485955220116
-0.046423858429881865,0.38564038636075626
-1.364381399218646,-2.1822442042641788
1.2591561442515105,0.2450484490314864
0.8458878857644143,0.1974017899612738
-0.7826283598275253,-0.5165585289544875
-0.907728210798862,0.7186364750300058
-0.32118699221267233,-0.2816092670529888
-0.9458502045836512,0.9202070410432922
-0.8120156209262908,0.40583067868707473
-1.8546535501532595,-0.5536888341806837
-0.01373798560450882,-0.6187798634857811
2.1166954054111584,-0.23656803739591828
-0.6037535893754961,1.6894849009101605
-0.9451026194833247,-0.8941178380895498
1.364614199820512,0.7372210481121008
0.4822541644181778,-0.36711957195164513
1.6836188425969423,-0.324301025351378
0.8316887747407444,-0.4099827493149328
-1.1126899744048206,1.2455566477332352
-1.3774499957797175,-1.6687187314402447
1.224028727547764,0.08722106160124096
-2.0649789711028936,-0.5974087803870074
-0.23742863553017116,1.580048721292829
0.5094387211642424,0.6913766530575677
0.49509742896324427,0.7893005265388411
-0.2958663051089314,-0.1862451805904189
0.13332179974817696,-0.6085721172564721
-0.26561047620503286,0.22526483921786103
0.6944627223500032,0.5647504609075773
-2.436456669231722,0.42666699087730325
0.061230514192911915,-0.9530088168167913
1.125842021719305,1.1714474035447708
-1.2293782178375834,-0.667967764036893
-1.1178145264730106,-0.3236142879123423
0.740317584444706,1.0171058521490144
-0.5965829727925949,0.3461776752658213
-0.209644981709755,1.4416757651465537
-0.43364251115325814,1.8817866766287734
-0.512078052645823,0.8147630925706142
-0.6625163844824744,-1.350682044399207
-0.15604061714557016,1.2327305310457481
-0.340154543361585,0.6350047783171873
-0.7209345415430571,0.30190656090488815
0.0907082952825281,1.1939920712278085
-1.565619262123611,0.2912530739424927
-1.305302847718218,0.11931524764713088
0.21359192290735435,-1.2514576654781684
-1.9345170715793159,-2.0354607762943955
-0.6883688920375445,-0.4848504949433659
0.060283777392824776,-1.2846339264188933
0.4029592992638972,-1.3105267071589204
0.35941170270030653,0.16264397185601018
-2.20877383912924,0.031394701278914444
-0.30049451685861367,0.7395641132659538
-0.34097402006735184,1.1006049940027995
1.6319468944998674,0.12215008378625426
-0.05191554297119645,-1.7172826987908947
-0.09715440155924802,0.28255289443960085
0.1309190912194277,0.6141361425101848
-1.3070640916315523,-0.36896834778301585
0.057794533937032065,-0.8017488639391036
0.04248810573031211,1.0255263691733574
-0.42267664372607405,-0.9194831200444463
1.6339424962284463,-0.3016958450530182
-1.4982997990082565,2.3241352460068936
1.5170565269039176,0.1993345421780978
-0.36611165287969893,-0.04553614380588327
-0.25341157730369,-0.6744048958189762
2.6251384929154256,0.3065660405641196
-0.00869752474306407,-0.7570131782053081
2.087656711727559,-1.311203346943388
0.844807188024367,0.825277889734062
-0.49200906722681836,-0.5043140402376407
2.1860387785258077,-1.0613375922041834
0.39023437787795134,0.875248604297283
0.3162750660869975,-0.5906330650440921
0.42991244682422464,-0.5112414270001749
0.3353315817907908,-1.156773884513667
-0.6909477069934508,-0.7683204199539753
-0.3711080829760212,0.8815162033802179
0.3020408663595271,0.5093519826360146
-1.5870220273063056,-0.6137179324719445
1.7407378618078637,0.8557813589371109
0.23664249013529132,1.513878980346202
-0.44628045371248026,-2.3043278193512413
-1.507006239024855,-0.098870978246512
0.6693938473328402,0.5956935493520534
1.039419120197986,0.4105815203978431
-0.7511985291389686,-1.2884804335312976
-0.2866718753094652,-0.07586255117576783
-0.9356699695067716,1.5403318448556695
0.9593208942776805,-0.07335362095002478
-0.058604830794662756,1.7883565198005638
0.7132700515191178,0.1726738011390052
1.0284081175679136,1.9326361873296685
0.4529205390318744,0.5538091060270627
1.7221676786785785,2.3321548582844054
0.3425541410098014,-0.33241545683722445
-0.2502433249383257,0.8752424414825744
-0.6969800026602857,-0.25244357654337063
-0.49964951536305324,-1.3710177690396779
-1.2767758819486092,-0.4814613847947004
0.026330373930031646,-2.387129917879958
-0.25717347469042534,1.267823321261512
-0.05769397187767514,-1.8100003743019986
-1.5761987902116403,2.4595942436375555
-0.4619454522223179,0.9020530060922591
-1.0069059445993374,-2.275824396414073
0.5779374732116036,1.439617034301177
0.6449822278006793,0.6691540788620196
0.35636209197732627,0.3098939571871447
-0.4222139503562384,-1.6305613366388847
0.16915202432560963,-0.9526502766493009
1.207584540956468,0.19106309795161655
0.2980286873049553,0.27291380377860563
0.1362105185720895,-1.9915472008603123
1.8283067698956599,1.1889335644614563
1.170042534493875,-0.4058351957285273
-2.8925399516531694,0.3517659048451569
1.7962370605781743,0.7355595701532427
-2.3522742752203385,-1.0328568966082428
-1.4927972916070897,1.0756309075356918
0.11398555720735584,-0.9905959479556705
0.35323639136603724,1.003046962903138
-0.9181088969764186,-0.8902851536677144
1.6197287366850037,-0.37090392496603336
1.5278288204974106,-0.4066951761869699
-0.542064742965869,0.8021739387437105
-0.2276985499449838,0.5910838174296805
0.7271423796919709,0.9239853525781001
-1.4263921353839117,0.030920048689631902
0.3751961711787232,0.9034720599945155
-0.5908108448272621,1.0657191580635539
0.09713785476089448,-2.348410886178342
0.8154374727369784,-0.3704987165521856
-0.5816633382259242,-0.27977928490060927
-1.796013570546609,-1.9078542005764356
-1.272619751394736,1.0228939380850974
1.9097185307033893,1.6371774645096207
-0.534914808754866,-1.1135572586116025
0.5923079108802595,-0.4517930317536705
-0.24148023238065325,-0.09561462329689309
-0.2602452871358426,-1.0158593423758924
-1.7176176817087692,-1.2823166014725131
-0.18112046837574772,-0.09556636294018757
2.185858214664457,0.1844218819107944
-0.1302712062818793,-0.49799214559473026
-1.5092621508159179,0.33403431613153656
-0.4777379610769334,-0.2655305445027353
-0.8673969107376417,0.39833384620867296
0.6082788603546463,0.6635037013443569
1.6247423754150512,0.06269446105261572
-0.14870915688168096,0.6926608593182589
0.011624524635115685,0.6942395403488926
0.9638103617459955,-0.22014232945124182
-0.22369461620589393,-1.2229783470810611
0.86042121851195,-0.7982920884409408
-0.9704547348775621,-0.4612377145792182
0.3886836102470028,1.4600131969755061
1.140031897754538,0.217041549432034
-0.5200121031877136,0.6071355419639859
1.2016111836613157,0.38975375915126853
-1.0865011290429603,-0.5143919327092873
1.3633916226541687,0.85289256922181
-2.133751199456031,0.906249452227123
0.21480460670648652,-0.3387615989750017
0.9475439738769105,-0.15542076597654306
1.019043313044059,0.017355042048535354
-2.1880474791421167,-0.6232159379319473
-1.2260637315583012,-0.09923737035315026
-0.22069361802313106,0.33434237790567817
1.5344925329740082,1.1927033071174746
-0.05715321608891411,0.8887963585368883
-0.20219070013617324,-1.4748844790029711
0.18330305715722167,0.8947602805066226
-0.8975354266620618,-1.1093149585377735
-0.8766687737524833,-0.6549061499198495
0.320561765876676,-1.1642308325711117
0.6531723784341765,0.33249329873819367
2.3482513623778023,1.7401394302711914
-1.3232316986912245,-0.4151911015786225
0.17003926300541197,1.6635891368333553
-0.22476098155591825,-0.6962333205388839
1.5585096653943673,0.08701715876475936
-0.9473883112369083,-0.6011267276599341
-0.6906024351068076,0.19774299967141726
1.4055078164808668,0.0666555691768424
-0.7855776858684732,-1.851719597942564
-0.8057389687988399,-1.1365247050040066
-0.10250855384817269,-2.253557826298352
1.2746918896338957,1.6957651517396641
0.07190183998614338,0.11835171242547904
-0.05966509832319201,0.009334391937863963
-0.169230723710646,-1.1276587186792764
-0.6439910385140509,-0.04704937009091559
0.4547755082847198,-0.842076005885385
0.1517502623518454,-0.5191165901717241
-0.7619541256734215,0.4562877767644836
2.329948649216876,0.8074788945861648
-0.6029110319249047,0.9044690919984046
-1.1335763148161486,-0.1797970964552219
-0.6611552794353802,-0.8459897890217368
-0.5231014820869146,-0.16796860080808246
0.0731789559656937,0.4026464343742039
-0.32747736181435955,-0.12147791419884518
-0.49330942694046237,-0.4466699009199628
0.22113906273931141,-0.3810054393414502
-1.401377323792074,-0.45512833630423705
-0.6900916160844304,0.41416238151599516
-0.6336628396816852,0.2563681718999019
0.3407519640083613,-0.8737213154642244
-0.6352543440024624,2.1055033150050364
-0.08844935170485654,0.30808299467286926
0.002211967186877099,-0.7247225261139416
0.06603633305262899,0.32513729440949346
-0.421292123375299,-0.08206926296433238
1.2379239083133868,0.5067278641784094
-1.7882791878677373,-0.176199084720729
0.6134245681437092,-0.27399724741997067
-1.2480516759872131,1.3541546281144132
-0.053374312012022286,-1.0096297641561245
1.8759384317325645,0.14080119154634654
-1.167656049756354,0.8314053102566918
0.6219011747830431,0.9302750042365003
0.14432993325797402,0.13214431560851236
-0.42844122420249986,-0.2586950932082763
-0.27333109569978614,2.4871897020439353
0.6556825775143059,0.5486907774309253
-0.18949477000267875,-0.5624404378534524
-0.08398685411970551,0.030157432650501654
-0.01800538505327424,-0.268580813385617
0.9992898993440792,-1.0578296644045224
1.1875868436347512,-2.004539858648388
0.621193733309929,1.6912430733832524
-0.5427886042669156,-1.7621427644657564
2.5255263421556085,0.6248106133890947
0.8847567352100905,-0.27180070018347186
1.2206744290047398,0.8697469522731345
1.3083083373721889,0.2875467736485255
0.6291566067785317,-0.5178994014015182
0.7034212244330013,0.2278115581186974
0.36876717911324725,0.6618491283462201
-0.3149379216749489,-0.07939412353160259
-0.2511731600604661,-0.4969889645966578
-0.32256591336274093,0.8489118932156676
0.05372493415759434,1.252700242667439
-0.6355845145220799,0.3923730641427286
-0.9992116797734412,0.5460422240805782
-0.4989023991239164,0.12034200231205353
-0.8664289739516292,-0.2595113685377999
-0.5685414107138994,-0.05920812092220843
1.0342648091749491,0.2541924144788137
1.2374357863297716,-0.734631308612405
-0.7359734306791564,1.0186062112628573
-0.2254456354684466,2.594077297507633
1.6621486648695563,0.031144346635992394
0.3727712380789888,0.19689880238991245
-1.8321718611759215,-1.1199428795446174
-2.432532292297152,-1.2080220528706491
-0.4041989223986167,0.5476995960082278
0.7371374795638798,0.500146628039404
2.607112233258602,-0.31762967251399293
-0.34249609010725807,1.0813801901695999
0.7942091509574646,-0.27327058768664564
-0.46527394959267965,-1.6635818600373893
0.11523003102733859,-0.09234042781665414
-0.15421057426344728,-0.7670762869169501
0.371606514705395,-0.23886939141644908
-0.12586871213205106,-0.7556752646328079
-1.968109391430718,0.8148000236178125
-1.4907566239795969,-0.798344952392953
-0.5242337756978758,-0.5201090826880843
-0.9206633956453264,-1.3411555939735467
-2.578383935532977,-0.9855869929260236
-0.39918003379185907,-0.7463160864300195
-0.8471164980436175,-0.1299623606557674
-0.702807544599048,-1.5232158578934545
1.3273196987527633,0.7231946789962619
0.050105577345562306,1.1114634963102228
0.6016813711930555,0.9230106643744207
1.906008822595389,0.033058383433532255
0.4311662882587261,0.02992885538554578
1.2850901604844223,-0.9385677885376329
-1.1524513452469327,1.279356791585773
-0.2629138438241277,0.5801899716547787
0.4621218578393052,0.9701813006971068
-0.11650443718984725,-1.1301528175516857
-1.012659150278084,-0.6274241896735278
-0.6315060954486704,-1.3631931171923382
0.03279466923981992,-1.1892211990092822
0.04037720702794803,0.2134540436644978
0.2077816798864527,1.6113678332890533
-1.04464954642137,1.1092851346986483
-0.042489605606215786,0.2821681792906129
-0.15911955521234847,-2.3101901382590446
-1.3828128382740426,-0.7684702516868719
-1.4621001019878594,0.4107688953437088
-0.743231737126261,-0.05408099686502832
-2.8686039851858576,-0.057481290930336916
-3.806438466980243,0.17247816620365578
0.5630235640279079,0.920516309161277
0.39953112416118713,0.9416301803981875
-1.9537703600037473,-0.3655032183311918
0.22091331409238066,-0.30040072385612654
-1.4842550719178569,1.2956111916391995
1.0871804192457426,0.8389459746182234
-1.1767700546895001,1.2789811856955795
-0.47379065146752525,1.0062485829343575
2.1428950567912146,0.3867793678152709
-0.12432233824914841,1.2691784390262164
-0.06257766390832747,-0.05973862220868651
-0.3578461041879319,0.36883396135439206
-1.62994814048898,0.8391287269332529
-0.5031823989959401,-0.5246903211020317
0.07136540447171258,-0.29248069441739594
1.2041862575802984,-1.1290859494536851
-0.7878216205270486,-1.2436706547510632
-0.46013994625236443,1.1402567428156902
0.37530230190725106,0.6438792446199905
-0.15930939509602224,0.6479391792477591
-1.8776463274838047,-1.0064358546487215
-0.8506821205471936,0.005023993332787756
-1.8665754765548306,0.523040328100922
-0.4839972688767243,-1.2992696620123505
1.0002689850684445,-1.1063549937691515
-0.8085165319855252,-0.47843675890306087
-0.6759950605627811,-0.10679325169542153
-0.2471751756089501,0.5670097666535876
-0.20155778615820538,-0.6906249337554508
-1.1662206488425215,0.323550535734764
-1.3195110761800926,-0.9107884366900058
-1.192356621775315,-0.01438347827371981
0.8493849553447941,-1.2588334566796553
-1.2370002470906745,1.5676747370848347
0.1617054765187208,1.9002450360066125
-0.24725107535342292,0.4858815948814517
1.6820837343534858,-0.2326412261503951
-0.4585390121430907,-0.44287309138622727
-0.09948363915121321,1.3204694824502827
-1.9555274022787408,-0.8180113213508432
-0.5820639993218134,0.14214777540348356
1.158008339015298,0.16417970659994857
0.37441925780424384,-1.4937489978929257
-0.5153139924272425,1.296956173584858
-0.3388053560247503,-0.7369401105733728
0.8239564730515381,0.6751002056844633
0.16591966683456333,-0.40362501021753
-0.22551881683160913,-0.6402674635551261
-1.253758337341756,-1.9308117891626184
1.0535360384734092,-0.648782803028628
-0.6215487765278394,1.0121479350168674
-1.1883364353162273,-0.21884505339950455
0.6246298054864834,1.724042972478064
-0.9816331543755987,-0.9812752204263492
-1.1769382275269797,-0.7762066771196646
0.029804809462839584,-1.0487308971313833
0.45887883015292374,0.8130948781987005
-1.0259842410162454,-0.4920615201961834
1.0815349237960412,0.02434466192878877
-1.1429400239121619,-0.652675884851383
-1.562187216555192,-1.715258782510925
-0.008167721515151502,-1.406826269752447
-0.31732459851551553,-1.1015818595262061
-0.7029225687933418,-0.47535386668594337
-0.8652250699971469,0.44306844307813537
-0.015098520350742764,-0.7038484844782235
0.510974349219701,-1.74089182843043
0.2589101260955875,-2.1789909472944164
-0.739512789501475,-0.029208573379771403
-0.6807062813710678,-0.5306834181275896
-0.7857829227449387,0.24880391855442968
-0.7138097446723696,-0.43740451175076306
0.07861095100826641,1.0332971055842628
-0.02079151519791462,-1.8601008419473561
0.6358535355192007,-1.2521219303830908
-0.3905785055663423,-0.24141125895089932
0.09658243389757228,-0.3801107234131717
0.6110114029269581,0.4866810287675799
-1.763880752101828,-0.8874202381300079
-1.9146716723758253,-0.7245276895771988
0.5880794412794162,-1.712822605056041
-1.0379968221947793,-0.6631824407271022
-2.130164339928745,-0.43744234706034063
-1.805257127983718,-0.7387487330230504
-0.09343498860949691,-1.6090609883018363
-0.45610382921662246,0.7344423758595889
-1.107944409018568,0.1931722699612632
0.012435013207422012,0.02583421924149163
-1.056127446016876,-0.005258206885060539
0.055848923747963686,0.4407690065113067
-1.0208693069988368,0.15525996755667337
0.5464988017953402,1.0716249125086577
-0.7773950365065193,-1.3596359199883243
-0.07798244760184862,0.12504896139906038
0.6487031736879341,0.7248295708818548
-0.7600349422893733,-0.06762200164857121
0.06451721154653992,-0.6587017867345928
0.7164061128160599,-0.2697717334375276
-0.11883434865977117,1.3830087566460825
-0.2590247025367465,-0.2096137223566866
0.3000766822539045,-0.9239250385236858
-0.5550408104568241,0.8584199680991277
0.6851301834978577,0.014304900388807362
1.386548667262232,-0.21654150890692866
-0.609897076621024,0.6062896934642904
-0.5759489411618848,-1.6586433878991456
-0.9090441460860129,0.07382702643317861
0.6353579199231228,-1.0197904829895208
-0.30519296237483595,0.6451976683040223
-0.7119388064138921,-1.661943737768606
-0.6101772289279683,-0.5217978322133218
1.1203633390012104,0.13933790544637079
1.4805667523804937,-0.1864771349870296
-1.6808423958780625,-1.5496994823110293
0.30458877788161354,0.43897102698898416
-1.7867904270980404,0.5313461200716505
0.0728809005952056,0.6346172521226928
-0.7264102160175444,0.19865914765875933
0.2708133079779339,-0.8481292952547632
-2.2984730917984875,-0.12433066885629787
0.098836759097021,0.3419570529438161
1.0422910792677578,-1.2041362959870658
1.3133095666067027,1.186268090644159
-0.34407236367721944,0.7041870544299762
0.4158530356936703,0.9199622116910561
-0.6951302060466027,0.8416523588033187
-0.09070900657353417,0.9199969413102154
0.743607806883149,1.0737465363597345
-0.11367220686279789,-0.173546032491842
0.2399072871975152,0.3853788912098724
-0.02777507546318788,-1.7516386465763845
-0.2311005378239972,0.9874014885025192
0.014090670194348936,0.2800591298271946
0.38318246763572655,-0.7612199769863317
0.8821348415860129,-0.6357700393418828
-0.3396140101849366,-1.5340012159014491
0.5827115719325894,-0.3162155615549352
-1.1776484314171771,-0.9996804341214615
-0.5022421067188811,-1.0743115739881592
-0.7473628243395405,-1.294993395621393
0.32721059623804594,1.1532155613466903
0.15268183884076825,-1.782289787888817
-1.0249130820366534,0.8487504769296189
0.740831064436518,-0.717281339772383
-0.6463007677813374,-0.3955918846478973
0.5169596917158589,1.0809406620965516
-0.13300191627081814,1.6531828062273208
1.7133342941000316,-0.8140268846565283
1.4247791655070627,1.240676829086636
-1.9331751913299402,-1.0268575111048948
-1.377265098661118,-0.19576208638716203
1.240697245813955,0.6149463819769702
0.4046316586568784,-0.25094723260936674
0.2874938390125818,1.0166550407996167
0.4497135097888163,-0.25684342861602344
-1.96076341952593,-0.8484401685800405
0.669550829548608,0.9190059198330286
-0.21927766325562506,-0.9046970646691689
0.6118755675525782,-0.3283561075136321
1.0512377008389542,-1.3781738782612074
0.7108559666114537,-0.4618038434303156
-0.8058345388750937,0.20219824411543394
0.6224066597033142,2.50287595454039
0.07877572713165168,1.7732612669079386
-1.2361982686011703,-1.7761127817640585
2.210173116312305,0.6628218866030983
-0.868501918142791,0.004699433692396367
0.17964294936018493,0.26935971645377915
-0.9983349965329853,0.010858293530401764
0.08931888930619251,0.06926297324683682
-0.20555742030048527,-0.7919302944323223
-0.8081021409733179,-0.4085667830665129
0.21055011269160595,0.5635606410862386
1.6986375095010746,1.44172727285885
-0.3058928033192984,-0.27932501825052947
-0.7818652257009695,0.9476060546345545
-0.14811594028152855,1.1302230040483312
0.8433934973733489,1.2649460989316645
1.2153025918310627,0.912607616054532
-0.13031441612758535,0.10621933886968625
-2.8903946640692895,0.04596120798880618
0.4641400727484042,0.8245350632281994
0.19320308257885047,0.8725415852451501
-0.5028490144103354,-0.5636372185853897
0.4742381243107949,-2.6549098964260893
0.19214024627046167,-0.09334006542674192
-0.7750325570727136,0.9294942938340783
-1.293205067268225,0.2686714771100122
0.8009084846670406,0.14178436884731835
0.38369803803288083,1.283160383092316
-1.5014509793699171,-1.150290198357823
1.425249554384035,2.2843989524330506
-0.9916751831991472,-1.047502807804302
-0.2918293538105169,-0.35205856838141153
0.48400204582634015,-1.1972447311259193
-1.3159347433137483,0.248670778975717
-0.5987493332302438,-0.15915359013558766
0.20975573596167976,-0.2439186576040301
0.1372754830813301,1.071334844093998
1.1670708362454907,0.7778907907332253
-0.28047627459181595,1.4851855410253902
-2.037640166095989,1.5914383940827261
0.6737896862586623,-0.317170849886603
-0.6835317154377315,-0.2173000942892032
0.7132676643334972,0.6500625486344477
1.4923594364535155,-0.9554593215373394
-0.643078635787097,-1.3124518167229127
1.0393788376612132,-0.07535655016116999
-0.0704483536676543,2.5387844735410043
-0.08499331467435296,0.03322637211945516
-1.0648205105164457,2.814588438863453
0.8649310756259755,-1.01638114841079
-0.42428149590954506,0.13603837476524736
0.1647457299862637,-1.1702092875323142
0.5946517115323384,0.25191560049047806
-0.42289120009522363,0.34062507478933723
-1.268034556463618,0.3314434705767888
-1.3235458824384427,0.9207511938600299
-0.401126057234359,-0.020000168462946548
-0.09091998943158486,-1.2456919853354842
1.360981257767402,0.49136655234389387
0.12490007001096286,-1.2322709222386132
-0.16791430826638384,0.5085260745577033
-0.5142080830845297,-0.7461692156720974
-1.6895199584232585,-1.1503766453526583
-0.9681738494876849,-0.1978579364734776
-0.551864036121505,0.08882304142027367
-0.1368673629305459,1.1570284240660327
0.24527696639688473,-0.043234076628608994
-0.11569618433300327,0.39102624398203134
-2.143937069074153,0.21699759137977373
1.5793940599359755,1.4151104375764172
-0.8990298017495847,1.125046263413665
-0.21229427130111672,-0.8042402728876217
-0.9167942631460776,0.3574533002344547
0.16127668966025432,-1.1233060056035415
0.9543085898573863,1.1082368471674966
0.10889583323076521,0.5329976369216494
-0.1766015460022691,-0.8974762715287128
0.1294704196693129,0.8234571208402995
-0.2985334094088791,0.48022015802627704
-0.6489972320749137,0.0728723206244591
-0.061424435497576674,0.163330356160459
-0.00046725725094396423,0.03548416181060331
-0.23834400096789102,1.6653116972608493
-2.4283598329957834,0.007964175920637645
0.3259910077943985,-0.29649125138425975
-1.1536825192680493,0.1386303272327018
0.5244135990891918,0.4567115535246909
-0.5268645305010851,0.9393562892662337
-1.6107192512884727,-0.6606271578988214
-0.7077203735992443,1.968432182150562
0.4248698855810105,-0.7274323098227182
1.1154847219706416,1.3352811409452545
-2.2259486365008847,-2.823748081808506
-0.5229455517476597,0.11832753409807509
-0.42279796139748055,0.5535223312859037
-0.33935581959535627,-0.2140420006353361
0.5279728773913535,-0.21086427474331337
0.8093295684165241,-0.20884794523174882
0.7852127739893195,-0.25507587946220367
-1.5292700338091363,-0.9894010780417666
-0.2616247005742036,0.32690544418516243
0.030295442358484893,-0.19624784428210137
-0.11701692581559488,0.984462235077687
0.4982652788303955,-0.19957528157446092
-0.06506950242647766,-0.13267908495319997
-1.0007430855920008,-0.25142514047513553
0.34237339627773306,0.4689998239451963
-0.31241119348496516,-0.7399987220005928
0.6983498893373656,-0.65318117305547
0.2978908607438286,0.7186864299747983
0.11328691882726837,0.4418870858814084
0.6450432660735989,0.5948645718690587
0.03556112043261999,1.2600049242325542
1.461228801641284,0.8694165918877399
-0.9248055762465033,0.8146260451165392
1.3347746943447978,2.43358937244447
-0.017366662287946994,-1.3875178852114718
0.4233974596930376,0.9407548350168933
0.09214170012898582,0.8354630673008564
-1.0051986433969025,-0.09370175074727517
-1.2096389226649515,-1.1084320939066297
0.39121644415846685,-0.7013235557207025
-2.724530147710444,0.5704102076799782
0.29072815876939656,-0.2282173632268253
0.2882084640906354,-0.029641632742314232
0.9029381055331916,0.4967224741707479
0.25981073305099417,-0.29021553571379033
-0.04988641411703188,-1.325538755337956
0.41913498548449385,-0.14285548132093093
1.9218080309881644,-0.7917128978072602
1.0271457607801064,0.5645444325310617
-0.9473141696787621,-0.2678761378900608
1.170569122714042,0.9046871718824947
-0.3821701969491115,-0.7706456582087747
0.7698651158041501,0.6546379887186256
-0.5988202552046601,-2.278594223761971
0.05178125072111373,-0.82461878548874
-0.03359705990918646,1.6512879505898848
-0.7890666608212641,-0.17178377715994522
0.05768362779608702,1.0794163073675715
-0.7370842400681886,-0.8136707887640515
0.10192857123341521,0.19367780090963557
-0.22369744327227617,-0.29195486236187856
-0.018027710459657453,-1.507931216563815
-0.12397544859323116,-0.7775799361076727
0.2711007402235035,0.7929672818041804
-0.6426103872515263,-0.3152861843775998
0.11916303644668987,-0.45568169048181795
0.1458133989342802,-0.2763386601794979
0.4500585447161725,-0.0644063797159061
-1.3762556943509234,0.3451741483018153
-0.06938715274062314,-1.1358693008744265
-0.40542664775029624,0.04084835958239292
-0.06749094934165689,0.9886386995122614
-0.1531772671216263,-0.11661550571688441
0.23322789335856234,-0.19746648353692361
0.08334216606683052,1.3062208864020173
-0.9004812699306188,-0.9249248296455749
-0.20949766628053532,0.4833798053799351
0.36166895539620425,-1.0250903405097858
1.5204228523422518,0.3364525663143696
-0.2927570119893673,0.029364745035046772
1.346904724137356,0.19046422619880748
0.5326112852835339,1.2923205294622475
1.1211690537076,0.17593598208105252
0.5589356859116581,-0.6332845302541493
-1.2231787048682299,-0.25509632422029294
0.5296693416054855,-1.8122785762226947
-0.3652491999449684,-1.7158842305235136
-0.3582457118887144,0.023177073566244717
-0.37787780421247724,0.1066045258604754
0.22334947233888705,-0.30143053449872803
-0.3177986839463824,1.7026008707642297
0.11727106601766416,-0.39130517232416795
-0.05285584112171014,0.8478715675840527
0.6570687053965538,0.8990351771977593
-1.3230675135114418,-0.6225627668832519
0.4330257749548954,-0.8793163337758306
0.17224116535456727,1.0339588021541415
-0.8183183120286788,-0.5335707300571969
-0.6127216203785563,-1.3468397936960421
-0.018672661137042464,0.38778133489582634
0.045152732311418246,-0.6876835024979833
0.5515491515818641,0.3276373954500573
0.6684355148407378,0.8805250398472649
-0.3639978052407378,1.4392448862581153
0.8867953824468218,0.2962733171528067
-0.006644698827934184,-0.9799605179274257
1.7196972630531417,1.2889917441851062
1.1388670933927107,-0.1677349772651843
0.16337163955589926,-0.30926147285076244
-0.903205501839603,0.20877515363907165
-1.5928472619083145,1.1527957278444625
-1.1951597109949414,-1.6888325631217114
-1.323629990495852,-1.1144396188734316
-0.015569652916670547,-0.2810704947238465
-1.377011819710429,-0.5445546978778109
-0.4184707296904287,0.44935272346222355
-1.6428463320759148,0.379676830716449
1.0339851362839259,0.04297541500893063
0.21138971655537395,-1.014068425135205
1.4804455634794287,0.48960963366395766
-0.045362325984014525,-0.09080357816381308
-0.08338896478694152,-0.41834770274400895
-0.1487831143202888,0.3469498788507036
-0.2303510226675703,-2.1244347498398963
-0.6369770304487,0.2641460942830124
1.1220901417089975,1.784111861396992
-1.8273667380392329,-0.004690907516701017
-0.5471541524083315,0.045934927020567506
-0.3600557090556375,-0.4293024264219497
-0.9940269428598699,-0.08576653733729983
0.34459383415080436,2.5850504800766463
0.4920569776850913,-1.5857101023438078
1.534279516635042,1.3443199655941631
-1.4966562312641325,-1.252447581960424
-1.7533517886615966,-0.3832150652440342
0.7049130855267577,0.35966900638035343
0.3745502619142512,1.4700471463885991
-0.4717934366137478,0.6545909415163823
1.4588465690706838,-0.8000093455115982
2.0668740717633134,1.2679363520459634
-0.9215516662204757,-1.3581383113009189
-0.5992189830341015,-0.3262243488163277
1.120191297053841,0.8067751276915406
1.062062005803937,1.9904523956598952
1.310314850825159,1.326615790805663
-0.10104460994856386,-0.1503893146247863
0.0007004366736676258,-0.8786807516478647
1.4988950302031372,-1.43348446641137
2.1928855802919416,0.050986573879198235
0.8570312868829981,-1.6594002875608196
0.5407846641677219,-0.03195136080989693
-0.043974080386455686,0.4915819301360348
0.3670868525986242,1.0286660754140564
0.06733198936044768,0.44167773382677855
-1.2631050991841266,-0.8337882629776016
1.0262133024323936,-0.6933567488322184
-0.7281869595878662,-1.472843248063952
0.29684350947340266,0.9815692285256178
-0.25191644521242157,0.5690313080115785
-0.10359983114112366,-1.1621206413275496
0.2698602399780934,-0.4673409000513411
0.19786094329069184,1.1444778193287843
0.38449756622602693,-0.23123305400351232
-0.6809631813214334,0.25814934971184783
-0.6274865260352855,1.0088319032133157
-2.0844459665856157,-0.11170701916014333
0.5612703074776236,-1.375966977022885
0.2792401431625064,0.01696553607380561
-0.16344651473359798,-1.0629419757478176
-1.4839533205162678,-0.3624554678045326
0.8675779928449321,0.26474804419278514
-0.11770863445132683,-0.434490878201935
-0.657371811943504,0.3953694344300424
0.6543811636040838,-0.389769440913444
0.3672213119425126,-0.26586435370390166
-0.5721262220712665,0.6000398898312173
2.1487997223034463,-0.4543289394240112
0.22657968935921055,0.27921080226815587
-0.7397324590252985,-2.082073758559554
-0.4678826084508492,1.5446012419836679
-1.26265481019103,-0.42763468481936306
-0.7496645601473269,-0.139182866629544
-0.13305134404611052,0.08164289677315506
0.22015326087348405,-0.7824347492113382
0.5014694754659043,0.716009715124587
-0.8567498089217701,-0.1371028053799581
1.3499132782130117,0.4666162059777269
1.2283676724062542,0.25028222775182235
-0.25196232092236504,-0.34375098470484533
-0.25336011697861804,-0.5793811293223177
0.44184032475574403,-0.008227812730580066
0.2244524152591438,0.26245001266019113
0.6357575945883855,-0.8912565562197584
0.6819612574401642,0.28443859737902394
0.40249336749637527,-1.730826442637834
-3.3462594931653187,-1.5447678964157332
-0.6608513020735529,-0.34960742107299436
1.9265038824625658,-0.34540214062953417
0.5275722994478799,0.2826475781957762
-1.065845423116072,-1.4266043714269028
-0.46566569624334536,0.9188581550888123
-2.1330264901203386,0.00023428384761614386
0.826356713188443,-0.6238910213701999
-0.862967852765818,-0.01716025405436987
-0.8828473192134961,-0.8275028764360072
-0.41680831491043874,-2.0181860282636253
0.9474369594576646,-1.6872686288908811
-0.3597729288214674,0.8285455825804501
-0.8112981914353663,-0.38602007252500803
0.4262889440019162,0.38232594536631387
1.5130150301434844,1.0419078755570335
-1.250063841397984,-1.7084802383049547
-2.192454345023018,-1.8456346097430718
-1.7349255054737673,0.6936739883898984
-1.8738708000020174,-1.5254242685098776
-0.8008649656217066,0.8730575314196214
0.7222255300620875,2.274431387415138
-0.6974241095483763,0.039113420346752616
2.0315338914726575,-0.7068804327556781
-0.9921377533433147,-0.1843365990987376
-0.5356583361663648,-1.8758862132780199
0.3260576082894215,-0.5951502245391506
-1.9417408829609677,-0.0816984249991054
0.882916511421223,0.024182134792233287
-0.6141280317387049,-1.2423392159811752
-0.48204792865141166,0.6207602742646028
-0.7458521165719415,-0.14787703923763074
-0.5561280640874735,-0.02991306551281407
1.2242786510782815,0.512335787470771
-0.09045550943939559,1.127965651924572
-1.9061737792828966,-0.1893268685690016
-0.4120604408141973,1.0475138682069642
0.1647643197182143,0.6659095222233107
-0.625577039986303,-1.4707116985917998
0.3600849895364489,-0.7419390182398701
0.21089064918150804,-1.1264822175430687
0.04367219872359337,-0.29507605837922174
-2.2880262147499892,-1.973592154347215
-1.2839403661530044,1.2309729024617446
-0.6673543500817404,-2.8120626689275348
-1.175091557386579,-0.5178678225785212
0.3116771457632328,0.11867225879317798
-0.5690244402212671,-0.7809155305252279
0.2929153369101491,-0.610426963449952
1.8559373319754577,-1.2576142043532537
-1.3174532719783174,-2.402959314496143
-1.5232130297339934,-1.3880876213688962
1.6524493772319102,0.09535577261739787
0.940226063785385,0.2675809215858113
0.0019056925766761474,0.3796914607108965
-1.3755365486494027,1.2000157439489392
1.2339065832621603,0.5495341212384085
-0.3701922426009388,-1.0747846562945604
1.8870107789050246,-0.24608704848920054
-0.8571091965038323,-0.3711751221323094
0.81643136389784,0.014291105452905115
1.297582470898223,0.7660991559970897
0.522904293219718,1.3248741284533658
0.04576613723924173,0.4360339328133462
-0.11697960507515968,-0.5372513966857385
-0.23909607543410494,-1.5499784597674486
-2.387282135353523,-1.5059120254927034
-1.049609660926044,-0.7271252509448979
1.540169844634825,-0.7025332379838382
1.4957067086347162,-0.5758891762139209
0.22530798263466834,-0.6900225782087952
-0.4747774276799536,-0.3694897496726073
-0.2958625956576954,-0.978281722421271
1.0017147265594089,0.19535131275059503
-0.9488000712389366,-0.6238266085761818
1.1483453107927593,1.550353850053181
0.3640805583652117,-0.19686063085086336
-1.6391101076854635,1.2574122171997721
0.18815707869786424,0.5953581465041087
1.394885192160646,0.40204509802205385
0.9051660950380988,0.4898495625508981
-0.38210149663604553,-0.33610411940204477
0.34342339553985707,-0.9454964102012355
0.06315701435822021,0.9145572695818562
-0.7988833878891842,1.2872252249667062
-0.8707784338196501,-0.6038877822784365
0.22261942552452385,0.18342544448047735
-0.3125588599710545,-0.9375939165057668
-0.9523100324860336,-0.2924864670515899
-0.11876662878372427,0.7187177987483535
1.215159218350427,1.134942353723896
0.07692778196312197,-1.5484902747330365
-0.7389359779280702,-1.6960158363252664
-0.6691682268674032,1.8964291652875607
-0.27024784444012667,0.7764968334453003
-1.4671135841977614,-0.33832433892900204
-0.8958533087501275,-0.26993062225451964
2.1005206117329043,0.8179100572133423
0.1786403683182956,-1.5933048287887137
1.115760907149384,-0.22577964267274026
-0.4337860351738392,-0.9431034623540271
-1.1595260497112554,-0.3766886669018512
0.8820675677982809,-2.005432654443897
-0.5009634921048314,-0.09308372186826597
0.6616173232430291,-0.2925053923606254
0.5813855849402539,-1.533235555696028
1.1904965866707111,0.7690603539026664
1.5475052605259856,0.16278624830102462
0.5115658337860215,1.3264838842192093
1.188969402518158,0.4894539117890283
0.7209898210712951,0.5062529645548393
-0.2952635081587288,-0.3258656665376656
1.1640166062698845,-1.1611737803895172
1.7104500559075286,-0.3429719554745564
0.3385791925807732,-1.155545105036655
-1.5384575898801214,0.21229163092701508
-0.6404791478086432,0.027781178632492957
0.9909839082819366,1.1052156661922987
-0.3371484435259237,0.5718378149482091
-0.4204139311494939,0.14185568550206357
1.411461262995562,-0.6159433651388317
-0.2722079198371201,-1.0300698937505266
-0.2881210476429073,-1.1106552556982348
0.655188922065598,0.3083025830666841
0.917866774312027,0.8773051737408631
-1.172502031796659,1.490757735759692
1.4667331556898393,-0.036410785188313095
2.0722197201419474,0.4647984698412112
0.22721248450512604,0.8579700804739868
1.5372490215222132,0.7973029192109592
0.45558745290393327,0.779005216592645
0.18524161680388165,-1.559082921351588
-2.817099753526753,-0.9872410670137601
0.5087634368464735,-1.0660368797390014
-0.13189156640119523,1.6021811796393328
0.09733355018937236,-0.24061677694624978
0.3334804005970683,0.23306975194749469
-1.7977285171908908,-1.8993865935887169
1.1468690918754627,-1.5253247214405712
-0.9238368204459898,-1.2628550492364663
-0.3843053169226546,1.5769234582006646
0.7076184617834214,-1.4721387136376303
0.22732261274660306,0.9175959862511638
-0.447434923549814,0.4507587027030202
-0.3544770913586794,-1.332840578621071
1.769110486388695,0.3860831989152392
0.5715975573818275,2.1489022981134545
-1.0019320611555675,-0.08395345417284195
0.8271806554410507,0.6607669434570993
0.28855515918472563,0.8358874496055041
0.04309273429899816,0.6518365413678392
0.2999082972313416,-0.909847133007349
-0.23337026550139287,-0.8747018706949757
1.5928042397629787,1.4472903015010843
-0.07777534655519565,0.0572151652254224
0.4641661229573089,1.1461727880368273
-2.4959082442979352,0.342944037397769
1.1577650126622037,2.652009791622297
-1.515992531070727,-0.3873969527188442
-1.0718996246199433,0.6567933792381462
0.4584635761300917,-1.0939943408707788
1.8522054452034153,-0.06232613789993628
2.311141169478622,0.3143702356407594
0.4740030400743802,-0.35196251050205557
-0.18532923270114093,-1.2219213858757068
-1.4002330643289358,0.6053715244849389
0.30688738920394165,-2.7282155805215895
-0.22920509964897098,0.05368145572880176
-0.41095773580121747,-0.6362041949716521
-0.5890357436192759,-0.04655987597249658
-0.12018979734091971,0.882645951613316
-0.8421073603900898,-0.594054870143525
-0.5119059670985047,-0.8571301573191387
-1.587675011795927,-2.0886545574066826
0.5344388439427442,-0.7754262918890594
-0.4426499197472701,-0.4173536589050466
1.0774307423002265,1.4236126658991417
0.8714972813605146,1.7548024512813558
0.5696385231689451,1.1296139865688515
0.9203515926860031,-0.8189652273786223
0.6485255309714693,1.640819859145004
-0.23192694109273276,1.1571886649400285
-0.17982328588492066,-0.0744549329248573
0.8410968925897413,-0.408675985440677
0.4524967630674758,1.7067280783252303
-1.9572498918878554,-0.2274770619827386
-1.1245120903226886,0.6924006178248523
-0.39710011318832633,0.006274566601524955
0.0867695659370079,-2.4962476436237027
-0.3945245998237958,-0.7570563431233596
1.4530405583267478,0.08474359761567234
-1.1415782185192198,-0.747831685518192
-0.28804154744355737,-1.0344514078740548
-0.14190702751018622,1.5602825004298355
0.4823412661734362,0.3153375305463836
0.6403125694272764,1.5025575329736574
1.3526088552450615,0.27957498574793327
-0.6345223061684668,-0.6556372066394538
-0.47312876874212273,-0.1753518344342521
0.46989872525994847,0.2547396992507205
0.14612826404534102,-0.9047367557776865
1.7013560220265778,-1.077811804212626
1.4639402692340053,1.8269090960617531
0.23077888666946814,-0.6983266869753499
0.9041406170035459,-1.0472781009988341
-0.1930099901808562,1.8949373536405825
-1.7979984783672143,-2.736180807410424
0.9094850170159927,0.11687066098500644
1.4350530462257611,-0.06754335943480157
0.6699486700799279,1.1774633536264494
-0.0069745952142744065,0.6615679524084402
0.028092053878401066,1.4916309535362524
0.7743338054146989,1.043700787205783
-1.1497424989351754,-1.0846606988541057
-0.3810695236703876,0.7142700430227972
0.6156918695547166,-0.7143366894653395
-0.8502605936661614,0.49603591198631375
0.06353941290276877,-1.030893668814132
-1.2921756696352082,-0.390150276365941
1.1865635423433294,0.2686707450937708
-0.3413668906344864,-0.13255315397676892
0.02279110907024468,0.8543977013581462
0.20991030523888465,-0.5302275449774109
-1.2233579771844676,-0.7084234405221752
1.543987516588713,0.3409669401916222
0.8841355951604548,0.6337736250816698
-0.8855768954757263,0.8454023523670962
-0.2717830093375234,-0.3172890114123727
-0.4214321748237441,0.46569464026273955
-1.2931782259720883,-0.5136733714437623
-1.237217118258882,-0.34398199798216816
-1.4904195518557835,-0.19460350812356222
1.1710792828562469,-0.6278315694358955
-0.979482626357026,0.4883889295428171
0.1220905242571968,-1.4239425907800607
-0.5758746603766145,-0.8385177079111716
0.8082663508234814,0.9526656688209403
0.5123999016463645,0.4757469206834943
-0.47542616887963535,-0.6023664585674057
-1.323415194715953,0.4533768272053681
-0.046799079532445706,-0.06710248336169908
-0.8468945467741413,-0.8098047387124214
0.21914088331981876,-0.8789960736276441
0.9560526690735384,-1.464184082208366
-0.033675929834855296,0.06122951730213259
0.8311180242876963,0.6952639790736359
0.432786910216579,0.4823708909554966
0.28908544856037643,0.21936498404128088
-0.9990201435919532,-1.2266055850269195
0.055520387087275386,1.4813437411420376
-0.9062708594308544,-1.498233023559249
2.291432578638625,0.9126527154657864
0.4985599983996878,-2.5230971386267256
-0.7048058684753499,0.8945863526282266
0.5679382114126744,0.6216864801154521
-1.1658442596998544,-0.38831687498926487
-0.9399285831945716,-0.870766565300986
0.007472060058988132,-0.12418958821811128
-1.1725514285108072,0.4366665337525758
-1.3327516140427895,-1.0346450358293393
0.7810168871082215,0.015308270781147998
0.6264059055118675,0.9751896351612386
0.9698364773603388,-0.25241948616285065
-0.7082871744049957,-0.20773551329517695
-1.2741630233153498,0.4647336070518263
0.0596531256700241,0.6577316967060703
-0.8272007381442609,-0.3599753879593875
-1.1391476104841214,-0.45565157701535897
-0.6198610266970963,-0.32918055565199306
-1.3614497296411825,-0.5284050550610424
0.16253685934071493,0.019250947204291036
0.4991939113529491,-0.5691680966440367
0.6251269439081043,-0.22910580524129848
0.37491853179790113,-1.111089798410091
-0.42092554040943186,0.9744968767956428
0.6656840323930022,-1.1689020416839015
-0.504433633375572,0.25374235180561594
-0.059474641119870546,-0.23487699799665768
0.37362050615316045,0.1421966792427988
2.068575318495968,-0.15017627781194326
1.9562462286556404,-1.0318197759106214
-0.1549296936744735,0.5125116458215564
-0.8168049824387974,1.796184460633235
-1.6721165375228624,-1.5103784564284404
0.4825403364300295,2.491192682264833
-0.05952436049082847,0.3722142358964143
-0.569573578442447,-0.17706842899126438
0.3935845278031395,1.9890093723120243
-0.1554051530799271,-0.35190709046976953
-0.0825039236461641,0.36788316976336144
-1.1754719941098837,-0.17805363797083001
-0.4968121348896744,-0.5271018083226935
-1.331242282443327,-0.20831391245124747
-0.26143279357555316,0.5836332482635681
1.457099730776323,0.9577190833072913
-0.3248409090777778,0.7382535076777297
0.8210448974631797,0.33143807549284937
0.13944107948283424,0.27251272600588
1.626481308619765,-0.26319342568155
-0.19649284172851567,0.8549755259667845
0.0757523300692612,0.7281953852827305
-0.3386118755160181,-0.6225780853063063
-0.9095278088599192,-0.03755075909984351
0.4103103914558063,0.22949819426446896
-0.3340064469878912,-0.8759062677046109
0.5334579502387946,-1.209831406625906
-0.6305747991694542,-1.8528033091654361
0.9390130347332678,-0.28029436911378913
0.08816506765305396,-0.8160090313283119
1.749202318742595,-1.4184049462123929
-0.5293387823006602,-1.3599917695300534
-0.677254970380532,0.6385836215976871
0.21354698842402778,-0.7826623191418556
-0.9401450016262746,1.1079102838204746
-1.350038697652365,-0.41475742005842414
1.418315291167958,0.6649034240435254
-1.2183046124678423,-0.6062281236281476
-1.4201907483982124,-1.3048128364485938
0.8187339450116985,-1.7078765173937165
0.06692619006512047,-0.948084501683924
0.08282077006567946,0.8567467398016421
0.7401545313179202,-0.8522411513481538
0.5305789145065838,-0.7825750574319116
-0.18220996206238985,1.339471533441721
-1.0610337710692308,1.2853482718919222
0.6084332897625092,1.3704020660078455
-1.8466641933827583,0.11150621560603738
0.6313723875237215,-0.26354566316482014
-1.7470223498069886,-1.0241410520056864
0.6696290542887834,0.8350839964521438
1.5330082554929279,-0.6372042478415111
-0.8418434374845201,-1.4114703539366793
0.20668573136625723,1.0313931430159382
0.6679406365570295,1.1024728336940885
-0.7010581637715231,0.34008838106900663
0.9994586118252476,-1.9818387764188405
-2.2874853485614586,-1.2083608916729063
0.5024449736855578,0.45152647676006125
-1.6321715686528746,0.9322868566190315
0.6552273225131627,-0.5581705713457636
-0.4002963055695192,-0.1286434046274727
-0.1946258932221969,0.12246280302321967
1.0056413572617113,0.6984561097367133
-0.35767577759194896,0.9477137730465289
2.1343340295924897,0.8132187560250641
0.7387581537366102,0.6115192485362538
0.36328996488726584,0.10603092742870288
-0.14351910430085948,0.3138523077933662
-1.7041422408945641,-1.080966605827032
0.6300825550892084,-0.2735311307880663
3.254924723819458,-0.32964886575016894
-0.13856061345170165,-0.6975516246350899
-0.8559029575502987,-0.7982009340916867
0.020614982058944832,-0.08881220804557109
1.8102127257281695,-1.9722688241986128
-0.08440990020751864,-0.29103569217424097
1.8500519635628607,-0.8964093261988555
-0.26103341282345494,0.3037526537312445
0.28142477205761157,0.3407049717592968
-0.10348085442553288,0.05794492933627381
1.3170109920263293,2.1975019631063484
0.12796622567746385,0.6399426324688484
0.8755927387396599,-1.744792992921274
-0.8927279606220361,0.9345741213478339
2.1729302440901987,-0.003297282345719429
0.812956241168962,0.06768559266662186
-0.4987016522676877,0.8994631804611635
-1.7287907499731177,-0.05849061512471629
-1.3384984052170423,0.9096816117206177
-0.8870732904241934,-0.7952896476541683
-2.0983505194068774,-1.1377849008881193
-1.1003789626730234,0.13691178216484565
-1.150092516876788,-0.17342967923419106
-0.5344294970695821,-0.7090159387077052
0.25642345493673047,-0.27070786279535897
0.5899221253304222,0.8185287925370486
0.6635539897889382,-1.5863245356792495
-0.24202218248654112,-0.16458158290444716
0.09527286181782516,0.37557582235200054
-1.2716466231598038,-0.3432354409222754
-1.1640605235507062,-1.0440013492264641
0.9362443764023847,0.27004886705310305
0.5751827434907905,0.19386558271321444
0.5059218096335037,-0.5812207698995584
-0.10742917702944446,0.8212565148700338
-0.2752193436068788,-2.448915097308626
-0.4719275942273929,-0.6237806428477687
-1.6096392350439341,0.3390323007288174
0.8714980011662131,-0.7105939442750265
-0.2547258911051785,-0.7275193450635613
-0.2361706527060167,-0.09677893768047431
0.7045373186490659,-1.693503075969772
-0.3465954652130171,0.5038711617509901
1.0491075345340246,-0.2484711454437486
-0.18735609904714864,1.1610397086736521
0.23027924218564452,-0.8504122688624096
-0.5903078868971426,-0.38163358058238805
-0.3000206151901714,-2.228932381999378
0.08499330365132728,1.1943683228904032
-1.0446035694267242,-0.20958913242702143
0.6889436403064092,-1.300728399651611
0.3691816223655592,1.257532576932611
-1.4681864878768955,-0.4878408160691604
-0.445820725401378,-0.5063283403261434
-0.6904910342838932,0.28945742538948094
1.595137927564387,-0.8405645238926424
-0.6967632687986373,-0.09350296925567422
1.4358873709900066,1.3888354824088078
-0.2683815761070065,0.7756798668393322
0.36373487365515456,1.8924980997088792
-1.335210184360495,0.5782858908244061
0.2659052123588612,-0.5116169242978146
-0.5988882216475758,-0.8913785362035397
-0.29359866240542104,-0.028812960708917704
0.627105947383118,1.4584277704967936
2.2527875390331236,-1.063709120895393
-0.9659532817806274,0.11671986637394319
1.0882880990062767,-0.12189448979411951
-0.5286196321263121,0.8474015174871113
-0.0041571959903309325,-1.5236030589544016
-0.23695358521688725,0.8216915830638354
0.8165478720954737,0.22697239273009298
1.0946340918726654,-0.10911314205957269
-0.31066787420173764,0.3185407209698063
-1.1256763515143853,-0.10482193304558751
0.4067362914908352,-0.20870411494803492
0.7920174357691232,0.706657920511441
0.09526533350167873,-0.4007468478367163
-0.9865154494461937,-0.009223983399945325
0.8002561655350913,-2.1160052428434075
-0.6222466686137553,-0.4197216540780142
-0.17455669767336965,1.0223063358708144
-1.2304295498218092,-0.5072493741249536
1.0303845234998428,0.36520676781225614
-0.914614550712353,0.01980932375540463
2.0252680395309124,-0.5422782565604878
-1.175602382660323,-0.21694604859358638
-0.4506125221641971,-0.04869284782697415
0.7717470287980549,0.38899405872380133
-1.6200479336187725,0.6097839408497456
1.1785333587036675,0.7289369880214241
0.72962807112537,-1.484718939908678
0.2817581741805267,-1.432017657367172
1.582652252128815,0.3687942536881238
-2.04547102629686,-1.6208271935798277
1.0272474050493838,0.5731534307371967
0.2308810985513839,-0.2925529102537407
-1.0106969181606273,-0.41299841571373896
-1.3523855500552324,0.943525962740637
-0.23840925243106104,1.8272055501098405
-0.11835802400217785,0.2558964739096388
1.0544518673323526,0.06613438520066314
0.6626987806899052,1.4505499350132878
-0.06564701739083155,2.446117151782374
-0.21870277688912432,1.535572048078187
0.2524815871967767,-2.0143289375582785
-2.1266007193266256,-1.0134338282057895
0.12257176317470184,0.7462346878914438
-1.9976805220996037,-0.9440460146602281
1.6189914665404397,0.5876938981515609
0.02166535429348831,-1.0511513073556653
-0.8910641964618459,1.5866976470177088
0.39906897122630897,1.2481112915232564
-0.5735220405251004,0.41611700493835857
-0.8257334570433288,0.18042271352644307
-0.33985888232492045,0.6223858339369482
-1.0782971486011872,0.03202713577917311
-1.4598653501400787,-0.27544716405747244
1.1684255880484073,-0.1507935105147152
-0.793966691824983,-0.03345725144564802
1.031300718221463,-0.517938955544053
-0.7295928279852681,1.6042632908768593
0.41435645232842444,0.46139669527415705
0.20588170682196577,0.1760087697523344
-1.3419510897393583,-2.116362890536471
0.8360389517258828,-0.42650794041111445
0.9885705006272318,1.028183511758978
-1.122734184973742,-1.1902904221238577
0.27391330427791394,0.3590293862169436
-1.3517990116873122,-0.3001787217452056
0.12535466913382537,-0.873549442316904
-1.3120030523942303,0.26931670268182223
-0.15321458153174403,0.7825653466534503
0.529616621086397,-0.0649144400606567
-1.048788162382871,-1.0804400247857102
0.6627732853832955,-0.05792190647534596
-0.46143519784549153,0.451623477514412
0.9469117017220838,1.5377288530857702
1.992569186177591,2.058560583040948
-0.27635197806579354,-0.10262544885125688
-1.838762382504336,-0.26776380877481476
-0.6908884437832365,-0.4737244708107196
-1.4481962860124837,1.0548320258516481
-0.7432863661567647,-0.9377935665007846
-1.049114828978366,0.4279428808785194
-0.5423325106516571,1.5094091692823253
-0.9295457742005443,-1.6422891733431142
-2.1346011663365676,-1.8272749563149089
-0.7491299129489939,0.060836211686444416
-2.7741986503961553,-2.169407166287223
-0.8268565877126263,0.09218522164546814
0.3076575788119381,-0.3438256390389221
-0.1543810771864033,0.945559466187813
2.8265363672792856,1.287468798486875
1.0623301104562035,-1.0616793289162583
0.5009036113791296,0.7668930642601466
0.849900422832987,-0.33165678011279837
0.996532800904039,0.7087280729768553
0.09062597191584151,0.30695911012149785
0.9655298275097678,0.08807225810663166
-0.5143811500751767,-2.7919858648118914
1.8066732747404146,-0.3886816393857675
0.7066408867847614,0.019062387604515636
0.002276694622040399,-0.17696738308604687
0.40300992669364416,-0.2194565614587409
-0.12625720715141897,1.0572673040837506
-0.3889042935033616,-0.6146677176936334
-1.823206736764993,-2.229495135669495
-0.28124056835916605,1.1797235288752366
-0.5430993914384279,-0.1810646967471055
0.2522337816978587,1.3789945476575456
0.7811875760333041,0.37929168077308745
0.9118815698834913,-0.8462697964938857
-0.3962801870803012,0.591726150092396
-0.8053850242280489,-1.130200827971161
-0.5049949943753422,-0.31645076075406436
-0.3631473618398007,0.07340537581216838
-0.6559192920422228,0.2885806355265176
-0.9095220025907509,-1.753404733929633
-0.27216450660429403,0.5575186295092924
0.4284445427208282,-0.22622042024965142
0.570484464381093,0.37502458457286186
0.635304668930863,-1.8161143896728995
-2.101023197372137,0.1716997162000929
0.49357283536470503,1.0487498295725466
-1.978785947497701,-0.49640770672244455
-0.4607113047226931,0.6297579581776656
0.5006525779853623,-0.7022369139060592
-2.134961983695059,-0.97038248725588
-0.28724669742422265,1.8270620236466204
-0.5767682910789991,0.874214709440391
1.81554864144551,-0.3914081574754451
0.9274094311084472,1.2126502134473613
-1.259996368000463,1.9536458378570938
-0.6079400872710929,2.898835287683426
-0.5471484033068752,-0.8512560683197467
-0.45295928862936935,-0.3064223256024424
-0.08447441549885658,0.27557413725712665
1.3416384675986166,0.7396533714159053
-0.3608950800894657,1.3455810790706189
2.122125831054083,1.1011875834243556
-0.2327973188986632,-0.2649001321931737
0.43418158911866295,-0.4341821233839196
0.9637762217579632,-0.030334516656936653
0.7502870597244067,2.096293096867509
-1.0526413406293622,0.366118213009159
0.7323523790579124,0.9736701850708871
-0.4896300771179731,-1.8743905543471149
0.0831255033567265,1.2605770711454365
-0.9121351879630422,-0.1087864392416795
-2.2213372643114546,-2.2753649498662587
0.1757502379655836,1.2590565443086008
-0.14316280103693851,0.2144942905924535
-0.7696026843013056,-0.2683592140321356
1.2405627093421503,0.5367978952089499
2.0143912986521793,0.36054500709001774
1.1102628483525954,-0.39039875888226366
-0.1467532606923058,1.2233062079808963
0.22100482355452358,0.23916788349027976
-2.2486133870337937,-0.4856338372274722
0.49389430186079397,1.3893984741446106
-0.4450678339590057,0.45509758350547924
1.741866107568756,-0.3655507684893643
1.5735547784116535,1.1352544270779263
-0.019936551491026973,-1.5250266660160035
0.2196673101895566,-0.2596513588372711
0.8950784352563377,-0.830990737173965
0.5769094827891064,0.9982215939377779
-0.9962666053945506,-0.3024418302564791
0.25521719287360606,0.16881107438895432
0.15846303841963147,0.05584299671974661
-0.0048789801449871315,-0.13936446752410162
0.18526011211886584,1.0082888123300284
-0.692479544287337,-0.9367167690059416
1.292191218205114,0.4457978226258995
1.1454115458912606,-0.09840319328607267
-0.4322580654548829,-0.7135285024382941
1.6978676936526131,0.7640673983341064
1.7663184022204748,2.519819465930323
0.9761689187243694,0.6752110870208321
0.023916166113378674,0.40925623395697225
0.4920859678150732,0.23908886157345413
0.7142342099960556,0.07338244823407017
-0.31558376134930965,-1.2050787525285962
0.2663018627714133,0.33698267235650564
0.46195008893344824,-0.6870171440890283
0.36224330506998,0.4294304053416635
0.9420949011651635,0.718639690911998
-0.2711899998747409,-0.9657404252041174
-0.7636220205689168,-0.31411386146701475
1.6123145325609531,1.2668596735285715
0.19235673328253103,-0.003007240499639966
-0.9613759387837828,-0.540031310740003
-1.5135438623668147,-1.235130288122617
-0.4803457253284014,0.4885483107833661
-0.7733259492809123,-1.6285804990077548
1.460762283092394,-1.1374317814958874
0.37048832815527616,-1.6760904570433899
1.0884408401601766,-0.9516655594677024
0.9651432324876003,0.7716253472174758
0.8098596464548887,1.179073751479033
0.800056538037234,-0.8821209233706558
-1.4075904895505158,-1.029021020316157
0.8662694103704073,-0.37263435870446593
-0.4794220522513234,0.7581560599426455
0.0995113090986604,-0.7025087765593757
-1.242651237232745,0.3847832999153962
-0.7385504812740664,0.2958817548601072
-0.7358240741690657,0.4746614560816472
-2.0074822444336697,-0.881161185440624
-0.2714008332478539,1.3392627366398837
-1.3190592611297556,0.4321657331015215
0.35778539744364796,-1.0699345680770056
0.09462805233064675,-0.14131453531836324
-1.1578366351740947,-0.1417895876112464
0.6695619954843571,-0.679160471317889
0.43189138336466526,-1.2552856533871488
-1.8321079453967906,-1.3615825526597531
1.383567332735525,-1.064698168838871
0.5687948440467618,-0.1489743032482533
-0.19784578118162294,-0.007539152415367403
-0.6785026818081521,0.7115289722259704
1.254756959733625,-0.7739110487750409
1.4527039466206493,0.3687863329122179
-1.035783957002386,-0.7209711163736433
-1.362744143673605,-0.487697171087647
-0.09467878569955906,-0.010622593766762951
0.04905427562543976,-0.021177841519156596
-0.16869288900063772,-1.1980413539036339
-1.3878873207215565,-1.9710289788770707
2.7936674244881963,0.9288630902494922
-0.6888055380085222,-1.0131118392749165
-1.1621136840699944,-0.7063539528595838
1.6570393986900092,-0.2733064307906416
0.4936153599573416,0.6574424213488665
0.6239799431927654,-1.0401720707781859
-0.48174196647100165,1.49852819510183
-0.36045669916836726,-0.7378310753572095
0.22195820798102053,-1.3667680957055515
-1.606338569520044,0.24127212511101856
0.6343750421786385,0.5795104268796673
-0.49717123410152514,-0.2809819875472827
-0.10075182064460897,-1.8066468104423201
0.3490028680973654,-0.04740486680845574
-1.5293555592200467,-1.5380638439983907
-0.19770174292910053,1.8815934856780643
0.4329727274777115,-0.675073119730536
0.7334707015137159,0.7543815155890312
1.311714282141465,1.7214868568419546
1.4060034232709722,-0.2577651052855382
0.5111623786864364,1.2784412656442015
-1.4598729116413511,-0.16401164499730236
-1.5592679591872212,-2.0822284725568463
1.7605657793474867,1.5166917950087078
-0.2234857835358215,-0.09298162973622096
1.3996069315141297,0.22384739237592477
-0.4677614854764045,-1.1589070315371082
2.8401856524977664,1.6574355631284088
0.18023275893851878,-0.26844634550098373
-0.938215503841213,0.6712004667727752
0.06436397867395167,1.2731816167640053
-1.7505750429086242,0.0569938797416835
-0.15869507295332655,0.9311419514053858
-0.5665929993132125,0.33642856998637566
0.4224025705665102,0.674754832132143
0.30587948472843096,1.3543400004019206
-0.7438928661684009,1.3079544971951602
1.5831705621468002,0.3677644711037161
0.6290820797851914,-0.8288291514152317
-0.16298201197566956,0.22299084932120053
0.7145194560634615,-1.232577024265953
0.9088939200776188,-0.8540348830412275
1.2308370611092403,-0.3080101773975901
0.6981621524082251,-0.16390831240052936
0.006378965405953883,-0.21339758626193073
-1.7543082145008977,-2.354493752857216
0.39593654558344726,-0.5241261490537423
-0.5474422517844147,-1.0919437580974065
-0.15708499420363234,1.9426773744891142
-1.1511958283017893,0.2356769972507983
0.3204954062377179,-0.06876397480982312
-0.41855608409476763,0.08036626638148782
-0.9636316221543427,-1.071369204325878
-3.223649387225688,-2.1495862976315268
-1.14331150123735,-0.5081121916477167
-0.7130443417470245,1.4069827408735347
2.5650668002252837,0.7907637968053176
-3.3548739079920664,-0.2767991676341614
1.6268698640840054,2.3507757761563033
-0.5623203904824089,1.7135496019153909
-1.6097053606285476,0.4134616866545749
-0.010048169142044712,1.6607574902904934
1.5816883824943482,-0.07740615353611326
-0.9180201374821753,-2.1971484147710623
-1.4411182737733725,-0.3391386908737325
1.9629925727351256,0.3618885652872586
-0.23841092435945105,0.3665548007477837
-2.062091516225155,-1.4978034982004294
0.1872204280370899,0.8174006653710444
1.0143171120277734,1.3054633644792828
1.6643970633039842,-0.06258121406453834
-0.871401095419107,-0.5782091754200871
-1.166958365974547,-0.8044627165469044
-0.14174503233378075,-1.1525016740375722
0.30138328497797545,0.2758101714632579
-0.20877606176216312,-1.251932889319371
1.2447043055973794,1.1859521976694924
2.3994650401826663,0.3744348878929776
1.110425108190907,1.152648705536826
0.6159328432465637,-0.8449708827878337
0.41140066959861166,1.8471497949014724
-2.5956868656728753,-0.6250158897533115
0.660743081203108,0.2551197282073181
-0.8780080708254555,-0.6952564953143763
1.9411884590207447,1.7793146721151005
2.0283320519336088,2.3617121861183827
-2.107349069553944,-0.03714419670160898
0.19974818550929135,-0.6999144532271369
0.46370474424202873,-1.1231820350991926
-0.9481187861450125,-3.69174714844299
-0.5100884759428839,-0.4145305990357074
-0.6107711431483802,-1.2495270846019848
1.2368535778938747,1.9105941803587954
-0.5553421992603211,-0.1040255229546296
0.5397235622021576,0.45553662013988594
-0.7903525222195364,-0.48343940518278083
-0.9990918609308669,-0.5220374705024864
1.1245641347510693,-1.6156827106292222
1.354397822668886,-0.29885793679114325
-0.3258949836463807,-0.9290907045564533
-0.05227418878316408,-1.4663886899417127
-0.648365911767894,-0.9927615120906041
0.6376169496011326,-0.7962499860486126
-0.827437254951251,-0.06513314638307074
-0.8392944417840104,-0.5127010465021759
0.951942825352632,1.8075547036608735
0.6975673767811573,-0.7392994348173797
1.3100425012145558,-1.598803143501771
0.02463655028796369,0.08103446662752128
0.2767275763023611,3.0437657114934082
1.0018316880205107,0.4874123426363284
-1.4050409919514641,-1.088616257574136
1.8044140536722255,1.5160701318075547
-0.514297830993405,0.04936154250092898
-1.5336618338505534,-0.4741899908615338
-1.1070203932039697,-0.8170371869683756
-0.7876270977468827,1.347683852514071
-0.46081849437245986,-0.910324724681827
-1.0037499142007216,-0.022743626619751517
1.6425311970700085,1.3254967302534784
0.145017594944691,2.1785120839286356
0.6111424869620852,1.1197198025854793
-0.04057460718810847,-0.8993682610709002
0.6369121890882151,1.0178669705557866
-0.06097974446372102,0.752969898102703
1.1717583290542448,1.8703964985025636
0.38488382133382143,-0.3311293850681904
0.47880341010863764,0.7416538888388982
-0.8457272943384958,-0.2795757212779489
0.5255780740936523,0.39031548157063367
-0.21147434010518287,0.658747858861388
1.0023552924094137,1.0047879653647305
-0.4203955482680581,-0.6112366385327037
1.614347357917508,-1.7657086895666492
0.8137894301488716,-0.21705000878234884
0.30579149077845114,0.9308842722932337
0.22754770910589228,-1.4374035584461982
-0.3134388822795655,-0.14578801860152593
-1.1233378757856043,-1.0655908275246244
-0.2102575404165811,-2.3776494694658123
1.0042647895084122,0.4477506174607104
-3.1353096257269137,-1.6021979074200308
-0.261573574171141,-0.3201382550989127
0.4578924736610725,-1.12921177707729
-1.3877580303975992,-0.47273091630139125
-0.3159492969197916,0.7213398174129827
-0.14330166061663294,-2.169094136733331
0.027934174901656547,-0.26004545069644835
-0.13100757989046063,0.7700153876640853
-1.941966640767673,-1.175055983529423
0.96115996716355,0.33917324371438906
-0.5259924729603045,0.5666975747516163
-1.403429464472091,-0.21846077850559356
0.041010768089983156,0.3020900450305055
0.8118076436639204,0.004809956537206273
0.7457098602746124,1.4368409781558766
1.4648976551316462,0.08791088001195996
1.62232025932799,-0.22372224670238372
0.018214643744411372,-2.5353497150581217
-0.13016831847285623,-0.14710857014261028
0.8312415837290223,1.681378719361102
-0.9494001436493975,-1.4906739550716046
1.1757077292612637,0.3182074714588838
-0.7781083411790624,0.8964999106589322
0.024163182231492622,0.9076578901192087
0.7998571325285404,-1.0358581329967844
0.011463035206660442,-1.9044664158658016
0.20734700381738602,0.6800256713456814
0.19921235685075112,0.8180796673951745
-1.906428221940656,-1.0209019611962074
0.25017364372387324,-0.6890115360237289
-0.7144467496276821,0.3768751840549541
1.4763216572621827,0.43825447583722954
-2.3370988445184735,-0.24628129776915347
0.08342778908102633,0.41477713166919544
0.8872908400076547,-1.8138904814726082
-0.34360917741117625,-0.7247204253914244
-0.2843470542476463,1.768573875401057
-0.6651710886136555,-2.0383612113887937
1.4916317695312185,1.8820308441194515
-0.3434027071229434,-0.2495468766873547
-1.1870579384989608,-0.7347739206817823
-2.1165341337962427,0.07703806783365015
2.4457272807046686,1.288518663345622
0.031647807225538165,-1.619981669935239
1.656324007940063,2.608935780801829
1.6846264652632112,0.9291212155419204
0.15604812077796992,1.5135042079924208
1.3672341185181311,-0.041263279776901945
0.4538886592937276,1.4569088853510517
0.8186478871863435,0.17697740873213916
0.1563365656326345,0.40337172600705024
-1.3583101964584592,-1.220538712603652
-0.8080944844001858,-0.501834219214824
-0.13367829206957874,0.018027448435054966
-0.0669709346578298,0.9474894421883845
-0.5637093974618518,-0.5862999877472803
3.4099310699716794,-0.017292305335303286
1.0649567745183601,1.2030968440752527
-0.6727652472766527,-0.12222732860474599
-1.0508424859805456,1.3629949938431858
-0.06509577133747499,-0.8470768549241308
0.5797030009660372,-1.3905812463837952
-0.5983457862731677,-0.09687380256054771
-1.0376461485384223,-0.457679644924824
1.782019586062855,-0.5643002461851099
-0.9247789606929311,-2.373226706718535
1.9403534378910028,1.8124192462957915
1.3076765865977413,1.6555305529591853
-0.002901018509639421,-1.0270140805811094
0.14729214516639214,-1.553678529921297
-0.40720341094827467,0.7581139622270254
1.1740656391650928,-0.4380208849370352
-0.01896941004279641,0.20973870385665286
1.2473631008477275,-1.5233632070130116
1.3053627119701188,-0.8460279361580391
1.4175983247766826,1.0579547642689846
0.14464137292666868,-0.5769061001395562
-1.2763244899663504,-0.04795284672834786
0.7067432771797707,-1.2094515918353217
-0.8297772090765102,-1.5697488757452613
0.8075835588251056,-1.7057856405348386
-0.010290412738759577,0.39512434552378917
1.6391072443313013,0.946052782132858
1.072190050244289,0.8077183106306742
-1.157199866421881,-1.7747431089972563
0.745387899761439,1.1067015341535826
0.5738305632815431,-0.9983283587184201
-0.6689846421030669,-0.08060153212842464
0.4326046834870298,0.7741930667516284
0.27021027629220595,-1.2175891379119579
0.7667976606694988,0.34659615225738094
0.765333161117891,-1.4993689619757316
0.4878735668080922,0.04873660109294484
0.527752246976961,0.9270743587130293
-1.0044342087844988,-0.8206284970147362
-0.14328651878377924,1.2402085295551883
1.1343091963549892,1.4484667603426786
2.1108648307767606,-0.17169671224788868
0.05936366359939971,-0.3284890285654717
-0.0587006822635363,0.7649471555778155
-0.3988784269691513,1.5901793107309317
0.6627593829142895,-0.04383140830377671
-0.4033037927672382,-1.66773768776709
-0.7622210869355258,-0.6749491351519192
-1.5623980337005114,-0.7509942521275033
1.0328371416565125,0.1532583096262341
0.1537773928162405,1.535202467465643
0.5770786255205199,0.7719198201360044
-0.8714369224853253,0.5575150584163042
1.2419109451684291,0.41762734550588976
-1.4509243162285328,-1.183532305645883
-0.014352348786433612,-0.8860768530908025
-1.0918992238452099,-1.1588707846494608
0.8510621204062045,0.01753391864433913
-0.12195155596433183,0.1873343694000435
-0.2033244844128527,-0.8226375953699802
-0.3037527257950772,-0.7277542197155212
-0.24019463503609728,1.311746559466829
0.02993960605152887,-0.02727245896967509
0.5461753845223059,-0.37152650053627684
-0.4841380338153533,-0.41259657364328967
0.3466176499188682,0.6345364128598052
-0.8171448065619825,1.5117881103881936
-0.772242188014003,-1.6009040830475822
-2.180582109551419,-1.095622255789532
2.279890945570346,0.5111832027300235
-0.35204789941552594,0.26174374763053276
0.10285899316614416,0.43743957775671405
-0.23181719008693408,1.3860003624737824
-0.9113650999120341,0.8533430834511007
0.7174093603046392,-0.43527091709515864
-0.8884611463654646,0.06868082885386763
-0.007593580244969829,-0.22052112095146215
1.4106403825980418,0.5688379350083302
-0.5050698515503512,0.5728243819057842
0.9693437209057317,-0.3921355205246195
-1.7428568455911995,-1.8212287071555373
-1.2387326923997763,0.19639120672405744
-2.0799549542373676,-0.38031544276979967
0.22588735845551441,1.445864527849326
0.5771219070452908,-0.30036507898469356
-0.1617139178149249,0.624068641778394
0.8586807056166881,0.36332076078960085
-0.22795255661487868,-0.040415612467564296
0.6070191711435905,0.7328084530679951
0.0720601691200392,-0.28977708313686285
1.1404541777649577,0.40583096837822874
-1.9489103437546507,-0.585386715222356
0.734724509133503,-0.6911451823888863
0.793562057458747,-1.5707729849598406
0.7731466402078465,-0.8106293210464468
-0.7077489504480434,0.20856984527777878
-1.624054427956117,-0.21456650645498818
-0.18272350895896675,-0.2580226958554173
1.4744217586009971,0.7850507978193255
0.705866189196099,0.674103848062054
0.4118736097952524,-0.14835759360387174
-1.1210116719270886,-0.34724481290574966
0.09662216398002191,0.6253967200098638
0.314253250860645,1.0380007786359209
-0.4067763324973491,2.464165580369581
0.3089537338882879,-0.9538594380376872
0.3985574545812996,0.34811278619760644
0.22425185049204047,-0.25385701901346297
-1.5905331050412113,2.766968750535399
0.08330749295682179,0.3065496213219254
-0.3234056110114991,-1.1501966301432427
0.05844585508292422,-1.4558718004952718
-0.7851506759427889,-0.2803682870973894
-0.5861029056535735,-1.2313162754423115
0.14415140772156165,-0.612975453463493
-1.2581398621515807,-0.9934886280253442
-0.9812338813711066,0.33807432837276624
-1.149123307072181,-0.2828968863128965
-0.522032063283741,0.6851594980252187
1.0795636343202772,1.252454394895395
-0.5726488636819812,0.399620183635937
-0.31278406125435065,-1.4825489604541575
0.7341369624516956,1.5061375248027002
-0.9655768619867867,0.2554675214200214
1.970950093258507,0.6423269528534362
-0.3490419639549468,-1.2410394757651364
0.3437343826505654,0.8839488264728196
-0.8081131046920221,-0.3034426660215547
0.360303939061897,-2.122434018486784
-1.7428264695291853,0.024547662635917938
1.9459401853376808,1.2327895855599695
1.829584502694741,-0.28251645634120276
0.48374407606976694,-0.3170003234437258
-0.6089964081948404,-0.6064093402876926
0.8004948639807598,1.2355582364481192
-1.5325111763824688,-1.1547568366527674
-0.2573248927230954,0.503620345918955
1.8581358915782291,-1.311083603258939
1.5948437865738623,0.007529368182662254
1.02768542332624,1.6174313779903093
1.4991282329224587,1.177355090116144
-0.8121767914450823,-0.4636814853993363
0.4628157389475667,0.49957623393194533
-1.2466896011439323,0.4028401908904563
-0.8051302539552666,0.3827759734825805
1.5711233489139338,1.3622839250759344
1.1661886287366245,-0.2282380647945795
1.333857336751543,1.251827900820744
2.2580109960377044,-0.22206307410561293
0.3037972150094772,-0.44234226975177493
-0.6833860468243047,-0.520832570355566
-0.7155499942865119,-0.751221205990133
-0.24937104134292384,-0.09927395437437402
-0.090819270477375,-0.17421327636479764
0.11659972399364281,-0.90255775745384
-1.238511380506943,0.9594654784030304
-1.0335445054306136,0.6057215376792219
1.8230596694335217,-0.003620140648016021
0.08250068066082013,1.9615788630674744
0.15569258932158028,0.007470280283913083
1.5910840421835988,-2.3346890682754338
0.47205013611508806,-0.00920223393966602
-1.0243652146270832,0.4828678031494815
0.18457288834791263,-1.0215246963297577
0.1116578387796891,0.13756685203263058
0.4298358985624739,-0.7823713596338854
-0.8904592045271088,-1.262386070430197
1.7796779300424477,0.7875239493168062
0.2835155847090947,-0.3273744958840375
-1.3978170799166298,-0.2809378665115963
0.04550041737240314,1.4317442309005541
0.006652402071700646,1.64190805936812
0.49033086227620204,0.269112674553828
0.05911414811148316,-0.555628639916479
1.2471607016723565,1.455134494778003
-0.13036042932303935,-0.3133826765537386
-1.434420684775512,-0.8879759052384096
-0.5332920221928676,-1.2184225217896907
-2.4679802400989086,0.8096012864336474
1.9708665573070931,1.0429612397464698
-0.748511383065795,-0.5466560948804938
-1.5197393082665498,-0.23655451002051037
-0.6953530841389076,1.10219975236422
-0.9830213731432283,-0.11958750414354442
1.3296750806841562,1.5405893600900622
0.4746150939263958,-0.33706578767915496
0.4940405892602261,-1.7092128457849183
1.0688707225857477,-0.36042367890369065
1.616368176838861,-0.35906441802461203
2.029794070389399,2.0325749379260993
-1.1636841069200796,-0.9279666202604856
-0.3653797402696149,-0.579788286127776
0.18810256128081723,-0.6744759491668052
-1.5536443650921063,0.4918264785374613
0.7389831627894762,0.13877809240802866
-1.2539988592773137,-0.788202086046595
-0.5691626386334195,1.8036198380823327
-0.1318726035721359,0.12155278337865404
2.195364454947985,0.11215734442137253
1.9965857410666559,2.7232990148889913
0.912268709030499,1.2172402871892294
-0.719051143949468,1.2024698831831624
0.09183612686737705,0.10740126434358947
-0.9437850381035177,1.0201031352566958
-0.6566246212781314,0.011408817640392473
0.9353700844582234,0.47405353487303853
0.4870747209600888,-0.058560327670979996
-0.27332867888014867,-1.3251738752781905
-0.9468849761681563,0.9841176537051155
-0.09628497739857135,-1.947019639310217
0.25193585699248994,-0.19909815728161856
0.036653450958593535,-0.15809032254057503
-0.5949987290044647,0.23199107281928433
-0.12353550888273246,-1.7486000756627524
1.3810880812906532,1.3536014435730195
-0.0003589895276879632,1.8395466525452635
-0.34850267366490956,-0.5407118590287653
-0.5093740350769816,-0.4852265522018953
-0.11045115549005441,-0.7158760905411649
1.0966422751775795,0.7119308642234893
-0.5021031961774283,-1.7711433192793578
-0.5285897405797547,-0.3353494882449432
0.47528807956984764,-0.963183163421297
-1.5261298808194301,-0.8723441181874586
-1.4243837095231071,-1.4329228382484385
-0.14505665438297785,0.6110157193933063
1.1423912361865471,-0.39639847841620934
-1.3605681362408757,-0.19168925106489365
0.2964658043552674,-1.951256797862343
0.9552796705041039,1.2428075901320308
0.35624967253954076,0.22066620589498812
0.5211354509482349,-0.25416726450809823
0.8945327877726262,-0.8079216319449378
1.1977882017019135,-0.37974663918071105
0.5467556639111544,0.523401881532521
1.129569597917272,1.571423405742608
-1.6555677088969027,-1.2004746538977167
-0.7990122934199998,-0.5625762089390081
-1.1761764254406872,-0.03220471381858832
-0.16986646607576789,1.0209659098404456
-0.06883677950738076,0.10792903887527319
-0.5854364485412558,-0.2991680089267062
1.2267849679515446,1.0466945753634567
0.04413363190611863,-0.4362441118004859
-1.1632700832502656,-0.7595951089248336
-0.8716806576253857,0.2853736611203589
-1.5464456297885911,-0.7461450231196931
-0.21824657400380781,0.2931084524456929
0.6045154828616723,1.3823277827982619
0.004786965566793908,-0.659702575147112
0.4541805170597796,0.07146032200826594
-0.4476885052574889,1.6469095528566624
-0.5849143175804856,-0.4375801574631306
-0.5095030056800477,0.07206590214805904
-0.15033837290981766,0.49099055906117867
0.4159383788349524,0.3830157263353879
-0.9888761784355699,-0.28401983978640905
-0.18279858080543432,-0.9690909455222259
-0.594333938105839,0.9033437254436236
0.5475245242425774,-1.3302514136989827
-0.5218715690459577,0.22724227413531703
1.493734413905715,1.0278733702699807
1.154308004113328,0.83606730977785
0.312095041238517,0.35204892107524743
0.7021366906054498,0.2109842636183085
0.6045685108951017,1.2827429933754673
1.7201661565965942,0.6724473322263621
-0.11373861832850547,-0.3117871678247537
-0.780918839432444,1.2061520860228734
-1.685970414351366,0.27613957131674977
2.4077471745367465,0.2522524523187379
0.5836880875003849,0.1688549117657631
-1.0597726655006237,-0.7433619318351242
1.2239186300466431,-1.0695900472291902
-1.9064035480510957,-0.34794105089207555
-0.10399503450437048,1.7267590097407124
-1.4459892836010413,0.36405544923938316
-0.3333034277923829,-0.8380954191838645
0.4111977509097587,0.4257932533934058
-0.21097355233086784,-2.636794817402647
-0.49820261546896283,-0.6210520092728614
0.7458774944515176,-0.3364239825618675
-0.401832456833323,-0.06392204397517535
0.012032260261889924,1.2999880721858792
0.03995734694019048,-0.6436096539538156
-0.05711609610977272,0.5372929550817321
0.06650047156032271,-0.9516144945527185
-1.2060993561625646,1.2069271258620369
1.1232282883761742,0.603293467448763
-0.7849879310977826,-0.07577728755365049
-1.5523168909421534,-0.6205676269666609
-0.4311574415784936,0.13896422147744
-2.582645494075748,-0.41169549456805954
1.3477308081189021,-1.6122886741697118
0.5237354979069005,0.5102772460666645
1.1342649750397054,0.8378355656973053
-0.44058366040907854,1.276631497521853
-0.573353680150397,-0.7827026131014028
-0.12851732434879043,-0.33774046729859797
0.5581781929543365,0.6742671715086762
0.9008695946238069,0.0021506571637715534
0.6593214489128668,-0.026389769632779735
-0.4930326568908632,-0.3351210843627805
1.7877424008796179,1.6781855433524058
-0.5963235495947425,0.21972358985512166
-0.9861757973224577,-0.7704128153716929
1.3680119140503033,-1.2842108745629586
0.670599259694422,0.42239599263998867
-0.30004297989550816,-2.0049119065070533
1.296678200875789,-1.5213495813487041
-0.46727612619802633,-0.6394022650248864
1.2078859043498267,1.9729850555481174
-0.19562117382063354,-0.2015714016134473
-0.15902910016574998,-0.5404941241495815
-0.00369446615814228,0.322149125933917
0.3594293063377163,0.4886482611275662
2.1041868123888046,-0.2873265552684993
-1.53628908005673,0.8027437107348611
0.9106739256093265,-1.275352360342055
0.434332435930506,0.6353220095948443
-0.5057656631820298,-0.20269460027685648
0.006451850717948241,-0.794068289652335
-1.6527440176565316,-0.8337610742015551
-0.27480958963962765,-1.1663615809832255
-0.42471718197108627,-0.39827350879844614
-1.0549154023755054,-0.4284910502445181
0.1986058528565253,-0.5456328423658922
0.08868889346532657,0.019823771657986353
1.3906844945935068,1.2286641645835468
-0.7845601133334646,-0.534326418043657
0.5627600439032593,-0.2600454707012328
0.4720630465711933,0.19212993361685232
0.1726553284999678,0.4660699640282655
0.07616679542606646,-0.6624072539654764
0.2891151068652365,0.09832272765262898
-0.6324220547358099,0.4426005115558924
0.8192756961754217,0.3041285799258839
-1.9036912380288444,0.05508894041514858
-0.6503955729424794,-0.7110235395952008
-0.6955855470839098,0.13621615446914895
-1.7926751653734825,0.8071491640573532
-1.5020665667792847,-0.902765521907594
-2.5619590008498343,-0.4096536031348101
0.05173308572244335,0.9892746896569505
0.9625087238455278,-0.1113644396082233
-0.6347947221309465,-0.24793531246259812
0.37167572515683367,1.7189336744736956
-0.3648120985507136,-0.4779503924646674
-0.48241937386115413,-0.9720302170127741
1.0286117552455027,0.5393240758813659
-0.48922882664780665,-0.06413778650678449
-1.11006672794993,-0.3568004627374753
-1.1497690778732343,2.1392534328630597
-1.4078232169785383,-0.7909220356855654
0.28967065322923663,-0.4604627433889502
-0.11795049206459036,-0.7033220297586048
-0.09258331934457348,-1.3565864663928264
0.6726081743423384,-0.5711906039703045
-0.8816058911312539,-0.4023857922814407
-0.39212178478366777,-0.2640325728683039
0.6721740749112591,-1.629681130100168
-0.37260240941192824,0.8088428867613916
-1.7276330052954605,-0.40014739431542323
0.21917526268914575,0.24906088386872177
0.6295357396504249,-0.6034855300905674
-0.010386070538961529,-0.9520762087809944
0.3553705550317927,-0.13701472379619906
0.1607129740084018,1.1255919740675375
-0.05785764576149739,-0.41933484575212404
0.1669092883422064,-0.6634757629863525
-0.2329678027826268,0.5801116644146963
0.028982118858669616,1.538514151668423
-1.5930835168908775,0.15452098598196057
-1.9746067192520225,-1.2332909584183096
-0.8696213309867364,-0.2554648367488441
0.5314349657292314,1.8936515484533396
-0.6006923846403222,0.5293974532040995
-1.2842716333467923,0.12331703239531876
0.36626546947038596,0.8974113651668558
-1.2201585984762666,-0.4397643497042623
0.5937920479176851,2.2006973805312326
-2.1773285789074697,-1.4985549426142553
1.1313629084080132,1.476761263409755
-0.661349809715131,0.14334125683356352
-0.34601942021911586,-0.02135120490997687
-0.4630508202824951,0.35245039839793246
-0.406808115878653,-0.5495929641312093
1.180159546730773,0.04827573267228656
-1.2842586826241729,-0.23717972276559218
0.3720391702087678,0.3548088550841362
-1.7577066415166767,-0.04222883402398634
-0.9050023749313812,-2.7741747229028237
0.5897703664549903,0.4589703742143415
0.9632686955456305,1.3051356082581818
0.050329749543213,-0.33830902216178055
1.5489548815735346,1.663206053756397
-1.2342787250073577,1.850751215110279
1.0210899672132905,-1.1180149022855337
-0.6102590542304964,-0.7623162366056978
0.022650885319929783,1.048403246005723
1.1036481110786585,1.4337299502289158
0.00903731831320442,-0.3448014368818401
-0.10919446935327307,1.1144149204366929
-1.1570191860998098,-0.3050835078753383
-1.6732180860954577,0.1629204048115228
0.07293468744488575,1.7013143914401083
-2.0364325902934555,-1.1595193147517424
-2.771017805975003,-1.3980635885770316
-0.8396602270595346,0.9140633102149814
0.6152663424614642,-1.190523269225002
-0.062035010402467256,0.6699806411276515
-0.35944684581160574,0.7123303988550571
-0.4303946893941823,-0.16165793706128972
0.6101629470300658,0.7474473520582688
-0.34416586095151136,-0.34726369077296576
1.3496147828422114,1.337417501728352
0.7088621405453421,0.8403531542404695
0.7247012869311036,1.0936341362262703
-1.2143428437332031,-0.46865299805999905
0.21792442436997425,0.9055262269423437
-0.8798972697896925,-0.45431058895276427
0.03459529175856887,-0.07170048611152918
-0.36230628266569453,-0.20663970954602667
0.9878662046968719,-0.09780229761075866
0.2960053036491132,0.6558514233607099
1.451637978067199,1.596525467341555
1.2498491017177338,-0.8113709905813148
-0.798594315137102,-0.8012520541815498
1.4275123286017843,1.7685803452828115
1.3230405139702641,-1.3857538012616826
0.7634994232880776,0.4635272393916864
-0.9461297542418298,-0.8909346374085818
-1.0913217006812175,-0.18417582757390838
-0.45186490037928695,0.09964699338260306
-0.6193492789136149,1.4121272792072004
1.45670178467911,-0.27284566119635373
-0.03205388230804937,0.1272168583644369
-0.10659689668209996,-0.8810657911198208
0.83632413510983,0.18590467298545668
0.05898004531945558,-0.4290342852255328
-0.033991496052682584,0.9694456544173894
-0.03799855228181265,-0.8887777682904394
0.43906333715952967,-0.8545276568883038
0.6308989407639796,-1.3413035458130873
-1.1102422310628803,-1.345997464960088
-0.6388141602175224,-0.03695809910533524
2.5063716736388884,0.24441615984125772
-0.25320774305258276,-0.6190151681906113
1.2001492393875708,0.13312010758979625
1.3116571929173888,-0.36559519163922577
0.07737559770835584,-1.0835382914586724
-0.3714808227429848,-0.5424239113733402
-0.752603511062639,-0.46175571047198555
2.100640896238374,0.5578917818625727
-1.5701330609089859,-0.20680030949280856
0.37992356504056035,0.8394619118812618
0.526780497362084,0.9785698328397383
-1.2720501463805476,-0.2199978573193223
0.8940088307526987,0.8661856613405461
0.14362879031803713,1.0277292934432174
0.33700689194143074,-0.0033881420291434964
1.9636078608191414,1.3203125649003526
0.23119502066808026,-1.233211480172516
1.0705719357925456,-1.2390584823770388
1.663269255925295,0.41034398482446455
-0.6910218101999934,2.1415893801604464
-0.11456737236802715,-0.21259071345888028
0.2962794703764458,-0.7521931903455836
0.4582085577680811,0.33151058479754575
-0.9683802973779503,-1.4160080323862623
1.407592843641159,0.1898048701184797
-1.543481654126111,-0.7485325138846327
0.33235713503605746,-0.1940899805884871
1.1932142968784927,1.4852052130161344
-1.504771945823011,-0.9970637703482944
-0.5163114961167651,-0.35731718284416575
1.6712456024066298,1.3919279265876985
-0.352904906457169,0.15207061767420738
-0.8599902618813401,-2.2680841430806638
1.2654681606029934,-1.791939655652117
-0.014449852719741937,-0.8655685913780241
0.4974203997663495,1.2597562092995669
-0.5376902311878667,0.6911374974430469
1.3101044157633928,-1.982007599995357
0.17406572669944873,-0.24063544082520805
-1.0712181756997456,-1.0088144871751705
1.1114923574175701,0.4477660499312488
0.3289817792138336,0.12961499059854462
-0.9391379725826574,-1.037287377892364
0.3377949094450385,1.9475357811846583
0.0418355762315247,0.21889756047102318
-1.5559751247032982,-1.0857999548165527
1.1114872963383278,-0.36154559636745537
-0.024763094338854014,-0.06277528271515607
-0.6168729757443532,0.9373335300486073
0.466340349513073,-0.11747710624418524
0.40779143630051234,0.5043794760303922
-0.965720333783898,-1.0711892441784148
-1.3196146442813859,0.048756900935671546
0.38747920123762747,-0.10997818133126731
-1.0710973395797019,-0.08442089041978645
-1.555913869289437,0.09035128198441746
-0.4596762757781501,0.4749250473923426
1.1571796347217165,-0.40352341316792706
-1.8191903428044738,0.07582178407499957
-0.611655745643215,-0.16394311469182776
0.6267826066272323,-1.152788247772343
-1.8049651648249219,0.17029958023314332
0.7914158359659138,0.10193545942194489
-0.7189655095357033,-0.10167617714742916
0.7090748043127508,0.5783332702226662
0.27996103076472323,0.9145241929350268
-0.0691337796628267,1.1301670158741626
-0.8759397076649227,0.29407049986021666
0.37629586197990933,0.25090373117107795
0.4385664701327847,-0.7485119494555745
-0.5918826848834333,-0.631506783791482
0.5341026119851905,1.3279832181870537
-0.09965550598151116,-0.7317659183619339
0.08435601343514151,-0.33560291513792295
0.09431892653804663,-1.3236378345778634
-1.6115389718509523,0.14229703071898667
-1.1958781636992941,0.3292822078047458
0.10302748558600679,1.6308729464462033
-1.887300444154739,-1.1977188700300505
0.2529963099228604,1.2838019257069977
-1.0229761818137504,0.697793015543634
-0.0006285469440068622,-1.2284279532885531
-0.6238059147906118,0.4951806504194673
0.9649451252251133,-0.49911630351762026
-3.4984204064040214,-1.8353239836042612
-0.6575544213348214,-0.05492913944121551
0.67480884613451,1.0724558503016923
1.08318910558187,-0.6291435290368984
-0.17979085509372297,0.29501833314443754
-0.8347643400284176,0.39585397728864224
1.2177465916008927,1.4937656322629398
0.7038856929909071,-1.3880407481106414
-0.07955076203297776,-0.1578990010558058
1.3736643786422,-1.0183080563690718
0.2299158899156801,-0.192389603390519
-0.49979039235049755,1.9694235278503498
1.059094274216562,1.224157472799295
1.9633688975161347,0.16755001225894867
-0.5381620595558215,-0.0202441217542621
1.1313359356574648,0.052640308261440366
-0.13815998590759004,-0.0981998462887387
1.1335970603533223,1.910468374316798
0.7676749724989016,1.2173695907196538
0.9396968075736998,1.0803264320593007
1.4360215223378554,0.1684038463769822
1.9592259412848037,-0.023185388250528204
-1.5713700764442435,-1.0665548390903588
-1.202086876704762,-0.2477383844602783
-2.0240866958352024,-0.20520040162549844
-0.028469525992639983,0.9018976071724892
-0.18803739395771998,-0.995696540512491
0.49957672798586833,1.564836894523631
-1.066440191319185,0.018823218629109743
-1.2161582249537273,0.9977953133206724
-1.1246172066482323,-1.2224436771263358
-2.470364020563574,-1.4520078481969063
-0.7062271159902185,0.325964015997997
-0.12697059719405676,0.6643169205907781
0.3830220127439626,-1.0019910347185885
0.01367810183598987,0.03461017966978521
-0.8097403172256444,0.20746285832181321
0.15379653846262079,0.799976312296
2.2402655863015712,-0.46675942785435803
-0.23873908483488238,-1.0695702554456272
1.5807067957091925,1.23272425203034
0.9125698172878141,1.7427153889259763
0.6340919711648118,-1.1979038654324787
0.5947003666422097,1.8078595802570878
-0.948446749598626,0.3911351570949592
1.0081203044786948,-0.3360767909325311
0.4089840236480906,-0.5570802482511211
-2.983343396316153,0.5523615822374749
-1.0106364627405264,-0.9008476533114217
0.9848499949002459,-0.4259713742223579
2.7776218631262863,0.5546199852420609
0.48283677080962306,0.6759504922545897
0.7189472443249438,1.2871684133046468
-0.07311290787669947,-0.8056716268994938
1.6255087470363372,0.21710370770966614
-1.4755625072736933,-0.4544053283314305
-0.6156060138694618,-1.0352984582550058
-0.8161534692374433,-0.6481523063936027
-1.382324648175973,0.5966212586857336
-0.14012921336700665,-0.7954839708749646
-0.7381472863001386,-0.5105927394924484
-0.9607026901566209,-1.2853505265096288
-0.11478520707658803,0.12869283388355712
1.045670477074437,-1.4326959341656116
-0.03395127954151603,-0.3048014924612778
0.18368524629745098,1.2686562199866511
0.5338210803184575,0.5636811440742572
1.201393703919178,0.7914404758520317
-0.24123376294242374,1.1276246171903754
0.22550609512297132,1.413448262827232
1.4852082394800914,-0.9928605086588856
1.0288435308096877,1.569394729302371
-1.8624827884353186,-1.0724647892407624
-1.2355890067099238,0.6466744605407692
-1.2849417858803414,-1.140188141019377
-0.8751615114818071,-1.1764682556724901
-0.03276556086521634,-0.1459372864824964
-0.09575904217009716,-0.3751384089088966
-0.19379403757577018,0.9080948833746164
1.4129426127806177,-0.6698889047938542
1.8594449785188505,1.9843811081055431
1.733958183121336,0.01520203480534751
-0.12068282771270979,0.00870983765884559
0.2471355590806457,-0.02597080423929597
-0.1826150220696135,-0.24888949743106045
-0.7376888243682292,0.6394251370246267
1.5125176515089798,0.7393066317649797
-0.6274472007701198,-2.038055770944433
0.7562244963754429,0.7480962410609675
0.9712169142522592,-0.5790035081852115
0.36856123349592973,-0.40467256483561825
0.8810347026167039,0.30533972235879725
-1.7046642012731497,-0.07733035414834968
0.020592918515267518,-0.4350815361501899
-0.882198450366271,0.27889252416513
-0.7938964359332378,0.5970965303968596
-0.5123077261114368,0.018665354746834402
-1.5636559844103097,-1.1724333967633942
0.2453678254340977,1.2850491129913613
0.41227353889049234,0.7153777126717584
0.7734295522766417,0.45773879865617406
-0.5170920544086208,0.8669052591118589
-1.3972669439260599,-1.009248334959621
-0.8844428667786833,0.9183515000967588
0.5388962575089699,-1.4279937282159756
-1.0605462709077225,-0.45966832736050267
0.27261131285987505,2.1838277503971657
2.228165047856233,0.44262998191723796
-0.120095063938273,-0.6585811428421631
-0.06699210981275104,-0.14066807741781795
2.5392619698606915,2.596437035452888
-2.3461515880967156,0.5045063779992429
1.4277064606583696,0.009219684688243886
1.067192914448506,1.5193674626329583
-1.0594600207431115,0.9053182568744522
-0.5600234650006382,1.2771500759661434
-0.4115356111219794,-1.3731169970512243
0.20483343329776574,-0.05373982853377205
0.7222210107313525,0.8566457806742594
-0.12287795997648814,0.8950551159336203
-0.7259289343595513,-0.2383856924310551
0.6134495441811608,1.3255172111453328
-0.24260549298327502,0.197350011338073
0.1038002106055716,-0.14565954193757252
-0.6602969807402453,-1.949464978829998
1.7485556884543005,0.26003716312254743
1.5606173872267437,-0.3105756010683921
0.7450559141443182,2.112937046078824
-1.9494533000068526,-1.278079757985143
-1.2413885423042301,0.7490759481366327
-1.5623678762105015,-1.5376721181202284
-0.23859551205385063,-0.07059525845176899
-0.1347965289872558,-1.8515880834026643
-0.6476060918440586,-1.055005344038503
-0.01693285073272386,1.6503708769782626
1.7012074621726458,0.4117098396136129
-1.6882243307713738,-1.3944300081224048
0.10265295986312269,1.2186952017009807
0.2738194629359767,-2.3191409306299726
0.19231263296489584,0.885024505854095
-1.0759517951702526,0.914591666885991
-2.138740135130426,0.2678982833172913
-1.8043129673657607,0.9209752219809544
1.5099485781758266,0.16844071964529933
-0.013199396690170713,0.7146428779407055
-0.10242561632631772,0.8116468260601872
-0.7683274104696198,0.04107833751292467
1.6714204736385951,0.6959387537039989
-0.1925798286324463,-0.6816439590951088
-0.3903447007616843,0.006869438883259695
-0.7249709230892095,-0.24497578189014996
-0.18158572539354134,-0.5311634656504615
0.7206135896240338,-1.1790405723825172
2.4084805823826714,0.3085825820571947
0.6639400593216758,0.03551185102169224
-0.47893680763742363,-0.8598024205019157
-2.592833900012732,-0.3799135378407667
-0.26510927036698123,-2.6076505609232035
-0.3301112158499657,0.2845198202285966
0.2713834107801416,0.5336730276769038
-1.3840727936531123,2.1046549467665723
-1.2048375156960711,-0.41579176635273785
-1.0906252903409968,2.60649312825425
-0.5951352022207169,-0.5464859733372044
-0.5425598409513227,-0.38837575723715684
0.3815266347404373,1.1163558347152733
-0.5386875615539871,0.053104290178722764
0.013225001669830025,1.0258312798664984
0.29451878204672455,0.315261620634159
-0.5302776332651551,0.9706801370457949
0.9731794089899192,-0.12943720024184255
0.7824528910181227,2.0364395340984878
1.2996062577868015,1.4732365020486675
-0.45875183297857314,-0.4403412949835374
-0.15524368109301398,-1.4544181796649662
-1.0031343380797548,-1.5688158000380579
0.13254662637058595,0.25312596453584585
-0.32829203427607795,2.212083132859088
-0.20174235366219403,0.008230514256785892
1.30789270801428,-0.43660921598925045
-0.7967576978731451,0.40706678876226077
1.2824313019019478,1.4931463236106772
-0.05801407501535574,-0.9133608847360472
1.0107500841448267,-0.19323754988104974
1.1912918070730738,2.110113709697111
-0.20882032711494056,-0.3424196654482222
-0.9041847943739563,1.478340236972676
-1.8178427653870153,-0.23196104626042502
0.08888260388875902,0.44826713291836334
1.4395748881377453,0.5029727789000649
0.1842985304220395,0.29754699898247083
1.5636545980021788,-0.19894239892146603
-1.940223236938447,-0.22026609343757914
-1.486390793318792,0.6326434029915866
0.43875212471765646,-0.4011813186888944
-0.07762067485655806,-1.145213279664205
-1.6714534647184323,-1.7304220731057705
-0.8175658858195974,-1.3168445607117825
-0.7527670002960505,-0.7955354875380183
-1.215594661807199,0.7353676972426495
-0.13346574929093546,-1.3441072151493116
0.2710622534831822,-0.1817326263295489
0.9148999827654276,-0.7655749871610072
-0.12480723574610772,0.6769312753183157
1.638488416221087,-0.20444902989824298
-0.5137312509259172,0.111285798097342
-2.1904231609637805,-0.17615018249287587
0.467099159612274,-0.45181372615805576
0.741691931027319,0.7829798833583723
0.9868507780194021,1.099922934701006
0.6750111568889999,1.3363397755875965
0.2766392889565081,-1.767255771471879
-0.48818681518210383,1.013641558208776
1.3145845826982023,1.0649369317737218
-0.14581060816217756,1.035414235325778
1.2716808386774467,1.7965015490466025
-1.4471860622818373,0.2582926965518343
0.5558986129160696,0.9147932258965534
-2.8191780307906726,-2.369597617554163
1.6276753549265446,-0.7321660509065071
0.4540367384558544,-0.23752872807603137
-1.1019060707119672,2.0743808586654846
-0.43219742520717563,-1.0955338337113922
-1.1781613749676612,-1.9105965196007895
-0.9568149329941997,-0.09180754448623465
0.21319914274545612,0.48053013512918263
-0.39345187128642206,-1.0418255646127745
0.043902885734003264,0.4264412974171009
-0.3667475161887083,1.0538310444320542
-0.8298814180653299,1.0015473894254403
-1.962625330956073,-0.7978182664991408
-0.9463384809430418,-0.6768025164518692
-1.1493746208239952,-0.6490398611331019
0.5889992861052914,-0.45124573268942914
0.5237384894425984,-0.6683955211916726
0.4563868430892957,0.35814645493150665
-0.4708229428964008,0.4932583472744994
-0.8040183075601708,-0.6941171214392263
-0.22192170557400578,0.24297799124394884
0.1451298905518893,-1.175350603111675
-0.3364645128564737,0.46870384568140966
-0.4958876921217313,-0.18334196486552995
1.9413107997470103,0.6785764393168147
0.4766275330633961,-0.4644309220195109
0.1776202193639134,0.7860776951100502
-0.03399068364667484,-0.9257401514199547
-0.012093691222872498,0.10386702385103125
0.20161462657379217,1.121877740192272
1.2944388246787693,-1.0054671488606186
2.710705603053327,0.43319251594788494
0.8229813650543065,0.5488738352835191
0.7401768594476902,-1.7164914332206167
0.058492121252254184,-0.5531734773783612
-0.8943734967204853,0.3554061876994328
-1.0803802564729963,-1.4255032158075631
-0.05649712610687132,-0.26336540721331614
1.3779281171681108,0.30588030098749197
0.9650840197046822,1.222011096693593
-1.0999924800957888,-0.5551714235889724
-1.6909834225901041,-0.13611487055929647
0.99090710416523,0.47623096928267294
-1.047782084376378,0.0012063199337361728
-0.14318687599954721,0.15864013355937853
-0.4401130553054022,-0.7608421741032632
0.47409619912045575,-1.0444355524967075
-0.8376077776411601,0.29725768450078316
0.6762214457895552,2.1784024902943466
0.705225365359288,0.6343717293588427
-0.7216220339122155,0.8569495171024778
0.0855750114356747,1.6375200273494375
1.6307711324027188,0.38646961387842355
-1.4511768870955386,0.8665952208377383
-0.9170257599293828,-0.059475411344533886
-0.7755337417350887,-1.1325480149711866
0.6039042802508421,-0.026031171166122153
0.35153436757136214,-1.5101816920600108
1.7643525886608493,0.9278183717903824
-1.7448797806988314,-0.7074367589154034
-0.6714791171093716,0.43471300634981613
-0.4888144102084078,-1.1618102033654427
1.2763725926049512,-0.6649960687337191
-0.7505540879970457,-0.6829849082609072
-1.3233399513884998,0.671925528191263
-0.5763289073145167,0.45643366661206336
-1.5864188004174584,-0.21594142779231126
-0.835994242622495,-0.35224921773919815
0.6018645914963657,-0.8172867353561247
-0.41277694976679197,-0.22092150801280616
-0.299294572252334,0.25727133201056823
-0.0011054092644199147,-0.6013099519956998
-1.6934629068867617,-1.2386500147040862
-1.0455785789824554,0.4981988320784893
0.8549366615627138,0.0324713170194428
-0.08005023771917961,0.2721500461204722
-0.3647278628714005,-0.46429167715585873
0.6093752461131026,0.5992654723819844
0.6923351382325291,0.2571899686453746
2.0290992245666435,-0.2103255489165235
-0.9044444483758588,-0.1030749694794252
1.3738202753268807,0.2569614754251623
1.5406100518869366,1.6738107861562226
-0.0022081942692687693,0.7091568058694799
-0.6788726621376061,0.31135478604752487
1.091181137439704,-0.7703229516805888
-0.22747577894971138,-1.0116162238746758
-0.1797552656454847,-1.5570145791163303
-1.9617438006419226,-0.6414944902360129
0.6001134470205205,1.306113004880655
-0.7075469827330513,-0.4508223663699582
-1.912909826775388,-2.6342810233474196
-1.2281904131511268,-0.0744338621537677
-0.11083052485856697,0.6358991134394916
-1.6510209322608302,0.26129121480801487
-0.738948561588346,0.6015230377169118
-0.959711387726768,0.21536294270285236
-2.118988001698206,-1.1817838648042707
-0.16150742114659777,1.1396575122681065
-0.03289525303142965,-0.02156142930923667
0.13892032782546898,1.1141935677167962
-0.6949080606029368,0.21645053765891983
-0.29370568905980443,-0.42415576832500446
-0.10090026172422895,0.36571012845090645
-0.5184373860702038,0.17690276913164754
-1.082317519925455,-0.185005328358864
-0.14207294243594112,0.008937913359883752
-0.08307319913582435,0.7761592189610315
-1.8750940544512111,-2.0382050311561546
1.0201934797202863,0.6742805356355462
-0.3829728740178145,-0.28743452375323486
-0.17856160222606227,-0.25472314235235377
0.12103757182409987,1.0096769307142759
-0.36130505689890374,1.031535800719777
-1.4209836670634337,-0.7100355011930782
-1.4563670984629216,-0.2905952090441844
-0.1169518347300508,1.5947054490267965
-0.42568143974054956,1.0857620776729255
0.5935481560122138,-0.10420251486819769
1.058019994866008,-0.5718885252447912
-0.004290709527128919,0.25914994782450373
0.19908422613815896,-1.0898884655286987
0.9035914840446408,1.7834850606546722
-0.04730116176681432,0.347125713097018
-0.23208693295711133,-1.4181774914434786
0.9135025130978548,0.019992885918031847
-0.6331415059903565,-1.4939267160962868
-1.2398134263012,-1.4901377759446137
-0.9694851235003936,-1.409816187430779
-0.5085717039061245,1.321623564992466
0.5473568661092376,-0.06839324865934868
-1.5315000024279422,0.07682462513127242
0.6150319108147494,0.9512115215229051
0.16418850877642172,0.41147832591584166
-1.6841169988466993,0.02022013460807255
-1.033487034709635,-0.3457208213740792
-2.004073176816054,0.32888206599542286
-0.3747809157868984,0.6725578149362945
1.512436283324672,-0.18993585820600586
1.547572267818551,0.30059467238646764
0.28918399691045094,-0.5335712738845982
0.001591741856659677,0.34855913302267555
-0.6866897005927153,-0.8585962757264248
-1.0498316451981018,-0.9446747109144665
1.0592255919267715,0.890992736019713
-0.8957937972382679,0.2974877046453574
-0.2811639750133985,0.6491876963968424
0.017206699526122554,-1.5908174497833756
0.10287417552072406,0.05936720385325543
0.035875298175718724,1.0813422056795787
-0.18406999258310938,-0.5930301383409902
-0.5361877691439993,-1.231679696876379
-0.0513709559383668,0.3004471437073458
0.04886996787916889,2.2816225707408746
-0.11127501057807637,-0.7953861519679667
1.6563130125564867,0.0007375311626265888
-0.9049596482161248,0.5024611769905742
0.4013050314552869,0.4491813966136947
0.5337804688796117,0.01497129488478013
0.8478852582102282,-1.07622025694284
0.05302411122959497,0.1090339125631173
-0.702160490928636,-1.4264485840816399
-0.6179710029947212,-1.7254824136552733
0.5586037447747811,-0.6685632397927627
0.7729347446444662,-1.560354436945391
-0.7524678566405135,-1.8992115141171495
0.5665525388072499,-0.2172482341571949
0.24175765371335747,-0.4777986559961809
-0.4191298767977249,-0.3720900144915469
0.007649633252408158,0.05278451678718871
0.690966042798966,1.370031146299101
2.7436657143325114,0.6563032068423466
-0.27302099387363893,0.25344126904840514
0.1434414527025196,-0.7008790484709949
-0.740651931205609,-1.478897972729408
0.4812283671751742,-0.5938519571106309
1.1675456027976885,-0.9659924377817122
-0.9390029920965977,-0.2152600116257725
-1.1226581927689603,0.8750030616875843
0.9269609073632105,-0.6938498590610714
-0.7605207380708905,0.6103006835221424
0.27776610848016653,2.270176469004333
0.40636105273000367,-0.29250310405481156
-1.0428672854106222,-0.8174912294402377
0.5973533476006152,-0.5522010726808222
-0.9068559450123239,-1.8264030224050571
-0.13408935223581867,-1.194831142137897
0.08374519850116222,-0.19651370736801368
-0.27344761247772953,-1.4604105498571205
0.7851577877896725,-1.3544245334916238
0.4422264961658887,0.29367004430357135
0.18689089164987607,-1.1851958995489742
-1.2110395507308451,-0.15192303927791578
-0.4805441918960543,-1.8548135237175905
2.2700601058919223,-0.08143059221291035
0.05210145827400244,-1.9012873271342576
0.4414271049789231,-0.13192930571131645
-1.3609287550877964,-0.9749705065092508
-1.396120726716995,-0.9294587627674192
-0.5843762828939585,0.19638957744534927
-1.0472671579223143,0.6814213700256085
-0.7096188165021539,0.05991134319011211
-0.6764749218750371,-1.1037614011559962
0.24338319938354305,0.08114627334338502
-2.071437386590079,0.2682827186329707
0.5770435025744993,1.3916145639763344
-0.9905516309713084,-0.42936840630943485
0.9979594620690856,-0.6714964274106813
1.691712485258694,1.14684848507224
1.0106818073015498,0.6063848119395219
-0.8942966158445619,0.20274482119027729
-0.6291103777318314,-0.03985150229034519
0.31244181321247816,0.9386257801040042
-1.413291628658634,-1.1786903647842237
-0.5062165969418883,0.5895208052191835
-1.8961615133170222,-0.612527530188313
-1.1683968390540433,0.7859128059224906
0.5282149357683932,1.9750005469983476
-0.2890925428967114,0.9257398946931135
-0.6555619449855423,-0.15531343944617546
0.9384414988369846,1.6029463011099458
1.7666909485670919,0.6229048457271802
0.0875183960358157,0.41215870856201514
-0.13784378125334204,1.2283597320893531
0.5508740361030073,0.1003287724650371
-0.9083785412608872,0.6856949654622199
3.0638035362363008,-0.14544575565987372
0.4599408834932652,0.03896327918386767
0.16523631004364228,0.561561444021888
-1.2681688610069317,-0.9205512386097381
-0.8704770023745229,0.5915386517349769
-0.9919471715876286,-0.8884193876118361
0.08802940545461792,0.9145593006480025
-0.36929693368624905,-0.8978650937793918
-0.5920480632962584,-1.2554560643327293
-1.1276839743104141,-0.16578225091066737
0.10211867327544498,1.9294789596323934
-0.6665742142093022,-0.034767673953949786
-0.19715637419897805,0.4602419978300959
1.3853049434250857,0.5604701446358168
0.1336679679685647,-1.4445280847612774
0.3824219356282915,2.9132740319237156
0.13678591406298804,0.05540832529443287
-0.27260210571567567,0.3994564069321657
0.08801300627211084,-1.0652173178107351
0.604216378931566,0.36208022792384814
-0.24043356997921145,0.2930410121387274
0.9229657279876523,-0.37633539136106164
-0.5531235683285465,-0.9211157523501834
-0.5776849924991073,0.9622969308782254
0.8837294294054276,0.690347854486996
1.42763150695722,2.6743216692220666
-1.930722031913158,0.6486417063888185
-0.22513150789639108,1.130606989416713
1.5748161718921376,0.7385006991444748
-0.27342498709206214,1.063067121631053
0.3873668594467901,0.7542696238320183
0.6478130111211928,-0.194894273647486
0.8091254829350492,0.1390781494634453
-0.5638751578467142,0.3846609685872437
1.134739914035842,0.20362893073988558
0.29679006495881527,1.1918207923248585
-0.7739152618165244,-0.978752730872997
-0.19778281117568564,-0.3831745511506084
0.5181892063720379,-0.33238481227273187
-0.2764600860973019,-0.30330467110705195
-0.4781857158092159,1.1415371332289055
-0.36863787740452364,1.122167291276782
-0.15775228136381209,-0.5797308694481315
-1.0233889075677125,-0.6947475138668967
-1.2804197381132083,-0.6715288967573378
-1.3932538306466162,0.1078764123171901
-1.8835298592550624,-0.9469261016504464
2.871573205911138,0.7433006509040001
1.1200378882270328,0.0918028425313134
-1.0444407503927444,-1.0706940196070276
-0.11074277021927735,-0.4947355613738012
-1.7313978238905936,-1.5260296089470842
-0.5570084003713481,0.5916930237556856
0.44767578982234446,-0.8208836359734883
-0.8276061455607651,-1.3628503957199125
0.7080615804249993,0.6786480008538014
-0.008371889049812321,0.9538848647708322
0.5096587272955807,0.8437426572264484
0.4660181334606924,-1.2938565586586006
1.6650368522316565,-2.1206973647817464
0.4632589869981063,0.10680535649748897
0.05705047121794066,0.1809718145098441
0.08069427483318269,-0.6770347186077542
-1.1196123397426547,-0.6089199904191612
-0.6851097104937661,1.0487503326193737
0.8884093638181376,1.4744540388525806
-0.19504231562351668,0.1440560540752785
1.0680258474431277,0.8799760811623324
1.3818670831358981,-0.16209479308459573
-0.07986802847187617,0.19804325522766755
0.8505655209446245,1.2370044189566256
1.3918642096570517,-0.9922221308426447
-1.1098733171089379,-0.7044628462873231
0.49103768154498517,-0.43717592012427176
0.6682044919051879,-1.3111150563140082
0.40448318791961674,-1.167276377876335
0.7030781878422662,-0.55802006421583
-1.285350751503678,-1.1472343846618316
-0.47262287690374655,-0.044211230193796434
-0.8116169799421727,-0.7142432443144175
0.09463898624275949,-1.471755126311165
-0.6995923916809494,-1.2914965810477967
-0.2383538097977045,-0.5004851323059115
-0.03029968624565734,-0.3019122597309494
0.36906776147128517,0.7080513332319108
0.2083752689135156,-0.8797984928227831
1.6502659752239375,1.210970542902139
0.6463412064254707,-0.1786222496877501
0.5441508248764485,0.6892139443869011
0.6108013694684893,0.4088932554050049
-2.0371486828827496,1.1741447516907142
-0.16500026598131323,1.1989709573402385
-0.6848358662684679,-1.2870599244269905
0.7839102724032777,-1.0788867165820437
-0.24938395745480857,-1.2788504949323918
0.7475337185489471,1.0966288954309185
1.393681279201791,0.2636341273854854
0.2185190964683375,0.557958997103821
-1.2472253747932267,1.1051606094579232
-0.7067809882925479,0.3454159557953888
-1.7460006542837339,-1.3457543097079117
1.6020914458756803,0.9139963570635382
-0.18894179080584977,0.9661041157547413
-0.5245023689273113,-0.5946454365104242
1.3260864663441483,0.2798860598421585
-0.20113811659019837,-0.1057086667869901
0.7315658932744489,-0.0839939916000123
1.2477108396648073,1.4501858231097928
-1.114615844341339,-0.5427580909837693
-0.225180013674082,-0.8226261542803612
0.8185611206607571,-0.8073227829735625
1.1471979495398372,0.6253751745693511
1.1922316499248367,-0.3869438225444021
0.05187230765846021,0.11614007615170126
-1.5234839357143397,-0.2138599071058309
-0.32665946208912827,1.9977528061175116
-0.7083323099318921,-0.7870912335468676
0.534104691896209,1.9983188665475957
1.595453125373843,0.6052800963993111
-1.4551887205043212,0.881824247634579
0.5999872974158673,-0.14504810801194318
1.4685845699701665,-0.030793084275765287
0.144696948778317,-1.1502228537214314
-1.259367337561495,-1.0195546693021034
-0.037111337327338616,1.134965327487307
-0.6197714997253776,-0.46397409716020005
0.7427277423900174,0.673758681588522
-0.27369387539384654,1.8658793869939347
0.4406206494603244,0.47518945851967137
-1.0828709341632001,-0.3902228943506825
-0.5083270487527098,0.4320358478749683
-0.6832420393318949,1.2862263199049282
0.5532227272202732,0.3559980855277318
0.4536340576826477,1.2684973313495451
0.04986665295989937,0.026539536707185032
1.5706319196437208,1.477506148741562
-0.4443857427188343,-0.32540205292180163
1.448689585617697,1.9770973334742392
0.08139046282721642,-0.34680260066543883
1.1344883925277542,-0.6256091118301309
-0.4377317713436527,0.25718189677369124
1.987016100587133,0.06843426913283862
1.229633367737226,-1.2174507030555284
0.7774434772052592,-1.0682738842291977
-1.622832372229888,-2.9945927137403046
0.48210822812911913,-1.4803011566964175
0.22968829548758665,-1.6804396268813304
0.36811132155832266,-0.9850966618630258
1.1084891930456113,-0.09429268034216047
0.764767233505611,0.7297896383075648
0.3513087046233653,-0.9425133590062204
0.6053768355773002,1.3200075006470804
-1.4382295249915484,1.7549788013937617
0.7601214462123854,-0.24800150706537571
-1.5815885981961932,0.20046903348313327
0.16468157678699633,-0.11228101613460464
0.05610975275697575,-0.07754568131719755
1.039444603885014,1.029485829781639
-0.10259467932798161,1.1853506788008903
-0.5799529912900185,-0.10297573339573748
0.8374661329499754,0.7114262497095635
-0.9863777752555092,0.737344037863729
1.1999205437672185,0.40629488461980773
0.10984298891024354,-0.18146498293183225
-1.234266710873577,0.01942538915719399
1.3707621507888872,0.43444332946090003
2.385089795953648,0.5402964696501531
0.23677182254456225,0.5454312341953668
-0.01906157282799938,0.17592237562925753
0.020224090808270378,0.40420073314621263
1.9512891402418189,-0.8876803630249331
1.4103507499396504,0.0838852208399594
0.02429597252860473,1.333170537257381
0.9624072709178486,1.6651085971425654
-1.139318504026206,-1.9739647757682448
0.9387051466349096,-0.6691650337572017
0.3369432676959294,0.8257697044418468
-2.2692094379198755,-1.1367487679234307
0.2673409881901811,0.6300384316593618
0.24058235843073014,0.7287384052877907
1.2793769351167603,0.6150217185848424
-1.1826763228636883,-0.6694049116845044
1.6105650968253964,0.3839429809921222
-0.5235334518566228,-0.4671117961511772
0.6589178292470986,-0.11703385783486754
0.39371832940422047,-1.574781958821672
-0.8426909299394961,0.7220674729626448
-0.10024351565148808,0.43598969328648357
1.648820834630183,0.33221299587185193
-2.7107770411759526,-0.6247280184533619
-1.1063923041890211,0.4240312050756128
0.057469303641156884,0.37202574302140295
-1.5384893462454876,-0.6078576234489026
0.36595469788440854,0.2964105350578872
-0.40010917041217936,-0.6198154524825905
0.1427900299808327,0.4415181802119453
-0.6970179692648444,-0.7190735833595548
-1.8703842312375698,-0.8691640175699108
-0.15733793074688623,-0.1918449388975301
0.789722206187089,0.4735202360533491
0.48463791989019817,-1.6537812391247555
1.4367630181065274,-0.4907352871401183
-0.27796660586083277,0.794113653360709
-0.14094884666900606,0.4264630742794377
2.0170467441150577,-1.3566025787397031
-1.7356148253256556,-2.1337669711803704
0.584921368726485,0.8543316098123309
-2.044077536748422,0.300031527847193
-0.9253447219755461,0.3720305647036322
-0.4214965068288243,-2.4482395033702504
-1.9827979293237818,-0.6393481596602635
-0.19123233238136791,-0.8714995946919063
-1.9632798589921028,0.2917845571456634
-1.0405021670400216,-0.24756988045472464
0.8250198369586275,1.2091843553885233
-1.2546512201313818,0.1658439834389449
2.0044155988822956,0.5430215485975548
1.6243987874634567,-0.38805948333718626
1.2405385992060738,1.3206661087734888
0.0988468323811874,-0.7445906387611154
-0.4827679140020588,-0.4852612000587869
0.551966339621975,-0.6823703760543722
1.6087304996650262,2.189518397303696
0.34315834316807603,0.9282455511222606
-0.21208534728904854,0.75872557257043
-0.49917973441810537,1.195355531922657
-0.41004499115316584,0.030332410395141444
0.04888820693930685,1.7356302376393429
-0.02263067385722175,-0.286204801963264
-0.37858171372884936,0.6094729127709829
0.16715549493709478,-0.0194831369337016
0.5715736866890454,0.8086495227915597
0.5345543057607209,-0.6213159157186987
2.264091551778828,3.0176599919852265
1.9496042445014798,-0.5484528774762343
-0.6468129162138023,1.1218483380288329
0.1572984317286647,1.166168661363442
-0.5617043836983373,0.7532366644708423
-1.366459988221723,-0.43443599755635126
1.5121001650419967,-0.15034646168915453
-0.8868473755707997,-0.8291203103771791
-1.5591045331157232,-0.2806621596294519
-0.3997176748566911,-1.6566316477592884
-0.23016719330790428,0.011629696352480502
1.2399682235779717,-0.6896221077222531
-0.82138630505462,-0.9191194968277213
-0.868506872099589,-0.5538075380859447
0.658444387259971,2.4569931589516427
-0.6975143794106594,-0.6496863163444406
0.30102224276662404,0.20811423676786348
-2.2298870017388284,-0.14401852901846238
-1.3260608644730718,0.12174375689372827
-0.5728076768351167,0.808913372975342
0.881648351601385,-0.2780616265407754
1.534850777598906,-1.6526766476974997
0.3627761847960498,1.1586921614018488
-0.72639788925651,-0.41272155556614515
0.28311063169227385,1.4383139973830903
-1.6309555168960461,0.817271725402078
-0.6597824869057803,-1.532206572031148
-0.7409445052628723,0.33656230535920834
0.3887137548528054,0.756006617759617
-0.2030296344340924,-0.24101782986055686
2.033668154558226,1.2565008475915702
-0.10864653462292781,-1.3540713365775505
1.1145685431366241,0.031325598580508984
-0.3965151933434244,-1.8227784712283603
1.2901586896176074,-0.4399340074183619
-0.573550132668636,0.17175975867126833
-0.0697472530228577,-1.002207406311813
1.5042749776471347,-0.2083200443670971
-0.1729372894604456,-1.0351251609510352
-0.7327774846948109,-0.4196249484319243
-0.42865101482263046,1.373004636596822
-0.131699354207286,0.02362168559213924
-0.25764557019770074,-1.8669667719558034
0.007557496787574134,-0.513252510614653
-1.8001727933201923,0.5477090930077262
-0.41142575945421317,2.068266986620712
-1.9937442662793108,0.046187540814608914
-0.15170555934518884,-0.5290044641718689
0.6497708916504417,1.1145923734389176
0.10799354125455701,-0.23824084568091042
-0.9172971800866782,2.3378251856117838
0.3692937605738583,1.0334999062849193
0.426307398703262,1.026867907894955
0.8281672356709824,-1.4430582310913709
-1.6207791755714496,0.3236226712223194
-0.160366128181459,0.6859960529070688
-0.8350850817870136,-0.19296682275590799
-3.5841486946334125,-0.5946507757214756
-0.9314275900830249,-0.176167153840363
-0.3395597226453411,-0.2629881697547907
0.9673507246540591,0.8182872821232271
0.005098957247979056,-0.6219689823979053
-0.31224280866765647,0.08331372774880286
-0.23237569778747902,-1.9247099692535503
-1.1833962631146258,-0.33590258042349036
-1.2909273998711792,0.12410664320918836
0.14971726782481648,0.46732430230997507
2.102848054694341,0.5449842284105332
0.1579683329606975,1.9437920345920878
-0.19595491407042548,2.5005343193842537
1.7401306630481432,-0.4110109489320831
0.5721918819610146,0.12786239909916336
-0.7720709907797548,-1.1238086648576537
-1.0407801433642487,0.6271599525408744
0.40465421318671935,-1.4056280194076916
0.7866978249186338,-1.278375600027258
1.4135571588165659,0.6382031184509933
-0.22590934648373096,0.7274497708912605
0.9342881287266329,-1.1017757378058903
0.10971594067914864,0.8776596861386101
0.9850895221024143,-2.0557785703744456
-0.7946378316683688,-0.1924731455540374
1.1938882845113243,0.1732499907806203
-0.11884912245300931,-0.26844999474940456
-2.1415267152505866,-0.6861001344185703
0.03545937039933421,1.7194175948552435
0.13308178193578088,0.55764231771717
-0.5639818577380477,-1.691051174290131
-0.1931298981016847,-0.1635243443271988
0.339123466314982,-0.5767712481287944
0.03911090437027523,-0.29677510009479124
0.10850958164160045,0.7311385518760696
-0.9558192543277069,-0.7061402729457951
0.7546401723969111,-0.569175810515567
-0.4962885799054983,-1.383457872034043
-0.30794561635547096,0.5764996270002667
0.0034354152335798072,-0.48213149779849745
-0.8096150549742934,-0.2562519378953983
-1.5115212678862007,0.06682300651191732
-1.359888636377095,-0.0742809274865529
1.2682621464771162,-3.1916238511151875
-0.4964699172197802,-1.1821227837027644
0.7079667111080714,-0.00804584137400953
-1.1911276748546586,-1.7156145886694871
1.6616993769661734,0.4672351199925494
-2.3673674497998762,-1.0720135871622662
-1.3164581758912595,-0.13193230518786367
0.8847855951058632,-2.091451652862034
-0.7926813850135067,0.05222698946028777
-0.08007066236287719,1.0314115818844993
0.7496323702126968,1.074979127644871
0.040347455185960335,2.021980708044525
0.9021931019832259,1.3885972655651115
0.9441774606605259,0.23916897835086331
0.4673494492414214,-0.2651156815619543
0.2966411453389882,1.0776047916994709
0.5494068436841543,1.759884858042146
-1.4158160922651224,0.12996830814018856
-0.5233357683971374,0.9600645587605217
0.13138273630606667,0.6236740475202901
-1.3496264625846697,-0.08002201346477668
-1.4290145059773305,-1.3268107324952056
-0.8104126284904292,-0.04737958383524792
-0.20939814742696078,-0.4840714076178324
1.1917127512126222,1.1238118015916503
-1.095994314766447,0.6207295805416878
0.5303392337042756,0.22963670292074437
-0.7264658289667334,-1.5104050716665403
0.2218880043745239,-0.4628823924285234
-1.0853265362890518,-0.9932488776511162
0.0923718605758877,0.5662572548654943
1.3704878147991437,0.09519436479732052
0.24241541601474778,0.5394899522451588
1.7452652649685647,-1.164185391309358
0.3052520001305099,-1.057162432553304
0.3831858236398345,-0.36281302053467035
-0.49423427721510044,-0.3833330777628989
1.5283881187983794,-1.1256302025065097
1.3363875489034478,0.5270555734025082
0.37601059160685785,1.0011060573044717
1.2412565877660835,-0.9622374215289157
-1.9357623939628987,-0.5381020720667739
0.6231674349817997,0.13354853951193635
-0.14817512242781447,-1.1910037217221277
-0.02465875720878861,0.03749083120724819
0.06943358318248992,-0.35060725104274154
0.9357181750677247,-0.12293999874318692
0.5175828486211305,-0.8687751902558432
1.5425932405571634,-0.22597131231312473
-0.9240531456827478,-1.0023591854404845
0.25994119256881865,1.8488532395179027
0.1382119545157407,0.3852738922281207
0.8064897029051044,0.34115778657471096
-1.9401514402023476,0.67265984560831
1.1231953455586037,0.10025515511993077
1.1377659384202028,0.41909861736333814
1.1568966143271742,0.30289563321471036
-2.0627112528075715,-0.38636740717514306
0.5565795292947653,0.24282382543711875
-0.03878438983870155,-0.27104420702046383
-0.291304772309285,1.3835455262935936
-2.0779477358235074,-1.3032689103499473
2.1265632635306986,0.15087265355987053
-0.43117995113746954,0.8089825479086034
0.044692799716409694,0.728263621306241
0.38887206105573907,1.1119457219077744
0.6127662348290707,-0.47512436415163606
-0.6565607082843344,1.619313583199572
0.27601944035847475,-0.8300653294075077
-0.9954921035198254,-0.5349121560570842
0.03883053880342299,0.3780640749630711
2.5176171892670074,-1.3028738351978333
1.2456465688597866,0.5212861795685475
1.7552855451729628,0.250623952871614
-1.3162228226012667,0.7282466137332388
-0.3897803828550793,0.8175105705999959
0.4805189097569603,-0.29424690717970836
-1.5847702109020587,-0.09207228811396222
-1.04936098183515,0.49605827957786724
0.10180866315926582,1.7143145482836704
0.6614019661963039,1.887435383971647
-2.5768539618522284,0.5019137516535701
1.6810914050497918,1.3326216146520438
-0.26371060700219334,0.352419974156867
-0.7863455346253205,-1.3042948276528512
0.034658086567601894,0.6990656582069625
-0.9496043046270329,0.3401393167540678
-0.28347059074869063,0.15042393190092507
1.4815816598318599,0.18915800947087433
-2.2116578645604656,0.47840051631674063
0.010855059739072533,-1.0901999655866312
-0.5912928908891177,0.4559189081330809
-1.1319425237844636,0.05828634652518591
0.5517147129377068,0.4204246784582859
0.019353184807627634,-0.22105527994664648
0.10094266773569145,0.5025814223532006
-0.42831544145257605,-0.25220246087187015
-0.2996510318262748,-1.263585832558348
0.9755041566158978,-0.5049513172245982
-1.192146976931728,-0.35667997362910997
-0.5284099763676053,2.7828306059976917
-1.4780323845967782,0.13452925986687914
2.1222129787875272,0.07392454082767232
-0.984248818500641,0.910119341596655
-0.017496737160955077,1.2305151143153166
-0.44866248423896526,0.4468244447271946
0.10236641741194803,-0.18876843104668622
-0.968755139689785,0.010566572576541136
0.3152458919264361,0.7606276068115456
-0.9336140687919243,-1.052263995382183
0.7017937285044012,-1.1696663534407756
0.03423719751408988,-0.789809094042032
-1.0135308282348854,-0.28484132585031097
-1.2165615102864187,-1.4076403197047969
-0.37077674256689724,-0.36182205941297124
-0.9632460043184677,-2.1194401373073997
-1.1776867536132751,-1.1288307471133678
-0.5930127788511217,0.314387904050267
0.9257135587932566,0.2720272129119019
-1.149659493722936,0.20497001405714307
0.19292063597790507,-0.05200229981346125
0.030457640910450445,-1.1412774595622022
0.5292396397540257,0.17491658993491713
-1.101940841960037,-0.0906769593293024
-0.11047619365922032,-0.8461552268164659
-1.2444337199807023,-1.125090488757161
-0.08372727036698226,0.3859603567064789
-0.04762142614531945,0.07158295687640814
0.49461453710034375,0.3013773230931924
1.506467220359225,-0.9374615766748192
1.4310712204589355,-0.21917503002351174
-0.4930188361218963,-0.45456614849108257
1.0803457974335475,0.023416610284395557
0.12235977898074915,-2.0257958975171007
-1.7099516234390828,-2.0390503304415035
1.231729547201886,0.8955764347584171
0.9548312696581056,0.4840346550619533
0.3876162442441001,-0.528304977309269
-1.7938543179907265,-0.5559711135791162
-0.6359392903904121,0.026678248159219053
0.12210892437950863,-1.714412594239744
-1.3446939275315233,-2.75678002303367
0.7878475564744544,-0.8524835160592932
-0.895749137028503,0.46771546051948787
0.8564910356477192,-0.41919954494316836
0.17424839533175995,-0.8682242006161337
-0.4324495658935498,0.3348684669133952
0.22424429238829577,1.152014024358538
0.22496058290767482,-0.23718492797970483
0.419780915192956,-0.30774958692014376
0.530194985149659,0.3101428758930724
-0.22834434273916893,0.10403221779310313
-1.0570998551896087,-0.4590301265032482
-0.24434652865719178,-0.48152613616000334
-0.15975650406397224,-1.3252171878361083
-0.3910005162714629,-0.3207447676032258
0.8004248726262585,0.5735556656102061
0.630416493458216,0.1756928106339458
-2.7780523431242723,0.7648509983256624
-1.7011438722317032,-1.4181110033381292
-0.13894768204254251,-1.4004228855102387
-0.48368423721030623,1.1806951957977874
0.28318674860922677,1.0474636982724148
0.3099795470105378,-0.6169878247671473
0.9798825029480517,-0.7053543397905189
1.3250468866050873,-0.10721118227480161
0.32572294707529637,1.0690485607635638
0.04967328501135074,1.2717432959361343
0.7400622434371197,0.9420179251901291
0.5660368007090715,-0.6005035157784513
-0.28214913126157637,-0.2176678463762595
0.009705341517411458,-0.6398122561029173
-1.0227162144429096,-0.5435747495683777
-1.5711781520635666,-0.9414473409426263
-2.629516615959662,-0.6456394834775999
-0.8912679240741413,-0.5150664169426754
-0.09914015957001969,0.04132595011807612
-0.2610165589703738,-0.620841830122286
0.3970739568960688,-0.10810611922335064
-0.6255675468812337,-1.4150541784231263
-0.2080692858554889,0.4286533364973813
-0.07608961026117818,-0.1606083968598897
0.09709787899380429,0.1444560022122835
-0.7289954855137629,-0.2087110083861805
0.5844745166589398,0.31990375762939827
1.796813941076689,0.11082490797398828
0.4531579258094837,0.3998798232681907
0.8065810671402083,0.16873014292025926
-0.37248071152451145,0.02445403542782394
-0.06555192279409072,-1.516424316834191
0.7086904264805018,-0.053187418950209994
0.6522590656026653,0.33267761174818866
-0.3052546630392002,0.4443824715229665
-0.7433035625301488,-0.5561103207292837
-1.936078848486588,-0.8160543462399138
1.5380265666007076,-0.014124039595059987
1.1509674820138955,1.0099404947674773
0.289041637657976,-0.11539284836261023
0.44471217950628866,-0.11045117903512115
-0.18836495837055459,0.17059410632087008
-0.872537156187285,-1.070931532596749
0.8705182174960928,-0.08793845841450311
-0.15321481478773297,-0.9537333513845139
0.6968639636022251,-0.5547739213213321
-1.5770597122158088,-0.8440788865468599
0.32324677395974616,0.96808916485805
-0.11734316113506045,-0.5698263229559806
0.4773430566053458,0.3499271030144198
1.6644765805458257,0.5230601583234737
0.2227801191641348,0.6601570206442781
-0.8206793433615942,-0.5888621858881221
1.3232849408758545,1.1246567588618255
1.2763556994261964,-0.9954648556839053
-1.1464240199872573,0.34525921380984526
-0.8451351417813396,1.5076673607026934
0.8450831677528123,1.9217681236967965
-0.3208989199591352,-0.5270559967381401
0.37295388871071833,-1.1813383944919944
0.7341820816134812,0.9243803596506731
2.011348080027146,0.3772229920568492
2.941510741665278,1.7756429248001313
-0.1724071296033145,0.5494831872060315
1.265498938825255,-0.9283444925342172
-0.0731245556040953,0.33778263758970223
0.23561910613679315,-0.1842778796154779
-0.048099242242670405,-0.40807043683870436
-0.5228038673781595,1.6085798713285397
1.7032104132787096,0.8618323195575256
-0.037869185798620544,-0.9825526679037384
-1.1139111132585413,-1.28383849507484
-0.8749379170098316,0.621166870128186
-0.5238089678922762,0.6330436644372595
0.2220141351658119,-0.4378556577309781
-1.156314710650964,-0.5270055766349377
1.5038145728673362,1.2975792659562593
0.18478278873675208,-0.9075001702175228
-0.8853519083035386,-0.9710225753540829
0.5288786860742586,-1.2767336815788735
-0.6236674523647259,0.6331207490217355
1.6454828887228456,0.11034022418356251
1.5097041391212214,-0.36609416695007646
1.5914858315611142,-1.1332708964996345
-1.2848081520866093,0.9722535735077632
0.5128103884946416,0.8631451702276183
-1.728076323600004,-1.7724855027314312
1.084437271870643,0.01657311691644256
1.1490622299889397,-1.3351205836571212
0.7048823002966959,-0.8196170473898832
0.5533826062037024,0.004047149261416665
1.316728127811339,0.22751649060084975
-1.3829979167794368,-0.5686290876122362
0.7950413420112511,0.6632129871373782
-0.5236726792120475,0.9301682231224598
-0.2004373803420658,-0.6528635240974715
1.822293177814408,-0.3339650935641028
-0.6983521702707626,-0.6304565561771601
-0.09489599693386938,0.718029281314233
-1.0007853056386988,1.0812048707396695
1.575650463351285,-1.1256621275953589
-0.7239237270615434,0.9906896399010464
-0.5674199909486005,-0.6592836625302403
-0.9495951340541228,-0.8780118353461389
0.48346336258187267,0.9175586109033651
0.9811962850318579,1.1764184833545341
0.5070889257299181,-0.7205638933433258
-0.3079117112685362,-0.5290639475344632
-0.16351786737889676,0.5084542711182685
-0.42508698099238856,-1.6493629433011694
1.9144162636511504,-1.2936452548555846
2.4442593752903528,1.4570757189837553
0.7596245843910177,-0.3066271979800056
-1.4651860152515632,0.21052934261941167
-0.3025452031827641,-0.7886469713823889
-0.9127545028830601,-0.8816807477666685
-0.9172856677197848,-1.1520012692241668
-0.2958654507374227,0.10186714368348432
0.46090002450093354,0.010111417621069351
0.3044101520335552,1.9676182609147261
-1.1833777835606116,1.4641127954718405
0.9645856676807476,1.8717509113044621
2.706508805187445,-0.38995360876325486
1.6258324288797756,0.6085688328729505
0.27149796497569206,-0.8358571169500498
0.391388117774776,1.4488274576080926
1.5146040807517154,0.7108094762353582
1.018099135215408,-0.1495185721875231
-0.9349659910331823,0.3858548734227184
2.6959333009723583,0.8429492942212002
-1.7537029305205072,-0.5475864191579267
0.7540185713589872,-1.604280461272948
0.5151843973675494,-1.316880571695399
0.8187666993416062,-1.0025438801470792
0.4055466966564797,0.4841817919469313
-1.1111332312936972,-1.0346868939009897
0.8609667236791585,1.972761383366941
-0.16275041856656589,-0.0005725391522353791
-0.13912956032969762,-0.10522874491960926
1.2719526067884102,1.5902065362085078
0.8012761112630689,-0.05587435887781521
0.47657511909645917,-0.7525900665548191
-1.9270119176396645,-1.4179022614416095
0.774297613108652,-0.2415352753863917
1.2696137231939657,0.14566553821792963
-1.7680117943663094,-0.5432860174538442
0.9014279871890837,-0.5815106391419452
0.3442644160316901,0.32843715903696025
-2.149118643647957,0.09287084018887047
0.8918216968262932,-0.7645288151152446
-2.045298211852913,0.15558822635049263
0.6362427406764926,0.4580806387826265
0.3905780420837502,0.874303955108817
-0.039222200259105555,-0.12028744658160538
0.30750658253146407,0.336295471208919
-2.5138958815948294,-1.2016635741952726
-0.2546840838353821,-0.24012547218317648
1.5029748489596175,0.5435672792873321
-0.7846673519381345,-2.2097173930050595
1.9980802754795757,1.2776089759361349
0.5494932360451084,-0.46151942765627196
-0.17899310934148413,0.7764011244027421
-0.8547197432088187,0.21586773633671255
1.3929854313237393,1.0631615096905958
-0.8405871163877442,-1.0912995633265041
0.8647137822770511,-0.6566089385592049
0.8044458841197281,-0.049743202267861435
0.5996318021483469,-0.687795252013511
0.21260168516362069,2.0507862306049716
0.48835976191902875,-0.21512793008826891
1.4718427848277669,2.3064843791313137
0.05518939795622023,-0.6987970422890275
-0.7981395153951106,1.3887827165916327
1.2142902848735293,0.2599435668777426
-1.7369933988528534,-0.006542569783909451
2.013541216464824,1.3195700650294655
0.29513188887918695,0.4427362730808321
1.0239996828479252,-2.50975798366703
-0.9641129208641086,-0.9158668507558018
0.7558110057080046,1.1142694254855119
0.5229640199568327,-0.869250618806049
1.3845392698711887,0.4155544152226047
0.4239821361687848,1.1260873734105197
-0.291614150901257,-1.5594919688158904
-1.4791002444955452,-0.7677863880305013
-0.46425902808171277,1.4975880716671743
1.0149951299676994,-0.21661328551540174
0.6468029673425223,0.5725547612278513
-1.522991562282264,-0.25237417173070437
0.18347205978874984,1.3718882840778164
-0.8824968832644033,-0.9189155230039481
-0.2656210469383775,0.7376416742663766
-0.17421696090771893,1.8998747760426062
1.5296650366347282,0.6772943364020366
0.6825075123298342,0.09208044606312345
-0.39704708546196155,0.8894030794479196
0.45267505762025545,-0.2597024681910517
-1.9706914553492139,0.8394905663683895
-0.14525305523399265,1.793366707553456
-1.155950720430546,-0.915543559125964
-1.9974194608193998,-0.10881381329850834
-0.6836674306363546,0.1704709285175559
-1.000558244260857,0.42785071140174247
1.4732062276048088,1.3252719808260816
0.9535735569913141,0.7121095177651874
1.5856433441634465,-1.0989999459594322
-0.3731064964591411,-0.22261772062821866
1.1714629149412008,-0.7806983194084066
0.23389895622823523,2.164609256048103
1.0180388180212236,-0.3393600540403932
0.11956227066251128,-0.1687290948119824
0.1590708727626014,-0.4983720213175413
-0.3992799307052289,0.723002122402983
-0.1773975496675213,0.9266032750393841
0.04327354037294754,-1.7678256241360426
0.6533787111381945,-1.0740363460096027
0.39649409177708506,0.9663140929601355
-0.9459234491167828,0.6380475724450637
-0.3313549418311034,-0.33705326137821756
0.25259758346487665,-0.585058374270469
2.0235905820401503,-0.15349647891525584
-1.1171518319986393,0.8811965583512507
1.5276023214083574,1.8178595281437915
0.5419881906082363,-0.6598867263752611
-0.46798786942116577,-1.5259024845705085
-0.2824905946377697,-0.6846462974236198
1.9223416593091691,1.2044750556885402
1.0245589340802774,0.7451587294236792
-1.1922003922019997,-0.5175012524172271
0.20678321255964183,-1.1129030391753783
1.226717188208259,0.6315318067883369
-1.4513269145957777,0.1235352535560792
-0.5065622352907357,-0.9481777104286043
0.3056450291430844,-0.4801831922580478
-1.9277737008619449,1.2776571804687402
-0.05580912883929603,1.0836054607688381
0.8514584584253075,-1.5349265903384317
0.560753265653306,-0.07677544388575427
1.1548370500743583,1.1933901708614818
0.1051182259792319,-0.9340762070086652
-0.9616499874557262,-0.15579684805293412
-1.237848396718099,-0.9599243812760772
0.09238652361272678,-1.2420612137139135
-0.1405650816499568,-1.258407919362179
-0.8358508449401645,0.2665187481495255
-1.7179461731521877,1.0388163527111027
0.33847937425533847,-0.35050032585434515
0.7541461322504596,1.4989586645639184
-1.2219121840056508,-1.1126768036891608
0.010903737651364933,-1.8840366390907144
0.8658479997268932,1.0597692019613236
1.888105191848217,0.0868984575176852
-0.034021174224515366,-0.31474319385808047
-0.8009827518222681,-1.2590987022496185
0.024691505983913002,-0.8577507223491144
0.30843888941807923,-0.5208349539282986
1.6504975133846362,0.49239809395020223
-0.022781028253652046,-0.468904445626164
-0.15589305607107076,0.03719669830460607
0.5083835290604164,-0.612083994578428
-0.9577635216982547,-0.10688717068219204
-1.3630494443209742,-0.9583707946620386
-1.2913282354880098,0.4051086497176466
-1.3659759835864211,0.6874753663977438
1.0603172823782372,0.8021638043282964
-1.1207510174796542,-1.011778179113077
-1.0191879808791906,-2.2066436431630705
-1.8583710900721464,-0.5396682363610862
1.3518798278459663,1.8060547247994432
0.6837970911916209,0.3042706342162305
0.1642531192061352,1.7412887411651543
1.599398305842044,1.8189042953553374
-1.3337506046269512,0.011830203935913582
-0.016995587167003876,-0.9527382678034059
0.7027951006219596,-0.8473641401325781
-1.2787341942499801,-0.7921949453702883
1.6467993504233691,0.9235862343142942
0.20096406767191072,0.1272293977491884
1.7925364679449822,0.768832425186461
-1.317512957119258,-1.1691721804680346
2.022989419764301,-1.9072883082639376
0.7193413969271685,-0.06134392155741494
1.0179316402592402,0.43521331239445543
0.7952027182971858,-0.6743079915743659
0.5633026408349894,-0.7435387355934236
-0.6635515847505549,-1.5431886340972216
-0.33918622962557404,-0.5766727167063743
-1.0447316311476083,0.8232925639963506
0.6513253458577288,-0.8667713852081402
0.13951459284535442,0.6494260476346152
-1.1024800014513851,0.49889346374552246
-0.07174669415701634,-0.5012968437054943
-0.3772584683299893,0.2463236649206371
0.1953712479614676,-0.9027506756444332
-1.8965908113237997,-0.5777391457885279
-0.24533409676881934,0.21853963800928894
1.4660138369054252,0.5506518619941982
0.9209961812951974,-0.2967235374013367
-1.129092102495076,1.0183739547918094
-0.7127952143504089,-1.0781564724029349
-1.3143766689122012,0.028742358371213087
0.7580294597460676,0.597441481244772
-1.1798653274454065,0.5608132818744848
0.03918854500628325,0.37969518521402945
-0.9728933356240866,1.5292096560232307
-1.184010534569928,-0.23215121544831235
-0.26410396912840917,0.7252770739201603
1.3796794558986456,0.3787976623379125
-0.9143060800715597,-1.1599069381807623
-1.1634356482220105,-2.1006616651184125
-1.2814059712040682,0.13186041247491084
0.6404816048374338,-0.1359125067057128
-0.33107064687947924,-0.5893209732702692
-0.24588806674779207,0.2719400751815431
1.1629025688928727,-0.8199438075170585
1.324355861714546,-1.099961307945528
-0.6344115172950919,-2.256376848279468
1.4967254549810889,0.04705347667692027
-0.28113972104383045,0.08518207565071477
0.4013034704702322,1.007718482970914
1.4591759758262126,0.008950711734176293
0.1694427974991186,-1.5908625412492867
-0.05141294182585405,0.49771761449436375
0.4172888498962826,-0.3506738485752769
-1.4439152574297351,1.7514652052926967
0.7853969134690824,0.4700674900647045
-0.8430166428889613,1.1539912470020242
-1.085222505032255,-0.392150130738569
-0.044977950620559655,-2.1350963997776584
0.5159499460136441,0.8517899983332692
-0.37977303379437083,1.249704118407962
-0.6861452822931593,0.2579334493969501
-0.48454249605536653,-0.9390633332967053
-0.14418660716339216,-2.24936020973887
0.8298622355150904,0.3511935943166109
-0.9041710232608526,-0.6529286032873214
0.2748493040587469,-1.2951970890763074
0.9425759015259558,0.3540095556475803
0.2532230226836202,0.5939936689147269
0.900825321164611,1.3033277758317618
0.37278649565262184,0.0577514052670228
-1.6900618894959059,0.0021175973385387974
-1.7359653466776064,-0.507526362896537
0.4425546311718056,-0.6125666036727366
-1.509995547465666,0.1537622110515397
-0.07391440479325341,0.38685669741739054
-0.18189082845742005,1.146378545185331
-0.36237407870977867,0.27627392641631815
0.8534505298666483,-2.1548347752892663
-1.035710355025833,-0.3989880624612647
-0.7387274524834743,-0.7066068942533762
-0.2770536085193076,-1.1594387315673984
1.369296779495233,0.6056272954324079
-0.5295988260956772,-0.15470578239843039
-0.07103915885923173,-0.4851882166063991
0.48913374699667816,-0.5136403677737232
0.3400961643483326,0.16610268305237072
-1.2177305385557662,-1.000789659726774
1.4764663664454052,0.2998265400379496
-1.8118783917194068,-1.0317000437775297
0.66595928638245,1.2209155637728453
-0.8363030237668242,-0.13005605675639717
1.4875104167548703,0.42301566197190754
0.31736298846351174,0.6400482985081516
-0.6175324828109465,-1.3301873226196574
-0.5195941604451496,0.6311897645894561
-0.7539363837705568,0.3441019830936608
-0.8511809930276633,-0.32760849102417505
-0.8902370637543823,-1.2478271039100677
0.8908107178407272,1.4700840720792705
1.5234308168794075,-1.2783028058766468
-2.9063441988450807,-1.1993425515229932
2.3494566062415343,0.40842029614034964
1.515851655780703,-0.3229816420232696
-0.7357495983488842,-0.4560821455665946
0.5198311078862813,-1.6101514919887048
0.08842357207225893,0.2190772793173647
0.6411080205657049,-0.3362126124330194
0.5686600298378847,1.2191538203820294
0.5440168733116987,-0.20445281397401097
-0.7121646009666517,0.49140545001867497
-0.07316056920764259,-0.020011056773826478
-0.09985622572221327,1.3745808369066224
-0.2182886877844718,0.6109088328335127
-0.23031167544794676,1.1474269149492842
-1.0475916416840747,-0.3409500407518086
0.6154146138506196,0.05354815073686613
0.05172225602750019,-1.187401330247144
-0.7319725655427997,0.5029300328885112
-1.1165669631504087,-0.5564620397347155
0.5123152893808867,1.4032427131364456
1.1049289119196686,-0.01795163340188624
-0.3385265090071614,-0.8170201950288536
-0.7868198717648474,1.0894602993582885
-0.6319575091504519,0.5519687704793034
-0.5529997110252528,1.171509124170442
-1.7912824524761561,1.1262546950893102
1.0825929901965372,-0.041662247479002684
3.463101135465581,0.1463187361616513
-0.24486538618894244,-0.8135195597632479
1.115169783833099,0.7820604566641002
-0.694076111332498,-1.4278972442037514
-0.10455560707364554,-1.8953066077380367
1.0690420983384554,-0.029658626956001456
0.03603762670726789,-0.1495190212709194
0.11293223286866498,0.12718780375276142
1.3483623356591488,0.001310985281547518
0.5522193775234042,-0.39840994075365144
-0.40202951906682366,1.3486110717876802
-0.035799547405136904,1.6234775499618448
-1.5797125573987734,0.07951062380059483
0.36623117500467495,-0.4895662556866554
0.16448115437576247,1.6334647684546186
0.788012180050878,-0.20979929922588625
0.8201656528843337,2.1873347064989823
-0.37286906839867895,-0.5917231842866301
1.2572951621112785,0.6121337042176211
0.63072811791886,0.49846605006843575
-0.9448045748429674,1.170529670352198
-0.2636554484497781,-1.8669736765898939
-1.9512377794820925,1.2024730990635317
-0.5691648215414575,-0.30348130239705934
1.6560138335796555,0.3339956096645791
0.5248880941339961,-2.1670772806588134
0.21106007915270894,1.1139259509479342
0.3637781221248714,0.41545999128430805
0.2645310029863641,-0.2789034474312236
-0.15822344941916722,1.0118421585932371
1.18827853234603,-0.8573826881009051
-0.7895280951599805,-0.8496713618099553
2.6676671559303142,1.4487506727016057
-0.5090664634357716,0.4298517364200789
0.7004756744134152,-0.17680582768867525
0.0404270555508683,0.8383742683504987
0.19873549039272098,0.3663407912440835
0.5528781692672412,-0.13912616935224803
0.11992108173739091,-0.09385364176217278
-0.8269568141918162,-0.8898859655145857
-0.8937497845020274,0.6795373333087298
0.5218298584631929,0.3606105780502483
1.8681698159156745,0.06829237324745983
-0.5962085671514509,0.2703590638531333
0.6950675100634456,0.9211079299475474
-0.9346533440453619,1.4027179483725631
0.6925855186973338,-0.7841188444302322
0.15525979112774735,1.0616571402328647
0.5411974120849391,0.031263313391101756
-1.0969387980543068,0.11878923189897306
1.1997495181700102,0.9142637335715603
1.3244157794928757,-0.6524784662065414
-1.0197852733997776,0.9103310843574619
0.5068351951792256,0.7560716972480525
0.9305771738471873,-0.08149949810431995
1.512060608531334,0.988411922721454
-0.462035618934895,0.9084926584146825
-1.3811782408404536,1.741556878929175
-0.8327082122350897,-0.06363810310143421
0.12795987019980737,0.7837106821964834
-0.08535870636877464,0.7553096296514211
-0.5885338598821485,-0.6004888140265856
-0.14419771647695137,0.07602313142338937
0.3331005252187463,0.3408539947352322
-0.02878786203936134,-1.5136934745536017
0.4185561777947535,-1.5491110494992235
0.1312306854506272,0.47275504528072276
0.0627078708629715,-1.5133795474680272
0.7665745536380241,-0.6626686553926902
-0.5743801650534844,1.83392688701806
1.1034995390508846,0.8773534471435648
0.24770964389987216,-1.6400319327422384
0.558489015246603,0.3542768967477909
-0.29671260141412525,-0.9399550432710345
-0.24531550499881763,1.8269990897735444
-0.08485708051643842,-1.164449130232235
1.0018466913177384,-0.10285218634084928
0.4269617755683383,-0.8703000296326727
0.43239120797706465,0.5457029110883158
-1.6163332168442839,-0.4375852683801806
0.6199280385446777,1.7411958839624082
-0.842600437097613,0.4816622950940788
1.185016957504215,0.9448241490733537
-0.21395079637285067,-0.5935362759036349
0.5798580898525392,-1.563276631121853
1.522702327141749,-0.31952155776805913
0.13834809078075272,0.6081490986679398
0.25041816095842107,-0.3069905643250758
-0.6368584665760314,-0.5486382673449243
1.8791111735478936,1.2640390008167026
1.342769550952194,-1.190179562120208
0.09184419922148772,-0.08499479379314578
-0.1381413332412578,0.1783311581574095
-0.0205211454483278,1.107933359200998
-0.19921134606796068,0.19171829668317536
0.6800999199763068,0.19067381460679783
0.3737074155225326,0.7957974770268753
-0.005532301264246267,1.109072437952887
-0.4472891971559931,-1.1157116258588886
0.1130842182840834,0.529655762002699
0.5983033858227244,0.2669966289036399
0.2445885249717491,0.8444231352200926
0.1864390379474335,-1.2893844147926472
-0.37734912164058315,1.379435525711993
-0.37756466901328245,0.10494890772141058
-0.9798199884369693,-0.2678199287140205
-0.4691117410622727,1.1538024906661108
-0.4227863889566382,0.9893582991619483
-0.4026764654602591,1.4932540465803927
0.5762985826529301,-0.37544248264937374
-0.11186605784925631,-0.1929212244920947
0.27174886377945406,1.9243702079256892
3.1480180469701833,1.1965800181590267
0.2844064218471316,0.18130646436930267
0.31208961445876104,1.3549766977677777
0.03177064987085995,-1.3012399500160872
-1.2107870749255751,-1.1078898693338064
-0.3106386961802017,0.2140568872422336
0.6987824841310708,-0.6586149844068924
1.9553614599243245,0.3779536829447691
0.9712415598664822,-1.5680548929832314
-2.00830897200333,0.6883651675149843
0.3304856574374145,0.6479825026043752
-1.0086118197761278,1.9906637669462977
-0.2760734106137641,0.7053702443491977
1.0278863937697484,1.3495355649897784
-0.00855875316860926,-0.8966691042907987
-0.9615547419594952,-0.9965157490137591
0.234431944799668,1.6428339230324709
-1.327825295413466,-0.2628648181333532
-0.811784922689381,1.1616943519998824
2.2651972695826297,-1.0872872675684795
-0.556839883644774,-0.18129758072515859
-1.0275702686179442,-0.9018209214832171
0.7520431341011582,0.4511616301711323
-1.1338908295631551,0.3797192513634396
0.3370306337715155,0.7725629830037533
-0.40948701570673035,-1.1239211499191557
0.37239540408494737,1.1743174010141493
0.34722765180031145,1.0474326109505798
-1.9319079672511725,0.6345172588278843
-0.7158795411968742,-0.5524028646326185
-0.2752392344058962,-1.8199238296522195
-1.273549858969855,-1.3225759111221849
0.0702839784100935,1.0576062504659773
0.637061228679231,-1.6527834055984676
1.278354963304999,1.4195734733981886
3.1822122098348355,-0.5993896567126963
0.6431828880320378,1.3175309725951732
-0.6472485503599766,-1.0021343022543718
0.09184308827471993,1.0209717990079132
-0.02685127645558921,0.9045075302033962
-0.22798443072613217,-0.8055537872699904
0.8377049549916062,-0.4817622478346165
-0.061886099837023756,-0.7884086602387935
0.7444743899172456,-0.9379328837313812
-2.227826509753297,-2.8899679049042897
0.06950332596971062,0.3217850679258445
1.170182076592889,-1.2138296070274968
0.9069878976325843,1.0595948159194728
0.7220949912835974,0.47531573265404575
0.6101638637407607,-0.29154465818169145
-0.8100820017079157,-0.2670984945351956
0.7751030515653046,1.0666529645033127
-0.13969951710944284,1.6127650218393534
-0.5590238355279278,-0.43006070118489753
0.20640839767139912,-1.7563140902544576
0.8675746482536427,-0.05737549703719166
0.7666295326951922,0.04176891834206196
1.5612905826956085,-1.2980381827433782
-0.9920447846629759,-1.5313270948893798
-0.5453000954305655,-0.8967695291027277
-0.34558414450463293,0.6417757275961499
0.05888949347285875,0.77131373439183
0.18083547277774228,0.9114956499532612
-0.4630850734062434,-0.31794256306711016
0.442099299248001,-0.18439609067685925
1.7134781270793344,-0.23073601869099997
-0.9669983628139712,1.4553867823075344
0.3383368527861042,0.702022923369409
0.8414166954075916,-0.7488852771050799
0.5670716993313594,-0.7252759236799684
2.2428109881575886,-0.6742909617599842
0.4707747278854853,0.12728175102655076
0.14176936264984177,0.7033609405907274
0.528919476293422,-0.5679267147256231
-0.866309601647561,0.06969175735498681
-1.2928924798065555,0.08209146607467724
-0.4292931634981559,-0.12339798165149968
1.9753425236276276,0.6902146907702673
0.002032770247795057,0.35651516468906885
0.07620228183612873,0.12129492893438927
-0.550144729662086,-1.0355529261962824
0.8465800397107464,-0.27386585181642814
-0.45637048235974137,1.453504051780203
-1.392461123361715,-0.3962764551271514
0.3200793566850071,-1.2912612680353488
1.7553323024348924,-0.5815538507664979
0.42930799448332563,-0.08450400491400113
-0.30439793874483234,-0.012700580386047003
2.166141932501335,0.4969345418365229
0.26092568830465157,0.06894208207942233
-0.14847527636791483,0.703564259187912
0.224779515337805,-1.0993299418856655
0.4291343277366837,-0.26518794628759457
-0.2596082351849635,1.7661462081618926
0.10436373159445608,-0.29557844432061037
-0.795051215011189,1.131539126603207
0.9924403665290579,-0.20425718217731686
1.4514783792853039,0.5402016486759886
-0.13125254266169303,-0.32452368598703746
-1.8779497196703014,-0.8833288081210328
1.3614524455246946,1.7240019825722868
-0.2590802407694274,-0.5849719343487126
-0.3836518011626945,-2.0558468029202874
-0.5968458779892071,-2.244598829658506
0.10783261896356028,0.8499612947497377
-0.3996185772051944,-1.0642274901845559
-0.3068710303800413,-1.7040476897020944
0.7428734741039925,1.9223502251628657
0.4197959179390292,1.1348595350083008
0.20141280514442889,0.26916755440165463
1.143705557120304,0.7457029955770388
-0.8410259524559229,-0.45832021585149924
0.2305088764094939,-1.367657496920257
0.8818134335729099,1.1055367171879191
-1.9556007723794757,-1.0779275314982506
0.11731623596153366,-1.5860606838804112
-0.6149573849970686,1.386637340320662
0.9519833216235997,0.5607373196440214
-0.550120008921923,0.17726671639114736
0.5888828343736406,-0.4134639739810727
0.8277340986318223,0.441380368658191
-1.4482019923830225,-2.2215608821895843
-2.472721156565051,-1.1364735038530127
0.3577317757715967,-0.1453745328400985
0.8753809804334505,0.838223100829524
-0.09844604988581629,-0.5082197834526383
2.5318001906433256,0.6491942848389533
-7.05225652702405e-06,-1.3964899710256982
1.3994900508416332,0.5462521568103975
1.3544458267543766,2.5822769633804077
-1.0882317843391551,-0.9818429818508502
0.3056677545276066,0.8170936144860439
-0.7066207670515824,0.43580283487250304
0.8926921803181875,1.2641619652374063
-0.18922653829688063,-0.7311424685235415
1.2796950026064695,-1.3750947762381394
-0.4057124706650297,0.553352916454117
0.44831019228141267,-0.15294120830185245
-1.6913574996866227,1.0548037693917316
-0.029327051197222825,1.397496311555869
-0.49012445615230854,-0.17901336342022134
0.7719098085173112,0.8379644790030558
-0.3507550320920755,-0.3635522146900014
-1.6090461883223093,-1.2066571933530632
-0.562566786142961,-0.5502054042695917
-1.016771806848212,-1.3569458831857901
-0.33489007939789367,-1.5162433063203875
-0.4888980185843139,0.9853238831129069
0.3036612437226964,-0.5692299523409207
-1.2741901633220845,1.0977639388339269
-0.8245773567518949,-1.4331896502154011
0.971648082817119,0.2457258666053735
0.33627320424227336,-1.3549766351237416
1.5100721753759248,-0.3568319782808082
-0.6112901877855089,-2.0742105443994143
-0.15849980380612658,-0.589416515407863
1.2145766131440132,0.7924261711357857
-1.8762837662880667,0.2694456047541034
-0.8477587664554125,-2.0905194059885925
1.1097770575012709,1.839736231866251
3.6989955889610293,0.652435151845153
-0.17176037971468863,0.8003047608470097
-2.1262430081883075,0.8116809318428554
-0.4270854320986254,-1.4349115319969818
-0.3080837624713879,0.4768311058184122
1.8392126169733636,-0.2944854314144907
0.1079392370060731,0.2326373688121325
0.027324734518270444,-0.7301968821806522
-2.2850943002597544,-1.233800328563985
-0.1893382552065871,-0.802631376146748
-0.45979319331901825,-0.5392967351190777
-0.017746000834622112,-1.14419907989824
0.2664773758478294,-0.32948435268143667
0.6874117623686669,0.26607539660270074
-0.4659821162164189,0.18041675263637613
-0.8243418060832556,-0.9136058955024571
0.8662850335194278,2.2933988796873326
-0.30351031391301536,-1.1588459282777612
-0.3189490900592242,-0.362747004872021
0.17424002682847806,0.6390394071766943
0.2116346790422124,0.3374866467496264
-0.05724298698018605,0.18864061478767113
0.5166692281764748,0.421218607808213
-1.2597684999449839,-0.7553482155762069
-0.08728644385898712,0.016702636073601167
-1.4529078501555366,-0.5763213736273616
0.31836233756379345,1.3697059750515934
-1.3676292136309913,0.7407869774348664
-2.3377258982885385,-0.9313656635356006
0.05487310535610131,1.6693715573189893
-0.5912351406896705,-0.23849444666190775
0.9062451704178174,-0.2386403170547545
-0.07042285477222257,-0.5028840958308805
-0.9077619155828455,-1.7381217083485274
0.948001988353757,0.21925439680610082
0.5704677810338767,1.4834773614488788
-0.42352001674530687,-0.4798974980362389
0.7562438086927659,-0.9821866260821683
0.004591134129871042,0.21899631667319286
0.8625268647484876,1.5028739598125853
0.29539857070236286,0.4779958172221279
-0.8506806964100764,-0.9001464437338682
0.6076829174928813,0.46586671608948377
0.0365690155783606,0.6096517404995552
0.2949643386011168,1.645832529114674
-0.6322081185492283,-1.9261244108495403
0.2860098485211842,-0.31640194430504737
1.019001688555309,-0.10213736379359904
-0.9447550352821443,1.0716566167853423
-0.0035425910894388265,-2.453947658363672
-1.4991000527273317,-0.9723162719213568
0.6355351873846952,-0.8058003085742068
-0.43396679874302335,-0.9105728577637481
-0.23195935844375193,-0.881987752914574
0.033706810548725694,-1.6212553469927937
0.330908476709303,0.21096438115376867
1.2110705800600465,0.705990545043846
-0.8722235276599631,-0.7581704434438996
-1.1668714322471003,-0.8083013356226756
-0.25944486887866164,0.23514960944425314
-0.9010155290243165,-0.9419524833831526
-1.0926382319227046,-0.8094678807174331
2.1007724008059685,-0.04989877589330151
2.0325976578084766,0.40165693667443847
-0.3507001241572798,1.994542581979931
0.267422264305722,2.204392246800934
0.6541477610768555,-0.685848701968188
-1.5259313818609648,1.1695886044788677
-0.4783035779164653,-1.3143078227698124
-0.9753707003732719,-0.8389797106953077
0.15254051277080452,-0.35219950489868934
0.6998524199634935,-0.5702737148014125
-0.6981651872340379,-2.0910147348538755
0.48913600973731125,0.3135386893159366
0.49803076073085084,0.2409515561987324
1.954176992616832,2.0795135088525996
-0.21563547799211086,0.29226356364703554
0.6601656039335453,-0.263483244479672
0.07134825314326883,-0.3899133091438797
0.07893383721694983,-0.4661638919562897
1.614979476862062,1.1030554265087793
-0.7710869891231358,0.31023285893085856
1.3788917296152252,1.2621618011968883
-0.15961560505590314,-0.7194791962110486
2.067398204112441,2.2532453815285964
0.98339744007697,-0.06142640783579298
-1.4301658885897568,0.16872978527732882
-1.1391202800973719,1.871521876364567
-0.7540428132008357,-1.065444012614662
0.3594616106265344,-0.3031918740545543
0.41676525125394953,1.4538063929380054
-1.6880777172817065,0.8983941525964105
-0.7035041926813765,-1.1716106498592493
0.87960151063727,0.9695309383861728
0.5338439699770771,-1.635461986806095
0.14355934706008416,0.057055174751403294
-1.1019284115350574,-0.9383455159661679
-1.3085236100852211,0.5382728160485921
0.6506621741063895,-1.4041403518745232
-0.38662632098990146,-0.995173308787618
-0.5247540523598779,-0.7505094416125545
0.533725908031352,-0.795236620512755
2.3014318862897434,2.0997770661198514
-0.12540520951267745,0.30352949194298195
1.1517359775335478,1.4590442230196041
0.09350378687152441,0.6480587212859735
1.3893430254443178,-0.7035364115101997
-0.32331910099096417,-2.4188953565568325
-1.7354470544636396,-0.8065249171618794
-1.230425987502486,-0.1103029922349045
1.4700244389862738,-0.42716647060265994
-1.4642756002742634,-1.1537745162511186
0.3049137911475975,-0.30856034452531633
1.134615023855779,0.25464017488678786
-1.1315706824095468,-0.8021408854969339
0.6079082151120753,-0.8833504788543768
0.8198248637610277,0.7154336877736966
0.5413298382523704,-0.6095194205297467
-0.19017509980854028,0.2632123663141084
0.3458528839026207,0.4460136937351806
-1.1270001286369271,-0.4957901322516583
1.7356945413682874,-0.8290560902047558
0.8946777786293578,-0.03155978602411293
1.281858650764416,-0.8100966896165183
0.755797723577993,-0.12092519536618046
0.7131518939809167,0.9028756774235029
1.5853404496119292,1.1429726154069586
-1.5180191554231781,-0.1694519848970706
1.0512547959288592,0.0660885517981635
2.511504233317953,1.2627705025673852
0.2649362424790153,0.6390862835506436
1.0306055228012119,-0.39554319316337233
-0.9535208315290309,0.8356030502092383
-0.8830584345593389,0.5413517799783671
0.1806589243476612,-0.23405805670136742
0.22321085322345927,-1.2376589355920944
1.7393837940138839,1.362226845927386
0.15109954362188666,-2.309800705874759
1.1769586883305474,-1.3474255586427581
1.170163230482572,0.8986456921474093
-0.025348641542936416,0.8810021668825666
0.258516391030356,-0.4275844731183846
0.5385382880787907,0.6841012278177897
0.26059082805681266,0.47223573030005017
0.535334106473528,0.14919090920084177
0.9171484795728563,-0.06668143521896298
0.46787334897411137,1.7424098928431924
0.0870621051961046,-0.4166706313907888
-0.06282880456467158,-0.6997561046322816
1.9677517647040437,1.2134300714447472
-1.1661207499498354,-0.6316383642526645
-0.09768139160521024,0.9152203847779398
0.10361952554919487,1.3288769398168336
0.06357290338464247,0.2062895839329242
-0.3997567529161946,1.8246507907219953
0.6956624065778614,1.3480297353229893
-0.3342912089398032,0.9166752661386963
2.5488224422891386,-0.0032496256736297344
0.2287076971520432,0.46148850209865316
0.23399241701080614,0.2273409707037464
0.3160466467944181,0.08016858776221043
-0.23112303413522067,0.5085729674635048
-0.6786487743906717,0.10416744432237755
-0.5557782533707574,-0.30286669886172496
-0.0446332421675089,1.5659388750583048
-1.054293107265155,-0.6597529433450953
0.14948446044662458,0.4375316092009921
0.07838137649732689,-1.029299657518753
1.8493026420772347,-0.4650162214637938
1.5791667222394108,0.11562715234433782
0.04166708781257325,-1.4146645425001694
-0.36651219862687956,-0.54884803104447
0.09630051679546398,0.0751805027870044
0.12887740065508027,-0.09124227261028543
-0.029541520314781276,1.3956796066603379
-0.1193829335264381,-0.7994122612898142
0.5883900730983085,2.0697658698450185
-3.4228992501709916,-0.39913459822906067
0.5132969831769808,0.5701887085219622
0.9783821232899141,0.7252373419567034
0.3306830618794601,0.6537058488761492
0.4335157607594794,0.251969010735388
-1.0249559790287386,-1.7973824116804282
-1.150768170188862,-0.9339401234032897
0.6410806925723523,1.0951907242626144
0.27821093001922886,-0.36442941847703425
1.4617694919439217,1.1703253748286875
-0.3944815747830988,-0.9156848512319907
0.42081564715072545,0.8585524406645793
-0.8622888569952465,0.07133809718700952
0.39186239945537604,-1.3370821721561261
0.21503395452071325,0.5337903840544962
-0.9519308132561054,0.26757275560517396
1.2608454335562351,-0.10481526860847083
-0.2324382089498202,0.061096209535367665
0.8626888536111477,-0.2165026033547097
0.5017660222524799,0.29083296724433716
-1.5383068487654987,-0.05197721871371113
0.04904228525351719,-0.4283243285367715
-0.02409151604971934,0.7654477785727865
-1.6662813234732032,1.5423866073772414
0.7675759508123291,1.2431439938910394
-1.2027890867326165,0.20385706953659546
-0.3507966737630497,-0.2748273112124382
0.5954719705114117,-1.275702549922445
0.43855119676810006,1.1761360515407788
1.0418321931424848,-0.09060527963015157
0.08787359802754431,-0.04870511511549362
1.0810338427240263,1.6435615699229804
-0.15737196635323336,-0.015479124832678305
-0.11507387863637808,-0.0366987363579983
0.34964255217265644,0.7911705245927382
0.6605298072935,0.044730895843060996
-0.5603492932367998,-0.8611259923086559
0.3251881498626079,0.2918034298150368
0.45354000802469363,-1.6079860894744133
-0.9420941021611472,0.3131727517629061
-0.21878290253617308,-1.0248765730466167
2.3776065664757753,1.6162732624305478
-0.8112528801481578,0.30939100672464626
0.023746517678195543,-0.630754228588486
-1.9382833337712215,0.7033338358446116
1.5630186651263953,0.2565889032198168
-1.564923718349436,0.6377112310189302
0.7310666104848863,-0.13165344788821018
-1.2758056225256775,-0.2478290286512418
-0.8484064561334719,1.0584011807100295
2.4114346839456493,-0.21167589737604345
0.8717011752596476,0.4813544570800719
0.7344842503694489,1.030244724045739
-0.7708870127652411,0.1313846461259633
0.5886367803758035,-0.5525098732882283
0.7206829344353023,0.5588546439910859
0.48923102934359824,0.21417400046641036
0.37295488886321165,-1.6402153807777085
-0.9203039519488908,-0.04999616729034821
-0.11069197880011192,0.05982621032359459
-1.0222133702248093,-1.150303734052919
0.4204015928260362,1.130471198114811
-2.082395989038996,-0.615655075658577
-0.38364657399727253,-1.1607198402392813
1.1758735988715339,-1.154969122490142
0.3324822788194282,-0.4457689826801323
0.48184108733269454,0.11884038166671353
0.5570523408187578,-0.4835287157173514
1.8886491191345252,0.05281835938622205
0.19036884027237183,0.06465675240405287
0.586363865459667,-1.0477620507833338
-0.12119896662310041,0.22280763398193695
1.4369662951138384,-0.09303100183191348
-0.16208096630271657,-0.08861367631550941
-0.5229128782462774,-1.413465185078649
1.6713460447552482,-0.8962629373684095
1.2328223320338663,-0.426648221842771
-0.26724010056774095,0.0486981489622429
-0.30589782065585785,1.5653990870722923
1.2308112009260879,-2.0303622609103735
-0.26340606244342435,-1.9142604431497476
0.11304069614180487,-0.603503987980195
2.100472403369535,-0.29306569682547956
0.4715437444143265,0.05308216138743195
0.1502645019364835,-0.4863776308426964
1.6033132372808108,1.5255916241459857
0.03898157252600064,-0.20923677749226052
-1.6492912128056765,-1.5568874623879352
-0.4699286744526999,1.9206578134801493
0.6003872054165512,1.9734545802144525
0.7089191838059361,0.6423896084704815
-1.656300072854228,-0.7791898265013159
-0.1264057542689161,1.4557263522928348
-2.651217071803864,-0.25595709290833857
0.05888511250753398,-1.1826027153431502
-1.2950211461076446,0.21886500186382768
-0.5045534223876224,1.0070117539216825
1.5765896259759271,0.9191908266479568
-1.1593774190028705,0.540013290912971
0.361365703633602,1.2007045885223864
0.8344600222435311,-0.16835346402834078
-0.17603354939885846,0.14259644065123245
0.10269704458092496,0.9248965732112695
-0.23798061987060948,0.6309690103498257
0.2843656404442274,-0.31047693163988266
0.25175391709034733,0.0806103713220095
-0.6980961118984919,-0.8377686302306528
-1.508701023678923,0.7558916011407225
-0.6972432927056857,-0.8236750406558462
1.7052935654520456,0.8189413177543341
-0.9508840245819156,0.380299720529407
-0.5494559771031629,0.7822526091421532
0.23663560255538899,0.6647749907472437
1.1125505902234814,-1.0079492464146051
-0.7912474836189672,0.9282051584299613
-2.347752539401242,-1.4086799969628343
0.8184547565742389,1.8591214407967067
-0.42346422710541237,-0.8368013998533844
-0.5532314009988171,0.8107994511488968
-0.8558107337429779,0.47466711309031273
1.5911012518427388,0.6161587091151551
0.2000635691947718,-0.5272162625999359
0.07060309399241162,0.13052089700266387
-2.0330088620506497,-1.933537244016106
0.4445226111220677,-0.8232609970259044
0.19654963877105797,-1.2267881534364902
1.69227037804553,-1.6090362904416886
0.03487866083091192,-1.2169132898353223
1.982454483341071,-1.150481402150455
-0.909499791828654,-1.1267759074532675
0.4742865828022348,0.6935517353038329
0.8091183923601684,-0.1302925577171952
0.4913552891164519,-0.34768202740245513
0.4407533590084216,-1.3464536240987555
1.5063516878217553,0.25717181712319537
0.08157979706500268,-0.2839739132971177
-1.4047365302252441,-0.8543175637314363
1.2645924864425442,2.369625192390779
-0.8433050551772051,-0.26595914353574573
-0.8566794399745811,-1.5996673174319642
2.384947582706436,0.38815583171037515
-0.45082314854248606,0.009427342708869477
-1.9363848009742297,1.1067615928598518
0.8056063353147904,-0.25453652423911877
-0.2254199421511869,-1.2703161125794755
-0.547925313316525,1.4686686514469582
0.784642947660501,0.37801740104267534
1.0646142117301303,-0.47731344804151576
0.19149174165093333,0.46948736528827106
-0.5573281089965858,0.9985707820172528
-0.22982144489593695,0.550601486659964
0.33030228217549773,-0.0810658849748486
-0.6989093669491058,-1.001374889666719
-0.7715501886847923,-0.12013922526272247
0.22416521998865813,0.899113495436665
-0.5761563263738485,-1.788420413505644
0.32322894327478746,0.35275916972915083
-1.2122298939499392,-0.848407056922338
-1.7610016984346972,-1.919908991823351
0.06448895621059512,1.7019492480788305
-0.0211793404406479,1.6213150835048062
-0.7894915091293615,0.35972714392297295
-0.5277350784560343,0.7886948890080085
-0.5519047423701364,-1.2408576076168198
-0.15676701226754092,1.2632045837264314
-0.3176034010466691,0.3632346538523308
-0.4813019714957329,1.7077588508539387
0.7299974443388516,-0.6116992173388833
-0.49831210496355455,0.1941509884771269
-0.44444575883328913,-1.1733266348371667
-1.0116826791836393,-0.17392381912876845
1.2246062676123606,-0.5787827821632686
0.8876254767849181,1.3505633733492164
-0.8439244069137403,1.154126301131185
0.8413192723416564,-1.470139142854177
-0.5633894422682528,1.027526100346452
1.1891257331311098,-0.38967907321702183
-1.092742234890365,0.8415672181513796
0.6917779307022859,-0.421994486334636
-0.433975736259913,0.8299030104260721
0.9225955000318286,2.039457088470021
-0.9149270462794387,1.0576897588304668
-0.6685425281004109,0.9077964086836086
1.1688431590758706,-0.4379533268784559
0.7167080780447158,2.6171662812527723
-0.2664213816183118,-0.7582035278874815
-1.0463411427488862,0.8487043139155506
-0.6825769963659176,-0.8586608169091365
1.2307459640450285,0.37387543350024277
-1.2947517842851246,-0.5995996229507462
-0.15612894510488765,0.7819921570562473
0.4451391559445831,-0.676751661380605
-0.07416643941760802,-0.31458295926283947
1.4407338300320212,0.7255756564409287
-0.22613271793881717,-0.1270060351885897
0.34015853547171987,-0.656063224244896
1.1281537606876941,0.330843459123489
-0.6563386724413913,1.1128817552662216
0.21430419944931653,-0.8525422261525788
-0.9655090039922043,-1.2742798920457528
0.6828905175016621,-0.42844439506335946
-0.6826322295714652,0.9184440264628204
-0.7430114124989403,-0.7721778402490926
-0.6059885149430911,-0.9143402244866208
-1.566330517175447,0.01527270699411639
1.5008466148212927,1.3281188319216748
-0.7315880880864446,1.0654483796300405
0.617736739355489,0.6179473839813107
0.6811293638732374,-0.15203076065522245
-1.333082530644222,-0.02652424920596969
-1.5363435265014025,0.38699952033647234
-0.18893167143891096,0.2364492787259389
-0.5576113875918443,-1.0776721543224608
-0.8933748952917534,0.3926563913190002
-0.8650188007174168,0.07779270942051732
0.09855786980428718,0.008252551203406318
-1.7731668346779652,0.42621175360679864
0.3953054631813021,0.3955513239688174
-1.1852074294301689,-0.35526905242655565
1.085988940264229,0.5820865401671893
-1.819393096306317,-0.3386126612718263
1.8132184381467444,-0.13598075493281203
-0.32810939735908456,0.4199454310690796
-0.2364374789500759,0.9147097754822924
1.119231123581372,1.439164732220937
1.533615717144965,2.028124603532462
0.4500778834376117,0.22548117195539139
-0.08368960660876451,-0.7023992613670001
-0.33001443932226704,0.4794529792739392
-0.5275514855949035,-0.0632719273739077
0.9340598228100054,-1.088949778810275
0.17637545381193703,0.12419314122925483
-1.8036820136623068,-0.5037800484445286
-1.6151558997330178,-0.1498647909982943
0.9556340608929133,0.4262932967455513
-1.0852528481378887,-0.3487617618112577
0.4882263111021416,1.0546472091710306
-0.9867683333695896,0.2543848999678964
-0.43428339148121115,-1.8311439803230005
0.9060261842434673,0.9519996334870934
1.4065624613000318,-1.026221257847297
1.59978624823944,2.7278153998891437
0.7438461979622931,0.5849277629423193
-0.20026287015755342,0.20393154601742955
-0.08748655697161851,-0.2696285311198747
-0.022287662000245165,-0.250554005548526
1.4210008782020613,0.19531500604700558
-0.8906849679246074,0.3837676348362926
-0.1876368009073115,0.28630896128603
0.3344065254472954,-0.8616666849376479
-0.3148511314564475,-0.2224927285044554
-0.7400802501316199,0.5992060154978004
1.4823643354039595,-0.10805770667816118
-0.4070463423645345,0.5390288008801098
-1.8339555621242085,1.1008729538916908
-0.7517296584583263,-0.5593813342126858
0.19403229118933338,0.20728424013528887
0.2696953187734511,-1.9088861518882003
-0.6685770776718265,-0.09427951778157331
1.085804536981833,-0.7994494474228424
1.4074377456283191,-0.24267599350925398
-1.5476953309436126,-0.11374942614456203
0.8171953989320662,0.24752907319015782
-0.6988645819615643,-0.5363587237494876
0.39099760540854084,-0.5619655711614956
-0.5164699524205171,0.047277258899821956
-0.21096107924271756,1.5994361467099496
-0.7505151886326128,0.7926255563685887
0.4584899926010838,-0.12765882058000122
-0.73790229422685,-0.011778259543838541
-0.9585575781802465,-1.9228218008062858
-0.1538251062113711,-2.5562862237685957
0.305590726392394,-2.0241940205124807
-0.6881010315555105,1.7324197645050148
-1.3030779780198072,-0.5558460376582423
0.744571659778133,0.24329717810556714
0.757441242059475,0.7164211928454832
2.0077099152597695,1.1703964881681947
-0.760442958804715,-1.0896491607577126
0.642205817403335,0.2840910928556128
-0.9499587450593037,0.12819052646121648
-2.225743490576529,-1.8057156322180297
-0.4387098627657451,-1.1689598434661814
-0.6862493556378767,-1.0149912398410685
0.8828100721470503,-0.6192928970597282
0.16692306307615756,0.8590051736342466
-0.329447964804474,-1.209639118305937
1.531533531623852,-0.7730743267338054
0.95375047459178,-1.0817786215870544
-0.3806083903554121,-0.25933735174917505
-1.3859153338512495,-0.9434922139151081
-0.5475113638354547,0.34813132365751104
-1.0336818868453859,0.28181304287702463
-2.205513130294198,-0.37128456089500345
-1.5245727461714584,-0.5980243830890937
-1.7774522614539001,-0.6896036284945377
-0.01281627791958837,-1.1918760019724364
0.37450162057366254,0.047159318285997454
-1.565556600448801,0.45667742315316406
-0.23836572115416294,-0.4815322833931717
0.08600026997179536,0.11436706328981172
-2.091821606436642,-0.8131771560039693
0.3020025978546364,0.2264842320449341
-0.9501661170672114,-0.5861122436745514
0.4498226889165711,3.0513981336717313
0.22129422791987877,-1.0358135111522309
0.10618271602342877,1.2591795533816528
0.18076502281945067,1.1451759628271274
0.6841984798288087,-0.3882639298429926
-2.2920027120560023,-0.12161748219460312
-0.3826817983913928,-0.6967917339143394
-0.5762524767800328,-0.7701476598721921
-0.7679379659301939,-0.7806026242006205
-0.4162848402013871,0.743320351527732
-0.22999684906496662,-1.648904397777457
1.0956634525107936,-1.1565658389685856
0.17822284891911733,-0.6644376524853717
1.723183016590519,1.2996435438375404
0.3347688681626432,-0.76068501570446
-0.3130742128277916,0.08773510723148585
-0.17628982851717412,0.0018266044182527665
-0.2576392386090713,-0.09847648186555216
0.2986272502586102,-0.9484327001709963
0.42765378478776417,-0.7509063925900115
2.0688197027504027,0.8889745319461092
-0.4616433186016156,0.41595196738138734
-1.4177489116140773,-1.0201738745969684
0.5840426040686097,1.8055013732945433
1.6985794131148277,1.0585796884026966
0.07583896405496467,-1.065104265639241
-0.6611783090426556,-0.7208295693219943
2.2385137971002345,0.16229274991387072
-0.5893394026214094,0.5707355674517776
0.3399415171728497,-0.9064217799750874
1.5606680317628974,-0.8663760181493766
0.9267874943325165,0.3247712968689064
1.3031390491234043,-1.028844337735636
0.7794929454325948,-1.7466852554854668
-0.07417253462237881,0.2551818345299167
-0.6195800584420904,0.02632061462896819
1.1118647873807896,2.0617699017635593
-0.45463430238843366,1.476064308151633
2.02234608655921,0.31716034130064413
0.979079469475722,-0.1381335769561634
-1.6183833424061822,-0.7929066252353685
-0.8956199067697098,-1.6690971288639265
0.056483611143889126,1.5419409461469566
-0.9943610262627303,0.6714076735956511
1.1464572267502293,-0.4049481562271368
-0.5121755830795238,1.5194218804018154
0.1038106139293848,0.39849952161758073
2.628324495649879,-0.09527864901853883
0.225646418312887,0.4467889221678813
-0.07217085615277438,2.2507504166262104
-0.7835470861941831,-1.3508311199162717
1.0169752897403386,0.1933993510727614
-0.5758894550894683,-0.07675255269990347
-0.2069015780188745,-0.8181913499430925
0.20328725203954162,1.788839442512903
-1.2084005575320065,-0.5115155480724847
0.07609094088603569,-1.79027561488725
0.7620579087758081,-0.017602691033781256
-1.3417242987038929,-1.3923727664896821
1.42212822685583,-0.36678849409497655
0.704268936426516,1.3573118962550483
0.6175898345425677,-0.599373713580336
0.20961633350828227,-0.7612585886734708
0.010554538656138892,0.665076640337531
0.13794356532036706,-0.013884370017169127
0.9256933110355653,1.4702544389850842
-0.4810062186055384,-0.12826026179730715
-0.08201879620806676,-0.864115662341955
0.5064028596986542,-0.9567688037180532
1.2863933937195908,-0.2964831169578364
-0.36568909765835195,-0.10319127973084072
-0.47385979162909786,1.3142628389397693
-2.4040535755007086,-0.06763336106743971
1.1703502950542732,1.1124785016979848
0.9215055471884087,-0.2806710324626189
0.26770748831956215,-0.37753506397223624
-2.0358174085731253,-4.284978258352248
0.0903618915146666,1.487020252155558
-0.6699091124727333,1.182589300655771
-0.2164328003449039,0.3850244862336606
-1.0355347710276779,0.8046185711579765
-1.307067012308748,-0.009571631846817686
-0.5887739011692238,-0.13019279918305227
1.1996704305610102,0.575971436005214
1.961151712959368,-0.06700462652774536
-0.31109801212078586,0.4189934520831875
-0.7773821705148221,1.455147903258961
-0.3557080033054735,1.3104486783390177
-0.9255717203688781,-2.1176818349418616
1.2304376207412184,1.8143705922894362
0.5659925047593864,0.9035090417220755
0.32831587672989565,0.881505687324344
0.15022188486009586,0.17512269635455455
-0.16888215650558602,-0.9560866411920055
-0.4998243915281349,0.33632894667032454
0.2257536922456807,-1.1813093914733954
-0.21948099931757092,1.6385155016014972
0.11588063223340295,0.48122243262608
0.9659307844365518,0.7608639883410293
0.41270053061697815,0.6820112257460815
0.9470111971765929,-1.0773022050928132
-0.7614278698059038,-1.3283837174174755
0.09890514575264095,0.1042069362319408
0.005188814632798642,0.15021411310215593
-1.5789562002558422,-2.872883683443666
0.7830216079631559,-0.010430141035112613
0.24565033838979733,0.004017028462566379
0.8535811931869671,-0.42579847290337147
0.26824025781447886,-0.8268816322750843
0.7061393672046202,0.4765241786878236
0.8297548804957259,0.9163580660462194
-1.1331028363381481,0.7284762160482753
0.08717914252792058,-1.9469409724004112
-0.5764259646048266,-0.8979669242980636
0.29542841041261014,0.9119403826872501
-0.1755418784413092,0.059682772091564876
-1.3033282093681546,0.4488204899334446
1.178211259021255,-0.29880259705459905
0.6277689877775003,-0.3513272383396317
-0.5753511931695495,-1.2478610149879372
-0.19936528302435716,-0.10195878338708127
2.3953289310844386,0.8340406269261669
-0.7313679556349938,1.3456923493784774
0.46999013313951415,0.12294041095283417
0.9700472570579639,1.7320727988436022
0.6943303216724012,-0.3209593929909449
-1.3595326225263984,0.46328457443458176
1.4062736030835556,1.9275698439888675
-2.226737374828088,0.354180289266746
0.32880347912456576,0.09408565860770328
1.044229976719212,-0.5533941855122957
-0.6429457998994332,-0.9422523569265115
0.14143550758822002,-1.1779775772028835
-0.4745813048776382,-0.9549753888691624
1.7073784616299301,1.859629382702646
0.93386105954192,2.3487282280319257
-1.6732251740092174,-0.008309622507345817
0.18648707926273786,0.6507480463861977
1.3260971485414483,-1.015748373249176
-0.10163768779646629,1.1898016444870125
-0.4097317732965617,0.1808942389877463
-0.3449727368437119,-0.8150344304705204
-1.0965565070019254,-0.1084460167555013
0.804822344489733,0.7298603329578983
-0.838675935199541,1.0853849124679436
-1.1609118152226088,-0.7110396208451814
-1.1117429067956432,-0.4111265410441393
0.8483094610829504,0.209982601530302
-0.3136240097540758,-0.9699564456777354
-1.2586090029771613,0.31574306716039774
0.9288791516397941,1.288976621954319
1.4057205996237687,0.4627352373664702
1.759329134641512,3.013459903689627
2.3531609369536763,2.669621257802708
-0.12837575563647954,0.8040119969706726
0.14051623075023714,-0.35400274627331363
-0.6782012317736454,1.468633906665682
-1.1311099162098428,-0.9544163103420589
1.5306210111603267,0.7749608316609976
-2.145963236669514,-1.1099797052140625
-0.20748686755539109,-1.0115687981225283
1.0179888083369628,-1.3560832161845184
-0.8646508526219617,0.5741179604240836
-0.8998853907702771,0.5529280200353481
-1.0397915540210567,-1.121597057225566
-1.2201596739830358,2.072835242867126
1.0273731346359205,0.5935423909497812
1.1901367020740754,1.241559526218019
-0.6056905098305758,-0.2952186172733471
1.0071507561508957,-1.287621814000495
0.7088298283296932,0.38252600129713393
-1.674591474253688,-1.5526143264380556
0.06601216488240455,1.0092113303875307
0.018076024240334585,-0.4135190549932026
-0.18704499008959413,-0.3893894674977373
1.9955673430503043,0.39740336976695656
-0.06304560335263085,1.6722934521272035
0.5068705982437717,-0.7776529270103819
0.5208936323506685,-1.653089670208417
-0.13901093336371487,0.3540845606493946
0.18190468202673354,0.29965486699138066
-0.24105603088305208,-0.2692560369099644
1.2128795448930019,1.1657841618282525
0.5133307964273527,-0.38119980938000264
-0.07194727032253286,-0.2146745991970201
0.23104154714678402,-0.6593087505699682
-0.7942605097638661,0.6865015919993636
-0.4988187785758166,-1.2694264032723914
-0.017677733111735972,1.4929396180868373
-0.30733979369349557,-0.3617594131782135
-2.857817173235132,-0.6008761038570961
-0.9854086182815904,-1.229194377321214
0.2399532291388617,-2.4766386075342597
-0.7166910605858091,-0.4419328182083713
-0.3503827058686215,-1.940786539537537
0.9996418147193782,0.5757479119851596
-0.9657854041069986,-1.8306374059137807
-1.6086934263790624,-0.7554000130639421
-0.6056861958392515,1.409701878724687
1.573209592482352,1.0963726907833133
-0.7190581626021382,1.2390265446936362
-0.46884975368407206,0.0039608638164402585
-0.5294183856508528,0.5040652476879826
0.3606056039917567,-0.8066478258598446
0.6555832551891464,1.1601504670007514
1.327622297966525,0.4191336734509552
-0.9474877795737915,3.135057849963319
0.008753176058727911,1.4199087726970683
2.071854860097532,1.85683005336957
-1.5628459861443111,-0.5006558656805694
-1.1565074149278094,-0.8732799623073173
1.528536662880473,0.3970763137228541
-0.1427637317637072,-0.5194781240496703
-1.238915673701081,0.02587643761328272
1.5711374888155116,1.5093702478285613
-0.40841703027744686,1.034483504476157
0.35133833232494116,2.4259298951041846
-1.0925887462713648,-0.04800088056787602
0.48051854114967124,-0.16458554426770908
1.252768713691687,1.2649289406943725
0.7877272012294572,-0.7463381594587344
-1.0072602297469502,-1.722852936043397
-0.1037461460235938,0.10010116057849186
0.5512591961255839,0.5720591916003619
-0.4254728787759908,-0.2766419809348516
1.228831259958581,0.24259913335000036
1.6636991130846857,0.1031480663965376
0.0733949653820798,0.42379991076686707
0.8093272845328923,0.030036079772261925
1.1955635936458588,0.17552434685689042
0.30073812245809456,-1.0000329061112871
-0.8005546685920903,0.9606003792966897
0.11852020082966107,-0.9153938690488143
-0.12377149349133178,-1.1358730915828579
-2.9908358557844785,-1.930431714038578
0.5299611055529062,-0.6748281044057937
-1.9231542759977158,0.1844028580638038
0.3651968456081474,-0.9405246349251707
0.5643746282867943,1.0212905776925278
0.05774827633880962,-0.8031051100576632
-1.1455651195330834,-0.181443705332713
-1.1123399942766865,-0.9429885802210477
-0.0173212624417722,0.36039864434506724
-0.1495886294733678,0.5742557960010958
0.755380337906289,1.2906059878030571
1.9685083015641063,0.3659996964907252
1.0714892433406331,1.5213236487209745
-1.6169942668730248,-0.7806516019269043
-0.8507311336841555,-1.6488507847912537
-0.28077214882963564,0.45068469383403587
0.08943152141077441,-0.44014938588406133
0.38979589261778747,-0.6425542930825571
-0.5892688665572723,-0.4625158264389056
2.4286695942823338,-0.4719684164413949
-1.3529351450127887,-0.03931985995040163
-0.04570253039553351,0.4547893889692241
0.7408425878143936,-0.5213363272765243
-1.5798595434622265,-0.40835900042684903
-1.623594590823281,0.5450702552766098
-0.06069843067129821,0.9127991918767283
0.3065214872115456,-0.7153461325367413
0.43359125493032447,-0.40714879527715797
-0.9897592582684941,0.07370649844405233
0.05813875756768608,0.7292134042268411
-1.3563992539926586,-0.13989645622730928
1.1953586780607155,-0.39167998931333964
-0.726988013698761,0.536582327277933
0.24726643505669924,-0.006518263986960329
0.2999001491545554,0.4728196264709982
-0.8565836054852798,0.6132938515086749
-0.3257012383667081,-0.03394571355497934
-0.2921167363827194,-1.1220906941520015
-0.08961521419775784,0.7065135772983171
0.462980120217924,2.186542140707964
1.104955308168973,0.7121130661545225
-0.37535561892706953,-1.4360896304709168
0.30634735240768163,2.1469599924213663
0.7528530023634128,0.6503482572085015
0.5868657457979278,-0.18081003400395304
-0.09846500034899917,-2.206895425578742
-0.48406172796026303,-0.3307988242139534
0.18369978219822472,-0.4294515344847246
0.5234211168663973,-0.38942314982114123
0.5154936644131509,-0.299364853700061
-0.051447742963174066,-0.6025419032357519
-0.3779579303476262,0.3877985794936566
0.78838805439973,-2.127331009210407
0.9890265647822128,0.5434622411671227
1.4183893133552217,1.1852054774387435
0.8311561562090511,-0.32931659024698856
0.21025068839536956,-0.022058461824238557
-0.21665070411871162,-0.5482860432084283
-0.9700078614820605,-0.7033099727565728
-0.6362498556358067,-0.006603893232541978
0.7350617244663896,-0.24970312836768108
0.22534651651177748,-0.5906336118294055
1.1830973818761092,-0.671494985107263
-1.0100519426915817,-0.16001323951970647
-1.2498285228484738,0.5072464202376096
0.4729752038970969,1.957344031845312
-0.45393160846408004,0.7036209989405923
1.006947218066575,0.2540149964511099
-0.9635671751501469,-0.8157571153595792
1.0409461920414609,1.1828034602782769
1.6036804158317557,1.0322154073688008
-1.6842886546888798,-1.0586981835825304
0.5412735904752151,0.8217693634156623
-0.8439140087430258,-0.281840242918846
-1.4341350198553198,-1.2103425297316495
-1.3005001879609344,-1.0396967452989223
-0.45424369154948835,0.41397694673362384
0.5134330604408299,0.8120986153035995
0.17588691886661853,1.8429125442657706
-0.7228343801367668,-0.1769790318768288
0.47405226639672293,0.6387486345018172
-1.1421839872889952,-2.13403859800754
-0.061716932446846756,-0.4746998182777228
0.17541731404242522,0.3845808859653484
-0.17829476877565847,-0.48389978446704557
-1.1640260221246639,-1.512234545087167
0.7339479682091439,1.113094699211515
-2.089057503878773,-0.1310489321211525
-0.9418198833167827,-1.4728960452748057
-0.302229910425491,1.6603750541419735
0.5826542515689883,0.7105818163973927
0.7281031507848373,1.3185755788104594
0.9636079223432827,0.6480938466437417
-0.8887207338673724,-1.0671905995997228
-1.4807256158039654,-1.815631201110062
-0.29803625280232443,-0.1721141329078503
0.26891939081550303,-0.24050199171829253
1.3182784440633022,0.1908973778286051
0.81228244361049,-0.03247372343835078
-0.8888380104829412,-1.489326080482287
0.08710817637715329,-0.5230736161181405
0.23630559724387531,-0.027037808824739922
-0.8596263703861452,0.2505294647130407
-1.4158365643557131,-1.3390228310889036
2.6021287532182282,0.47950854080304456
-1.4975220835423595,-0.9496031558251702
1.8610734387765435,0.8753752224395634
0.0927904880989512,1.0510025513938515
-0.9865863941441492,1.2065363706268257
0.6125543303974056,0.9501826429662892
0.7866954015652169,0.4115400319779665
-1.3389507247738865,-0.2922183747024245
-1.2680660895090694,-0.5277033854172541
0.6330232127561196,-0.5352346843736664
0.006687151632998915,-0.0913374570935171
0.7117173103996597,0.2875695661429785
1.3145602913358545,0.1602063003660623
-0.7214383266202854,0.9305655185575497
0.672537456170453,0.46666245152623104
-0.8701423465231539,-0.2614874176913
-1.7203977600308504,-1.799313111117435
0.03358021147115211,-0.44606487299246483
1.011761548144996,3.235436047721327
-1.1474632710218697,1.3228735632898831
0.33827398648377466,-0.609307363219946
-0.29615721954794333,0.17449441274792676
-2.549233335616609,-0.7773005163938176
0.009307280276846052,-0.3148420451186826
0.011613440952984846,-0.48674223248790044
-1.2476070319246457,-0.4803275119147195
-0.7505320519927533,-1.6173966275641576
-0.47567308874418446,-2.365824163942658
0.7652624146693239,1.3865034443430835
-1.3065441948789105,0.5080282179050529
-0.854475103808683,0.8923313792295609
-2.1218103235945973,0.322943549812629
0.5970402558011948,-1.0390206388461398
-0.01781267892499807,0.17708052917357264
1.110916597670931,0.06667939617582955
-0.3478518558981011,1.1528524748582034
-0.27863344620157987,-1.9736735819266988
-0.16078366129733487,0.05025466997992092
0.9020586421822484,2.1411813366649186
-0.7052229346007295,0.5997504714005742
0.36344882676029655,1.0668979714756077
-0.2692616436643899,0.7967081993851781
-1.4036081468953645,-1.2868866325608705
-1.9673648239669725,-1.4266207914902018
-2.8275013011528403,-1.138584818321095
0.8240442370016136,-0.017709662681637147
0.2676108894082637,-0.8106658916269012
0.017908678510955962,-0.2246299661502769
-1.2005503345167052,-0.6615738568574308
0.014658430436423179,-2.855529756599771
0.9025896327986591,0.9294689075320989
-0.7583136438916701,-0.6290500603313184
-0.4639897453390638,-0.9638591753122981
0.592161403804818,0.8478644042191842
0.46882518763749126,0.11651733088043457
1.1931008620242598,1.0377161621494337
1.0180787121367085,-1.3384772433070775
0.5755389502450072,0.46284011305972034
-0.25905087708131386,-0.5185307367009901
-0.09174954384619952,-0.5988224638218322
0.17855946697678118,0.6723243963727132
-0.26106099628362056,1.3123705562987813
-1.2039433462818447,0.9456746467375488
-2.387401971811464,-0.30177968199091193
-0.2595615917866216,-1.5892677853193067
-0.9643752881253395,-0.6092338465890236
0.0976829674187063,-1.8352573839234236
-0.36489399789916016,-0.49826682563277214
-0.08819153614638414,0.4158441307668343
-0.9890852704163811,0.06774649692001301
1.424008001218504,1.797925585278865
-0.646670778394115,-0.29881343389042225
-0.419127288795685,-1.1637668301924524
-1.8789475441690928,0.5519802979192917
-0.06659233729754227,1.4907806937309884
0.2189374402387142,-0.46942234829058516
-0.2867445915030783,0.3936583065776395
-0.618240599379312,2.2040847922485387
0.14240394750599067,0.379279027100345
0.3221646182270636,-0.8521943737209362
0.9021149962433538,-0.6928753730230038
-1.145617668300282,-1.0281773135035697
-0.09773862233244521,0.1229296516221785
0.03548777969726673,-1.1202213896941629
-1.036080992036057,0.4141794579131746
-1.0167860513151714,1.8317030502938936
-1.9070184041866618,0.11678321846569435
0.4973962867267646,1.4360500721284566
0.7863508934096348,1.2574162750442428
-0.9357487750845971,-0.16624530866427875
0.323144841292387,-0.9598713595502553
-0.07586372431030755,-1.4933477049878165
0.2083416677603965,0.4074353214300927
1.5899994345044883,1.138461229336064
-2.2530471231221703,-1.297256403237612
-0.47731561002243994,1.1531377978165358
2.0750772878336203,-0.9470101919258849
-1.7559254388165397,-0.7113119162750563
-0.7541001641651196,-0.28225810567127485
0.625468115289709,-0.0032697517582834694
-0.6439046116765618,0.30013844979147125
1.2685488074641442,0.05779086071448598
-1.2317397120961282,0.08647443145180636
2.0729975674666457,0.32604909091709633
0.00024703386661693757,-0.2617460126924692
-0.6772525469480027,-0.8054980193757322
0.6123229972907654,0.08865723750101716
0.8252137676138506,-1.461597150829801
-1.2578814447923614,-0.4208688719892075
0.7562636922666149,1.063055808662918
0.05661218919567042,-1.4844897518157811
1.9056359920061021,0.17170151271460224
0.7054654675992855,1.285200182791601
0.6456339387824818,1.2489004354617597
1.340721884235793,0.04296487625934192
0.1679912041151075,0.46881080760033533
0.37408173083132845,-1.209000634856175
-0.3740517661258375,-0.5477758155338848
-0.36844661638270254,0.8163621895560795
0.5373418254889168,1.2621302967820578
0.19187784237062402,-0.7232429639728526
-0.5597904723112057,-0.12044675354919741
-0.0913049000239709,1.748687492537518
1.321243818103757,-0.0195361621018522
-0.6236143813208392,-0.6476601336945594
1.351225611727165,-0.4389233214927225
0.5824912138980247,0.7748078968026673
0.40774721873927294,-0.43792725508390207
-0.8865407661267662,-0.8111717046221322
0.8351441302089757,-0.5109489555131287
-1.0396907775960367,0.6014373067571662
-0.5273882229268636,0.6451321588391846
0.7796697630538498,2.059688418350071
1.425589161427882,-1.5383184743366616
-0.4938431834062941,0.10978881816953165
-0.36227481838566544,-1.8617588412169834
0.44498558609318734,1.5428679532143903
-1.2714504541466543,-1.1961241195621706
0.38510167976336845,-0.7207158870756698
-1.1137213973210023,0.9342085882407519
0.6649942201003168,-0.308386468758069
1.7965665706278604,-0.8350229308808037
1.4602538775103284,-0.5706716411791372
-0.6195366317204399,-0.4107229735274274
-0.878977656009966,-0.2780926710315873
0.7875569270956505,0.7972832947352961
0.900852944781721,2.1436445655469982
-0.3397812911683695,-1.091776126716543
0.7243828822022117,-1.374447089415215
0.6236234640485234,-1.4175294323028675
-0.35603244673779916,-0.049372748140467076
-0.5262214156608871,-1.5572399585677195
0.6155882056135474,0.2913346259865472
-1.2657196041219918,1.2029133163834373
1.038944274168226,-0.4341842970702435
-1.2126290396924864,1.2921030936523983
0.45789105910392264,0.7366201203943742
-0.9727128494718899,-0.3634960359993607
0.6239009525437642,2.1446435269934856
-0.43019784790548954,-0.23546732371100204
0.1960886513580589,-0.02159056487096567
-0.9733191927466385,-0.9389823917413685
-0.2637863265496867,-0.20275958903331823
-0.9039911862497253,-0.8268568538081261
-0.4664703544931919,0.45893373642097157
0.46409722242497836,-0.6525895162806469
0.17039360920562563,0.03313655629980605
-0.8499531995055236,-1.0773835496745254
-1.0628436105922132,0.45678844744558034
-0.09551905826763471,1.4936289893544807
0.11377773718432874,-1.585974346279939
-0.9699601724980971,-0.5447684860358963
-0.17828581294987633,0.9480246757638986
-0.17440454951794354,-1.3700550701656418
-0.5177355338424845,0.10732547406958674
0.1647480849929713,1.6807199700522613
-1.3462525052822567,0.06773686648307677
-0.33458109853758033,0.13557578781744897
-0.03530748960158891,1.4572346142603407
-0.6404045101407845,-0.5949211432467257
-0.22631391603044007,1.1577612192702804
-0.7059210935573086,-0.5761831457517651
0.6992360492269855,0.9342068173709714
0.09932550850997116,1.4643849888805034
-1.1569329850387806,-1.1904897116095823
-0.4970498742682986,-0.8441583362172613
-0.08783499509799338,2.0828397033081667
0.40927714295649686,1.4687845344473078
-0.28341548269678446,0.36314705712943385
0.9079899734018007,1.2428409138262486
0.7297899583272504,-0.9646025133055273
1.092305120176091,1.4820981146581687
1.3719091920779942,-0.8869374428826285
0.1769445326305093,0.699867407783386
2.5112127275833482,1.8935189816067204
0.7401189923226823,1.9712099613220386
-1.5131910899102359,0.2708926109147613
-1.466511259802718,-0.12061859082062029
-0.66307401377738,-1.602394859345305
-0.4120496248254418,1.4322435164750393
-0.18764924730867003,-0.3270252484827233
1.8737290349731206,-0.6391735393139852
-0.42605427544448243,-1.2454483564611691
0.48809083857072383,1.123751123589751
0.5234093185211606,0.16747625763389545
-0.9640553160081692,0.24863797041109154
-0.2686660895598512,2.2393056089007115
0.10382072009139588,-0.1279743371650448
1.8183807701920511,-0.04586923773878302
-0.40460505319446244,-1.0627783851887396
-3.024427567758052,-2.1936835606797316
-0.2923593696700509,0.7477737054507549
1.6037229544766696,2.050861068627847
-1.6563912465200947,-1.9869623150812066
-0.928665384317332,1.1431213067993453
-1.2488655720209787,-1.34554105862194
0.47401826528840385,-1.037875702964207
0.35228369114300706,1.755936465863222
-0.3792886527874014,-0.8079963958534747
1.9372968743327568,0.7687067324096705
-0.7983147189518663,0.13424219654368622
0.06306997411030388,0.4093542406604249
-0.3493840366070051,0.44098753604774565
-0.353556512512371,0.6249990210437277
0.5260058018625883,-0.24481525739343674
-0.6326039342703378,0.6289420555744806
1.7390204290962268,0.316117391131978
-0.5504885312336062,0.6860669609756227
0.3118404129995372,1.092650288373428
-1.3416819796737383,-0.39980582523157154
-0.5079688152497117,-0.5049333815376831
0.5306982474013161,1.0249181828750369
-0.6875678481464718,1.178738876584925
-0.15123849349622714,0.280487783358518
-2.01365991524269,-0.1450501648796057
-0.1767848297087636,-0.05157113236769003
0.17328265969365322,-1.4344574191119415
-0.5846843954000787,-0.11525083882003395
-0.2956082078882836,-0.9379227856737876
1.4928233937312103,0.9855298647447603
0.21612872112293835,-0.5324193463660335
-0.04380389139239045,1.1994335921542294
1.090911422652879,0.1023623477437029
-1.7983817440913614,-2.262116260412618
0.10827580959648486,1.2176392457167018
0.7225995465330963,1.0158304233117357
-0.8833467545112577,0.7103961139411498
0.10117267253051908,-0.20226251662453218
-0.5837117222403324,-1.033257836264398
0.2896893460437155,0.3384716563769979
0.7389557763239147,0.5572833585559651
1.513972498789064,-0.19830725148410286
0.6442635311536725,-0.6802811076437503
0.29102281906616057,0.004937775839111063
0.349690580220205,0.31405680697504446
-1.82701656110591,1.2607266877349554
1.5734803316411503,0.5564370303100674
1.1901603183393945,-1.5162808553011713
1.806552063393996,2.2061590521393537
0.9849090559473027,0.6233099625450458
-0.043143882965555755,1.1548959695808516
-0.3746574185761921,1.0094625984319439
0.5067046525903367,0.245760335745063
0.8842404278749456,0.791232379655914
-0.36410760990983393,0.7546760539219223
-0.7810188532214685,0.08606754833075807
0.33926402341040945,-0.22198807993430086
1.0058431256055984,-1.6729565220136726
-0.08802877881025246,1.0962931904189752
1.7104350965089778,-0.8474600902139723
0.05318107600919747,0.573661120542514
0.39375932848112377,0.0519240405369121
-1.8433755048586526,-2.1239220951993927
0.7768145305928653,-0.7942629925760751
-0.5836764774390694,0.5613642690570081
0.5594785219032654,-0.5238884262255341
0.7161232355237197,2.1572867442947277
-1.5079810774280884,0.07565376136455391
0.7457949139583623,-1.7197012404380425
-1.198660556812614,-0.5199454200369058
2.008698713788107,0.48919144394715197
0.7328963471480623,-1.217647746163886
0.4754280717832136,-0.791594074874374
0.008883641787387946,0.06628840742027586
0.3578221646921131,-0.11877601709816323
0.3974771290344793,0.29003001833229114
-0.20456242463562674,-0.4107416429495906
0.6336032951915342,-1.1385398118783396
-1.5013005014637508,-0.6280787270667242
1.7836038509033787,-1.069100844886582
0.2600316105931732,-0.11122739912411396
-0.3324388023382851,0.180055917753443
-0.7217367158711386,0.934737675324963
1.8481502097836056,0.0016412850111033452
0.25717842050591316,1.6505372353218242
-1.5882290058190665,-0.2663398284008921
0.2368899063924728,-0.48390514557370334
-1.6868003105654277,-1.0255809681510055
0.09274850572101104,-1.3128122814888246
0.2686168847910549,0.7495340704982992
-0.009968378497027646,-1.1969320235285137
1.6484164500575242,0.7401298197372044
2.20485790507074,0.8398465276599115
0.1992949579576777,0.5389889463964148
-0.2840355667682589,-0.8579154517465641
0.11863537135938251,-0.4801395036848663
-0.5555437142677128,1.5004701258535433
-0.5193172565724209,0.3899129806453578
0.30084882737000085,-0.33843074418645175
0.8567408034500544,0.014494913671460849
-1.2048672817934878,-0.08035123897344901
0.7414642447880326,0.6189703214343976
-1.0012564778869777,-0.9761771933006855
2.4858878558949087,-2.3578845761607683
-1.742307568548975,-1.2839634569460188
0.8661768214007918,-1.0904332997972563
-0.14151658723424157,-0.7942369560031621
-1.6355233683719228,-1.2499048091328047
-1.2522802925556555,0.47748481873218457
-0.09149009707165495,-0.6182168185055673
-0.32368527722939705,-1.5413078864443286
-1.2625182115184075,0.481813531449293
-0.3616067644429265,-0.3746420420203866
0.5890859024342225,-0.4376626206227197
-2.409769924834133,-1.6536648727930707
0.454704571850851,0.6926414195542958
0.40774834140669447,-0.23264396678955282
0.5204159161737499,-1.2041947720664885
0.43222605328524144,0.20337820344785335
1.5650866496232867,-0.05061624543522167
-0.9131839960767062,-0.8328990619237583
-0.35116299394247835,-0.7160288629313942
-2.1214437103710893,-1.4788642448878053
-0.5764301371929017,-1.2774740761065648
1.545795543139676,-0.49392768618662336
-0.3948488622019474,-0.575168137773207
0.9371637619977826,-0.8973990400447901
0.5409159594939839,1.762220810701659
0.524645421291147,-0.07250915175815874
-1.0729365913875955,0.48664189257671975
0.35714344300991097,-0.10831078583974542
-0.6780773008095468,-0.36007543206894993
1.030462867639208,-0.2633061717106562
1.7807237778567464,-0.0726274638087201
-0.08825941484784332,0.3020830305137048
-0.3771255161380827,1.4120294558257178
-0.06875727844601277,0.5255872971606187
-2.440651177647106,-0.11045357156538511
-0.062270355664289664,-0.34375097233524815
0.9072279876349946,-0.543773855100294
-0.1587975324451292,-0.389936336444755
-0.3315606067392882,-1.3230794247777962
0.3465869204988022,0.8707066064826341
0.25468367319488344,0.3052677505867964
-0.06634969703526605,-0.005504289832297711
-0.20960252028411525,-0.13509510214706863
-0.6972295039280705,1.1435819125067737
1.808636472874755,1.6394867072776698
0.8127815646716376,0.25460490621643816
1.234323785368495,2.151049588102515
0.20333669074953142,0.8611152310469334
-1.8251114780442552,-0.7409798399542581
-1.4736044617749553,-0.9919677501104532
-1.1949586038764306,-0.23997404937053915
-1.0216765534155108,0.26670542225838
0.7501275586611232,-0.7191306445072722
-0.022494577157702023,-0.30919997082689354
-1.6122088448981098,-0.6979540326516831
-0.39256926484146726,0.27683548884659004
0.10706167515328616,-0.47164824504333336
0.25577640271498037,0.6518768877631735
-0.6467764767346045,1.6637083257223109
0.03608172253992251,0.7445542990495692
1.0097794117748609,1.105130899459309
-0.052467887069139026,0.739315476941368
0.06558318726761002,1.8513953229336126
0.16195762353762003,0.7778498909144648
0.23673114689601524,-0.1633006927254646
-1.1151996448799664,-1.366550486960008
-0.2951928568727402,0.08648066303589716
0.1341749055351593,0.6556545368572484
-0.450876453864504,-0.7674839370609838
-1.4186638494230406,-0.7103550440323299
1.6920374136002005,1.7085141964011141
-0.9075875766032855,-0.44608567857654785
-0.016354269375002638,-1.224242627485188
0.455442542912332,0.4356123210612012
1.607508791150271,-0.6660298213587766
0.6484102607781583,-1.558707080191476
-0.027766838833947212,0.8559044372075973
1.1648090724149252,2.064262803694601
-0.564165643428041,0.6104333017622117
-0.4956098308206524,0.6001477704117633
-0.05477724472220912,0.14085557835658444
-1.0704584664242693,-0.49299696020533706
-0.9236274833978734,-0.02978868376481271
0.5238242920024749,0.5666631167039367
-0.6263336822738471,0.7465533747375375
-0.47698988376840906,1.0186504906987048
-0.6016425792310954,-1.6754693314379956
0.09141145650256667,0.536233358114939
-0.6770418469857767,0.31016540465394704
0.06836767257394255,-0.5638646258683181
-1.8315183439887204,-0.5131301747698415
-0.9076348829176263,-0.8244703145712867
2.1781678304613346,1.140472105661071
2.312678429754806,2.563944019606084
0.6211622508394995,-0.6246581014043807
-0.33274798929919663,0.3149956355358708
-0.07569721900447483,0.7224366480312086
-0.14094358189019102,-0.4211796251651998
-0.4322155425513931,0.1987791094855488
-0.0889717940802618,0.9935502210925673
-0.14746186392633595,1.0475487447721064
0.35106391908484424,0.5758017418748956
0.014062564516283911,0.5606743933959306
0.8153783399452477,1.691102454083779
-0.6232370472554332,-0.3600919540964182
0.4599420075475263,-0.11731847703577424
-0.13364519315552995,-1.0258158352972977
1.4837819855006391,0.1990511271922683
-0.34971363697744673,-0.1414109596277562
-0.5641384807675595,1.157466241717999
-0.2956936376339626,0.4688200433538974
0.7347901584743992,-0.10159630474914368
-0.04802056480765577,1.1075679206259212
-1.4176553122358653,-0.4734246655774761
-0.7704936722694482,-2.55686745296652
1.2970837695745987,0.1030344101858744
-0.4386976233985226,0.7136971803594921
-0.687269605168083,-0.04283353896360646
0.5527220569493254,0.9790653486264068
-0.09647652749025332,0.38122133408418923
-0.38029443382555195,-0.49252969202686586
0.38133016865127445,-2.268690164273672
0.31108953504723413,0.3516191321411108
-1.208828209502811,-0.8674995299795141
-2.0808204820012706,-0.48547773508161607
1.1260667138265301,0.3451830729976602
0.9661218212900166,0.8775918563251583
2.186017755599757,2.181168594285797
-1.1122525009198472,-0.05343513808281703
1.4626390841363663,-1.2897674067255882
1.1544925900387895,-0.006057996241626544
-1.0522243180751318,-0.11976546091900132
0.18475353341852224,-0.19517473280911468
-0.3797629179653378,-0.8792308653792257
0.6945246244626478,1.1419636198948726
0.6507600975038623,0.3375820616172341
0.8732147390765036,0.5010227320759938
0.06997622363457817,-1.5386696324589189
-1.6210221525623343,-0.8641195205839474
0.20776227072795922,0.7876587477380315
1.9615866604954453,1.106288282572296
-0.669411472226672,-0.5916654111425345
1.1271085617073957,1.0005281663034324
-1.432039766234745,-1.5563969501793675
1.0938740220438459,0.15316512203954652
0.40323757817589195,0.9437345362608824
0.5356220209149873,-0.94650188146043
0.9312372798959282,1.56595609993235
0.3597938491005619,1.499115588589796
0.6613756954661001,0.2563334565488723
0.13510262414953578,-1.7584601719449164
-1.6207229290590515,-0.5288341258794731
0.7054498596688602,0.29400318172470186
0.7202590102192848,-1.1356453554098789
0.47806649074847896,-0.10386705838786348
-0.06900746627352634,0.26109559471507443
-0.22656525663913774,-1.513343922016924
-0.16844717510124152,2.6233822331385293
-0.20108065078062076,-0.16944271666044605
-0.5511016235994612,0.7720268542515093
-0.3655623757832691,-2.0923808913731152
-0.5315320816087901,0.637902843839982
0.322467967345779,0.8221148641774051
-0.5524013467971968,-0.8145889769022693
-1.1413908202061076,-1.0660825121761224
-1.2558491234927565,-1.8727818756174375
-2.073723648261648,-0.4153546152927705
0.35437022359026166,0.6538427861560833
1.2032049049470745,-1.6561785564242935
0.30313620246349654,-0.4213697733260865
2.296762100648278,-0.6943813748478794
0.17352129178249134,0.495053067125787
0.029937142034095067,0.4244418340384691
-0.42032016943696315,-0.0029933939197521603
-0.054044509069191816,0.5737788203332723
1.3053773936791853,0.963465848825866
0.032911871043135456,1.7491528249500445
0.6190419752815349,0.5550036715050766
-0.296501735857283,-1.1049446333288513
-0.6612884440083049,0.5664348604681165
-0.22928441396000357,0.4882182089604691
0.7702483304631319,0.6964214916471304
0.3592872180866954,-2.7380422970541547
-0.3505716704712417,-1.1915940514997911
-0.4879033001275507,0.32593179295427177
-0.13529856943049717,0.9357281374946065
0.6264606116276598,-0.02460642777900625
0.9992439307491917,-0.3892536606149134
0.1664794310810047,-0.6712274177623743
1.9858337182828711,0.34045726078954364
0.626950573384794,0.2989163657594876
1.3379468105333618,1.093735389232467
0.9689166504300648,-1.1041743590933737
-0.8139635208108194,-0.8016482291667404
0.1333076942450798,0.20163001342957995
-1.4521266342139496,-1.8044539599425358
-0.4969278517384279,0.5380721608206801
1.3748424252058404,-1.1093516997668815
0.7617459669646277,-0.056721096478352585
0.3032258100060202,-2.171441317047899
-1.1447953922532321,-1.7368197792931341
-2.2621821637714814,-0.8906421090061274
1.5025365851741832,0.24134168140949677
-1.6699438735342447,-1.7187166036620556
-0.33209336079460927,1.453126098586307
1.0474272951641854,0.549325223681224
-0.8312442806411162,-0.9599368630681673
1.233054723807409,-0.18327056674054576
0.08249383462822485,-0.3176635947425303
-0.7371010590975345,0.12257074122680053
-1.1304811006758622,-0.7605467687653223
0.011269434904758444,-0.7715841245207277
1.0951144202787357,-0.6157293102303074
0.8064929517258103,-0.7703717941799202
0.017197648620953257,1.0816404406845355
-0.2748537302920668,-0.8844406523548958
0.47355747559650097,0.3409093868417197
0.7337198176831055,1.0534262756764114
0.4000064266002006,2.0875509494594136
-0.5384764709726323,0.9795035080564948
0.21315372850753883,-0.49024898121831284
-0.6602296014045673,-0.39820185305692174
0.014861495156852958,-0.2955225922631804
0.10960063353575428,0.15707928206845792
-0.0032872028270062867,1.0184282595288285
-0.6947580853969535,0.38332384496934385
0.8280484670385496,0.7123664214395239
0.052948474332596286,-0.26985660698556835
1.7668104968529021,-0.3576728975893473
0.2279410466049557,-1.185076816701714
0.0071117110815849165,0.5083142821638511
-0.5385267309163496,-1.1569141244941052
-0.06995988340926498,-0.26486569084614436
-0.3207313330950329,0.4071864451777431
0.7918389361960418,-1.2658167711287747
0.36369827527063026,-0.331198246355685
-1.433697820190942,0.11433325119048515
0.4586890047307366,0.24963680418968306
-0.27047082420733504,0.008605510325644434
0.2759535828035426,-0.7902126175767283
0.45427681113844576,0.04404293225112741
-0.2905899402647213,-0.3821929215425875
0.5680057778159506,-0.7056414094100719
0.31648043634120626,-0.15883311167487013
-0.7357456681427004,-0.3922783030136842
0.08795174004059099,0.9130973304029895
-0.5560357389201981,-0.3760514922845219
-1.352393856475301,0.5801611350957793
0.14111914744807766,-1.4840743553661329
0.3675088830654771,0.6736801730054959
-2.049156377940467,0.2020096151190334
0.9458392860343752,-0.0127581689751905
0.3895533361468568,1.1798965062722366
-0.8864472360203864,-0.3807434883437443
0.08435278691684397,-0.165708369643255
-0.22615849211125744,0.5856183708070827
-1.0813643247886238,-0.5541161395438182
0.8764693941601878,-0.047149203227438395
-0.23141781387765317,0.5316320915970761
0.7827168060910449,0.9305663171051223
-1.411020659957175,-0.3907225631658413
-1.3803387049037001,1.719372969456885
1.7586509300753508,0.19964481338984813
1.2100772017603278,0.6556425322199895
-1.0097667061192355,-0.9827899770672816
0.617279294821571,-1.3891184397394687
-2.379437575115937,-1.510529014197795
-0.05020128126656295,-0.11270047131057431
-0.23742740930917292,0.1239973520862202
-0.8055104438922657,0.043343098327101016
0.9170367787682817,0.035315301446450766
2.0957186078484975,0.5542713749089466
0.36771375967981973,1.3019639123307902
-1.256089021989211,-0.6615512892384194
-1.493922242306874,0.32153710228701166
-1.0449067493423898,0.23921461798779867
1.0415057187410095,0.28661733429892816
-0.23661579554562592,1.266314170424809
-0.1253695411800753,-0.039240659282794445
-0.8139084413285839,0.6559154700284557
0.34222646568481335,0.5670327101979518
0.9187195813522113,0.48875835471707996
-1.0206613165482685,1.3768694499588605
-0.8147243078559604,-0.4884808273814567
0.23697900068592023,-0.0344684902553873
0.3663547015298041,-0.4263051961845407
-0.1149032412637846,1.2927672531848866
-0.3365692334606007,0.2727424924598771
1.214431311401212,-0.08412347546479107
-0.48830298746207745,-0.6186161965654262
-0.213293627219932,0.478216230587641
-1.0194220746869853,-0.9858961131470967
