X_1,X_2
0.1080078391827916,0.2900555678578427
0.0765452340640865,0.0715424945101172
-0.0171890109387915,0.0681270305195488
0.0443604827855677,0.2521944954132264
0.1946683651960912,0.1014548218227655
0.5041821710359136,-0.1711851537882278
-0.2843220938085289,-0.1594390066199732
-0.123518266581347,0.3739086398493171
-0.0633823108321322,-0.017646871156597
-0.1905474309559698,-0.1288301233304631
0.4019448405191951,-0.2697302953488639
0.1944164984222957,0.0423848734701816
0.6673275495072465,0.4476290883422103
-0.3961355142562032,-0.0437503443462924
-0.139038538718778,0.110982349914845
-0.043555030914759,-0.1594058938022478
-0.3373277771935133,-0.0488761509183034
-0.1762755083500728,-0.2004334912468341
-0.1555589013295344,0.0804846929226309
-0.1672097090428349,-0.4149569726394937
-0.189108804061696,0.084520350448458
0.0231249243645825,-0.3452390678878047
-0.3510912422531522,0.0928739891532698
0.1446705179087786,0.1860052092039853
-0.2316130194726778,0.2198619696711594
0.0980268481799758,-0.0435453158074739
0.057319607671974,0.0867621098811911
0.3964024317205193,-0.0138118959223714
-0.0883026804956799,0.1856135364644363
-0.0300577201856629,-0.0426236167922456
-0.3783532704335324,-0.0565331932122572
-0.4317647886263773,0.5027863956847508
0.4631237329704304,-0.0134469365664481
-0.0608056275720802,-0.1009662999643465
-0.3235701092868672,0.0912099914522854
-0.2694235519373801,0.227795949167114
-0.0327692256693772,0.241927484218997
-0.298138470633541,-0.2457976196107159
0.2547393515010945,-0.2837849761263327
0.295226066822272,0.3748510401777842
0.1653359100113897,-0.0269760238955327
0.0650343061946937,0.1555703528492626
-0.2478264857143954,0.1368194236929508
0.4250991047400369,0.1291439905554807
0.0879764632070276,-0.0534450556983757
0.0490136535334846,0.2621499274875347
-0.2360612603617816,-0.067942883127436
-0.2058382080904278,-0.0378689598255832
0.0973241561651232,0.0273261066068656
-0.3092565535995447,-0.5173504828406921
0.1415307757761656,0.248648431417547
-0.1019151368633917,0.2523105353791659
-0.0442655418341012,-0.1361804543834254
0.1634020470992507,-0.0789277662725287
-0.4035844760312396,-0.0757819055234564
-0.2266155025107722,-0.0067149319675984
-0.0769739498947305,0.1228200290485132
0.3684964013396128,-0.0421756626160092
-0.1049413839436136,-0.1539062715061974
-0.4152907732735546,0.0568660432855452
0.2323386413998326,0.3018516432393145
0.2749832395713332,-0.0610616366720994
-0.1008555058554085,-0.2373670119429698
0.1497355799073629,-0.1355359086507752
-0.5103347736480599,0.3701720570732582
0.1253744250649125,-0.1714950150910231
0.3691843395898896,0.5143376497811873
-0.1945805939176727,0.0503124001652862
-0.4098843734534807,-0.1016392629344855
-0.5419694532681236,-0.0265812254400816
0.1355217166116434,-0.2519478278886118
0.3942352786867132,0.1922143631844285
-0.1669462861524344,0.0870023358935508
-0.0504341865144387,-0.0978338004253907
-0.1621231391545218,-0.0692516337074968
0.1256198893746679,0.1539700951465868
0.161630783336803,0.4084130374954359
-0.4223824912889038,0.0236552059439004
0.0388672272510822,0.4226665206025237
0.3835918073475186,0.0366660243069162
-0.207848010944756,-0.1831678718276905
0.0305120874643675,-0.092462870894609
-0.1870176297091345,0.0997637463307559
0.1287254777019632,-0.1278267816055582
0.0857345965661227,-0.2221897551177803
0.0684989211779978,-0.1067884210372321
-0.2004153798862993,-0.7312992936613963
-0.1307503893434831,-0.0136808280246099
-0.0952315953613144,0.0702485537040505
0.7358072503218108,0.1486335489493641
-0.3488157497164346,-0.1105859738282626
0.2273460344715596,-0.0684956807103219
0.0546059654617924,0.108248909758831
0.1315492233150959,0.0159626715249504
-0.1426481914436939,-0.4521696471168474
0.1213241271524492,-0.2949871079716437
-0.1840169496975429,0.0352960999432469
-0.1530128429154097,0.178252178841905
-0.0583008165550263,-0.3659565079155946
-0.282818872867577,-0.1073949083443068
0.2300442714529339,-0.1132097888881373
0.0848629480531883,-0.0557383034143951
0.4975929680604197,0.3439716414977874
0.2457612814402491,0.2928916236827931
0.3555917864026967,0.3283812436587745
0.0566553838709507,-0.1887520572949146
0.076202483260686,0.4784196651166627
0.211004269465986,-0.3672963199108678
-0.3845157760275267,-0.289647446911822
-0.2082616114831498,0.0879740747221478
0.023136511628621,0.0745203287417248
0.2736071955751584,-0.1917270520818426
-0.0797344296977187,0.00336358271171
0.0758561636071017,-0.0050461015520095
-0.2266919029501095,-0.0098814250592733
0.2390530396507551,0.0974664711431684
0.3080597434672031,-0.0742040075918795
0.1366217140481895,0.5104111539630339
0.0109438888619063,0.1273150700901481
-0.0469608872893663,-0.0373189757684577
-0.0992587353811774,0.5427352564096387
-0.2274624939116784,0.2110264610402998
0.3153912425312226,0.2480365285815846
-0.1450654233950701,-0.1062463514808115
0.1871295257444915,-0.1874127555114714
-0.0358724290695261,0.1990887399774863
0.4283581421638016,-0.0381374810674229
0.2642553876014479,0.1779791976280675
0.0145943467576897,-0.0674437403397786
0.1879826552236259,0.2878833325068063
-0.2087587044038956,0.7452601332207707
0.187327875626781,-0.1106946801958444
0.3903345735510785,-0.1574062779567819
-0.1308058803126643,-0.4532172021416646
-0.099663090102274,0.5456237373764803
-0.3286737193052344,-0.3764719343294657
0.2051895266409422,0.0838012483055832
0.0692870176220427,0.0811209104224751
-0.3925642376868214,0.1175060903220087
0.072632691080076,-0.0646874815644033
-0.139773684074464,-0.1430244071898413
-0.2772311425016902,0.3118554025276798
-0.2477193859598298,-0.0728269687600592
-0.1248424186554945,-0.1131513122288221
0.180487193425916,-0.1095465480741074
-0.0234498747359279,0.2527894109708553
-0.1739031834380299,0.2444016797004655
-0.0996384700264214,-0.0772187831784564
-0.4198334020524066,-0.1958427772695052
0.0055664000703028,0.2100623502326483
0.0139750539769486,-0.2060783996298867
-0.2658403838539297,-0.4391202812508628
-0.4278439158160819,-0.1312611157455671
-0.0664329471951765,0.0120153939711957
0.0167330167350771,0.0256828680595707
-0.3273498158935046,-0.3764454308206966
0.4447806974353402,0.0268228048674658
-0.212183642338182,-0.0331330035163978
0.0551218490214603,0.0467864333325763
-0.0690921703123652,0.3692489731124895
-0.3101885706681014,-0.1357201697139459
0.0256882871678734,0.3641050466831654
-0.2495187013381888,0.0440549139955899
0.0750886616794664,-0.0769820892364474
-0.2302264432565754,0.0153748584117006
-0.2205365907336555,-0.147662306748829
-0.7363450100508987,-0.1885282247037066
0.254027272107011,0.1261224412284255
0.015029074585862,-0.3651445717776859
0.4148966464889157,0.1631312887866985
-0.0536874154375236,0.4399820456675828
-0.3889462490494292,-0.4222131970619454
-0.2119901421784476,0.0056197875289066
-0.0194614144488324,0.2330299180360164
-0.3937849502264178,-0.0404270836544974
-0.0119288592446878,0.1250505340512741
0.0650194508155214,-0.0029799691453925
0.0248885275704068,0.2929047742376495
-0.017753520891127,-0.0468993193858366
-0.0254751196202836,-0.0172453488583683
-0.1119179057242749,-0.2809039746442988
-0.2484244353412301,-0.1271324415070146
0.2521760828790156,0.186016666991341
-0.0590384798989145,0.1623610766624069
0.0124759534469017,0.2288635010589116
-0.2982713483741023,0.3156953104346766
-0.1907112297730614,0.3210637395626946
-0.0899351711527089,0.357887959876313
-0.2687178850188184,-0.0963897076519428
-0.4537544520633647,-0.3951442740987309
-0.4463597381088366,-0.0674253005514929
-0.0851176575633731,0.0509932947862173
-0.0539175272156812,0.2809808156060526
-0.2815776409396416,0.0163802402324781
0.0036834693100334,-0.4360556364563627
-0.317608511292212,-0.009892456290208
-0.0008625540448676,0.5234420509591332
0.0979339069027167,-0.027003614571408
-0.0723626516660234,-0.3889344096998189
-0.2496663179774548,-0.0733178853716584
-0.0078170416880844,-0.0818364321946298
0.0369637010242592,0.038055374191225
0.4773660564769459,0.1883286386851942
-0.0714015132957495,-0.1019058742000583
0.0091079832067526,-0.1720832363945354
0.4000350972951219,0.4517768170082535
0.2255712116685772,0.184073801338503
-0.3163631554270337,0.0071915200416178
-0.0101148760630087,-0.0458997688198744
-0.06816265640365,-0.0883498090037043
-0.0129258981711814,-0.228573124043961
-0.0688494517786595,0.2523631106962644
-0.0410962507176753,0.1808149099253856
0.0498000555227875,0.0633304934690138
0.3536027523105386,-0.3915427128327809
0.009036839046921,0.2331424226567358
-0.166056240495262,-0.1591367397572141
-0.2711692384104985,-0.410247852481434
-0.2233756409890713,-0.2595760991182618
0.2949268467324161,-0.0719269951574726
0.0432054063705122,-0.1377050612737771
0.066678189462325,-0.0154890355506797
-0.1638605354079786,-0.0965081916778344
-0.202225208402812,-0.1962795084405224
-0.0202590096006358,-0.0430222378232303
-0.4398024646611532,0.1448305936918101
-0.0849172343816207,0.5515148715999422
-0.0307233476901026,0.2549000592455251
0.4382310627725556,-0.4370697702770799
0.230568697107929,0.2825956692627273
-0.1709585443303989,-0.3723518945119708
-0.0238415778309294,0.2731918981275449
0.244466869494854,0.0412577991525704
0.4141636397564874,0.0845624767228116
0.4672637677736001,-0.2165482209642219
0.0724685953929158,-0.1509550802334953
-0.8721812954686683,-0.0150130304319608
0.2085027341464791,0.1821239401339282
0.0592945738928282,-0.0155470238610001
-0.0702508185023555,0.3337360433552649
-0.0468745637865333,0.3528010864914759
0.1748168038554272,-0.3865956640241458
0.3437415518696428,0.0655121209286919
-0.2838551745804449,-0.0053979258372419
0.5473692355710209,0.2299134783060896
-0.3427352789910615,-0.13270089758473
0.6302782572734471,-0.2624878716312693
-0.012851451227367,0.0542191705650579
-0.2974201978600164,0.1535365326419858
0.1410882588112104,-0.2969916198801033
0.0407980953077978,-0.0209787838621289
-0.1444747547522832,0.1146531764049461
0.2183693271371027,0.4852390092516767
-0.3381308826275294,-0.0314361360957207
-0.1198670344124909,-0.150393816174691
0.2423060882182459,0.2043266404867993
0.0644582945171542,0.0774581463887522
0.2898871004423433,0.1961863496605924
0.1852107072774173,-0.0254671835428488
-0.2161415801422438,-0.3079702937090477
-0.26290047120513,-0.1115508771436443
-0.1092373282567202,-0.0287470323506528
-0.0997600682766705,0.0588313587922209
0.1334864208436642,-0.2163158825384739
-0.0725232028393732,0.0151463775532507
0.1998326449200154,-0.4425197674613503
-0.4373009986000513,0.0783046487427163
-0.0280013362167599,-0.2336581356301372
-0.2034369716798566,0.0669731860845506
-0.1540387249907091,-0.5070610696054771
0.1925298145987948,0.0911852597624519
0.3535208642156737,-0.3789810909312376
-0.1226104177948812,-0.2700287250841501
0.1573973130587466,-0.2364349950353902
0.175648798544786,-0.080138147779014
-0.1632150966063478,0.0073639825141841
-0.3223317896889666,0.1224754213967188
-0.09376940649712,-0.2476572627209827
-0.605345411560005,0.0032222480537874
0.0204682523191027,0.0472984534590047
0.4209947059955814,-0.2190589704988005
-0.3053209370171466,-0.4001429983556234
-0.2172765065729918,-0.3762782965350683
-0.3784081497121793,-0.0775288789016409
0.0088564881060148,0.2696174439195839
0.7092798195457544,0.2891552693844851
0.0046546800010442,0.1194273275087602
-0.2351141001987821,0.0176298370645223
0.7454202786989624,0.28619183718102
-0.1091789993079992,0.1722435707076832
-0.0168327574273307,0.0371675097814218
0.1731018096264863,0.1424754623837172
-0.1289266548123864,0.1279169518390139
0.1161576389735132,0.1112596169618382
-0.2362363231110911,-0.273283812779529
0.2716447042168451,0.1332341070080704
-0.3827953335674308,-0.2654745166115752
0.0414761661052592,0.2065322341708456
-0.1796443779707904,0.3894893941984326
-0.1121707442071327,0.1005722601813395
-0.1584444384012807,0.1054738666488811
0.1373877333436606,-0.3464682350090114
-0.2197534443465356,0.3237848795823421
0.1830222219658943,-0.2365777102918199
0.2576415546509549,-0.4535228099304001
-0.0784219376062723,-0.2202453854444899
0.239994505892765,0.2442165486081891
-0.354093517831989,-0.4325120755040589
0.11354721940406,-0.1180833972496672
0.5182976516261993,0.2053378664385297
-0.0581685331940692,-0.2590770081757951
-0.1278158754523838,0.4399629589029075
-0.0195077377278347,-0.2381948339788691
-0.3219855853889034,-0.264777590803789
-0.0719970758260062,-0.2755241579687623
0.0541057291809987,0.1208001118151629
-0.4856865751661747,-0.3459362477116049
0.2917786689937864,-0.0727968664412694
-0.6571395781082215,-0.4419903790700426
0.3750032211984581,0.3049178123815828
-0.1819177870855028,-0.086268659610513
0.135342397830592,0.0588331180578864
-0.1114306719844367,0.5631861678023239
0.064077549323323,0.0105684588277403
0.0255651648911278,-0.1343929652132315
0.2769309983947852,-0.1146015722262429
-0.4304799466744208,-0.3040874181874846
-0.0919883061991964,0.0905136727511578
0.0141950618767341,-0.1235416122910083
0.2867534343949813,-0.4393540915942143
0.5844791233192282,0.0575700096810594
-0.0752820950781777,-0.0890685165574744
0.027939538505174,-0.2428782309900841
-0.1326888543640879,-0.4573440025403034
0.2759819386915937,-0.104439071458153
0.1922156272297001,0.0122955200392923
-0.3870884169129269,0.2301375928196892
0.0229867293271158,-0.162533186885187
-0.0064172715935072,0.3475636379399703
0.2711799659563341,-0.021779223417925
-0.1890249682941299,-0.2104523621925763
0.3752584941121416,0.0807749377716397
-0.0480167064787936,-0.2133085744527807
0.0281345280575958,0.2567803680546211
-0.1454630455283294,-0.1458938492922104
-0.0168351771059227,0.0281079775621512
0.0425327888904428,-0.0041523796127489
0.0383468580143728,-0.3906317841903883
-0.2553879400461827,-0.1114418348203638
0.2386592748526577,0.0254703448105833
-0.0556432765230582,-0.0137372328075381
-0.1615714764418629,-0.1475234873755184
-0.0258932184089482,-0.0238046533891368
0.4546676600630249,0.6101560089534033
-0.1395457789752043,-0.1385675597321143
0.083794265724357,0.1647628530918005
0.6491679849282622,0.1469693087258307
0.2162703470223125,0.0816971746023468
-0.0600814635604167,0.2408893817915821
0.3394248964547015,0.3631130387864205
-0.2297415195114984,0.1313171454634858
-0.1161653102097588,0.0001386895078339
0.0574815578544775,0.1976679576421236
0.1854099602509656,0.0058667447703786
-0.319117655488847,0.3143112545908136
0.267760329472916,-0.1636405851178682
0.3135035843012167,-0.077779109394143
-0.1449376436059137,-0.6082460560708707
0.5256722049591048,0.1367394537902536
0.1873411802430073,0.3045499244583926
0.1835801637420186,-0.3498841616708582
-0.0746641488451318,-0.1101171769638377
0.1875471662153063,-0.0110192135723524
-0.3820844196261144,0.0404703650385071
-0.3362350948120546,-0.1453848992396073
0.0532849917929189,-0.1291578271917909
0.1290861397603175,-0.0167327225598289
0.4208989972255768,0.0648761709174541
0.3808954295222604,-0.0770507442223883
-0.1220964929059966,0.2792497824787105
0.0213457103085806,-0.1744288735541902
0.0247331316553708,-0.0900774950008512
0.1575938223885616,0.050642574196938
0.0347865501325947,-0.1797371199196449
-0.260167852983057,-0.2177085651674677
-0.0991988912859172,0.107340453277194
-0.2436061299688895,0.1845086252751168
0.0893159872759308,-0.3033035776677669
0.2526111186744373,0.6497715961985285
0.1236357530193858,0.1318517798348716
-0.3262108792755313,0.0811639367626991
0.3376234826863159,0.0135920526761565
0.4369648052254973,0.2244860254414094
0.2511968794532394,-0.2827870815101538
-0.0034649879909001,0.3062695901809066
0.2370132536028684,-0.2226524947681283
-0.3183911890812487,-0.1016175407980816
0.0966200960186048,-0.0105409744360042
0.0277590512035437,0.4287516640401895
-0.2502355622071159,-0.0123845646864709
0.260587166118563,0.0184486235585101
-0.0416923882106342,0.0988076582928323
0.655724281757047,0.5038393408060315
-0.0203350645297726,-0.2803960561691275
0.2956889850618183,-0.1016573643129284
0.0795144361669582,-0.3329300766655025
-0.0544802484473489,0.3007482115912213
-0.0549228750454785,-0.0702335668666499
0.1531690107325438,0.1868080964609292
0.0728244875141395,-0.005364137189846
-0.2178855699887608,-0.1354686336541002
-0.0044963159899325,0.0076155596097588
-0.0327304786297341,-0.080050418974095
0.2412595057696773,-0.1147389728713559
0.2394344822249889,-0.1849071703600612
-0.0916268714279313,-0.0875115563618592
-0.0187825713767909,0.2793015142783416
-0.1836763485075155,-0.0315712546289695
0.3089391305618691,0.4548829974852267
0.5458265563237684,0.3962875348164186
-0.0027670298577769,0.3094339064841159
-0.2685284548033132,-0.1201474894261295
0.6410200155975394,0.1975201488817815
0.3602869072067293,-0.1279668156186569
0.2518177235756267,-0.072556928617211
-0.5529680137385533,-0.0614713678554064
-0.0619026022640415,-0.7502876289859433
-0.0096761061766586,-0.3378426416873308
0.2404709439944376,-0.1713406664341566
0.0736337733051383,-0.201076300649988
-0.0080065344053538,-0.0202330111869697
-0.055865767891048,-0.2482040876424174
0.200557417604244,-0.2161802118291192
-0.1038937202400592,-0.2396173033546751
-0.0075180130441121,-0.3658202370856152
0.3154342313918258,0.301316213805548
0.4967660594653937,0.0188897970433088
0.3521422412376169,0.1647237044409508
0.0320296379317013,0.254845232922806
-0.1508348963433553,0.0082328740355058
-0.1113392961007311,-0.3976981214223304
-0.2670974731220077,0.4128546631279436
0.2724863037347436,-0.0281780464680229
0.0898921877791493,0.2850349491934233
-0.0083133448219379,-0.0868121990526379
-0.147900294759906,0.0521305682636119
-0.2814266011441642,-0.2433918374398684
-0.0239250185219879,0.3285150886878462
0.4987416307092508,0.2830520958380507
-0.1685409740132566,0.2541789727449693
-0.2946319097622886,0.0308474089619583
-0.2327150168457168,-0.2608606927844099
0.2701319137833088,-0.0073220964256848
0.1605553530809592,-0.2552004239468691
-0.1182942360317024,-0.0951432521691389
-0.2520034344502836,0.0159117843771027
0.0450774547011368,0.573510801074653
0.0744982773254556,0.1425169617298017
-0.0869750451820759,0.1781319567705588
-0.2206990668839144,-0.193192618000289
0.1648477677249501,0.0697971494552276
0.0217251643570828,-0.0693457184676627
0.2514749161113475,0.5639290387269305
-0.3361333736073567,0.1652688274148008
-0.2966018084541897,-0.0862399309366679
0.1703852423244634,0.3207467843690009
0.3246095950209198,0.1531681507601435
-0.3567897094787818,-0.3845347608369866
0.0888635188120307,0.3329836551099923
-0.0644540895265683,0.1819329055439863
-0.0099509994472127,-0.2498541493340624
-0.351567586613726,-0.0986892213990083
0.1990657267238129,0.391015091680776
0.2797745744783024,0.4998279842236091
0.1826844183310543,-0.0517458342071812
-0.0582904898853568,0.0405017796843358
-0.7027593925576345,0.1051301381182121
-0.1746533641218488,0.4533263700792449
-0.101926619443976,0.3561565379978083
0.0524564278782887,0.2042815565851568
-0.2990474172245632,-0.4931122543344282
0.1621596370174433,-0.1177002354279019
-0.1650328008395492,0.481346584919095
-0.2000542018233342,0.0398793848968492
-0.2419618230884802,0.1202445766526962
-0.0677756713457911,-0.5346135227568654
-0.122152863564731,-0.0712682399475268
0.1744201617834991,-0.0701720218133432
0.1578903262645975,-0.2030012850238323
0.3042468105573609,0.295610968192226
-0.2585021568494861,-0.1040253950199153
-0.0203225942861078,-0.4126650197571883
-0.071794059278496,0.3699413730496923
2.281060021624494e-05,-0.1982513443510366
0.1281927207096905,-0.2036425370499706
-0.2494332453325785,-0.3859982003308901
0.2297225635740976,0.0227595410109458
-0.0253205240531327,0.1931185443763935
0.2457291277408172,-0.0861454701090492
0.4849650925716602,0.1910692417566731
-0.291177654706357,-0.3693795996816401
0.3559743300038033,0.2102885328319268
-0.2862765150865012,0.37304305259326
0.586117285063243,0.4447146778291868
0.000625507698863,-0.1467363351840044
0.0046358887936056,-0.0542367920566291
0.2563832996988358,0.2595154497830981
0.11596799977411,0.1608281451033924
-0.7943395317098203,0.1584299002049533
0.1539425207890985,-0.1725305448577355
-0.042431353360594,-0.003730760349403
0.1433408947733034,0.1389590318055799
-0.121621259499075,0.074328023713766
-0.6374475235717386,0.1883513168310471
-0.0913821288966661,0.0637291500737783
-0.1462945380850515,0.0283417623333149
-0.3763024384956744,0.0184913356792735
0.1132193942796386,0.0577271177281349
-0.3056850408685183,0.2919674967446405
-0.2976322965175835,-0.3283094844571103
-0.3730029888233266,0.5767192138189994
0.2812066228516329,0.1148324345513999
-0.3969399645594096,-0.1860089896615643
0.198692997558481,0.1912232715238006
0.0107388867994271,-0.0950793004644541
0.1031551217552196,0.0327956189713281
0.3624614663057231,0.1491604938157373
0.2516909634769167,0.1479587989346285
-0.4058339743098762,0.0940524510511248
0.0516480604959509,0.2890683007024522
-0.1194141031393916,-0.4364135172507798
-0.0871967752882571,-0.1355231025393911
-0.3515483120308865,-0.116802037256098
-0.0342208935606835,-0.2774916711877894
0.1917271126647165,0.0873247822593741
-0.1402741885728888,-0.0630474070642094
-0.7384188861420129,-0.5182933068259363
-0.2558571870069638,-0.1139101475587143
0.116134826441993,-0.0764129352672242
0.115169544250898,-0.2772851846189036
-0.1425378126234238,0.0279523034527452
0.4345751044164004,0.4111928268091073
0.0734398846802988,-0.0909170820554014
0.0228693172131079,0.2281344787136178
-0.2293506241567667,0.2564043992475744
-0.2022651712686607,-0.2861700232226941
-0.2809210011202316,-0.0638389347668159
-0.1915170455264692,-0.1947058131454817
-0.0042070013980926,0.5232438741631751
-0.1660406093240149,-0.2267729115085451
0.4217976072055078,0.0980549486311696
-0.3217430933991153,0.0222671889418636
-0.2656746383311177,-0.3308772015239175
0.1868224797097727,-0.2926042233942578
-0.0424821206414071,-0.1583105286021991
0.2842183353697785,-0.2342349308587575
-0.0771714556557543,0.2798160570646158
0.0775248711362411,-0.034791885044195
0.6153883343884774,0.2965472740452823
-0.0430090604410854,0.0653345462740263
0.2211805629347875,-0.5472944345290565
-0.4907071308940255,-0.0550959865544192
0.0998364778744566,0.0593133935947123
-0.2305993605553616,0.2472993143561192
0.0403391693237466,-0.1984380283507273
-0.1525984925028082,-0.1165732938575398
-0.2747816578621013,0.0300140369169024
0.14443961597529,0.0499086586820146
-0.0119674218240428,-0.2381064036901516
-0.0243973650599538,-0.125787281685032
-0.0779081842893955,0.0573175984403153
-0.2545483872467237,-0.2401647547074108
0.1389594405759152,0.0900036359917908
0.0229676824499384,0.0561434505080608
-0.2325953805549291,0.0695736233879554
-0.2069855245265513,-0.0710323665242787
-0.2875367550819918,-0.1625851757690098
0.0210095854669573,-0.2714756160843494
0.1611264391131829,-0.167416061585319
0.2438332752943384,-0.2541512958602079
0.1786456821686385,-0.0938740207742955
0.0446586653918845,0.4674100942000721
0.2980296398559546,0.0475039113420284
-0.2475893823381853,-0.2553359944658727
-0.2439496730559173,-0.490529747987195
0.1689087760154997,0.0766355744414313
0.2340526415933876,0.1893964433326243
0.3548453911475051,0.1663951819412713
8.588466326648766e-05,0.054969692553848
0.1092070972761622,-0.0429805684842547
0.3131043393281185,0.0288300145459528
-0.1232099386640509,-0.0158342526990245
0.0183641018402282,-0.3785431257216671
0.2815708804372566,0.7877997362476161
-0.3902597284102436,-0.0709175183598639
-0.1173197564258017,0.2090353851054639
0.2468991996093255,-0.3542063951233321
0.0286513445076191,-0.0962174347701487
-0.0790320411810556,0.1855636776244305
0.2596949576653584,0.077135802392681
-0.1480429732758421,-0.5531177153485634
0.0370541532640004,0.0568981484589744
0.1083614905933539,0.3268050220720033
-0.0864594487173388,-0.443948231729644
-0.2321467279337188,0.063111272556418
-0.261104605456858,-0.3026431227473073
-0.0649271532399454,-0.0481757906763986
-0.5492807556329367,-0.1579865078228786
-0.0634964238125259,-0.2237853408161519
-0.4123600967908147,-0.2778083549960443
-0.1924106052086223,0.1227805373543551
-0.0771656698662075,-0.0835881297504531
-0.251626987726104,0.0806733724922653
-0.0244460096472856,0.4201029719272691
0.1067917730071626,0.3585851803438523
0.0508913410884396,-0.2607367027904838
-0.1184882486270081,-0.0989589776155113
0.2806780692619024,0.1985112029153929
0.1306175787998746,-0.2819747466677808
-0.6427807049787669,-0.2005225896785019
0.2187696291785366,0.2914876052820282
-0.0864452203934322,0.2276426444142819
0.0793730861798946,0.3912432313082367
0.1501170321549157,0.1830026573153815
-0.302947983228745,-0.5156905906422347
0.1617413786677805,0.2003554047868394
0.1469466429749573,-0.2317712278644658
0.0479971966387813,0.0348730110108806
0.2557112257404596,0.2597077771938964
0.0748519002701411,0.2343672274521698
0.1670193030098143,-0.1415961651909055
0.0033233568148905,-0.1562578622236447
0.366798404974874,-0.0731682725234071
-0.5511400634532446,-0.2136778136879931
-0.1482451290129193,-0.0358265522752393
0.3233251980038242,-0.2074946016717878
0.006997724575226,0.0903272609368459
-0.2018201322067578,0.4965909125559649
0.1054975189376925,-0.03336164916994
0.2513264522947677,-0.152601279697751
-9.576630604209111e-05,0.4037147465939064
-0.0585732779716086,-0.0588244592887823
0.3416128631699954,0.05597668475983
0.0161203854249762,0.2084521475354361
-0.2449252545620905,-0.4206896085621582
0.3709957879378445,0.139733396033446
0.1789377571356761,-0.084350197350349
-0.0378400724251045,-0.3577079444381599
-0.0360667790806201,-0.0598048041955566
0.0492924952311245,-0.1549433132574325
0.1572224804744831,0.2431282143581814
-0.0608704277572411,0.0538875346711251
0.0431903044353906,-0.0897898244626623
0.2447826846634936,0.1999490235472118
0.1607827309652971,0.1705921426261082
-0.0912236789407807,0.0416766036013527
0.3344954661435507,-0.1245085456632005
-0.0357874849290337,-0.1182214116014167
0.0469619778652822,-0.25065442900744
-0.1594636177204701,-0.0760033465874849
0.4281728277160396,0.1622570255883101
-0.0267996073455267,0.2474072036563972
0.35737176037287,0.2122949328390339
-0.2139794482658732,0.0145607995418703
0.2260263537411537,-0.1693802431896059
0.002211852135565,-0.2268269113661887
-0.2103874363027508,-0.2492915190166618
-0.3909291538077187,-0.0491750511104632
0.0779193938433898,0.0309508800723434
0.437170448114742,0.0349843845160916
-0.1806568478124474,0.0087508646729863
-0.0708771380891454,-0.2274037675658652
-0.0344144428106697,-0.194446718443626
0.1968566570863349,0.3179401593062281
0.1895192825384186,-0.3834952215955112
0.0873508964318671,-0.1512707259581629
0.1859923881621059,0.1955952058406346
-0.3360294161196968,-0.2097516369514553
-0.047592640790406,-0.1384575986972137
-0.0056105658989662,-0.4256126427336297
-0.1477455426131868,0.1831460261399666
-0.1544327052128135,-0.0034185676390846
0.0147999483700233,-0.3225512501554466
-0.3348965045264838,0.2307059595838988
0.2771714498786827,0.2802493160779554
0.1830299342379343,-0.0358069257319026
0.2796670057760445,-0.010455548888641
0.2699097609154988,0.0653541374427718
0.0944082912169516,-0.0281777525147433
0.373439069116197,0.245685328220807
0.2224248670752452,0.1922641028733515
-0.1305357353213692,0.1062653145770548
-0.1781507810275909,-0.2311149111852457
0.2361489781261908,0.3874828595156469
0.0192183699454736,0.1494782786728817
0.1045370352116256,-0.1919111479552243
-0.1697095026213241,0.0441232170656714
-0.4586943298371175,0.0071658311375472
0.0103594067664318,0.0137762473914649
-0.1871547941313997,-0.4355552726013664
-0.1311828414238412,-0.1815952604362812
0.7563555418775693,-0.1016531206379081
0.2162357281531578,0.1577678666462426
0.1736415890358125,0.189057509494519
-0.2795616726765758,-0.4189845627549081
0.269505138287218,0.4943280971140976
-0.3273459624061666,-0.018177072401495
0.0082396652303,-0.2128290857382117
0.3594490662130314,-0.1193914869798621
0.1494587668129436,0.4054429757204428
0.2858406824040242,0.3212498068153485
0.141189180882901,-0.0540637589444942
0.0071494165878134,-0.0395312309894881
0.2585744679388452,0.5124680702819143
-0.0315101205186893,0.085376172685655
-0.028381905612362,-0.1389505095780117
-0.5082138617572394,-0.2715627047851444
0.1893712830230352,0.0827362018110436
0.1021989812441292,-0.3738039285093834
-0.1641925220658732,-0.1651681950159937
0.0969594758777676,-0.0052064072681776
-0.138907053373125,-0.3981087207093302
0.1045248286573324,0.4286791042223107
-0.5767334404138172,-0.7072705423132123
0.1883630889522539,0.1245684533826135
-0.1687393901651437,0.2905334454924835
-0.0673381506097547,-0.3591898431488772
-0.0246107717540408,0.2081092757664187
0.1204429372412008,-0.0612418289567625
0.1612829234169294,-0.0597682646980413
-0.1113469144363576,0.3041440875230215
0.0223599315398621,-0.0273841744476449
-0.0177934557753929,0.1756129453260748
0.1551354955453412,0.1414662021775445
-0.3333768242302114,0.1158243110962221
0.1795934116039626,0.0304906452852966
0.2021275782246006,0.1716256052719752
-0.3430908581081434,-0.4029456678886713
-0.0367088199660439,-0.2782208823448734
-0.0878429380188825,-0.3935968604276865
0.3069159140290303,-0.1172424116445895
-0.56374768001531,-0.0452206028932041
-0.4253700655324532,-0.3278552341647391
-0.4735931643400162,-0.0802841099882183
0.2919795394720041,0.2522637464052393
0.1683374910703759,0.0678098436057978
-0.0436837055655044,0.12621420625499
-0.0509487040151045,0.1368997006078003
-0.0889388088289388,-0.3336592840610661
0.0120140944285429,0.1374151522725997
-0.1063786859474367,0.0374279064321768
0.3153029983308013,0.1677629181866119
-0.0970157598758167,-0.3910690876700245
-0.1316407313917163,-0.0017992958997544
0.0692336773262981,-0.5715517973197348
0.1362930715154748,0.1669968604542278
0.3412410477009867,0.6059621809045421
-0.0428687990015251,-0.1613781021670574
0.0455180963794526,-0.2518943603973549
-0.1197866799012413,-0.0059936920694891
-0.1295950277085511,0.0483448157902709
-0.0786609657047637,-0.0173657931131281
0.5657829523558198,-0.0222731692589505
-0.4801792441875794,0.31792770955824
0.0966541426277216,0.3192886383078307
0.644905559179989,0.2350085018562533
0.0032100446224921,0.2195345260774508
-0.2958512209674213,0.1642225305376379
0.0868756367411148,0.4760902280722359
-0.1090611029655636,-0.1368439965936201
0.1494917875786899,0.6673187799036271
-0.2755452187161231,0.211684359028922
-0.0979682295138344,-0.1695283055416941
0.3859840658455922,-0.0654452032609959
-0.0769675113533745,-0.0199034415571333
0.0963624034951588,-0.3620847316167278
0.1778138694907114,0.1608275695940396
0.0279129247464398,-0.4257503877570732
-0.0337733662804225,-0.3443550382880265
0.1029075023914979,0.2928202141787009
0.4726946840956217,-0.0327543896636059
-0.0978484957883236,0.1467758743713926
0.2922652063158263,-0.2369214352659461
-0.3331241628583314,0.2269282379940048
0.1039562163620626,-0.3704861577082062
-0.4046201433857833,0.112586552184083
-0.4345376221766359,-0.1729812388371139
-0.2334511920579473,-0.2129461743985962
-0.0364814393363355,-0.158471029734584
0.188540603008621,-0.1270467121856116
-0.289139603524336,-0.352972849231625
-0.0657899615934819,-0.3539624033989227
-0.0243745999223253,0.2101808197941427
0.0924384433140168,-0.014685243604078
0.1229284310878312,0.0729827955515669
-0.3091463644894435,-0.0886093018148335
-0.2588278474798782,0.1570613123764361
0.3376849383915574,-0.1364243361453928
-0.1547363623086435,0.1585354029844232
0.1829072750950033,0.2307217315738421
0.5524554347695854,0.1658804227474355
0.3080532899956852,-0.5001375280710771
-0.1310762279605066,-0.1614741108078431
0.0888209749873683,0.2519630949193797
-0.1537641178645467,-0.1127735091752824
0.1427128772151505,0.1216427603471776
-0.0829593937553863,0.2721705864007145
0.0313693521419381,-0.3501714047337167
0.0190889710309734,0.1589054845956689
-0.0138065157221273,0.0804434389327245
0.0863865831904817,-0.0802393743960936
-0.2620013252685654,-0.53912294957885
-0.1158717127275775,0.1767404120877268
-0.2416003609603046,-0.127349399935039
0.2519119603705678,-0.4117519499625285
0.2355370632149055,0.0681382843781066
0.0538806157643494,0.1972296737413057
0.134567141566768,-0.2321014676475424
0.259805212905749,0.1639157105275194
-0.4111064704094208,-0.4661603392117349
0.1326884704104662,0.1017301253635832
-0.0235814213510027,0.1109669726395198
-0.3666733053725365,-0.0525025465642125
0.1690445184707359,0.3066376756434162
-0.0431520605270308,-0.1840282191075695
0.5027284844274403,0.4523248791934776
-0.0035250939517577,0.1980598852305477
0.3657947255070937,-0.3062949265933562
-0.2580620101578769,-0.4092781836210792
0.1955164307848722,-0.0906813776688502
0.1283538360386316,-0.0389472287288307
0.3198133817557827,-0.0273422567769418
-0.1242400736700399,0.3080389494978522
0.2477357915239783,0.3294377197785246
-0.504122302809726,0.3108716821985177
0.5725899420321322,0.1247817963341451
0.0704218011888963,0.1327325624552295
-0.331869364406951,0.2590951048757248
0.3584878263244979,-0.0753142797477039
0.1976455191707211,-0.5241176658926412
-0.2622352597542862,0.3406103442767876
0.4788693091726074,-0.1478654896690055
0.228242440046439,-0.1922165952092792
-0.1436252656805166,0.2424341499381734
0.1046228446018108,-0.0003261130578657
0.0572106334158219,-0.1260560891634929
-0.0847249250366132,0.1565858709275839
0.1319448286636697,0.0324071075713968
-0.0965867515443366,0.0428719558252097
-0.0323839491489119,0.2223878616197604
-0.0793258976126661,-0.0662245058743338
0.2772869889324421,-0.3618592351270697
0.2840784670029969,0.0523231111255488
-0.0434083590874032,0.0439256026364629
0.0962821936276006,0.281156444831579
-0.1360120151039535,-0.2979235308027283
-0.3473553355527852,0.1014557449768246
0.3294043504812781,0.0458376526010249
0.1410185733140535,-0.1656913344735843
0.1570675343108297,-0.057578782065105
-0.0851392079309032,-0.4505788842820682
-0.1607784377500157,-0.4387092709056039
-0.1009977997829001,-0.2942028641732432
0.1531753983170595,0.2983872492287781
-0.3115202380054478,-0.4731965502434881
-0.2001727514714644,-0.2790936540756736
0.3053325104276523,0.3515679656082781
0.1562757330566486,0.4179930969362983
-0.1334892884714151,-0.2841359083900369
-0.183510253603969,0.1039533317973477
0.0579853883011085,-0.0052900746697123
-0.0233626433031134,-0.1190268705275443
0.0486176793182493,0.1303921490966506
0.180076775540748,-0.0567555922327524
0.3310651884657031,0.163642139384712
0.0840274104077713,0.0862585388264364
0.0910601321032307,0.0661445603747968
-0.1866415560602411,0.1485484538741194
-0.0670457324968221,-0.1612869078322032
-0.2465150992389418,0.4256713747437842
0.1322110513304864,0.098750186473464
0.041257524209668,-0.133515891749269
-0.0042654860566842,-0.435872526180217
-0.1571222233370164,0.0270804169663011
-0.1198032109591807,0.2939492443658516
0.0657725615598221,-0.0928712392009524
-0.037072009078831,-0.2141970338233365
0.0938957883349726,-0.0861073035746946
0.1280330355168953,0.1729419476927927
-0.1356651319214952,-0.283844304844739
-0.1186088804074435,0.0262069693075032
-0.3252772877305335,0.0334545270508491
-0.312359779210052,-0.0149635148220017
-0.3517889934347479,-0.2895211201468886
0.1751769584024786,-0.1310507014717301
-0.5275993238747084,0.4519144818380203
0.2518554442908342,0.0724569860356949
0.1755512365514087,-0.1390611485034571
-0.3903211476677257,-0.1385748412721903
-0.1303964616634755,0.2927019538554349
-0.3577958998155942,-0.5067907870620245
0.2273059746571061,0.3593975518436768
0.2260370667442142,0.1839898666411233
0.2175990295936397,0.2293378934265247
0.1524357132348334,-0.2282822405240736
-0.1278994336249662,0.108769769680357
0.0707887296181134,0.1930558445743789
-0.0647232382301783,-0.4124262363026533
-0.4124323409312149,-0.1907255995718351
0.423263628094747,0.0228719102789154
0.2584520387819131,0.1254476104981494
-0.1791420013515722,0.0187186920896607
-0.5125269148390167,-0.3172802179021905
0.1011378724240123,0.2304821301905759
-0.1937169321920469,-0.2455747707179245
0.5058933101483913,-0.0359931422369775
0.0037136801187567,-0.188844727796942
0.2845691614252389,-0.2910818578733678
-0.1584054762377948,0.2944858448558051
-0.3881965857161245,0.0850019303333716
0.2929184416625906,0.2241990816731003
-0.2301389502602554,-0.4534143537359747
-0.1345037277492835,-0.1339099248782986
0.1293711983462575,-0.3058649503043146
-0.1393358050972151,-0.1667742253141396
-0.1694392128079939,-0.2984841024233368
0.074680526794152,-0.1099249148894575
0.2193875338306466,-0.0702375653780756
0.2398406760191264,0.2090901954810096
0.0572013117229488,0.5748002563337109
-0.0820595453241882,0.046493561809976
-0.338618958125318,-0.0289467807613399
-0.7610922920031375,-0.0426699151359484
0.0443367764860298,0.242159393438131
-0.1150365324885797,0.165342655327627
0.5602379542798488,0.1688932582593852
0.15675302693129,0.1013628818350784
-0.2097667132059762,0.081729261865373
0.0344650738346845,0.1972379699023673
-0.1264221039116106,0.0616703280333729
-0.067445531619033,0.1910115790238788
0.0528935345000712,0.102723940499408
0.1554309780985171,-0.2879622190031288
0.2626271111622731,0.2900053012943787
0.1658049413336065,-0.2161539769064824
-0.3732026940826721,-0.2384853042122604
-0.2404154249337004,0.3618798118776273
0.0341392973987978,-0.0013199608898238
0.003442033250482,-0.1565432876338363
0.2821519526201934,0.0544611509571821
-0.0339602788630219,-0.2453253652821769
-0.1944924673312497,0.135777139733105
0.0842726168392834,-0.1226657647171749
-0.1278639757269239,-0.4094972133010476
-0.1528339936110112,0.2465538763488843
0.2093136114555679,-0.1243902784664179
0.0327203987268245,-0.2742262093064568
-0.0176750087548243,-0.2008905624118796
-0.1398416771981722,-0.4162267138738886
-0.2171382917246004,-0.0279677149508282
0.5939641988983003,0.481578622771358
0.1235567734265256,0.3676754429054368
-0.3062766493102056,-0.185565721715689
0.3035102601237072,0.0192330053348324
-0.225523509600875,0.0988650346136886
-0.2085088896245717,-0.160111779506505
-0.0830277346736808,0.1845092909917151
0.1737377636897351,-0.1919445338298566
-0.0156353780687398,-0.4662231361378451
0.032554202247381,0.0069572628507821
-0.4034455840730606,-0.4475726899806937
-0.1484542923728278,0.0748442120554839
-0.0739261741400519,-0.1310354236674381
0.215317341065225,0.1610998943514785
-0.4992199637370576,0.0832979096938185
0.1742216722433971,0.2843710189635346
0.2137917460649196,-0.1423926160684186
-0.2133996229428739,-0.044188425769683
0.2449431601175192,0.1525831133887693
0.1111828609001259,0.1695843110906721
0.4297656349107235,-0.0916874800006016
0.2121211404265201,0.0768684852684327
0.0353255170449807,-0.0014674040829029
-0.0032574841118263,-0.2364383691034093
0.203732978908899,0.064929347041208
0.5102343499894754,0.0446082411229126
-0.2605349712360956,0.1428457987798753
-0.1245858276591102,-0.1374199589789713
-0.2111599438646877,-0.7129691602685623
-0.3354110117864846,-0.570738805894767
-0.1845885747136087,-0.1803277409742208
-0.1412371046817832,-0.0418224286973609
-0.1088523601789581,-0.1902288867038157
0.2530413547125624,0.2554427811542301
0.0693828155936703,0.0929120577198319
0.4638678099542374,0.0665570434248746
-0.1218806925101264,-0.1227494799047173
0.0661649323151132,-0.3895371974699078
-0.242340158881424,-0.5280972618270988
0.2261386817399801,0.4142760846019602
-0.0117959066581796,0.4372504589060728
-0.3153881677316691,0.0343507067423856
-0.0651614566782533,0.0704055210779785
-0.2738422603967783,-0.0996134792020438
-0.6406339120275483,-0.6012701911754291
-0.1013619136462798,0.3029039245919657
0.0004063274113984,0.0760288219245745
0.0815460698901082,-0.1176637946486203
-0.4894991020034008,0.0103993346908285
-0.4999698895117235,-0.0314944152231211
-0.4372039794653735,0.1050280325417685
0.0653044966669483,-0.06466287296256
-0.116777496422377,-0.5865306528283125
0.0212932107208566,-0.4417259911808287
-0.3054524724811215,-0.1681731158267983
-0.0658028511135604,0.2396497046450128
0.2390513918014671,0.2760304693281346
0.1555741586631502,0.0922048812519371
-0.3068968365980774,-0.1885058491530399
0.194550589005566,-0.0470832970883988
0.4487252321956148,0.1609958883423452
-0.6201123875287514,-0.038889030393976
0.3035302867511422,0.1360369377575791
-0.2949761524759494,-0.1764485865433507
0.5423148822887128,0.322384697972572
0.5787788790232107,0.6828755591485991
0.209635206189162,0.1724590930086669
0.0608770766887367,-0.1560893814188637
-0.2457605188489622,0.1331078882741177
0.1741763636542236,0.0532964526082877
-0.7583180385054076,-0.3621799823669527
0.0149120752957758,-0.0347086425660916
0.1463041489638808,0.1776913383144977
0.3922573046669412,0.2225695099532074
-0.5290591826914132,-0.2724610601710232
-0.5344115175886254,-0.1599488102095948
-0.1508873080052586,-0.1086667494636877
0.1378842509663108,0.2889914912775584
-0.2239896295422599,-0.3645761411766889
-0.3954450408135861,-0.0638990306840447
0.1141703826505924,0.3622562242929885
0.0226279250841034,-0.1010754760617857
0.0598818532378308,-0.4006038580389556
0.061641287738284,0.0333783799660748
-0.089973528219837,0.1967803675517585
0.1171847337607226,-0.2631708409836923
0.2878637971113744,-0.2659398057566627
-0.0274480832047927,-0.0088697431122484
-0.054947949217352,0.3422009871870679
-0.0677547884502783,-0.0296459834800316
0.0817708377000566,0.105187076547522
-0.0164980111932433,0.4437079914217913
-0.0779621687483679,-0.1729909859207977
-0.4386347558727925,-0.177384547817292
-0.0439739725027564,-0.0164463583534261
0.3439714573585237,-0.1861427115579947
-0.085565209433559,0.1865860616118517
-0.2034587645869965,-0.1596683358549997
-0.635366844171645,-0.0484709219036284
0.0673948126953033,0.2569095904356313
-0.2619977354085394,-0.0830875653137327
-0.2791270309743114,-0.0125929522522557
0.4339242164140204,0.3473206065295917
-0.0677614984528764,-0.1715341957297846
0.2418516789130791,0.0237462244014595
0.0538089275349023,0.0808862875366674
0.528679129983896,0.4378742925990287
0.116291079080531,0.2057489458863297
0.1103813792097691,0.412997195957215
-0.0275340875719242,-0.1384618901146478
-0.4133937463797822,0.3216517162863806
-0.4840083082686753,-0.2043854548327962
-0.0778873009475221,-0.4663511159070166
-0.0862712466518801,-0.1859231754846975
-0.3290133470214,-0.3782688135408072
-0.5558777822133101,-0.2360312211037442
-0.0350136635067097,0.0626915613855304
-0.1233094611546635,0.6216329577085682
-0.1750258873029198,-0.0313494266240408
-0.4939193593121445,-0.1672293134577646
-0.0839786628425284,0.2110694344660257
-0.0488507253548011,-0.0232479943059404
-0.1422392094339862,-0.2139617751322783
0.2065436061449461,-0.0024133897423025
-0.1543728394741041,-0.0744638543417803
0.0342959930636264,-0.2620522157455254
-0.100068808511215,-0.2608563668671037
0.3019425724688317,0.2658779885179745
-0.0316081306799054,-0.1211860905912724
-0.0114205869038038,-0.0547950417770063
-0.0549606657983243,-0.2575513465359115
0.3780260049524799,0.1904839081709589
-0.0101300914267637,0.016562652480429
-0.1674084696822005,-0.2142277981905982
0.2432123198034645,0.0102188787084155
-0.1142925231643412,0.0321452126865041
-0.4487898923224782,-0.5190475361161059
-0.1791811660574143,0.2138877180457617
0.0761863791215011,0.1412853103751637
-0.211470021251489,-0.0455973594600926
0.090512310115098,0.0648153381325262
0.1161065055138017,-0.2461541583895626
-0.1039735186640596,-0.4612214027964542
-0.0111019174650015,-0.0989486686700564
-0.0504418838581206,-0.0918550575327092
0.1167738681443434,-0.3662498537252329
-0.0794616534703224,-0.183926949531602
-0.3952902870522293,-0.1149282707236843
0.2235456202519362,-0.394716274867885
0.4437244824168252,0.0835358381262727
-0.032668060705294,-0.3770081830483537
-0.2401546224234139,0.0308307089034428
0.0527756037531454,0.1393206306059039
-0.0382802807713734,-0.0609152726831115
-0.2360164549635093,-0.1105018662631238
0.1110713600851504,0.1505544571773106
0.4461177059355962,0.2883069469494243
0.5511290108940434,0.2096581899639462
0.1561621691330005,0.1324659019316172
-0.0303300351196047,0.0105459435164111
0.3344587426294709,-0.0498545816888622
0.2900706306999398,0.5092512725816682
-0.6290617673390162,-0.3248188757740486
-0.0469835717840405,-0.1915074035371058
-0.1551716197580827,0.2811134077240629
0.2921532423700417,-0.0138865049196526
-0.067517184515343,0.0661694634050071
-0.2440306430341771,-0.1283762811963466
-0.3367403504291545,0.2188453297186146
0.0619809430676291,-0.2851630414263217
-0.0797837017019623,-0.5962208265067009
-0.2314613187333709,-0.3506882496045216
-0.1076880360731697,-0.1852079049815844
-0.2448998137125278,0.121433404255441
0.1322809326293787,-0.0432297909400181
-0.2377519589097245,0.2040210609535711
-0.121912328494391,-0.3272713891831716
0.1557973150066337,0.4661609241711038
-0.1485416367382333,-0.1031450335162093
-0.0118625673980903,-0.1550503597828426
-0.056835230091091,-0.0964124514664141
0.1372929332873207,0.0619359482893929
0.0266588377361501,-0.1553363557463037
0.3432646364030197,-0.2173713254996802
0.4721876990558349,0.0122301436047585
-0.1511565379046987,-0.0201922393656538
0.395912878502925,0.0124175106898771
0.3743264146746373,0.2167606146243224
-0.1170375178368518,0.2546390256519497
-0.5068644595123976,-0.198154646622265
-0.067134112096254,-0.0980745314364851
-0.2198867197833047,0.002100514931964
-0.2359500881610551,-0.4570891746871148
0.5281819464655874,-0.1937697564267897
-0.1719401540243783,0.3263167562415788
-0.1568770152846965,-0.3419928799855385
-0.137735917999596,0.3730288141143597
0.6058657906398074,0.5085030549367368
-0.1253136844443857,-0.0481597191135072
0.2475022164708969,-0.1191765388396682
0.1320579970229227,0.299443808308989
-0.0516043522881788,0.4742362062715307
-0.2464465831279645,-0.2222083041310152
0.1701922044151381,-0.0560061636989819
0.1803658683172467,0.250703527337465
0.0727356428208114,-0.1508779834235559
0.0233986126295553,0.0396907304343768
0.0443833871754394,0.1599990728859412
0.0708361076851468,0.317709147840274
-0.2545078936386397,-0.1720228726570201
0.3764353671593062,-0.1600991023054807
0.0969054409072091,-0.0998145044400447
-0.2536904364620747,0.0800304561878813
-0.0864955384844257,0.1426812391394159
-0.0553281463109705,-0.0352809312478732
-0.5451311977409243,-0.1521536327265393
0.5208521299158124,-0.0599881189447854
0.3739354405435858,0.2868603730017731
-0.1847395989344917,0.0645092329896041
-0.0565632966310753,-0.2370738748564506
0.024033532931955,0.2923318864949144
0.0501943599665164,0.3279888987757777
0.0794395555650263,-0.1182677153686641
-0.1221361317970036,-0.0809084695643214
0.5596726560914452,0.0368026455838628
-0.0553571556411705,-0.3022356684227147
-0.1020505774617021,-0.0151073660811168
-0.0531123095255907,0.357542342191558
0.1064266097934981,0.1518955873114586
0.003913374866142,0.0374126399326177
0.1817956444941705,0.2637786194868868
-0.1101500061498303,-0.0471529832077613
0.2877604554152508,0.0132206232447787
0.0394846710113283,0.3182726468728615
-0.4106832628821562,-0.3830483511697249
-0.3552891050306631,-0.0200901265542245
0.132795866250461,0.3201351655601319
-0.0069296980682592,0.1263155638514849
0.3325985731794307,0.1692012099500645
-0.0946276920666624,0.0089523447230126
-0.3257066700100303,0.1313587221674164
0.1069836338071475,-0.0910570724730613
-0.4448155442084719,-0.1641370621842154
-0.3444949017077195,0.0093484211778908
0.092934691013125,0.1169410199366697
0.2370379662793839,0.1221520172730638
0.2363494183873417,-0.2036403900131969
0.1009222074518354,0.3663584772955918
0.0460844227225888,-0.0478711733826818
-0.3191006261984345,-0.0785926410444645
0.0312663881357037,-0.3159780903496157
0.08634147790358,0.1179486936400825
-0.1018519901125234,0.0440965725497666
0.0637271667651314,0.0219009177780256
0.0102034608247393,-0.4000792903052258
-0.1262933486753816,0.1856582202362906
0.2160170788697723,-0.1094745329634651
0.1517729056066398,0.3191854188364979
0.0557889676530212,-0.0182210572373688
0.027930612822786,0.4812187425932618
-0.1806410218177661,-0.0462689441369299
0.4068416199079305,0.4066111279296426
-0.5399663777325843,-0.0103640926867314
0.2314379634454575,-0.0289416207783614
0.4425586680716342,-0.1788221708396137
0.0317035176995907,-0.0150763672351777
0.0621603698150107,0.0779773589679217
0.0969182682015267,-0.265172780453079
-0.1276964931996323,0.3227003040575521
0.2711235674797322,0.0249864331655539
0.0306395010435669,0.0310051963827348
0.1821420949988754,0.1222172076171871
-0.0600284729223438,-0.2257904814414919
-0.0933735809623881,-0.1890115690662748
-0.260859029699487,0.0112760385320082
0.2383318837965473,0.0299887112477933
0.0753565874200755,-0.1504036485206964
-0.0070372556204914,0.1062061052008586
-0.232683325238608,0.2210579574495622
0.2366511130606313,0.0208928079156117
0.0749288836019528,0.2684552358146708
0.1681097232434469,-0.2153151133130326
-0.040375738295955,0.3521516159772935
-0.1692218816066553,-0.1141041419155958
0.1213204782725158,0.6180321153033753
-0.2314409404206397,0.0155989208069268
0.0400506155068662,0.2926928865780198
0.0184980817637544,-0.1979770184897825
0.5661249941481783,0.0543242369855211
-0.2018132596474328,-0.1736787998879869
-0.2796001457869403,-0.2778638131442798
0.0814619945725748,0.2360099618233311
0.3653170595083441,0.0823813745435722
0.15533122778465,0.1431115154325496
0.434048153923004,-0.2030574064397034
0.2487965742842336,0.0012977724620384
-0.0690612251866404,0.0964928712096205
-0.1081601375701614,-0.6210380083568708
-0.0504001639976569,-0.2159167220882172
0.0907792335703244,0.2456041226566257
0.094834434431717,0.2312881262459423
0.234841223522444,-0.3127781889284838
-0.0668491957887522,0.3039916817264105
0.1183561068953925,-0.2350374102710431
0.0499622338648882,0.4784813244322548
-0.015109675921736,-0.5331722433024378
-0.1333833527829691,0.1697300874295401
0.1258404321457891,-0.1716953296946237
-0.5071669406670968,-0.1576357609627713
0.1862872451067604,0.4773587462107315
0.2402652103998066,-0.0701574405880226
-0.1877292731662155,-0.5003694762543063
-0.1087780837780344,-0.0872333936532924
-0.1725025379749308,0.0783555055106077
0.0413189923424325,-0.0571668604807517
0.0489794352704815,0.4448544163168715
-0.031568169080739,0.1159988746369508
0.1543906462636842,0.0224004853792787
0.0362130742909884,0.0058302739534118
-0.4417374146700036,-0.428326284852877
0.0752407531166863,0.179695589725224
-0.3197256297804378,0.2424021333853189
0.0553697660652954,0.4123141601697154
0.0030857416119447,0.3531061855804066
-0.1424366000453698,0.4554918677315497
-0.2131254245834456,0.608734423569987
-0.1537436443585278,-0.3530151290178772
-0.1905971564074056,-0.3368528635243953
-0.4641611538047685,0.027384869960161
-0.1384390259894638,-0.1508153409728475
-0.4811741555766354,-0.0690664264189248
0.1572102702476523,0.5827231510818305
-0.2509715095097711,-0.1966228836930322
0.0666642637542804,0.09243512143008
-0.0496039513437738,-0.1561395006513492
-0.6791222639915165,-0.2031667154489913
-0.0216761720883133,-0.1589217406876327
-0.1770502925050988,-0.5878761458156871
-0.4734576115958173,0.4746385836379235
0.2398959372672402,0.1371966387548471
0.3156033413981807,-0.0249452803687069
0.2884365865043287,-0.2303840081186798
-0.0681704747816491,-0.0016302922264654
-0.1140000533618001,0.5019916161724838
-0.5233693827971575,-0.2424790017406919
-0.0136832613431824,0.204636918734834
0.3581259075304626,0.2212614418808709
-0.1519563761202874,0.2431928703827444
0.3393874656651502,0.3224726304352643
0.0394484095783553,0.0074763829199473
0.281356253872588,-0.1278934977007493
-0.1393010234554181,-0.0775679144146536
0.3499593700407009,0.1316490516071514
-0.0986758681401935,0.0779669191294785
-0.1666133778636054,-0.1588515478651274
0.1793652770577038,-0.3055098260047699
-0.1314315340368811,0.1163460226308294
-0.2184496437557281,-0.0668054803497369
-0.1431594028771548,-0.1348809963272323
-0.0377617161021582,0.1287090623542788
0.2410734361592968,0.3733517969611585
0.3323651706041933,0.0508076326192262
0.2045641043780489,0.1581822434515954
-0.2150149751428922,-0.2510928213302072
0.2228017836088596,0.3549113511871317
0.0033272622451835,0.1172817429075486
0.4248408714311158,0.5214859542975826
0.026783129173113,-0.2358129243692786
-0.2269919740591307,-0.5070526204564154
0.0877675364106348,0.2307306237162346
-0.0865374900344445,-0.4779856679961143
-0.0477172919960991,0.0753640234753788
0.2861563614532554,-0.044922754352123
0.5299178081761157,0.03633983894899
-0.1557248671613962,0.1383160242464107
-0.1890353213269746,-0.0997386708541392
-0.0652572970828726,-0.6428995337664655
-0.4987957031773431,-0.0804668940354115
-0.3227319426305014,-0.2937415557755877
0.3870885824705385,0.404812707361871
-0.1729421335229042,-0.0085937157819668
-0.0418636840877028,-0.3705612430476073
-0.1730465125295054,0.0865144076978438
0.2622821883486878,0.118575540509818
-0.1090089093921442,0.004536707925321
0.396674803093835,-0.2343326800671711
-0.0012370762107584,-0.3261205309571529
0.1709802429660605,-0.0651712209354537
-0.2367253820331025,-0.5396497553030838
-0.0932407974672032,-0.055329103938597
-0.3027208968944009,-0.3079691356333208
0.1461008076728679,-0.0471624276161928
0.1580529416402701,-0.2845369242955942
0.6646792360157833,0.3558248978458373
0.1244710685794862,-0.1190950557186018
0.0743925088435082,0.063038307874391
-0.6568617964579933,0.0585737522252936
-0.2273684699736951,0.6020492896628153
0.0146358914634555,-0.3626293059140339
0.0694261287220271,-0.0603006038126134
-0.2840313254928146,0.4181381296706486
0.0252050556159927,0.2178683619528852
0.1009722588640559,-0.1978161365657616
-0.0330419801529604,0.087903257597064
-0.132075331587889,0.6343774626461992
0.297689127694467,-0.0655396687909802
0.112514726897841,-0.2351784074735728
0.0755184245929895,-0.0164766878184951
0.1247691672287416,0.0360822362836364
-0.143586992766845,-0.0561112326267732
-0.7074677539323455,-0.1928801628095502
-0.0007420215895145,0.2569283635387171
-0.0098639365400383,-0.1549898857760847
-0.1321829541947947,-0.2993467868451024
0.2007402985398205,0.2529471735191532
-0.2161342733736189,-0.2220559196936411
0.0676936958010875,-0.3359284108563473
-0.3434323422442945,-0.0187778012262974
0.2875189551065039,-0.504050571122072
-0.1887672006447184,-0.0147565909118208
-0.0930832592893496,-0.3330556856003144
0.3386177949585393,0.0858322934964393
0.2134359852493774,-0.221161226967891
-0.3791648445518103,-0.0553814343078481
0.3135518832723443,0.0427278969919349
0.0989079240958213,-0.1794993159800285
0.0717634309864587,-0.454789954003869
-0.044722464132171,-0.1159560186164436
0.038274189556015,0.1255016011899151
0.0553084750339477,-0.4355776967565636
0.0638730949477572,0.11861938091864
0.1778856038278077,0.6969354261980167
0.1974806016569217,-0.1826014614638364
0.284134103924469,0.119475124563743
-0.0144195424922646,-0.3159666134935256
0.2184365108420086,0.121003964647526
0.3673070491095448,0.064598168046948
-0.5123354980451662,-0.3051636774882502
0.3065672576207232,0.1988414767673146
0.2104373242669297,0.0878069773065959
-0.0869229996166567,0.0373514215610035
0.223309482550532,0.291759786819166
-0.1641542811645159,0.0995930844257412
0.2516966932421181,-0.4374439015449669
-0.1867685412506235,-0.3887702540651709
0.0245898296563925,-0.2185011826433941
0.0896730963324655,-0.1232683141518813
-0.2108246709750598,-0.1035883827288554
-0.3542008461096797,-0.4522510871472589
0.1730710091208813,0.0664633083952769
-0.1116026464652537,0.0042975263078395
-0.155975021038604,-0.3336250855515201
0.3176086240055921,-0.090801778879477
-0.003121420615306,-0.1671159858236989
0.3383308039683052,-0.0837532706863377
-0.2017455306908782,-0.1471989756761516
0.284795742396592,-0.0685056286299191
0.0918396506661645,0.2604793204697165
-0.0639051703103325,-0.0478212795516475
-0.0008479872150068,-0.223208148483952
0.224133385632391,-0.2668862968753141
-0.0870793643134987,0.1957079189207503
-0.3683209800299673,-0.3217584390354462
-0.2058404284608498,0.1673330028767683
0.2930632796698112,-0.141069438103477
0.4123686093974457,0.0841216406268361
0.0460292967318722,0.2273768452782587
-0.4031515526947259,0.0132263081985589
-0.0926801072374783,-0.1848891504784381
0.1837317672054621,-0.0203246755224421
-0.1350794722546099,-0.0192802810835414
-0.1949397818045697,-0.2727383003630178
-0.0494439291061817,0.0040015535152349
0.2604808217532458,0.4468097036556966
-0.1894325069108355,-0.202775409681759
0.3007663547628291,0.0983513327491786
-0.1626957104112587,-0.0364424721985542
-0.0345118781298789,0.3878202702372805
-0.1838041957395821,0.2673149369982127
-0.2574466953138029,-0.1281336759911029
-0.064764508571358,0.1991745253997462
-0.2580449655477101,-0.2479272785236751
0.3954516862076024,0.2051578979750789
0.3380513661919156,0.1405443368629017
0.1784417285812565,-0.3279524413894404
0.266032909092615,0.2107106060239683
-0.2019479033407634,-0.1163420492871371
-0.0319489152193546,-0.1635927258293036
-0.2794303301315464,-0.26155187708057
-0.2719199160167682,0.2092953615575378
0.2950072274905157,0.1822305280328266
-0.0895130475855381,-0.0491353351305678
0.383014060397197,-0.2045021305431975
0.0328845922420046,0.121549744580496
0.1854623229349402,0.0182240935894356
0.8840037130758183,0.5187372679744555
0.177002538857076,0.436397452005418
0.2248624012753693,0.3215171562474913
-0.1759349468694409,-0.0214587262623105
0.0200560723423154,0.0527200099853637
0.6099321603582574,-0.1639208663619263
-0.1006713881509361,-0.1831576124431012
0.221565711788966,0.1976360282917472
0.2846830903699947,-0.3577178995237774
0.4845541815471906,0.621331629958742
0.5771863949647225,0.5905623947322418
-0.1331717509842555,0.0661785094354906
0.2485094332024869,0.150303802907289
-0.0501854789748197,0.4503577906893605
-0.1150915402021192,-0.3114613554246314
0.0975105693265715,0.3090747453637584
-0.3294746027828467,-0.1466612751427208
0.2462197211056881,0.2037392419408598
0.337387813427552,0.3413045732820826
-0.1794421313654174,0.4259438179471609
0.5074414057337076,0.5046170521055982
-0.1035290217593673,0.1130900130276646
-0.0368279271380217,0.5279786621276278
0.379185827844396,-0.0779064147220986
-0.2216886955475633,-0.1311639804483364
-0.0064573783534874,0.1493679386150453
-0.1140702598575397,0.1577037929108727
0.1208532546569211,0.1211772659331731
-0.4477261527334488,-0.4677475611105203
-0.247452101021027,-0.3673342009052355
-0.0843152432663297,-0.1243282226125063
-0.5620400795723505,0.0598329601876055
0.0862562857984241,0.2384643951052226
-0.3838595595272749,-0.0681694742671587
0.2009848303216549,0.0005686027596836
0.024077491526694,0.4885206399305157
0.0483112795497257,0.0271553077314402
-0.31324423443013,-0.0901346182521389
-0.3884375546208449,0.1620918750578498
-0.2479363162295027,0.1466491010946874
0.2155850970461051,-0.2057899956678913
0.0950192666649841,-0.4844604670784745
-0.349191102129719,-0.1058378452254702
0.3659449541101383,-0.0680564424879108
-0.2790574789685699,0.0407057378945135
-0.284845058227701,0.0668115235863456
0.0288742277010136,0.4379358047382659
0.3218180215228808,-0.1667803738061104
-0.0757960267534603,-0.0874960640989412
0.1353158085613869,0.0108256139556044
-0.172570066067087,0.2101047676548058
0.1783097575207061,0.1113418787498877
-0.0625160634214953,-0.3659104793896697
0.1366938252057122,-0.0624920762986188
0.6254347810691115,-0.1849645291810792
-0.4857952509657562,0.2578474415486078
-0.2241744996771575,-0.0389740251944004
-0.1607428988749736,-0.2260467308027909
0.1724639218607831,0.2384508884605
-0.3500513253245429,0.3491369898084793
0.0386829834487583,0.5416570529353292
-0.3091491442049717,0.0517508265419209
-0.3188230687903924,0.019990837420048
0.2590788710718148,0.3203887896970182
0.3169272947290541,0.0848899454909639
0.0041515812881495,0.1675759370436824
-0.1394885426445262,-0.1340983036608075
0.0138659941568441,-0.0764874630995498
0.4633618573309448,0.23973519832168
0.0198246523049628,0.2734922287108426
-0.016351137369357,0.2814537472115289
0.2506050424726518,0.0525184078566196
-0.2348235302164129,0.102084070204102
0.0616382338296159,0.0220334450567286
-0.1790401331558754,-0.0112864120418945
0.6421504546604123,0.4202192058216126
0.1358882567976965,0.4377591278245596
0.0454839509710089,-0.3065017134417219
0.1998803540810364,0.3876689490727567
-0.4638816166193852,-0.2216808928252743
-0.1144372274184978,-0.1561055917815255
-0.0531099657577346,0.0971817949511952
0.1352949031208674,0.171142752560145
0.0724895457751527,0.0657258769697027
-0.0149021518748068,-0.1758873386730499
-0.0423236867147418,-0.1301637724168075
0.2690311904828256,0.4046888630539983
-0.0671637944837024,0.0910472092228246
-0.0759472112702495,0.1445331359294204
0.0833387288949638,-0.1667961876185335
0.1084550856652262,-0.1191282992214123
0.507076555476943,0.586011900572035
0.028765850140894,0.0359861182288545
0.0108977571607831,0.0962131340765621
-0.1744859645504715,-0.3747214445053995
-0.0893734627233648,-0.3002139998110021
0.1144471373637172,0.1201922564787305
-0.5076811336458246,-0.4979047396059687
-0.1455285350584257,-0.2548563647201008
0.2355696653007881,-0.0217905548965507
-0.104268057585492,0.1171313296788023
-0.0708760048897515,-0.1295647469674443
-0.1535233085514541,0.161621394787882
-0.5128947211305351,-0.7465164312840481
-0.1534684806392388,0.5314072357255725
0.3398150730528584,0.170283275828036
-0.267608491102184,0.1016733777579214
-0.1444742896777244,0.3476492276602241
0.0514469877272506,0.1723929883519356
-0.0631305060014175,0.182571362354257
0.0599883486809595,0.1368499972438432
0.5759299573605106,0.3132611823473127
0.0266113818579813,-0.0086235289469729
0.536817033326702,0.1645134888481502
-0.2284545048203964,0.2562109681147801
0.4042782119840349,0.7839037616572866
0.0830733693321187,-0.0393168417014208
-0.4326174597702837,-0.1169439869299743
0.1181657334995918,0.0649626810338205
0.1217238551768737,0.1161937823931728
-0.0017071403624664,-0.1526820857394306
-0.2968330237212912,-0.3168771253506727
-0.1568051661153852,0.1384667142155546
0.406274028207852,-0.0940000080828067
-0.1516475858695457,-0.5109811029314308
0.1596912101638446,-0.1543449892681435
0.0471437776454766,-0.0582996792701061
0.1155959526266391,0.2227532366983918
0.0746098209467725,-0.1443885482786424
-0.0332542175931003,0.2880965087384621
0.0998474289201463,0.2409333141562626
0.0503756335460272,0.1505168499310601
-0.272719823522524,-0.487769983803223
0.1581399973067869,-0.0656774224379261
0.2149860971372517,-0.2619938536762548
0.1025336904228705,-0.0060673529833794
0.5077806532986714,0.2163595323386579
0.0440822301992278,-0.0095967513385959
0.1968531202318091,-0.0611134832504628
-0.205957854567617,-0.2541374719750804
-0.2944709092637396,0.3185832589731034
0.2435689405394087,-0.1776662338027102
0.0856195580345339,0.2460422287893635
0.4718506317958477,0.0590593499424995
-0.2188242708120371,-0.1632147882401285
0.1752594760106341,0.1550479050008189
-0.3236113923833606,0.2236145614517565
-0.0124666231974947,-0.1699038466282505
-0.1495711156534015,-0.005533063902918
-0.3389562505143885,-0.1809203203220293
0.1697622720791954,-0.4349036322106236
-0.4451651728588121,0.2890501697396833
-0.0383626975129879,-0.0454766239951859
-0.1759747630313233,-0.1370216086508371
0.3817174193933557,0.0201987415795683
0.3166766651058803,0.3164934655828442
-0.0032830494303947,-0.0635623115504766
-0.0836056060055711,0.1481088193943008
-0.6955170278953097,-0.0466626401933032
0.0871259530988052,-0.0125811063323789
0.0167661377187203,0.0529810842497046
0.0350160508491794,-0.1290238017394351
-0.0706052030653972,0.0744485988824791
-0.1133030021902221,-0.4162546530237075
0.3368746730853185,-0.023895111056974
-0.2917116917497789,0.1099527488781205
-0.489545955320076,-0.4548318094238683
-0.0788499893289083,0.2191899410472857
-0.124010005252174,0.0891845229811535
0.0746082825345871,0.0810837277314762
0.5569344004628252,0.0508580774223127
-0.4214360489166787,-0.3930405388689013
0.1241903942994564,-0.4207180514764677
0.2208391088145628,-0.2172870991829524
0.3788221932981434,0.5025567493244284
-0.2359817026691315,-0.0696864011416212
0.4212894069961783,-0.0169434614693755
-0.127702884260237,-0.2048495449791361
-0.0752042980384843,-0.055281030013766
-0.0081735506542726,0.2027497322085734
-0.5560782492201815,-0.0109791650340625
0.2144392603334852,-0.0618169414753366
0.0109771491916921,0.2236836928926945
-0.2086378838623577,0.2280118214745533
-0.0503959882522493,-0.1938762865947452
-0.5746685923230652,0.0462144604328225
-0.2507174547666333,-0.1056920168225568
0.3749839053892994,0.3324544495305715
0.4203234508037739,0.1748940624329275
-0.0241096535241638,-0.3700036261424274
0.4184368092086873,0.0732677541070347
0.2836528740405128,-0.0812552755971056
-0.1827946504117755,0.1388753310634601
0.2234079920117717,-0.0115895020716223
-0.1373541264394061,0.4149660253141299
0.0167660354137001,0.2430305953766026
0.2322267112097816,-0.1696212312389282
0.161386188922171,0.1579559101560126
-0.0554322124554896,-0.1278410476217947
-0.2759782031141771,0.1793148267386955
0.0109285469553001,0.3124909905597298
0.1563649792882112,0.0636523438455508
-0.305065816952249,-0.0225749954195245
-0.3213420596843316,-0.0625225306939389
-0.331441579907496,-0.2998657882759829
0.0194689033600151,-0.1161951541347959
0.4328331886716605,-0.3355471778908081
0.031189170327644,-0.1625352500238727
-0.0151139007779451,-0.2097300768278701
-0.1157692214353146,0.0938704300414246
-0.1939936676879783,-0.035476002968927
-0.1318714193297395,0.0715292274801117
0.2412964902151371,0.2675096296166399
0.1594810624816895,0.2514773044591141
-0.036538340926161,0.0725692881073309
-0.2142698202252209,-0.2064542570191815
-0.1331589444442807,0.0769295057318058
-0.2703686307487117,-0.0734831564780314
0.017981474037698,-0.1040581411662072
0.4509259231071761,0.1560976769975811
0.2284412910181862,0.2585332907785153
0.3459435236352056,0.2184526122044746
-0.103042224855808,-0.2037641102952072
0.1865100118911532,0.0410022241842178
-0.2899539119672945,-0.2745531642622061
-0.1606261143763026,-0.3877737409161
-0.137253034823825,0.1081995469688591
-0.5328264302793374,0.0682167671696616
0.1314838069672314,0.1233397850954004
-0.1045882813352653,-0.3743918487702877
-0.4527457122266406,-0.0553972406917154
0.111815238545295,0.2219432181326895
0.3594415532890961,-0.1415757640656657
-0.0422880279678961,-0.2287169855521894
-0.1931726826135835,-0.1227644790519571
-0.2164366694524531,0.0145438295932799
0.0326662223349041,0.1088681516926787
0.2814645671240997,0.3330968736608006
-0.1179688694959335,-0.0037173108406223
-0.1537055059834395,-0.0996046346022506
-0.1587558108280725,-0.2549681414395908
-0.1660472520099226,-0.1487505697959279
0.0875070719599969,0.4751240148779168
0.0780182180398464,-0.1996744111302472
0.7536974674995432,-0.1177852776570256
0.0370508938806797,-0.1120092557289589
-0.0482626564555722,0.0192155304131689
-0.1724539268882747,-0.3536200242133984
-0.0919238756224916,-0.471567518259578
-0.1520249680102212,-0.1614727615930426
0.2747255054619608,-0.116052117064991
0.191542136166225,0.5410061634623898
-0.1526109624055253,0.1256735487211716
0.2171168805392509,-0.0964513986962669
0.2961936364876427,0.1140042981195776
0.3094920922964195,0.3237865599971475
0.2984019241466019,0.1190422646157995
-0.5948805956021707,-0.0726632210893408
0.2704924295155084,0.1441493918758595
0.1240489133530306,0.0638576220017251
-0.1293545565968369,0.0426039764019759
0.575293925836279,0.0425276704021317
-0.4635496500475243,-0.0525460888321172
-0.2426390269527826,-0.2921259464160647
-0.1483757915903073,0.3775793791024417
-0.2619160449429685,-0.0367854494230941
0.1593264858094258,0.1157325616645996
0.1376916817825463,-0.2438400030327275
0.0011624872214573,-0.2540248928642034
0.5136447410865069,0.0361633885626519
-0.1418732282705561,-0.0224741945391576
0.5463875920044754,0.0475732542268911
-0.656766306574057,0.1171801356741929
-0.0050163515000044,0.2013454532186971
0.2463105850281808,-0.0132244354893629
0.1700996849683438,0.6143336765332876
-0.2231688169401418,-0.1623768074022375
-0.1342957700661487,0.0917366669320283
-0.1524249603919604,-0.3205583887328085
0.0157729615385904,-0.1139780409491168
0.3723182791091162,-0.2772093503949137
-0.1468916155897785,-0.1460363891328814
0.1975517188139973,-0.0499166940457947
-0.2203483813656762,0.0479245892455794
0.2205985930371156,-0.1001960256109383
-0.2419928033961718,-0.2302419159572081
0.3511928229874823,-0.0846115918787066
-0.3825852481466661,-0.1374099231753849
0.1320272679303261,0.2886073197723539
0.1652255391719335,0.5442852667291066
0.26834539979322,-0.1047059824094922
-0.1574175698084634,-0.5560303909759904
-0.1336589782934757,0.1053846488331423
0.3891011185285764,0.2483518973853901
0.2068046469278157,0.6198954268882814
0.1191856853475144,0.1313435858337556
0.0302866134560648,0.1941008992594578
-0.1364679090090754,0.2264657160766345
0.0550758736022565,0.142330310230272
-0.1437004650157784,-0.1757905219154763
-0.0319576159936332,0.3206223233852651
-0.0726803074736741,-0.2494516180869025
-0.0490776256211851,0.3169297867915554
-0.2860068849342292,-0.2242739433435852
-0.0315190497173475,-0.0686421790120621
-0.0047056933086232,0.0669905552218015
-0.1963749195804479,-0.3406567793424466
-0.1563979635136924,-0.101885567555143
0.2291567289970981,0.1987337345303775
-0.4676698364058114,-0.2469229948142353
0.2990272707137465,-0.0916645089114238
0.0603592814087369,0.0417468747849219
-0.1480762793409275,-0.427246215597799
0.0304082852862657,0.3328904372705876
-0.2432980803313035,0.0410804719468831
0.3194052149113353,0.0459523955651416
-0.0134578814653953,0.0782535266734646
-0.1358684554073982,0.2242537941923295
-0.2552313664836254,0.2645133972975582
-0.1155136800066406,-0.0974273423192472
-0.5579173838477722,0.0173558650654881
0.3959973626005668,0.5679764012858145
-0.2342583598342026,-0.2238436669813601
0.0740375780957653,0.2018252889860286
0.1292573217584707,-0.1176359994423637
-0.7034278684339895,-0.0351454769242436
-0.5908959749444728,-0.1288685092877257
-0.1404589315592972,-0.4961988002006929
-0.388099070685423,-0.044119430167217
0.186758480993787,-0.0229695643957837
0.4216381038462423,-0.0337832451130589
0.3405375438527608,0.1234799316834849
-0.1234434985681952,0.0367962908371319
0.0327220591267149,-0.0811770215122158
-0.1615492107335683,-0.2611770440663427
-0.1981033854005046,0.0506451079080158
0.4799728946346748,-0.126271793631434
-0.2494840843095325,-0.3913512010808285
0.074662696690982,-0.1413153569112989
-0.6173356562563993,-0.6663476050844294
0.176889295523165,-0.0942023738043698
-0.1690346506363871,0.0658058793777674
0.2052613055571616,0.0290268277733424
-0.1873962374295056,0.179301419859058
0.2412607305308325,-0.2601643709944499
0.069118708028797,0.1006892824045804
-0.2758942439047896,-0.482566675146072
0.1984870480833657,-0.163897953059479
-0.1302737859446652,-0.157088828262859
0.2127788276506651,0.1494876105797065
0.0842970059202794,0.1238111866463272
0.0962159994080611,-0.2960263472748158
-0.0222356582890134,0.2305856387312347
0.2435741675566189,0.2787886636960174
0.1863102310206666,-0.0463475928705323
0.058738949985595,-0.2588843938456023
0.0944057308789185,-0.2538447785820688
-0.0157597611495083,-0.0842209853425155
0.1671509399438286,0.0742708217319594
-0.4170266104220367,0.1205240423445002
0.328733267174966,0.3261772214326565
-0.3389042311254786,0.2666460257241158
-0.0513597549065375,-0.3161578611265154
0.0141147856429208,-0.0647687215548346
0.003802293623451,0.1736499328221991
-0.085650097043911,0.1408829953122713
0.0363333956160212,0.0408468808389527
0.1128172237435764,0.2036891687164751
0.2757769583045955,0.4029056871433131
-0.1103355356334323,0.1957307426477948
-0.2764275409146549,0.0272447472927845
-0.1511144056657111,-0.0774598254528294
0.0370521641721937,-0.2663458255728503
0.0411201313703617,-0.1812043845214155
0.077971009071769,0.0566300279238882
-0.7183826489568965,-0.0880034734642299
-0.0870879724039663,-0.1288452431873516
-0.5100052226952262,-0.393828755273542
-0.0655967504134048,-0.0333215004568631
0.0658257296378545,0.3827274035409475
0.1382313675499675,0.4359610954977503
-0.044234864659135,0.1467215444297187
-0.0892777978968934,-0.3069442989787873
0.363447170713016,-0.0299901233817997
0.1431532551242332,0.0889618467025493
0.1931441945507785,0.2227252858530837
-0.2035732966494269,0.3530231570069189
-0.1422346882673916,0.0508406232944955
0.0972910384220572,-0.1587958649286276
0.2795021249299022,-0.0950295080138111
0.3546127638065355,0.4522916629824893
-0.0223652049824846,0.0986943580348024
0.1095111975713677,-0.3319543210687298
-0.1512258949933424,-0.0120381860675155
-0.146225778451484,0.235668733924753
0.0760221971063434,0.0534323164995318
0.1295440613116179,-0.0720660398712143
0.1017758680450319,-0.027805912698596
-0.3903840987738851,0.1316146548754044
-0.1100617654016749,-0.142697573977585
-0.2034312033630419,0.1609495016626707
0.0065539487144665,0.2612337639217668
0.6709707734167345,0.3034317993261702
-0.3800992057180483,0.2163510396215668
0.281205712858838,0.1511591881162126
0.1783548671501037,0.4927788556284631
-0.6216311042442292,0.395490136640178
-0.0049938238723086,0.0761906783902143
-0.0487704394723316,-0.8167784496515699
-0.2199208714331428,-0.1349032547115489
0.0921692099007579,0.2913696416137346
0.0607643482052614,0.1461782688055491
0.17856624884896,-0.1466602200962742
0.4376850474758954,0.0001874428148908
-0.215738076690679,0.3710124387738218
0.0648924612766184,-0.0649792350656105
0.1528319705561699,-0.0225424948416649
0.1236579749088184,0.3639469991248333
-0.0923906417996059,-0.258228412610259
0.1281998606896393,-0.0210184289950885
-0.3307699952576363,-0.2275637127610585
0.0329227440571735,0.0690057153712534
0.0663270077826737,-0.2284744536627755
0.037817105679741,0.029331534830328
-0.4302634520982097,-0.1481172761500811
-0.0274982780317206,0.3842986478604379
0.3218099099075342,0.3174737423395453
-0.3082273869020995,0.0505332394147479
-0.1236188686911416,-0.1790362060292074
0.5510027920414085,-0.4435508689857552
-0.0949546013904556,-0.2012711461755708
-0.0573820636688751,0.1732408887210665
-0.1673582575798586,0.1932750202112197
-0.0075887013966055,-0.0758690663402697
-0.182381422766983,0.2801085176126958
0.1253378665031118,0.0393500922025866
0.2677392913951832,0.1105892008690041
-0.7163401702240944,-0.5669358152867205
-0.1663174680425727,0.3427949301977518
-0.0666930544272689,-0.2922802528189198
-0.1521101986753141,-0.128145073011346
0.254170323773476,-0.0391796452762403
-0.4746534424504396,0.2471534599873403
0.1330044835753292,0.3979312047004651
0.1764946572044034,0.0667179728328746
0.6550896185746132,0.2545380507736737
-0.0979665673606959,-0.1493349033622093
-0.0488137112817071,-0.0421205201745379
0.1500374705847624,-0.3639261877048175
-0.3671582665415164,-0.0363206928558201
-0.2028688197768955,-0.0143728234614069
0.1189988701185775,0.0211427687698234
0.0614333805510346,0.374856124935859
-0.1555075600295044,0.440261498161133
0.0402481383096439,-0.2501433254733849
0.3196364924880777,-0.2008166242733249
-0.0100378131269582,0.3380365991295226
0.0821847082485238,0.4380606112531314
0.0142214081603382,-0.0901642127887643
0.3482444595089644,-0.2434079751630303
-0.3079451247477985,-0.07047232582167
-0.3842882349234821,0.0803989026660965
-0.2085623248261301,-0.1085197020031817
0.1108048049565467,-0.2980114732782139
-0.323224487176572,-0.5878248064233508
0.2222033069081515,0.0752338446713928
0.4989000427923403,0.10024306302374
-0.370106060524563,-0.0713455039517943
-0.1312162787869914,0.1266202884462956
-0.3002856927733199,-0.1468329909162328
0.0850100339482897,-0.2024017289063399
-0.1880863781213631,-0.3118155995013711
0.0196315240900002,0.0017301415207729
-0.1731039318613945,-0.2191711899648336
0.0597006855015477,-0.0436053084665364
-0.1761250269172722,-0.2760351181954804
-0.0398693880547768,0.1957654376481872
-0.2350814573456656,-0.100296411671913
0.3037790514477522,0.1554865186425853
-0.3189946072999016,-0.0444991111359012
-0.2133399005869398,-0.0517996295204173
-0.0265078513233682,0.0643722516196091
0.0517302319355688,0.3461061665436776
0.0850002747974699,0.028363825541632
0.0045232286430225,0.5346822746043572
0.0616765301496307,0.5245930946327396
0.269051280616263,-0.1127285535491226
-0.589286676503225,-0.0347169556362377
0.2919450181498386,-0.0644694669916324
0.257491936160325,-0.0341659234326739
0.1425881733045366,0.0732556468837385
-0.3235069230473378,-0.4920352987032737
-0.1993679277069863,-0.1881505641533847
0.0008117785571564,0.456881622206365
-0.2743674901116725,0.0229643054479246
-0.0424120800707478,0.290895806528794
-0.0630993089780213,-0.0821580887673183
0.336944320992093,-0.1101572739912339
0.1849785174337171,0.0375948587254501
0.1735362281440063,-0.1023920525622934
0.3979645473167358,0.1543407313832582
-0.0899898172244161,-0.0150994313062476
0.2322408063789076,0.1063795240239631
-0.049344770602897,-0.3339507514628411
0.1993461350985874,-0.1647885744929426
-0.1079204702717104,-0.1706334225064875
-0.3083461795074494,-0.036742608030332
0.5318697370523328,0.0386193605098906
0.1804407194363023,0.4346423440810232
0.3219988157030316,-0.0007907686754769
0.196340353848253,0.4841947566868732
-0.0162331407711448,-0.0076959684387309
-0.1465532569008528,-0.093906912214641
-0.1543915286235171,0.2018554552384645
0.0830918416017812,-0.0646882221418922
-0.2000142460076313,0.183192509759482
0.1244626670230059,0.0017865149881026
0.0588062713639033,-0.2688015857518281
0.0657377647574519,-0.0698034355772491
-0.3761269291522243,0.0879040129772341
0.1222988406217343,-0.3222796019502348
0.2684029570952762,-0.2082306441073415
0.0451883178725746,0.0717968623463856
0.2693980002178776,-0.0712901400650071
-0.1299894748730327,-0.145088216561741
-0.0935526521140431,-0.1045243476589835
0.372842762488148,0.4265597130627084
-0.0606554593005345,-0.194211453660664
-0.1530424646996721,0.4737460779177436
0.0719475157361296,-0.0601879516294493
0.0581906334983342,-0.3223742950634488
-0.3531787821854651,0.1249732878882216
0.1806974303636978,-0.0935354928736693
0.2144763782991546,0.04873944602198
0.0317938423938963,-0.1172791197293787
-0.0309216829866968,0.2888642925459567
0.2224104589664541,0.335957235400008
0.0333719161058025,-0.2143775183653433
0.0750452226626992,-0.0472844468214536
0.0268297511986499,0.3125056765698255
-0.176960620293119,-0.2641562255791116
0.2518272919194488,-0.1348103329988396
-0.0060625865539756,0.1212133783024254
0.0803194964722946,0.3444526121848876
0.0094453410647153,-0.1933517188489708
-0.0307844556651322,0.1662501410505073
0.4337491651957498,-0.3036636900808209
-0.2294753194188051,0.1253746675435927
-0.2158212520247451,-0.3012494172665099
0.172204663620404,-0.1876284649893558
-0.6071305191541646,-0.1674301436019952
0.0351940860516009,0.1413108201821725
-0.0987660774112229,-0.1589110843719518
-0.1540173193838387,-0.0649512884888304
0.104186657022587,-0.0865820549564293
0.1292618005002581,-0.1971840580448179
0.2250487986060695,0.1452542294369303
0.4893095308602469,0.5214155997046722
0.2414225820552893,-0.052474500500398
-0.0178727513523724,-0.0377470737986471
0.3465824574717039,0.0708694015223737
-0.1534771187033758,0.4370062212137593
0.0009109134029733,-0.2102373638063529
0.1353521088085287,-0.4611687284198683
-0.0433725238484495,-0.1982876851028569
0.0999324105988541,0.4049428892306324
0.0255688323772706,-0.1821693038057291
0.0821151104616969,0.31772972105137
-0.2858111844679024,-0.1669708677941401
0.068777444961975,0.2020614986241175
-0.3000216805620529,0.0796440268363868
0.1418204472610612,-0.4362334513302213
0.3087849052653913,0.1375839807160945
-0.0852189691998573,-0.4882153131894057
0.0136165931391828,-0.2738554775157235
0.0865653342994897,0.0423488482674126
0.2829542036206227,-0.4622678385858521
0.1027298742664411,0.4967080204480175
-0.0847546763241868,0.3010150068629989
0.4750754565367805,0.351626777264105
0.1217670010759007,0.0296132493774937
0.4749346050835794,-0.076496316589479
-0.1043030132083432,-0.442848993177765
0.2473091290590875,0.1134477386175708
-0.1033713788194758,0.1283020880008765
0.1896623697262064,0.1035158078007319
-0.0031484530945037,-0.2379414726816286
0.0381747289475635,-0.2000736470416111
0.1835385592155894,0.0357557615127627
0.2146742322457668,-0.1211725763741398
-0.1735019886471566,-0.1306740529298826
0.0112517831760807,0.2546874127315382
-0.0321993437080104,0.0651176051267781
0.2429215746595498,0.0933172962679355
-0.20277171535188,-0.1583203365663123
0.2503712598936699,0.1181709560120893
0.0036079672919096,0.1869664242110439
-0.2921823855980745,-0.0074762974728003
-0.2556253260280027,0.2093946965583408
0.2477294876305225,-0.2446222741703345
0.0831256993149246,-0.0485727341694533
0.0203644931279608,0.1631970543058081
0.1965247238836006,-0.4753455692967049
0.356181886394296,0.0686528657323581
-0.0581773999449945,-0.1859129316729658
0.0993930744181169,-0.3161452551555229
0.1726703661301042,0.2203889751652024
-0.1383712519428258,0.0222313360958953
-0.3583520082916059,-0.2090046898959925
0.3029798029343607,0.172264362490501
0.0398010077547679,-0.4864177737008771
-0.0690599498191621,-0.1121096777343973
-0.2495618225219077,-0.0857330050038446
0.2312398680830331,0.1095216024970581
-0.0905217960957068,-0.6495422479107414
0.0305282092529172,-0.1121127446556927
-0.1335294241476819,0.015098730183459
0.3793043366536266,0.0181719466660592
-0.1312038336973015,0.1084314029819409
1.1374694913686653e-05,0.1860802840813667
-0.3324156147323582,0.2316840637731954
-0.2754203658509536,-0.1346634680013068
0.0733173985876718,-0.1306891433798072
-0.0957042759312201,0.0791810813143374
0.5179921117393076,0.505425310605536
0.2961217044381766,0.4291503344806652
-0.1309352216668499,0.1515315556845966
-0.2772235689314924,-0.1783983212487187
0.154526525181328,-0.0883895258931719
-0.1843198601268875,0.2498655103916674
-0.1176781760411011,-0.3175256437200345
-0.3252803824138071,-0.0004008743243321
-0.1381008330542965,-0.0960786833252722
0.4078015848813919,0.5063526824547253
0.0905934286559734,0.0421876295412606
0.0188047792452125,-0.1559685006078688
-0.0818570742779556,-0.2513733829202171
0.4459810025412061,0.2698486217280636
0.0628330288258875,-0.1338728439189102
-0.0998926589418185,-0.2029069939728113
-0.1116968319792418,-0.1697790348369126
-0.0206982187475465,0.0325677541174403
0.1082966979093696,0.1042626111898472
-0.0810289458446206,-0.2527061334132739
0.1330360402050601,-0.2522676313300696
-0.1744448742733372,-0.0044170197213255
0.1967295128509727,-0.3370208839679553
-0.0148896045618433,0.5071225783053737
-0.3887285468220648,-0.2775557061293816
0.1791404999282576,-0.098177835847239
-0.1899735521131889,-0.0312573484984459
-0.0359235545099151,0.4255812956373493
-0.144752020408521,0.2584196939485778
0.1048650485167278,-0.0368517974041694
-0.2397608302739204,-0.1486958952253851
0.1049185519139008,0.123158085424747
-0.1941588187228225,-0.2435686682247667
0.1819821562397469,0.1625661241694931
-0.6006509658196164,0.1664886698929245
0.2085444568050119,-0.0354625883390757
0.108469299215305,0.4800056476183266
0.2572848264186998,0.1487477703919094
0.2075271874049948,-0.3629330652020987
0.2575913156294384,0.3159890320986231
0.0466610582105175,0.0108605798723015
-0.0210180711049118,0.5170474074784553
-0.0011814920235948,-0.0699054871067296
0.0143816421622914,0.3022135501673743
-0.076889755757971,-0.6846825032610702
0.0794904921003539,0.3562712747078906
-0.4446071069102609,-0.3865239985894259
-0.0826802803391616,-0.3625098531020385
-0.2814826041771954,-0.3856829512084779
-0.3709967152927503,0.213281207856427
-0.214035675082657,-0.0807419419587135
0.2532905335173401,0.1902092236095598
0.0970090411405998,0.2885735387041503
-0.2728423761625199,0.0313424580119274
-0.1966745661752874,-0.1023639727521982
-0.1728468124222665,-0.1689323748079133
-0.0763628356382711,-0.1684129204136658
-0.0311536748482653,0.0336259806780187
-0.2186134071862775,0.2097285499909876
0.2286452929506746,0.249945309771365
-0.0148648127376849,-0.1983735502564929
-0.2655921687474891,-0.2126399589893751
-0.0677231052564151,0.0448553721791463
-0.2870029096172253,0.036249113083533
0.3689618948115993,-0.1341030945785462
0.4676637440107778,0.2383539259387712
-0.245650934527296,0.0119941116797943
0.5403165762401659,-0.0272190652488311
0.000622559287653,-0.0940577963966493
-0.1704123586915673,-0.0623453163195355
0.0903025770999837,0.1632441396246182
-0.0267347620275235,-0.1203807451597342
0.3416789058171761,0.2583492594987593
-0.1073509934423655,-0.2312610467905584
0.0713003062352495,-0.0028326881251817
-0.4021647125930158,-0.0350950345651719
-0.1380180243285849,0.1856168986992636
0.2299234379582665,0.0236510135225345
-0.0992593191859921,-0.2058465500085902
0.0034486156330424,0.1831663216830923
-0.1572756391543461,-0.3026454018459806
0.0473583212763384,0.034115484595335
-0.0228827216161161,0.1337519692985222
-0.0502848643194415,-0.0583367628628224
0.3741686584272904,-0.1085800109700357
-0.1043332872169201,-0.3778225940337916
-0.0364543543763325,-0.0865469849857004
-0.0832822959163723,0.2649886944833654
-0.1703278565207769,0.0657524877500757
-0.0673528589491159,0.1931835755331731
0.2580558767943767,-0.0631488146937333
0.4927359017139519,0.2598879688856287
0.2046437951708589,0.0055003231158635
-0.6409924733419359,-0.0260926174830438
0.0918600845224398,-0.0391493595075872
-0.1383563720297338,-0.3635099510174363
0.2420718590341597,0.1405411890821966
0.0108833289773797,-0.2299852489929699
-0.1739575979065845,-0.1334390471403788
-0.0963353801565049,-0.3533637277466122
-0.268092600575454,-0.1493117567345174
-0.0642330349467896,-0.1004771477041578
0.2212689678105461,0.4561930056624216
0.4660866481520335,0.0849015661856648
-0.1405446738442465,-0.1543169036066695
-0.0760774245269045,-0.3985400356132448
-0.2142862671465403,-0.2383247409295473
-0.3827695334643539,-0.1790245736255236
0.1777531197484863,-0.1194144514142875
-0.2178177867724304,-0.3657481910771734
0.0154588558525148,-0.2663595901903637
0.1777447713727715,-0.1951597602857614
-0.3115481351818521,0.0428716169010103
0.0004434794496734,0.1182900594153923
-0.1385427199158094,-0.3554794960982588
0.2074760436678122,-0.2211516375299535
-0.3638107667756527,-0.1391557767882241
-0.1209519542327246,0.3248739667715756
0.1880975195275651,-0.1758731085691533
0.2220586597033023,0.069175945197172
0.211210961196264,0.4907960054965986
-0.1052764250713116,-0.066446728184055
0.0466651411803959,0.1585197283219651
-0.2177102085767713,0.1375276035564614
0.1618734790712739,0.1490747425476313
0.3473075778641922,0.0795918295708602
0.0102355089115364,-0.0112895142015267
0.2206785149203966,-0.2199885500765134
-0.1821563527035892,0.1735632878248388
0.0542353599464894,0.0992553076691714
0.4791367077251124,-0.073951227050999
-0.0364645979462803,-0.059429325189492
0.325221263532792,0.3662940045631331
-0.2146771806622527,-0.0245154281511169
-0.3703459122092233,-0.0589502040910584
-0.1493986041942662,-0.1713498289322172
0.014013922966567,0.572768582340008
0.0924648332837236,0.0604663701401063
-0.1105090448769155,-0.0523246142216198
0.0572614995908802,0.476226108843455
0.0483978221761787,-0.6058890126611386
0.0788228733990369,0.0507477454240972
0.1185762520251826,0.0150932577866891
0.1187076495548083,0.3538170383628884
-0.4366553100391671,0.1564153087242046
-0.0420653563585608,-0.5358463215007933
-0.2588182731785404,-0.6346328941862617
-0.3585255413765136,-0.1095677660895082
-0.3045857554628483,-0.1880254230385485
0.0096347428430711,-0.0389020336361816
0.0672219923947966,0.2750796804650809
0.0859046688477294,-0.3026057035083556
-0.0833509846141169,-0.1598579099885503
-0.0788590295167186,0.2326828047484678
0.1818060420982984,-0.1165091636970645
-0.179345520921714,-0.0933243632620524
0.0903235143477902,-0.016662963148505
0.1003883864925552,-0.2648057325720703
-0.06993420393588,-0.3528131586453664
0.2961461905588342,-0.1640929247711852
0.1152484238075442,0.0839479360605243
-0.103037808147224,-0.0193792982201583
-0.083911244307615,0.1558806843482758
-0.5411694632757378,-0.0730893039633569
-0.0948628932113524,0.0410481562456578
0.1303429020206688,-0.1836211607947197
0.2281622553533653,-0.3134253987543851
0.0186494403904941,-0.4384731066614756
-0.1211173192685996,-0.4583786333870163
0.1696915020653124,-0.1728223430383787
-0.1122557668792173,-0.0641138298825454
0.1999222480397836,-0.155311133497849
-0.1363885882775738,-0.2541235764543162
0.0949966975494975,0.4474104360529556
-0.0320961735213067,0.0562301150280502
0.0428744012154217,0.0987423613637438
-0.1916408583522784,-0.02774397377848
0.0292661315553265,0.0792373503400201
0.0803494598806363,0.3406911546795059
-0.1512971260601781,0.2137525574127045
0.2573361152134052,0.1746706978979767
-0.0712023374573546,0.1313070911508051
0.082000006445656,-0.0705041000894833
0.1226897171385432,0.0572643146457849
0.0174973384503247,-0.0777902948022437
0.0372102967783856,-0.0299387888437561
0.0629172154402152,-0.164055379669799
0.1883786383994729,-0.1142917070115739
-0.0287406615012962,0.0598328965616597
0.1100385069989864,0.2124990548441101
0.20251301474612,-0.012270278607203
0.0305071103440073,-0.11677117526048
0.0172726630779949,-0.2205121703993953
0.3055302005773782,-0.1256411536671019
-0.0018543122413257,-0.2319293285588171
-0.566455801651691,-0.1582033811478558
0.3882265517619754,0.3301280044354186
-0.3212608751500144,-0.2681513759763567
0.0315388807644317,0.1755623718824454
-0.0127942086121417,-0.3605344827014239
0.047230748130123,0.1808172863483206
-0.2639363502034982,-0.443480329251147
-0.1218292218617546,-0.4354906554754918
0.112326561549416,0.2099898501235861
0.0714163581113896,0.7483959608510395
-0.1074598172225331,0.0310833995077197
-0.187856559089441,-0.0721696897639149
0.3120273544562201,0.3954571004589586
-0.133648194513195,-0.0123168182934395
0.1037647425472018,0.1529962609667097
-0.1483512296257357,-0.2979671359186707
0.488699103715476,-0.008675825364052
-0.1296237439878738,-0.0376713686218561
-0.6009035819371609,-0.2139290866139454
0.1303339824315997,-0.2009283714659066
0.1587491923255324,-0.0527219174991993
-0.5270631635669264,-0.3495502273970719
-0.2674762258481149,0.3231676366447866
-0.0596470844444542,-0.0885147095570234
0.391221924485278,-0.2778309148912547
-0.4283774631146657,-0.0926839090554004
-0.3773246433192175,-0.4149074779006226
-0.0324053366470967,-0.3304283086927314
0.0925721883783584,0.0347398005690867
0.1192395349140437,-0.0445779524919095
0.4598912276977805,0.4564234953617733
0.4809605484194144,0.5166553851349206
0.1357479616235814,-0.0075133216638363
0.2942529607941229,-0.1091596565848508
-0.0811237233241186,0.3987582321214292
-0.1618368954426021,-0.0692106523339375
0.0035650695328361,-0.1274641381268036
-0.1085766922136777,0.1784617603162784
0.0840574919302522,-0.543857092604832
-0.0264707308920676,0.2845971947308844
-0.0571288708538138,0.1258817304283923
0.2271507592382405,-0.1475764648113343
0.0218001829618879,-0.0466311991891727
-0.0218845192318208,-0.0921121994016998
-0.1320710272273566,-0.1740138775543093
-0.1312213149488644,0.4474961993159096
0.1293870869930357,0.6542289910977152
-0.488411908609481,-0.2078510423186061
0.0230822349546964,0.112821549101751
-0.057930921034748,-0.1275279453458845
0.0085914179102269,0.1607146998989486
0.0862108972766113,0.07677106541105
0.3608327253020957,0.2309625109880973
0.431485424431447,-0.3683062475113972
0.0443546326445088,0.4918771221649591
0.3127905004446494,0.0170955165003042
0.1258073948036323,-0.3160485335201026
-0.1177865603534051,0.4148408670371812
-0.3768071818610267,-0.3034785772041404
-0.1876476098254974,-0.0350837562933171
-0.0239936824400083,-0.0761663875731297
-0.2002100324577083,-0.1915022842369368
0.0484838147146219,0.0790528094548576
-0.2059310855595723,-0.1229916201666899
-0.5433253059233022,0.2125153797037741
0.5084081928478691,0.3126957994110277
0.1164342089611028,-0.2225179957743731
0.0570363431991073,0.2009412047781441
0.03741423400171,-0.0059317871089017
-0.1696501353753458,0.1781822962728257
0.1871178661227616,0.0085221367670437
0.2716801892667345,0.516507919233715
-0.1306664847697609,-0.3277449952404697
0.1658795974311477,-0.2325674199451752
-0.1129865312358327,-0.4283749988822596
-0.0858341420635923,0.3163196357533796
0.0718867684479864,0.1062026731571302
0.359499794483949,-0.021040175437625
0.6171092468956337,0.4480030957434381
-0.0165572935658185,-0.0635344800184899
-0.0007984858611551,-0.3813344825048946
-0.1299317098561615,0.2968786664844979
0.298123096238725,0.0450828766087854
0.0818684273051591,-0.025492003268869
0.4058633135135785,-0.0387381235097157
0.1050755903946335,0.1791300401991248
0.3176670976816964,-0.0278961873979422
0.5432272770719598,0.3108633745951749
-0.3167237854441093,-0.337151622190642
-0.055772909565044,0.0794573370342476
-0.3374314844651683,-0.5372386488406261
0.0556593216817703,-0.1426433432266806
0.1828978386842871,-0.1255546012979047
-0.1671340731983277,-0.024787082017363
0.0393494254332317,0.0943952352028902
-0.0449002409621354,0.059841059900933
-0.0170031965279357,-0.1220033344718429
0.1968300340345348,0.0521877061930006
-0.2995963592505373,-0.0138215836546887
0.1531196189343869,-0.3503613278180962
-0.3913629612674243,-0.3089614278799668
-0.1066487865827398,0.2057403113278808
-0.2709547855083404,0.1345005123145377
-0.1822910986431785,0.2378138580922429
0.3941087655200033,-0.2764073648544206
0.2838582249542071,0.1145942150233019
0.0248547843062322,-0.0913513623718842
-0.1244343723705791,-0.2637084966695475
0.07853491790618,0.0912933765356921
0.1125073528979076,0.1200395033036625
0.1597620073104252,0.3504172187092374
0.0239529874360859,0.1420002219780963
-0.0769716670223624,0.0944398282946561
0.0336056213586704,-0.0748773045065528
0.2918920036423194,0.3659387301266906
-0.1036396163438633,0.0803266909750957
0.0673112174104975,-0.026032779948392
-0.0614295908564237,0.1799024602349275
-0.1232494374627223,0.1561153684267436
-0.0009266755899165,0.1072194501027942
-0.2477785466307344,0.2103381356628162
-0.2972280099226967,-0.1438852256799652
-0.108287699505783,-0.046718708923199
0.0042107269940519,0.123961480296768
-0.0152703180884116,0.1506085749145541
0.1680886831342243,0.2931500175835647
-0.0080821221288277,0.1540333824462826
-0.068041262134846,-0.0583884640439684
-0.1990517828195494,0.2301308394607635
0.0643873115631881,0.1475511249049482
0.0589648104852418,0.1401761612005021
0.0425685273626346,0.2025536258008016
-0.1588474467896007,-0.0963763505913842
0.2170578949183315,-0.2676953606190276
0.0560778316594802,-0.0668541504862234
0.0415664556722214,0.198121568409738
-0.365246775549104,-0.1585465206772986
-0.0962291928923093,0.1940480377887642
0.3048373984446452,0.0383276126263027
-0.1093989309490309,-0.117322409726567
0.0645226749932995,0.1569239062715628
-0.1094611233596742,0.1372936058698056
-0.2094832744168036,-0.2736912486616943
-0.2096315981711567,0.1383289220773114
0.0099941666828817,-0.0501953695923668
0.2017467361802157,0.1824588690109424
0.2615831503380757,0.0181216691877222
0.0117975721717214,-0.0547539042764287
0.2589891326782515,-0.1144682600926231
0.0570547684327543,0.3060650192879762
0.1596770915195391,0.4063429439230004
0.3269297508877313,-0.1409676220613799
0.0916722864683812,0.4699763875106041
0.0122502102463492,0.100851431992019
0.4574786218229882,-0.0678994717982947
0.1426193170615787,0.1358636551961459
-0.5539860630972681,-0.4705991390941602
-0.2427830731410794,-0.1549575507247258
-0.0802768473795715,0.4447401840683054
-0.0221158980395605,0.1764708222131598
0.1742388185119332,0.2092663382986977
0.1640016628069951,0.3186847633437296
-0.0765923048679616,-0.0306288940091483
-0.0839427736203675,-0.0505673025107841
0.2272459737889443,-0.1743263632095184
0.5301071674908183,0.0909469274448727
0.1278532394961175,0.3188970452857258
-0.1012583982505956,0.1427656189464174
-0.1653693053989333,0.0350386709904439
0.2473897288795033,-0.0534823436447032
0.0229972821950114,-0.1458845945197634
-0.1781944000374267,-0.1318841574871604
-0.0794064126180743,0.0163263055285772
0.1980296033173327,0.032692280531154
-0.1284378414858102,0.0221339973796848
0.1708033572419023,0.0883198054048627
-0.1089789820451053,-0.1784722109085122
0.0295535734996595,0.2321710044246623
0.032066524026198,-0.2466374668263857
-0.3305989421688031,-0.122535813575464
0.0025114402834238,-0.1944050076614451
0.1275385093639048,0.1266682579271239
0.3039555513959752,0.5262228004378597
0.1993370339591428,-0.2188150768005033
0.3807103526645587,0.3436441022945822
-0.1422845339965499,-0.0884968162798672
-0.1774375222122304,0.2333432103439377
0.4413647493051568,0.0303600997200614
-0.2388312442691406,0.2475484438422278
-0.2137726457370014,-0.0856240158843303
0.0173748613502517,0.2515416976169877
-0.0690333638337123,0.2993276376240735
-0.0175089828646847,-0.1944460622595081
0.5942388589399122,0.4016666507779171
0.1988000153174151,-0.5309448713992212
-0.1625025487801531,-0.1614663961974219
0.12250136518706,-0.396318410499237
-0.2851915334914079,0.0873479388898109
-0.137984232529041,-0.2307041566198322
0.0848735969407241,0.1425320161433872
0.2361514338600358,0.1176406672103168
0.078001519980692,-0.2339209736620644
-0.1989564321400593,0.2178711911763177
0.3677495345828185,-0.1036710718105818
-0.1563475277071784,0.0648967471960402
0.1493102862394226,0.4490454855751979
0.0336882462287498,0.1561992564636605
-0.3540324816485976,-0.1972527231780012
0.1854031071478065,-0.0315848573710017
-0.0784060682198495,0.4230152603241844
0.5493539076757437,0.2917468205833465
-0.0639847324222025,0.0015892860082801
0.0692570956611114,0.0907532693487254
-0.2305256373161379,-0.160540287705064
-0.241277970977412,-0.1120968083559479
0.1180405554177084,0.2570344073829941
-0.5445328236931011,0.0827701037464023
0.0498179117971001,0.006444307027566
0.3228635999488062,-0.1068284529034583
0.2209600494659241,0.2753627336897817
0.0516321927801732,0.4443418513375007
0.1233618622214843,0.1130858228899277
0.3332516918146683,0.366214259912303
-0.0087773734225833,-0.0650624121821032
0.3227232983797542,0.0268226445004155
-0.0020133497805213,0.4225806098116247
-0.0906068931280229,-0.2789246683699661
-0.2779263849758884,-0.0690697491746881
-0.2775888339165717,0.1395303724178664
-0.25081820164043,-0.0447407934644945
0.0524802915507809,0.2570272064359268
-0.2259388888626268,0.3105801932363759
-0.0533845499628366,-0.6173462648146483
0.48886656700148,0.0954332023339929
-0.0284138335069872,-0.0739914582218304
-0.0749649937191488,0.0177670160948954
0.2992060268033792,-0.0948953504875918
0.0255358806484709,0.0662794839280654
0.0235485126231917,0.2212315196776126
-0.0820134597847105,-0.32132739217934
0.2128674439580004,-0.3093403136787294
0.1338480685599683,0.2328190497976525
0.3820682584507884,0.3662019262741897
-0.1282453811022316,0.2715512684271637
-0.3432395639940441,-0.2591959272870231
-0.1211801498299681,0.4566707554145285
0.0702377081090143,-0.4052891115181017
0.0028771008465983,0.1159167579741752
-0.0262423961485093,0.1896029057474463
0.1161565149670777,-0.1912724623207119
-0.2131429547540838,-0.0961348721694592
-0.1360333724256389,-0.6887146439846955
0.1947573181935838,-0.1944531572253758
0.4014578275992701,-0.0622647537818054
0.1809188300347408,0.4384366830998755
-0.1883189063028387,-0.0741289733249626
-0.2536908544803794,-0.0892055761238957
0.1139097880929703,0.1732832878282559
0.1289395649804025,0.3008882987476778
-0.5246547286307354,0.2051990118207964
-0.3314649026704009,0.103473878821614
-0.2820403573865713,-0.1184655400831286
-0.3026355384894221,-0.3097085537752389
0.1128963704043122,0.1346699225778606
0.0706897751680087,-0.0035086368785106
0.2890077952771523,0.0004680392952037
-0.1607451895079224,-0.2814457650831476
-0.173921233981996,0.1366746197753785
-0.0038798995116345,0.6724421234612444
-0.2438626927569794,-0.1652081860179735
-0.0783414670735799,-0.1819585241442503
0.6017605208905772,0.064347590860225
-0.4358973133098185,-0.3659180228834636
-0.3601096128018056,-0.2895391923441489
0.1455957915404925,0.4149911733078126
-0.1630364010938606,-0.2829078644479205
-0.0579037086659091,0.0181284438855148
0.3291055603976088,0.1782777384385792
0.0858111733037,0.0400783413711802
-0.4274624731474777,0.0407481176464395
0.3481743178789578,0.2063018536224286
-0.2257939890971707,-0.3529866790101308
-0.349730027004358,-0.2672460104551665
0.109958893419046,0.3637707418296555
-0.2513054187637157,-0.2208112870239572
0.242979014429295,0.4303035971296037
-0.1654438489439411,-0.0066317948309831
-0.2106326295244208,-0.1710320580778951
0.5207431733644108,0.3696915989044497
0.1146870426749659,-0.2266213788660621
-0.1155944631432896,0.0380416025756948
-0.1927984866175333,0.3484284583674166
0.0764945115456972,0.115200506940021
-0.0621817396250397,-0.1117369941571722
-0.0338603983114843,0.1360341992628184
0.3823384473403176,0.0984686604551807
-0.0845693659152574,0.2693888827600236
0.2306683546068873,0.1989982219001406
0.1644661977047184,0.0829903197801698
0.1162748763914397,0.2262075726274364
-0.1330727769307538,-0.528283984648252
0.1333384019269918,0.2554259643936193
-0.4401506832005863,0.0519466746178597
0.0272247606418682,0.2354133040416539
0.1203657414998459,0.1242748884527922
0.2443407969683361,-0.1229070769681595
0.1148302090428261,0.1211608950192788
0.014914286799676,-0.1695747849109288
-0.5754923179532039,-0.2204552830588998
0.1056587122653492,-0.0741395641946644
0.1022591459920832,0.4401419522028513
0.12757028209673,-0.07719021493981
0.000375697996543,0.1838220394918419
0.3533132448300359,0.0569930409122114
-0.010391666715596,0.1227072225934209
0.1954257231224869,-0.4299848881107295
-0.0640894464014432,-0.1963289716066579
0.0679556040229291,-0.8173051808228553
0.4819527174700248,-0.1026090521239023
0.1011635281669233,0.186689126552369
0.3431323782391525,-0.1120347169445247
-0.8894790140734901,-0.342757420295444
0.4434920571367867,-0.06153991249837
-0.1623379948182108,-0.1071243689668915
0.0969878521553872,0.3336987335821269
-0.0248564354342245,-0.0057225326953662
0.3484945725075754,-0.2464750728003645
-0.1101955517700626,-0.2041468279306372
0.1376151802876221,0.2114021544938241
0.326135002691542,-0.0333674965620338
-0.322886732447277,-0.0361617474960839
-0.0951425191950446,0.0018256597820063
-0.1637490591171579,0.0579885602796832
0.2175990791085778,0.3462115618390548
0.2706759864595182,0.4084149834733235
-0.1513980908761624,0.1773565292164526
-0.0013138030808132,-0.1256160873203958
0.0401473085017979,-0.0294639475508138
-0.0410020582121267,0.1277234401834208
-0.1997590181642583,0.0502918626762147
0.0591387087648938,-0.3273792234962793
-0.2194680119545984,0.1358411580448703
-0.0065894183162776,-0.3327138544648222
0.0423989365968879,0.0210658088622045
0.1982355587545364,-0.0807147141821255
-0.0234359325104783,-0.3142286888311502
0.1385831119488585,0.1059361771963879
0.1544749471010051,-0.0539743937930403
0.1334638441823817,0.0415922350584513
0.6764123506374429,0.4108244855848719
-0.0408568167427324,0.1179189740600336
-0.1794412487299904,-0.0724085702370239
0.0094175912926102,-0.236297013545763
0.0533954729436126,0.261197245486267
-0.138483364407086,0.0278286972506546
-0.2659773752187195,-0.3143042083032051
0.3472979630626002,-0.4863781975930779
0.4026178121523225,0.4137840736218622
0.0969100145107869,0.0298682248068076
-0.3015122443123116,0.0453545690242943
0.0536617136604334,0.206684807878328
0.2910825044835022,0.1464278904374699
0.822806985032426,-0.0591370477084042
0.553425577314844,0.1047945199745125
0.1170294858850209,-0.0106871370779448
-0.1200062635430603,-0.0091926072393597
-0.3092862505480302,-0.1337774856519736
-0.112920453153822,0.1835919971807202
0.1775761776154817,-2.3550016591641364e-05
0.12008888144452,0.431691193053519
0.1374688125333288,-0.1758645165232551
-0.398279555555781,0.1216577678212148
0.1454283843294035,-0.304099936191147
-0.2206800389665525,-0.5127730034336285
0.2083397215025322,0.4177670734140836
-0.0524072994953503,-0.1326518324466109
-0.2708287903360402,-0.4648077180059541
-0.1439825377484567,-0.2691450602313808
-0.0856345634566685,0.0030778901594629
0.5561849509301693,0.2904936177362241
-0.1027712927678608,0.0134325867484249
-0.0395299927611686,0.1233441712847132
0.0171716560007107,0.1496567697509844
-0.0817105495350958,0.0811888642561505
-0.4045888897862414,0.3957285380548156
-0.1093739991856911,0.1116820760790508
-0.2395414152303728,-0.3214634098593187
-0.024294294648108,-0.2379929107085852
0.1403022865766902,-0.1633679112185516
-0.1133159411241898,-0.2595436604852066
-0.0084338794639198,0.155750877941752
-0.0741153137356993,-0.4907489178851896
0.3693210206989951,0.1103454431297245
-0.0820490857761447,-0.2853648778725501
-0.2228600875429497,-0.3343985530288579
-0.2179375467885712,0.2255084697367143
-0.3000563741849406,-0.0835116919802933
0.2125475365248077,0.0042640280503622
-0.1570429622888503,-0.4325655799187589
-0.1128600035510534,0.1366080203960816
-0.0504630632632544,0.1904640327854245
0.1042540403102326,-0.0097425374946236
0.0690168361263884,0.0042128158780551
0.0654147585623517,-0.1037744428256002
0.0527373872803553,0.1858691592509035
0.2055795088560378,-0.1528245134150351
-0.3835761077641398,0.1882706890884323
0.3316335723419962,-0.0762280976290909
0.0239073362370535,-0.0229276238538886
0.1686561493068863,0.0521334418446294
-0.0670287823001795,-0.2527676357411031
-0.4410366551418238,0.2034033106647845
-0.4348173389022577,-0.3308356312086224
-0.1175624526750012,-0.2527868869722031
-0.0672316869008825,0.0646415823731792
0.5764608035358546,0.0965018263590492
0.2720643812282449,0.2240850319143586
-0.0502022751204997,0.0801996091417349
-0.0948385691211399,-0.2850770527244635
0.4660275528395594,-0.4234964619378659
0.0270282870627203,0.2229387754803769
-0.2338144548549973,-0.0216540289969189
0.1607351054298902,-0.0316446682757513
0.3694929102166132,-0.2531614261662041
0.2056290570607209,0.3592701047828402
-0.3055965355092727,-0.0164411476025028
-0.1621213410439281,0.0594699698767668
-0.0327400276835767,0.2135521779002554
-0.1543814748582554,0.1547809147953364
-0.1193791704949019,0.0300660213381028
0.2778489255220762,0.4569285047156796
-0.2410450292879613,0.0258480045367689
-0.2854172394963591,-0.4323026321983479
-0.2552368857414926,-0.1867054890813524
0.2051969339412571,0.0457322539462571
-0.3581675765258286,0.2252865483597725
-0.1790894036941499,0.2936517179473175
0.1760273510067925,0.0083372489169035
-0.1375590598568481,-0.3514522114339152
0.0695246818791831,0.2154028745168424
0.2048013607189446,0.176431360876189
0.1563257771312247,0.2293803131644332
-0.1668488117110415,-0.1959647818145186
0.0768784097679076,0.4288968111044701
-0.499237847956363,0.1097700158135624
-0.1599926774097713,0.2726190191754791
0.1668174395168461,-0.223396089391262
0.2694525938513525,-0.1801052172663607
-0.0814242519050577,-0.0747481847352922
0.1355583207297517,-0.2961729515860102
0.3517212321053283,-0.0096664320257728
0.4021391835384686,0.4779057139221945
0.381487757941086,0.1251250789523123
-0.1075591409634874,-0.0929594278084555
0.0372273382270293,-0.0782843948297521
0.4934473903285033,-0.3312974352628549
-0.1602698136788879,-0.2054358186118601
-0.2540379451601642,0.0437188044375122
0.087111055933844,0.2465362627393336
0.0582861421009462,0.1371898563407025
0.3151918873128523,0.1690512736695929
0.4971026435682601,-0.2254857143528227
-0.0634015159177642,0.0442134287916165
-0.0029087444645726,0.4480306285293399
0.0758871905977733,0.0268405855149445
0.1321673907452393,-0.0585760561344326
-0.1286625857471325,-0.0005503818689696
-0.3026945145537394,-0.3461398923749129
-0.1711247552286514,0.0492965983178866
-0.3910512662716088,-0.0960345147365948
0.1019491051107646,0.1211644414360299
-0.1300082502996914,-0.0071583539923414
-0.0570134609101114,0.6913445141761847
-0.1764476046870288,-0.5898851621453396
0.0553355022869439,0.0933528677327479
0.1434254302006831,0.0958650266585708
-0.1485513865021742,0.0249772420997436
0.0672072329453627,0.2490329485337798
0.174875427242126,-0.1536494233516961
0.2424089794023853,0.2329687774679636
-0.5048236026170166,-0.3552413703311745
-0.1367568083935773,0.070165989627519
0.2456586833687246,0.2180007175675265
-0.1537163432273073,0.0084751917516347
-0.0020606161797811,-0.1956348143960128
-0.5615814496248546,0.0011824419145183
0.267956773726447,0.0867957865044973
0.1095133877360747,-0.0321471807476431
0.3143679537914274,0.0744567686025117
0.2260122904483255,0.5314751528413352
0.2159779147860681,0.0368023946412303
-0.0843384181464855,0.1797093228202112
0.0084616664914361,-0.0465654518885876
-0.0860416183606875,0.6496020813767164
0.3517391257952644,0.3775398178210978
-0.1723701033770718,0.1000063042551349
-0.4720310889849645,0.300440332618564
-0.4408647830611581,-0.1785720364068199
-0.3476244025810717,-0.157020235328686
-0.0020244002871443,-0.1413069311708271
0.4712015828612932,0.1538316110736099
-0.0300370090568274,-0.1903274775562995
0.0058508877556024,-0.1790572267681555
0.2716397189801548,-0.0070715224081013
-0.0677802904164226,-0.6036446360661297
0.0269947071253717,0.4424329962003832
0.2721046266370088,-0.0990840630744608
-0.1872508373845386,-0.1446372085666404
0.2037897135136676,0.084252123633726
-0.276679780999798,0.2554740434829655
0.2532436291653729,0.3680807465584034
-0.0964765743909378,-0.0853744099990426
0.2245639224210165,-0.7448501730481129
0.0172084617778182,0.0860209686992251
0.1164391788066339,0.5426927703904812
-0.09558217222071,-0.2441377943583596
-0.0781004707594053,-0.4621665374626698
0.2455062290454004,0.2399036133763175
-0.0041583430357323,0.3921349914165011
-0.28740653381333,-0.3736415329548426
-0.5031997773681247,-0.2374973359586802
-0.0389208770779475,0.3474721279904709
0.0462266161918088,-0.3270993635156266
-0.3675908421430419,-0.0060636846679766
-0.203127288729965,-0.4118865640759999
0.2702639861302434,0.3809545014669404
-0.1975055965540842,0.2817930668889071
-0.1171224668433749,-0.0053331987945601
0.0673740651503281,0.0217112225540051
0.2030953405813944,0.2931728077460942
-0.2995093444249574,0.146959660113917
0.0386026954344449,-0.0679132749344024
-0.3573747557510657,-0.2630849853208622
-0.0884181355609696,-0.1084138241565794
0.0721556894552553,-0.000270130945958
0.7108154688328392,0.2292768076087267
0.4204218086282115,0.331520281702429
-0.3433545591404824,-0.5503816898134797
-0.3401895458937214,-0.1508538709803435
-0.4438240744587538,0.2340430039890915
0.1699086819652791,0.0186219263056522
-0.1883376464486798,-0.1535963971393779
0.0036224194809239,-0.4639515543467957
0.0072565171140149,-0.1622022591060562
-0.4349217449378659,-0.0863407902333734
0.2288443612875174,-0.0888349282093231
0.3348514549748324,0.404497532748952
-0.2787207983302043,-0.2724522712522896
-0.0309521047346829,0.0466283343204163
0.1359110393941383,-0.0171652527908032
0.1670931227426349,0.3038956444605672
-0.296215483676737,-0.0079136087015402
0.59764211395445,-0.0872272375596275
0.1012911524999514,-0.1943193208146752
0.0544564292502153,-0.1260084525718773
-0.3402990060870097,-0.2018524824019521
0.0807045854781312,-0.0580121191361709
-0.06634410742685,-0.0409155630457031
-0.0097800261062212,-0.1749235580288149
-0.1317530422282674,-0.2394705382056086
-0.3235798028623302,-0.2126772517242106
-0.1234643272079485,0.5703341433807673
0.3316577937323304,0.2453452443684007
0.075880066074773,-0.063274946038697
-0.4968056487566953,0.1393673888634214
-0.1387237024243783,-0.1013801738966655
0.1691100351330209,-0.3826537247673565
0.6104808379352815,0.109700676534776
-0.2608419217083196,0.3396760198184512
0.0932406741061968,0.2569746931847181
-0.1671952699061781,-0.1168166871499249
-0.2071351257434633,0.0603971930040794
0.2969676671965762,-0.3453738502051636
0.2353820004769473,0.0689200534530901
0.2012818406519553,0.3118751008516721
-0.4972954868802776,0.0661653519995134
0.2680299784204784,0.3561472419786745
0.2666944076808228,0.2224676410941851
0.1613207249568352,0.4504178583147189
0.1598655611903689,0.1462976141610178
0.2587270884100087,-0.1053457755878999
0.1743571506637005,0.229753938961362
-0.1401955084935258,0.0868213883482528
-0.2334305489452355,-0.3195935700150148
-0.1429038399844206,-0.1884894935503257
0.3553816594253588,0.0856589580609034
-0.1090395591062372,-0.1001643028973663
-0.1396740363533553,0.2344269610607997
-0.0568476037788076,0.3418420055644515
-0.2142883262643656,0.1461630503012962
0.0636734806603096,-0.330228347543009
-0.1029948047365722,-0.3671910863209066
-0.104013952403353,0.0370467364124833
0.0563055319503876,-0.1063144820332697
0.389385175066397,0.250583651671824
0.0594079426518637,0.1993604049269677
0.2339486609458788,0.5828009990203384
-0.0203947363954907,0.0759894755572381
0.1537273243840906,0.2302680491660998
-0.1895193600634382,-0.0237288884470307
-0.0464298880404247,-0.0081935526924977
0.2491740162895827,0.4065492400093285
0.1247283364058419,-0.0921582557642541
-0.3507919843966389,-0.382087580245341
0.0699210955712204,-0.3021201634579462
-0.3450428972298507,-0.2870230527704125
-0.1628770728421817,-0.5021241554000352
-0.2805149095747273,-0.0390313840505431
0.1441530858292029,-0.4384396648936337
-0.1645397154297839,0.0618065007802986
-0.3815344448311525,-0.5019436012531387
0.0263079644419826,0.4259120245522264
0.3121422243899912,0.3158774256275928
-0.0096547510102173,0.269186642494769
0.0033305396032458,0.1930815063136225
-0.5983475369130477,-0.1756128823196111
0.0552366836558786,0.064795686713221
-0.2520277147030079,-0.0684744064264397
0.098322133970151,-0.2268708230498626
-0.0289601763680296,0.1013303717777412
-0.0884940610918555,-0.1276187600114956
0.226322856393246,0.0037405553396821
-0.7208608157436827,-0.1719937566393591
-0.0219302106803801,-0.1509173625370951
-0.0052670566408272,-0.0169311889057722
0.0517526527924297,0.2184463769432248
0.3126110194934241,0.0649235390741242
-0.2129753230179921,-0.3622841013946799
-0.0831242530976729,0.0143087744756766
-0.0691547256897278,0.1316683975486715
-0.0320814351695186,-0.1153817240945236
0.2568727448969436,-0.0100272607029296
0.0645339283435218,-0.0789740547119332
0.1712958161400647,-0.2306053951620613
-0.2823428043631846,-0.2821034064232716
-0.4722903460023492,-0.1495104152438059
0.3567905107097052,0.2741370326398843
-0.2724591734747802,-0.2584009320156032
-0.0787337301688595,-0.3235733110435219
-0.2453036657298579,0.3003397046402703
0.0074025033806658,-0.0952001640230663
-0.0562331994207294,-0.2846170414889837
-0.2129471047531834,-0.6482647244771065
-0.2239289469919631,0.4164053836544965
0.2060339451045264,0.0652464105103138
-0.2194872398588068,-0.2394819673327879
-0.0733987741067655,0.1512068115505766
0.152095455971288,0.1286301335650845
0.2139695469326107,-0.125313846895452
0.2857670174720569,0.5986261247635116
-0.0384134667679631,0.0438647814944594
-0.6791323356380643,-0.2186558363490488
-0.0482994867921705,0.1157829043426112
-0.1266335738307622,0.2348996206557004
-0.3110297917658243,0.2609422870838672
-0.0215645845724194,-0.1895301677242604
0.3154108528993267,0.0845203738430469
-0.098858903400652,0.4531979114670276
0.2700276082551917,0.1392429650699289
0.0275777845442737,0.1622610387808485
-0.1460939352736539,-0.0095479779784599
0.3686432600764325,-0.115480145784004
0.2481047631524478,0.0241711000159465
0.4413678465632484,0.0633129121424839
-0.076059860577329,-0.2997527653711084
-0.339701017768908,0.0302516382503884
0.0453835879145453,-0.3434288451958962
-0.2174391553225191,-0.4095033544433824
0.2855044753960727,0.1023271878551529
-0.2473445337013286,-0.152412173706324
-0.0644527291021875,-0.2402590438526909
-0.3477990568752442,0.1246528632619833
-0.2281888344354509,-0.5737195588119905
-0.1711739605559769,-0.3423645127136843
-0.2334627968808874,-0.2545525021798313
-0.2841334230328671,-0.5257764364411476
0.0855194014052057,-0.4200344203949085
0.3926974446015104,-0.2930972777567442
-0.2901397514898055,-0.396555097839461
-0.2599713247602097,-0.3323596292523222
0.480945252313919,0.2054407707532738
0.1112546751318417,-0.2629175801105017
0.2586483826423107,0.0398665778853159
0.0329626375509593,0.5942200983479369
-0.1029797263292414,0.2231024132771459
-0.1482076069976118,0.4202815123142556
0.0563901842058574,-0.0200250931592317
-0.329392724480488,0.2296657189864261
0.1197662915146228,0.0601991842030622
-0.1640972877033961,-0.1762932485825054
0.144714544740412,0.0682176273878711
0.2899332331092213,-0.0002795142089353
0.3800778393832417,-0.1970277428874653
-0.0318026190408615,-0.1329480918340712
0.4785759832426721,0.3474178799975382
0.1892474549532149,-0.1704848481998945
-0.3965105944684889,-0.5488123230573039
-0.0019417018872665,-0.2038510452139296
-0.2170706804359921,-0.1270340255920163
-0.3437470768533588,-0.2262810105528585
0.1499589056975579,0.1387974082508548
-0.0701279351062146,0.5375414953413683
-0.3013346479535801,-0.1888865570276821
-0.2088314693433714,0.3301103087985943
-0.1041994754373901,0.4458015222021161
0.3938266472698337,0.0596200035458782
-0.0035438320255135,0.0457577553829689
0.1468117810381612,0.0600184373362603
0.1851540152300556,-0.235703631900296
-0.149568999708835,-0.0525935492683691
-0.2657972836765094,0.0844833812554981
0.040871088565024,0.2591166302046132
0.1742835647647344,-0.1130352563776088
0.2636620797717346,-0.0743792382095285
-0.1634800020624365,-0.0506405571180126
-0.437231682734048,-0.2590673042598489
0.0600035475674318,0.3005590656956721
0.0758847758527428,-0.1892470509814684
0.2483790024958693,-0.0873798522959662
-0.3306421309406931,-0.0223080502195107
-0.1414484472149123,-0.2977361393257648
0.0413182836012618,0.1943265710692766
-0.0361802934585205,-0.2095214462516573
0.0441866467695412,0.2988319947331854
0.1656796371176591,-0.235030240210488
-0.239981040894938,-0.036778239278996
0.7374685640026454,-0.0939206946219148
0.1295374299377411,-0.0139990063644417
-0.2897130300173763,-0.1469707522149264
0.1712557229410995,-0.2167853804800509
0.0445740315503455,-0.1855765125546149
0.1764821674363999,-0.3813064673592157
-0.6430886124207411,-0.156654542861494
0.0517875590924353,0.2958370367517505
0.239538320743031,0.5710968017768941
-0.3636786050719895,0.0985064177131925
0.4514484331523736,0.0841901335028313
0.2271991310956896,-0.2227548702254364
0.0900186882294004,0.1947946079957446
-0.0904754017505699,-0.1652823642612577
-0.0273514522050936,-0.2009477451530594
0.2096080845447106,0.0479399448870713
-0.1638727330298575,-0.3370303713481775
-0.0685488982355739,0.1015872267927791
-0.0596495652574881,-0.5764122677860631
0.2509264239116999,0.2329893670533519
0.1675875734912373,0.2746050426837687
0.0347323745237674,-0.3944781792915952
-0.0029325742191416,0.1675870538976497
0.1550944652184183,0.1378943206967286
-0.5691387992987534,-0.058105419063492
0.1341386550046501,-0.2472172067326515
0.0961370778649556,-0.2212946364621344
0.0311215178605118,-0.0332442825301492
0.7018862778635154,0.7465355539828441
0.3798803945793301,-0.1745625296428935
0.0543106700022136,-0.3010379758774537
0.1970354583808303,-0.0580948484877253
-0.2278934997456736,-0.4388275982908878
-0.1387957067843745,-0.0278200247827776
0.0925908207408576,0.0970636433052897
-0.2229433414222022,0.0877627161755657
-0.3561627958311643,-0.3723895369703991
-0.3021521752085351,-0.3485904136688209
0.1491422494296041,-0.3933025769980501
-0.1185074522561226,0.0082479041078859
0.1744044636715981,-0.1326595159685756
-0.231305883447196,0.1132869876751506
-0.092365366484928,-0.4593689881149245
-0.1637518114385635,0.2472177399517333
0.2407580478127126,-0.210854317597347
0.3595968665420661,-0.2678896199853487
0.0001840900187856,-0.0207301742074033
-0.0303638396155191,-0.3640723865715242
-0.0350282069722306,-0.0051246816413552
-0.0212792304321972,0.1308815591407113
0.4090607327971119,-0.0794886534200175
-0.0332553147354012,-0.0733913594993643
0.0422439673978321,0.1276445796898375
-0.1752998031795463,-0.2744533787171498
-0.0331735547810039,0.1310904967522112
-0.5813486902307949,-0.2541420899939367
0.0376506934785089,-0.087025099704937
0.2793815745608774,0.2582866793589149
0.2265662833757869,-0.4030607076509225
0.0887516725016848,0.0393566058002144
-0.1119955498432779,-0.1506425095029575
0.2233568523665498,0.3442187511494116
-0.118739572350171,0.1894563341195577
0.1695128118298188,0.2962969336369013
-0.4279848676301216,-0.1127820237836564
-0.4103091083299629,-0.4798155697092342
0.3702084854332167,-0.2067302723771045
-0.0674887944773522,0.0911074362255106
0.1073532321177022,-0.1651726655899039
0.1574834710407285,-0.8055230207116282
-0.0076419466985852,0.0421909511403194
0.2578469132353491,-0.4786227937574185
-0.5542782825149664,-0.3936224216791355
0.1087595797794107,-0.5381424285763554
0.0148550460762358,0.1815238065850242
-0.1732077660967377,-0.005211550777333
-0.3657450027612441,-0.1631457227098325
0.0875425514652149,0.3326275540555667
0.1422998095558043,-0.1100762366914052
0.0961761357585023,0.0537177901946269
0.0950503852967846,0.1928400961437344
0.3688224176623572,-0.1451027840502795
-0.0054828423781451,-0.1256273823909114
-0.2959055266276774,-0.2469266174124832
0.2079695819610683,0.1937353183039498
0.2659731976041195,0.9048940439482158
0.3136244461680975,0.2642211222487661
-0.2626733364736112,0.1139259098867933
0.4199124648665668,0.1503893920247881
-0.1373596159726767,0.187094879190792
-0.1824467875699096,-0.0455863992751965
0.006510915966156,0.0968543962054519
-0.1196487727460431,-0.111201837698102
-0.3426485318589058,0.445854084454335
0.3493256905864161,0.1301298366086067
-0.3258035250050623,-0.2626085201384004
0.4114572204137294,0.6618232823861234
0.0985303791379496,-0.1714694584159975
0.1630532695169874,0.2776021756622793
0.2117939224157343,0.477214793920667
-0.0355116818931255,0.2906275421469128
0.2443505460582266,0.1214963062830284
-0.1356561678217705,0.3738299731096756
0.4551660073224537,-0.0800159281368078
0.2939147264110586,0.2456041674451712
-0.0158839783055482,0.0077954331280976
0.0365380656994651,-0.2287561226894846
-0.0967208896133295,0.2499954544748898
-0.1108688465424453,-0.3075525940952576
-0.1525627438410098,0.3448782405167206
0.2083948918370216,0.0658378690321766
-0.1605032754700598,0.413397227641625
0.3968034085987745,0.4276370312634903
0.5220335002922334,0.3985864217819668
-0.3457982038200279,-0.1151694714214827
0.3302244153970824,-0.1297902464728895
-0.0919454337082303,0.1152533871748895
-0.5669834256724187,-0.5251150200020918
-0.0472218325289075,0.1007932737304428
0.2487574253718391,0.0247822330551884
0.1233494148221241,-0.2529875828275209
-0.1557697402324362,-0.1425637086342378
0.3725407156310923,-0.1010667733772968
-0.2702295097880798,-0.1400623550896926
0.0635987444903549,0.1491912889677781
-0.3250008271470922,-0.0453098400877626
0.1788996390964345,0.0446679821574333
0.1467438420766161,-0.1018802064909789
-0.2280039792953269,-0.1050089134870308
0.0876218534029395,0.1312316433652968
0.1482537583162373,0.0204344829375691
0.2504254048764788,-0.1000844842712548
-0.1283185091765873,0.0408292897753989
-0.1541005352213316,-0.1293379429232124
0.2595458144883762,0.4165200984661975
-0.1540550530696499,0.0615012237375193
-0.1169030058558327,0.3849562446040545
0.3022460711979425,0.1177283793443392
-0.3503610350059181,0.3881185889257396
-0.0959162826008382,0.1119348141408381
0.1177346556284008,0.381395251590861
-0.0549221695441961,-0.3004734314630158
0.3404611573667497,0.3989218379797613
0.0358607089733559,-0.098206642336166
0.060713999304432,-0.5155849502377704
-0.19994303349982,-0.5034081717701077
0.0343465158535899,-0.0035558349557446
0.3883485258595919,0.6050738049876448
-0.2085050655002012,0.0136620939327981
0.0142057265627738,0.0541388222061825
-0.0824159498216308,0.2123298510213932
0.0642970543002135,-0.2483958944632442
0.1379918896302772,-0.3873201854962566
-0.2053273802340333,0.1029013386806227
-0.1913980178409905,-0.1828197371851587
0.3140037692177099,0.1807147262533587
-0.0385767202611274,-0.0036560610228189
0.2906770986031833,-0.083213608474832
-0.0086608476051833,-0.5576360595361701
0.1483031278804453,-0.0651367616861975
0.527496937580912,-0.2044947467599212
-0.1537884113376414,-0.1286530599500751
0.0277386961023127,-0.1982456584974639
0.0819920090980954,0.1867834416360625
0.1525501133377523,0.1171738836161628
-0.2566900885701578,-0.1049315096660682
-0.1315039495199577,0.0279476048043528
0.3330601303497957,-0.586460405795674
0.4356530301733952,0.0414417021972316
-0.010495441508066,-0.1390755781204254
0.0827493068291046,0.0126798820329956
0.1465329821566203,0.193326498151397
-0.0238788793387351,0.1283515397498953
-0.1236932713779819,-0.3948108836438737
0.0641784837930033,-0.2087201794326562
-0.1228573255476927,-0.1532566735426826
-0.5001543654299463,0.1611650618213985
0.3280243326060997,0.2488622724809238
-0.0197089315956929,0.0791995174341661
0.2358633493528102,-0.0057525531346347
-0.1831115732753559,-0.1906465620356523
0.0613355775223495,-0.0475308557793029
0.2111286555986161,0.1033719512374262
0.1389689823409612,-0.1921735503837489
-0.0555758221774747,0.288277727226902
-0.3701059840602097,0.0495082529702996
-0.0708062163426396,0.1509069857779266
-0.1738287727043203,-0.1394630512820503
0.2517179340300006,0.0134766075135827
-0.3858926444029297,-0.0698564378463419
0.3025346202679789,0.2221362564577255
0.1173870524942858,0.2568308402980653
0.2278426375634953,-0.4066092828576908
-0.548974203218581,0.4361320939422438
-0.0727686651677892,-0.2521321073915847
0.0486885945123747,0.1180692614395602
0.1077158297888856,0.0006256725920435
0.089196689104151,-0.1430395421460002
-0.0238393023582175,0.0121859750647724
0.2133932690509199,-0.2178171796052566
-0.0971738990381198,-0.2330868906566872
0.2006922779357592,0.0703181869355779
-0.5931460244239268,-0.516905296838839
0.3901898212972182,0.1675546983157176
-0.2944878785418962,-0.0020842962500001
0.5600198759756869,0.1799062738868125
-0.4559377083757773,-0.1089167380946141
0.0756275064991804,-0.0349581351451071
0.1636448272047536,0.350354003476094
0.6889054669915493,-0.0513416677562842
0.2780106481457365,0.2870134148985265
-0.4657788739782431,0.4217300336114732
-0.2724592206539776,0.1162755331652173
-0.2089847652473659,-0.0459576274962483
0.3979906052572201,-0.1818898236809586
0.0224552052669943,0.5775057543226239
0.2896783538043865,-0.0978242006717094
-0.0723533951806938,0.1534775590292895
0.2312555793241348,0.194171865301056
-0.340472877771839,-0.1924870460721853
0.1865808150419851,-0.2611168708399343
0.3304172140616056,0.0586788029975886
-0.1356590407851978,-0.2555728166987646
-0.0013473170753321,0.1575453195635692
0.1152109948289271,-0.4065221533240333
-0.9277327264203415,-0.3584403326448998
-0.2659105448154804,-0.4504363066560783
-0.2622000404432235,-0.1611891461342566
0.353027322617175,0.3331368017413322
-0.1212488118135463,-0.4725805435165452
0.1531692394999243,-0.0701321243612209
-0.3277201742421446,0.0756268936320709
0.0868603762125144,0.0783379918692013
0.0176256640052445,0.0398992808424033
0.2389075323672801,0.2697790176973951
-0.1660911911034129,0.4709485305568432
0.0327544194161731,-0.2925194691743251
-0.0180259596468719,-0.1627622889611295
-0.3233009132561383,-0.1836930033253146
0.0475404412195259,-0.2911299232200086
0.2064375836483218,0.2680208996571251
-0.0589060093300817,0.0467572352166666
-0.1007172349998754,0.1894459234559136
0.3689910622520069,-0.0160353537958145
0.0771814958498613,0.204031449356104
0.4177542101911464,0.4999223677665298
-0.3363507046382111,-0.0982047611214428
-0.2407456117367389,0.3513520264551119
-0.0263938732461668,-0.5206707821509707
-0.4357077834515309,-0.3450065551365902
-0.2211393705376635,-0.1696246999671403
-0.0540063233798011,-0.3125360406559018
0.2624324262319882,-0.0153930418205727
-0.0477962708308774,-0.4243867454894214
-0.2230746566074586,-0.2414028535694037
-0.1455977903671498,0.0047190367616074
0.2643833056829772,-0.1236720071236512
-0.1686928540851119,0.3705433143494912
-0.2735471628544714,-0.2801751910062419
0.100053629865457,-0.2881600045686011
-0.2884611768327806,-0.0911880325747868
-0.2212578307090183,0.4703616394544436
-0.481884662223231,-0.1446354480306229
-0.1718215625910926,-0.1042673015005058
-0.1169848013881386,0.2731179696998092
-0.0739252121024594,-0.2483887057660755
0.2787036983276716,0.201254729674431
-0.1806066972571676,0.4779086579792067
-0.3926577164656007,-0.2067725077797175
-0.0581466812329045,0.3151226105038186
-0.0199929784209636,0.0974132334642703
0.0517071427064964,0.003444369687996
-0.1487946168328134,0.1632515326792872
0.0419254240452683,0.1231198929025577
0.1581322066416748,-0.2470832319014362
-0.0905677993280874,-0.0311052041734456
-0.0920588891982906,0.111087638010738
0.0708797505730403,0.1409466357182254
0.547272777449859,0.2870658675262169
0.1828628692542072,-0.192952139084325
-0.1688243315277924,-0.1077413873977863
-0.2374762311149486,-0.2097389119142173
-0.0504202447874275,-0.0878977013250442
-0.2725752248905984,-0.0970371355248319
0.2296864399575671,-0.0902998919143907
-0.4921247910420454,-0.0054970243317255
-0.1511818742459646,-0.1551814163880455
-0.0897582785348371,-0.1194077226969014
0.4698486281494781,0.3323315120126262
0.4716121014456637,0.3876976516276286
0.041615702168647,0.0256974395022422
0.1795584892507864,0.2237195224232847
0.1393616633009684,-0.2714012007076215
0.1919456687542357,0.6066984862921336
0.0228264338006736,-0.2092560849207878
-0.0380609922095008,0.1953509435059115
-0.0675317739754752,-0.0884054084062401
0.2975238443439285,0.2876149501245493
-0.0199454050782538,-0.0655000003302174
-0.2404823437513674,0.0493835566238518
0.4005763715361774,-0.0422241543230161
0.5661868458673223,-0.2669173544287886
0.2277219118333273,0.1976963929666194
-0.2094361810204244,0.1484640681299018
-0.0862839504172061,-0.3596019654826493
0.0887027535024681,0.1811222223463402
-0.3432535035329678,-0.193569082010247
0.1340699627759902,0.1459355624255007
0.7505978207250213,0.4198630217898456
0.129418371484431,-0.0523751720290814
0.0103997129076016,-0.0561639638355713
-0.2000844237441214,-0.2775297745219741
-0.3037300157767633,-0.4203413697754721
-0.2182292339300768,0.2932848114871263
-0.2827533161791527,-0.7199433134460782
-0.1230362462549166,-0.054909586317989
-0.2632755189021963,-0.2008234935388439
0.1628389189158538,0.1631193270182407
0.0512147850325262,0.2794038293072817
0.0313201041598682,0.642273033870505
0.1409850485857022,-0.1406362571865832
0.3219457330789328,-0.3414410495259868
-0.0759816859690221,0.1198853507789183
0.1169757174651088,-0.4237514297025244
-0.3932005039094624,-0.3211369325783327
0.073438251125078,0.4540704275186017
-0.0134275063962791,0.565850444457249
0.3892386546579637,-0.0066341194941823
0.1017133470356536,0.3221097287785741
-0.1768890153068486,-0.0495174295506128
-0.6665062253931612,0.245356231809961
0.0587705302435495,-0.1773528820902245
0.1642668085860055,0.103619056723409
-0.4947077088056192,-0.1130132748137805
0.3019001784956474,-0.1809278322036049
0.1322512829546608,-0.3891602545607108
-0.3132959983901817,0.011349512956055
-0.1664973676771852,-0.3776083417090359
0.3273828724607736,0.109035511138743
-0.0058202366035698,0.2961325033914649
-0.0873230532885038,-0.1767051669530441
0.1704812628399722,-0.1972061798633061
0.1203879192323268,0.1853753869653419
-0.3155267487700935,0.2335102634367582
0.0274931531816899,0.1946119928082467
-0.1514662888693235,-0.0941311281539977
0.109830333621015,0.1636809472031755
0.326657800656191,-0.2072545030525917
0.2213498995808325,0.3448731113572201
0.2931470447574568,-0.1532950672767282
-0.2540461625572499,0.066092444169555
-0.5610607018058701,0.0990954473352808
0.0249501928967194,0.1725847046826329
0.022088385760078,-0.1613008214651891
0.3273248918370884,-0.1616690736722305
-0.5987863323692262,-0.1292782261099875
-0.0987149817423709,-0.1825960028570172
-0.0386010217041768,-0.3433848016814002
0.3929914637415715,0.5818712366529917
0.0304908683714442,-0.0312719127010433
-0.0523265774796054,0.1202278887970785
-0.0981944107337981,-0.0683177340665734
-0.0261601273743837,0.1061504569082529
0.6223397244317157,0.1856307672173651
-0.018030611402616,-0.3673351222550947
0.1271457754658784,0.0238871840970189
-0.330677197113707,-0.0747039222517723
0.0913385793693455,-0.2654868193227084
-0.5722353358659636,-0.067126864141318
-0.0044125423088749,0.2047899462381486
-0.3741838050987158,-0.3461311123098292
0.0489568074353584,0.0876558050048016
-0.2429867650741169,-0.1932773109800671
-0.0457576029175933,0.3265570404112934
-0.2879354238093033,0.0584914882081412
-0.1031034167483024,-0.3366737742149921
0.1591135704572778,-0.1732081368391925
-0.0970015957688714,0.2784655614000216
0.2301773796020559,0.4806016364914204
-0.0723585972999242,-0.0528040077656432
0.5183888465617006,0.1437137877774504
0.1301430532502054,0.2811912210527425
0.0123975737927197,-0.1629334808667477
-0.3696573085153659,-0.1952812961969142
0.3854160395102502,-0.0954537858329956
-0.0135351847917126,0.2151656824377991
-0.3323035793567629,0.1449748746693699
-0.310441999885569,-0.1168176692427424
0.3620925338047414,0.2045265240313531
-0.083018399673379,0.0608809345598249
0.1532234244687274,0.3359850762799771
0.5600410365939805,0.0045438647462196
0.6744095496446484,0.2283333516617726
0.5276728109025602,-0.0404940160891463
-0.1444500745381415,-0.2244607660744236
-0.043342541623681,0.5297408265272181
0.2740699616684439,-0.0250172499681916
0.409520121060335,0.4495322346295546
-0.3054237418562285,0.1512917495317092
0.0902544950634585,-0.1432805458017979
-0.1267872491494838,-0.5598371957708214
0.1829081167594617,0.0168003732292928
0.434602215957991,0.3865206641057268
0.0559955232276949,0.3459238415774419
0.1471676225244444,-0.0865404667304872
-0.1734169259125935,-0.4173833401612084
0.0613967211392671,0.135380732532269
-0.2197531924692556,-0.1232679347363107
-0.0118620266467824,-0.4868441896226815
-0.5968203512320541,0.0966931746178915
0.0245215765474874,0.6333925954840004
-0.1333089851784092,-0.2931538661069939
0.4524015584680083,-0.100319882930528
0.252067814351918,-0.1900334530763583
0.0238192937878741,0.0285262410732428
0.1121503118017331,0.0828745807395941
0.0271754257674166,0.0277390007165393
-0.2037262907833263,0.1296092041280776
0.3125354287985768,0.5045887161708532
0.3708589141408606,0.3348519322183937
-0.0887723927362847,-0.0826380498396436
-0.0622872420337368,-0.1511147924906913
-0.2227423259663057,0.5968138292349366
-0.091898499566921,-0.1178912675396376
-0.1084903287176118,-0.2429741093412623
-0.099416143715796,-0.0637069128676219
-0.3817301102180505,-0.0822878898298141
-0.1407371892180851,0.1688350353561385
0.038765789813414,0.2768695386739273
-0.335774774310869,-0.1139907919772239
-0.1394699013477894,0.1578120072392412
-0.4837211268145336,-0.2886223464191246
0.074595260466092,0.2404714508704088
0.384339943968021,0.2539939287660127
-0.3245327519526351,-0.0919768971987389
-0.4598901379246735,0.0780070973770935
-0.5530398095662024,0.3605621264876325
0.0145950819896064,0.4147977311706959
0.0187064951366684,-0.0944584547382604
-0.175175208906557,-0.0827977411782987
-0.2204699289874264,-0.1947070465526022
0.12424175395778,0.3578477110067183
0.3275438076190581,0.2174586784806441
-0.0669672154433945,0.3241010940359787
0.071906192259626,-0.450832750005777
-0.1847988438061337,-0.1735479286486953
-0.2017793257497741,-0.1127011469918291
0.2722425456414158,0.2696634359585867
-0.0656048565764916,-0.1008856252778904
-0.2758804869150271,-0.3266589942698011
-0.0302937241067315,-0.1283114329847107
-0.0726290178846538,-0.2236186159373454
-0.0728706540142697,-0.002376181497349
0.3722057000651755,-0.0234780094442274
-0.1003616320993415,-0.6042207725934178
0.2034709875821023,0.0153469940602458
-0.3786281195425342,-0.123930474135751
-0.0982913640072696,-0.2968457128340741
-0.6824673730445412,0.0100176472883521
0.0018924268700022,-0.0940736365318016
-0.5880057258569793,0.2159471333786821
0.1495028418591441,-0.3135119997938813
0.3932150807018722,-0.1415676191836938
0.0382459068817052,0.3545699214174017
0.1961459915891507,-0.1468584597219242
-0.0938719177549963,0.3110149846597176
-0.416828280448598,-0.1147364011117284
-0.2350377572471202,-0.2283631611311304
-0.2544244599650056,0.1497992737005691
0.0482990956926585,0.2673953349646208
-0.0968489703784709,-0.1065795834365904
-0.2487411839536811,-0.4398381288649839
-0.0012868812156786,-0.3164655564874077
-0.137477177262838,-0.2192080152096514
-0.1556894214193464,0.2514478661909826
0.2963558857019176,0.2015793592687987
-0.5700811340519668,-0.4860984174978726
-0.1621779083160189,0.2189959039681821
-0.0979329450707833,-0.0820409842010783
-0.2105938045090284,-0.2607829284090792
-0.4959791930128501,-0.3433242490101459
0.0488320729043887,-0.1062964439182241
-0.0140190977236951,0.5072627242801719
0.4395436040445851,0.6781014343394359
-0.2166464321912497,0.0170376371953888
-0.1246560055164311,-0.3714876623242304
-0.2574746552039137,-0.3683972380035347
-0.3137429611623943,-0.3627015645705669
0.0762668470997585,0.0579751720715417
0.2041363703053962,0.051247964487607
0.0548561844264368,-0.1690716872727883
0.2779701558089701,-0.0945785052889375
-0.1838035273001467,0.2390860398919181
-0.2817931091879958,-0.0026715578617712
0.0936400595379364,0.2302724544726563
0.1416742729170355,-0.0738563781461111
0.2349747092528269,0.1359642713324338
0.1810325085720989,-0.1782926370919565
0.1447722069008478,0.3616742080858716
-0.3288457029426995,-0.5960061616239911
-0.2100041621293002,0.3748086729517942
-0.180541066739557,-0.0384020182755605
0.3413835558906218,0.094688520111352
0.3681678924230154,0.387236210179656
0.1408961994671011,0.2177012708476766
-0.1697225567647238,-0.4458521364658113
0.2853756466490191,0.4431010077311716
0.1752842314656418,-0.1609077316305966
0.0232192186555907,-0.1068817154791006
0.0464063007723179,0.0719965304256626
0.1897789522299303,0.1080013003368799
0.0016930277399358,-0.0261626027071489
-0.0187471674642627,0.1425713008747305
-0.124388713429361,-0.2867780869426277
-0.1907394193900774,-0.1910749810389289
-0.3463277180221856,-0.0598758867271755
-0.1869338302164213,-0.0499094008305382
-0.1067398415187794,0.5117768543842196
0.3536477579039988,-0.2618992358712526
0.8651266652080447,0.0381504380874847
-0.0333773149744197,0.1268355694387209
-0.0229347144412885,0.5065559857718973
0.1821370558038542,0.1761676850980033
-0.018340064813853,-0.176340682387839
-0.165909434124121,-0.1470264264597647
0.2066392846881216,-0.2074791177230313
0.2057065573670813,0.0411265944794891
-0.1596779762269403,0.593386637731629
0.108586022101415,-0.0599570105588872
-0.3328446508299869,-0.3655928446044729
0.3958560789162031,0.0931680975472258
0.0637725703096281,-0.047270327425926
-0.0375061378904538,-0.2983921695261111
0.0722714690004096,0.1218081980603695
-0.1817162291799437,0.0856795867399801
0.0100483229806714,-0.0371291886972764
0.0371515157693245,0.231072410735659
-0.001606179749824,0.4126674931489739
-0.0104507530512662,-0.4331106136701904
-0.321289719670719,-0.6218326828449393
0.0431136637925104,-0.2336219509640267
-0.3350592173636748,0.0187173310483197
0.4678044847899811,0.4144468680825706
0.0327660048635079,0.1361685796124231
-0.2161113032178622,-0.1385453632644993
-0.1239939499743137,-0.3865553596321984
-0.0879688567256194,0.2121496637538217
0.0525214304585695,-0.05214307617863
-0.1143782443637135,0.2250417022022013
0.0383896015091449,0.0452735880439581
0.2303893146986453,-0.2142324156175175
0.0478342689848101,-0.0117629604267657
0.2619803831784362,0.1447937805311017
-0.2493911231185,-0.1634003947517991
-0.0642530231728221,0.0266110688158723
-0.1496938086334339,-0.2929729375349107
-0.1925098918418696,0.2318278665446959
-0.0373337057010742,0.1954926919122773
-0.1328981450629077,-0.3089563380242902
0.2258730904198795,-0.2363092164613128
-0.2765367774568788,-0.0997044358767923
-0.3739429948697548,-0.2212855713069466
0.3160141947863201,0.0692230002576158
-0.0100859317963908,-0.4606091840122484
-0.4228541988514993,-0.0078027785955744
0.0736607492394157,-0.0109483543807689
-0.1353609285171875,0.1585150335719836
0.0674333132594849,-0.0918681055588215
-0.1223115799826122,0.2522052916142843
0.1893853270982603,0.526640459193942
-0.0436025595396033,0.419007385486711
-0.5000381285991744,0.0118501502406493
0.2980199229670234,0.1779072561761378
-0.527941006163987,0.2588181432066397
0.1567556981889007,-0.1773902617485924
0.23533544413164,0.1544550106274889
-0.0627055634207914,0.115413842469353
0.1486766818964203,0.2116409915190693
-0.0229077836914419,0.4215168964603348
-0.1276599986026925,0.1474040042441673
-0.1098127895199924,0.3261621531801562
0.1893120552811304,-0.0718494041172734
0.1537657862603363,0.2369440454393231
-0.2296983416882153,-0.2459148443412193
0.0470948316811059,0.2071068627896974
0.2294966451627469,0.1007679674902166
-0.2687521923424622,-0.1226007439900623
0.2874118615579134,-0.2268011511068957
0.0756527029268008,0.0779455207013592
-0.1706033383669671,0.0116643339933267
-0.0231440908083178,-0.0681689512961818
0.1317290042348117,0.3818150798020372
-0.0675910223034419,0.1936511303625198
-0.4231048071891451,-0.2201476441007768
0.1511296412589224,0.2657825445487649
-0.0082008769553496,-0.4065968621172205
-0.2044482687285298,-0.4541305270629808
0.0756577013699102,0.0340693127998588
-0.115698391086739,0.0755263426787142
0.4368475539168687,0.2991977804151023
0.44980376303562,0.3535590161603791
0.060830817626201,-0.0517632320399304
-0.1061028765882082,0.4526717550269231
0.0307978134554907,-0.1989544998248457
-0.2604177142057316,0.0527901372372158
-0.1493771788012522,0.0007595754183151
-0.151390263986354,-0.1865528014452728
0.2108519109448024,0.3616747043552479
-0.321747881361606,0.2392072387090854
0.500358193298764,0.2586950183332781
-0.1070134254990144,0.094548448632897
-0.5144206256327991,0.1334821884667412
-0.2082175712076311,-0.3438558559351009
-0.22128641974354,-0.2552716347111187
0.1595480810034719,-0.2949557141941004
0.0278358810293485,0.4441852715798443
-0.2429148778689134,0.1149886921000915
0.0467404646355802,0.3157017937176117
-0.1602870621258289,-0.1367118441315187
-0.1698526840572761,-0.4182459423949012
0.3742494900147659,-0.1171852637263415
0.1112600615156084,0.0745900615680094
-0.3634134657451772,-0.0385935174742025
0.1496682391448519,0.215464346289009
0.5816907364527729,0.3574507939966858
0.2880742711481106,0.3103461337949501
0.2412477336655271,-0.1066341187416738
0.3965269251275241,0.2846205411226358
0.334007528632427,0.0428338667679735
-0.2126057411497357,-0.0002086175356843
-0.0472946699021128,-0.0384730091925707
0.0807968557160769,-0.2081793621659017
0.1184564298498678,-0.0476742054332562
0.4372244184046588,0.2995082895626602
0.2603183367624364,-0.0121071907412971
-0.0411149419860502,-0.1421587690308123
0.0118820497781866,0.1727576559987493
0.109330533380994,-0.2045164473998343
-0.0074865940455915,-0.0834502244660646
0.3813136220833475,0.9317440160966034
-0.0205397097308104,-0.1631549116251216
0.0657322879690532,-0.1628825346228952
-0.2806858680045122,-0.4336342202219462
0.0182581379415488,0.0767033257882416
-0.2205358363907039,0.2607036072716914
0.1273833192835846,0.1889408762471738
0.0759933401962993,-0.2925512144156571
-0.0718464414022771,-0.3285494679203543
0.1693753715064666,0.1643757931928348
-0.0798052904877125,-0.2824746882219592
0.0139275269364244,0.148792443459559
-0.2192289192635173,0.3532330641218584
-0.1414209800922547,0.0870171575782265
-0.2567987334087664,-0.0650248774226555
0.48772341754367,0.2650577039207227
0.0218233788829412,0.0772405817465969
0.3461146610718443,0.1558628111883785
-0.1593009680825479,0.2957643323472599
0.2606415254575298,-0.1023622658035504
0.2383978274134038,-0.145784046410741
0.1881571386086308,-0.0700103595659609
-0.0976910147659713,-0.286763732587458
0.4903232358418005,0.0877846551108598
0.237345664383362,-0.4226793737981657
0.0574213448403897,-0.1538801234934027
-0.1017740367329084,0.0469172430670957
0.2559637930999434,-0.1250609208227312
-0.0558515392716065,-0.192507006154289
0.2053536051993778,0.0771764322289856
-0.0942712599290473,-0.0826086864965996
-0.2206617264505368,0.0509610232852757
-0.1950129022821081,0.3919821875458882
0.5821281432348546,0.0141735313569067
-0.2142961117031159,0.0008030382206254
-0.0529293099010972,-0.3727709559901389
-0.1394305035534806,-0.0321806771341754
0.07722360945264,-0.1678677034863537
-0.0996192559841298,-0.1128493007726859
0.3363260042219099,-0.1517213126369135
0.0730318496705102,0.0266787695123765
-0.2130046767646949,-0.349572001554772
0.1026865730611305,0.0625204357372276
-0.0724236890685781,0.0029494340319386
-0.3325849570858089,0.2715150399816673
0.0724809104302372,-0.3740211836145117
0.231542412833027,-0.1085293592189997
-0.3123972252410369,0.0933475005240059
-0.5364898129229257,-0.3187768743477306
0.3448633311654041,-0.1092367605687201
-0.1281402128858511,0.2163497490576729
0.1962226936988827,0.1879651394014309
-0.2668166806064622,-0.0164957218336105
-0.3836795488416292,0.2744963598456594
0.3016642550611144,-0.3117596326583364
-0.2537293459814373,-0.1428832114320173
0.1132501535530175,0.214613415092955
0.1844401936194939,0.4677057038734815
-0.0235350576999328,0.3501093062803877
0.3763344887499471,0.2158458676693008
0.000504794260278,0.2036444958814585
-0.0248675565353125,-0.0223288262909626
-0.4258700847379421,0.069399608863753
-0.0148318181834698,0.4155203087168584
-0.1671789692222578,-0.2555182648283844
0.1174877105527585,0.1050633064419062
0.1327199121533285,0.0663497854275091
0.4708982987675041,0.3392592007215709
-0.0754407841186515,-0.0293788686362166
0.5891786458060273,0.283457897370219
0.1225061632515029,-0.2732399211448834
0.353186233787609,-0.2952530762037816
-0.3782856148514422,-0.169151827282997
0.3321372200395088,0.180810468846218
0.2386309583667023,0.2376193422379235
-0.0839904622812043,-0.1093325415332343
-0.3727835645183353,-0.0578306848991869
-0.2848700950839107,0.4821160964197518
-0.1956498123241044,0.0613482641434193
0.0718756786374263,0.0468028189750558
-0.0789964159641876,0.2976170918588886
0.0716191808494855,-0.2492964595804881
0.2500873955218563,0.1057259070602393
0.0921678498511767,-0.0643645132313647
0.585456074631826,0.6183983455660609
0.3334980557294357,0.3415029853114533
-0.0940203361436962,-0.1875199489565931
-0.113690778462142,-0.0090291650523895
-0.0659056341946741,0.1874724904332204
-0.1043542412402919,-0.1372073544371254
0.1525311945375565,0.3698597656512739
0.1946598777395424,-0.2803338997667442
-0.1546188460624805,-0.3494757667317341
-0.1301491415892438,-0.4089292544925521
0.2929651240808231,0.2770794202738336
-0.0734743055265355,-0.0405972432126364
0.1964634071325707,0.2746461098632627
-0.3284940877340401,-0.1645443548998438
0.1472774658472375,-0.2293957946327665
-0.073520578260205,-0.3021593424824582
-0.0014056856065101,-0.1483625773343386
-0.0935892058671219,0.2451555443311259
-0.105987172768389,0.1694557280603054
-0.0685304734322135,-0.1637837398113798
-0.2756880209403417,0.1143313609400696
-0.3876673643203923,-0.0653831001116281
-0.3092052692829888,0.0971221501557941
-0.3089866324291454,0.0261693003388098
0.112499199433027,0.2467277358553104
0.4940433153059426,0.3998733629817693
0.0598114393675424,-0.4757804306281399
-0.1343021800220804,-0.2620443436405037
0.073976508385942,-0.0300972145115316
-0.0926829296854954,0.0508820536475214
0.0928050884645994,-0.2582698848356997
0.0622654059092394,0.3132942867288251
0.3966025131985611,-0.2698138715747628
-0.071367060978445,-0.2389013399140769
0.2320002066869652,0.0169249361618868
0.2376874604208301,-0.0873615540122792
-0.2155615224026704,-0.440270112859695
-0.1144652519744938,0.1108011621722014
0.264589044623923,-0.1721781445508599
-0.4640500125256658,-0.5269970315020548
0.1323607178888099,0.243964129099947
-0.1774476375665218,-0.2269232651107983
0.4068062425786373,0.1878322331871134
0.1355883233595096,0.2803984638934342
0.0687669170333385,0.3530088998233429
0.2255647518465479,0.2055473555390999
0.4510184010294704,0.1622762956393304
0.3325100243211933,0.202166420123981
-0.1166386909028007,0.2547445457084671
0.0831240464938203,-0.1807433085421759
-0.1186362672890787,0.0842699062002802
0.0239215822881225,0.067855701956748
-0.0040136380456559,-0.2149144563466229
-0.1034437816097954,-0.1193501216107736
0.0419874225997401,0.0504728888158689
0.0172157443552159,0.2368793356450996
-0.1050878390981225,-0.0965259119700686
-0.0445931057292959,-0.0231067268803091
-0.0263638691571408,0.0469310796877964
0.3783335133523356,-0.0450045129398427
-0.5241790998555195,-0.0950647482070605
-0.1247890122218411,0.0149005789791235
-0.4243714701703587,-0.265354270008905
0.0740046223128494,-0.2287832204093468
0.0063711099943517,-0.2536033147969951
0.3731170710282199,-0.0825378305290156
0.1023255917765145,-0.0278416302861181
-0.250295035383504,0.3259681904287637
0.0197457128398309,0.5108378747485538
-0.2750884128334214,-0.1073849914368703
0.3068733371784413,0.0242811687569916
-0.265299375763392,-0.5558271248223741
-0.1318285693351041,-0.4064656304514202
0.0280467054641302,-0.0999710981848207
-0.3513616992604599,0.0073320046953835
0.1032457372490382,0.2793502102607207
0.4078108578083315,0.3894646902411753
0.0420095726426878,-0.2564188133018165
-0.4301744043763463,-0.1004807135875956
0.2176193467408543,0.1887659293930304
0.2895811825135287,-0.012597394551367
0.2969694668046286,-0.0064563758110599
-0.2144631850216289,-0.3040877428413445
-0.3041879198908692,-0.2294732765416309
0.3937363408815995,0.229247567688183
-0.1816132844953732,0.3347526429081152
0.0099253464037459,-0.2861272637217313
-0.1834834596943858,0.001633692410606
-0.0602107001542764,0.3562107155646229
0.4585416708408248,0.1692206456228012
0.0610115983557098,0.0177146324951308
0.1935493617977174,0.0064997136731252
0.0313989243846226,0.0329938146060978
-0.2591749246470579,-0.074062081103978
-0.4776332710503107,-0.2826096335673501
-0.0286364974444157,0.1551267893136133
-0.1700868810044875,-0.0556271487541846
0.2574171484702893,0.3268726249891865
0.4836365292657655,0.0861659033725942
0.1406728881358672,-0.1511150438663136
-0.2528637821177102,-0.1630375419873659
-0.5384702735675676,-0.7735897474849435
0.4609858441442373,0.6009512381751927
-0.7663213905594992,-0.6580829933354557
0.0134065687851628,0.1682099585404504
-0.0874864247696701,0.0011889450959837
0.1794874453663276,0.0299857792133229
-0.1314556072173968,0.220757439735429
0.3165103517220339,0.2285273706012764
-0.4807005883774046,0.1093443032117204
0.1044553976346131,0.106867343979445
0.2793115267396382,0.2704436037162999
-0.3947372494962638,-0.1470176366132977
0.0473273892111573,-0.0929447372072696
0.0883552740913426,-0.0407025876444079
-0.0605218794523429,-0.2015479627846471
0.208798750995778,0.5366267784214841
-0.0859013118540397,0.2022034367147721
0.1389904576305045,-0.1560056936893198
0.0075086374095863,-0.1490184807250349
-0.1243752116716027,0.2951511360313474
0.2406139390070332,-0.0238499020245709
0.0004417773577589,-0.3483945487688237
-0.1597656471392445,0.0722804407247899
-0.0104457020302127,0.4836181793964721
0.0270354533554838,0.0399486968124353
-0.100758716368437,-0.2143780255344455
-0.2242462663258488,-0.4345306350539932
0.2770928999524442,0.1281410904840483
-0.292983661205263,-0.2452523955941125
0.1557094874361025,-0.099232476949502
-0.1765467250716518,-0.0676722645439155
0.1834651083886458,0.0819402827274522
-0.3865793025308799,0.1569368093613276
-0.12461502249819,0.6579859214167656
-0.2268633407602162,-0.5604661173646185
0.4252718899972295,0.0764201867831958
-0.0762881447349025,-0.4531305566152703
0.150256540363603,0.045777343905674
-0.0959942624235189,0.0688441439720846
0.2610360075574191,-0.0549512522762747
0.092464615720994,0.0594341917635515
-0.1876024466279384,0.1059131307461865
-0.0378815431254251,0.1505350987763095
-0.3827449572726641,-0.0350670702126894
-0.3906511455890974,0.0255471473603093
-0.0290723665970982,0.0893822219226817
0.0424843192388571,0.1094079497812618
0.2093213762076841,0.4628075083721273
-0.2398251602292524,-0.187415955772271
0.4044055730016924,-0.1210525598437532
-0.2366552813437006,0.0681362649507698
0.1976229848598372,-0.1248170097598603
0.2529785906414422,-0.0924933160054413
-0.0499990270448406,0.4306633981185792
0.0527599067975962,0.0461034634973503
-0.0926580116093914,0.0677956727541161
-0.0309724648848562,0.1254648233262164
-0.4603339675317659,-0.0360206358906899
-0.1955347939094663,-0.0798860880055841
0.0280517437346064,-0.1536005450789664
-0.221239497544649,0.0781101138729238
0.0979146707175523,-0.1534890214001841
0.1083984661478462,-0.2750855597613414
-0.4468154313955875,-0.0518522998205594
-0.0944529913127803,-0.081151571761042
-0.0887111388303306,-0.2346951004459121
-0.0290522490166212,0.2367386451766438
-0.047874386907778,0.247568503128408
-0.0267883048142534,-0.156530449402401
-0.1700779737640719,-0.2523842831569764
0.0543365074666762,-0.0668826721247422
0.1409341680505708,0.0704755880280987
0.180578219190346,0.0494513116437113
-0.3034329707987735,-0.3106144059242768
-0.1802399584968619,-0.0404300403494777
-0.2688085384813289,-0.0445255334007237
0.4283770127166807,-0.0260337689855137
-0.0583111618562583,0.5091542093932753
-0.1762318910380571,0.1264523640357239
0.2848493235048756,0.2947074723634366
-0.0729325765985402,0.0271576663677112
-0.2172126174066689,-0.7029283832552714
0.03078101719984,-0.7554871018770073
0.2133371639112865,0.5850299738143371
0.0924392060573658,-0.2042297449730255
-0.1234423669568875,0.2289904668967172
0.1350513950078671,0.3137781629107767
0.0836852855622388,-0.1557928638815763
-0.2241601541707925,0.000149603639219
-0.2693317065588138,-0.0945350144139992
-0.1750659924522926,-0.0494378172505731
0.4895872816818897,0.0441060592147135
0.0051953389261439,-0.3914391553029191
-0.0291011759891363,-0.0117017132875835
-0.0674028347706676,0.0092584024047127
0.6327182523745125,0.1625103496650188
0.1418956518405467,0.1103615422706494
-0.1552766812198794,0.1935024729411026
0.0740831815081468,-0.0516824295636787
-0.2388419396874274,0.2001897620648844
0.2824990036582384,0.1897071532058867
0.3286746074302684,-0.1779269977324301
0.5095086581136762,-0.0665377683189791
-0.3102130528058783,0.1015875757882991
0.2084375911874957,-0.0182614390995103
-0.0954304869541934,0.1472835515852653
0.0161922855511051,0.2226224237969928
-0.0862222788991095,0.0718037773139197
0.0353924942205814,0.0972434724527153
-0.2602836364574344,-0.2304738169798122
-0.0826227618866951,-0.2127798109707852
0.1003278478340332,0.2903637788322808
0.3119160498667803,0.0276264458503811
-0.3014576727721757,-0.0082967041841561
0.314864907895146,-0.1007776938632644
0.0179909687065994,0.235307443289364
0.109882508713429,-0.0684201284312219
0.0768000291285952,0.223087163665534
0.2117250510041688,0.2060554009060388
0.1904764817211907,-0.2167963909344889
0.1629049094822308,0.4918064390426574
0.3148166103538775,0.1283376667102847
-0.0017409509582547,0.2720231334120173
0.1435968938908449,0.1142223701470138
0.1692885296303458,-0.2867559779308428
0.0428006592580342,-0.1584864328021558
0.0192766409116201,0.216009072941876
-0.3763370257048641,0.1334041371026464
0.031123379234709,-0.2615622170128079
-0.0489033844686038,-0.072639243194485
0.3644431912939842,0.0510233669424842
-0.2597222244754412,-0.2311159543301309
0.1387734304180317,-0.213339961420713
-0.0227346551250908,-0.3089826308408545
0.4262952833049925,-0.0273259952276643
-0.4628596540917711,-0.1314924874249096
0.5358390795336144,0.4019323003387081
-0.3434448478902926,-0.3177810461373125
0.1923699828282843,0.0287839078413599
0.0060458841106467,-0.0199968778988734
0.0571406559609363,0.0647671722016085
0.0038484384673585,0.5980999287490804
0.2652054647220516,0.2250107012722008
0.3949138673798398,0.1185698142426729
0.0522372842198758,-0.1745202279482738
0.236003436122281,0.1796840312676049
-0.0631472168243079,0.3577799807242298
0.2137254447490757,0.2334587279282718
-0.3135208512836478,-0.3254369666296834
-0.4860460814459441,-0.0571313129586576
-0.0435562142466807,-0.1776597144949913
-0.5604932828557969,-0.0154573182702967
-0.0451920654328118,0.1005667791560192
0.1768879522049927,-0.2502373763850157
0.0709601599852622,0.0572162934826459
0.2081752817666596,-0.0739082730448495
0.1825750816831452,0.0379306129013183
-0.4897489352223687,0.2816391473966436
0.0942186834349665,0.1991412799640162
0.1094205682862266,0.1968517883661894
-0.6553008931258434,-0.1576989215134905
-0.2884420478910151,-0.3453205380385979
0.0539566321902765,0.509120660907446
-0.1112975036752121,-0.1292281361313784
-0.0593606132604012,-0.0216790988010293
-0.3683930925666872,-0.381842498081047
0.025816400298197,-0.4319550480146327
-0.2659093605102224,-0.4512514916467207
-0.1064321253956547,-0.0519338677171868
-0.1919399664441601,0.4379636537831054
-0.0785527404725028,0.0290292893974155
-0.3681196990506034,-0.3794120582295278
0.2414140623383526,-0.0055354857125224
0.1075978201585097,0.4606504434008337
0.0790755413648186,-0.0277288572445258
0.0344633065299586,0.2615523470775769
0.2373553969639031,0.0501118794054913
0.5168256086416302,0.5591883211330207
-0.2148785722824576,-0.7751646984781008
-0.0776996575240662,-0.1048521460434373
8.10358159230621e-05,0.2538210219866912
0.0519898092801297,0.1055076632151811
0.1134860927775982,0.0014254407361521
-0.2544165107135632,-0.3993697838088188
-0.3587332003117555,-0.0819020139746024
-0.2222917132002647,0.0898572610849499
0.4591221568305014,0.0333591790123459
-0.2755611629895098,-0.09715988608581
0.0090853546300891,-0.2921253700781302
-0.1373475442467441,-0.2581107051718193
-0.114946200770185,-0.0402696275691265
0.1837375292658956,0.1008536852185928
0.1187058451397708,0.0494794368422951
0.4162556950963668,-0.0135100162873828
0.3174268032353207,-0.1257965874717957
-0.2843236158126864,-0.1911825688347786
0.0221212587341273,-0.0074066341434934
-0.316072271960448,-0.50930648794171
-0.0485952375830291,0.7316919233541191
0.1299747183944349,0.126961510154647
-0.0559477598505127,0.0591377480035541
-0.1845420909407607,-0.0008658484298029
0.1300654223051752,-0.2128798441845581
-0.0303790593952495,-0.5860901689281274
0.2714288883000306,0.1157430187975422
0.5281806215806686,0.2699173043910423
0.0881416754985282,0.4071868390896656
0.0730679340988132,-0.1299847232942775
0.2834199549353299,-0.3851061388057538
0.1022638210276212,0.0102440396713376
-0.3501106384270663,-0.4256661184096093
0.1267946594100224,0.1623774224094275
0.3117752115816152,0.1666246604643944
0.3752647187350285,0.3519449347076173
-0.1607224611527107,0.0060444830292413
0.0931825729391928,0.0168914279818343
0.164152260708572,-0.1944491489520892
-0.2270366386087108,-0.0893015569118039
-0.2533301549896247,0.0863699386577322
-0.0997462603943367,-0.150025944136355
-0.169184587970229,-0.0882506485548614
-0.0361773201976971,0.1041853702168839
0.0200755077444401,-0.0033758313080869
-0.3730057860162394,-0.1187263794710434
-0.1346304070113148,-0.0428106960849158
0.2986493672163441,-0.2992326105947031
-0.1471487065480931,-0.1271238932704888
0.2044656761038024,0.1376279839572295
0.3299875853636645,0.1446047765175235
-0.5819351354914789,0.2976425887172036
-0.0071655138814365,0.1120714755662635
-0.3224167985633803,-0.3048085321590981
-0.0233160303094625,0.2386742852961696
-0.1213185846908926,0.0113885032712329
-0.0289610643774225,-0.5253302833786763
-0.1026232299430226,0.0808676292202044
0.4302371972783916,-0.3616630376339926
-0.1093402886568701,-0.2306867448526676
0.1902567132711304,0.1742444874463881
0.1166399727363265,-0.2403515707307782
-0.0247636074649792,0.1087002428641924
-0.3324007769947329,-0.238499983135739
0.0159453283384466,-0.3157207076825138
0.19803490668964,0.0789539207985264
-0.4229243796127109,-0.156446956857173
-0.1422017719419383,0.1707066002059831
-0.1297824237893408,0.2319945276339715
0.0898988001305279,0.029850344067193
0.0783919524244743,0.2583545179567799
-0.0711247958930512,-0.1524963533360352
-0.3638918481871009,-0.3416773352260913
0.0475039414010423,-0.3710073284610221
0.5780358847161085,0.6360233457433964
0.0761316565533618,0.3748871233502078
0.3827418772422101,0.4809701769070829
0.2548242054656872,-0.4556799967902896
0.2793422097360398,-0.0538685944777337
-0.0223471781179096,0.1343465574668232
0.0863639985763554,-0.0909586837126991
-0.1967390756612929,-0.4281108589928809
-0.0207967422790601,0.2064457552838368
0.2640915552766264,-0.0175318485810344
-0.3813990828407807,-0.0431993457259938
0.4063304057484808,0.0960640083207584
-0.184276940573782,0.8698797864833571
0.1973590070417057,0.1554019017971598
0.0582551300403205,-0.2518867205037575
0.1303768982906162,-0.4557077634385697
0.0362802540610971,0.1759056331252293
0.2339343511264452,0.2331479370615995
0.3965954998916192,0.4144904360250072
-0.184466228220784,-0.2201829325685227
-0.1006882670429189,0.0068533501507361
0.0168539257257631,-0.1545715373801979
0.443546448747719,0.2398350824721535
-0.3134769237692466,-0.1848296266331804
-0.1938688801115662,0.0670961859721106
0.0640870778051542,-0.12195534164478
0.0202981758899874,0.3787373254158688
-0.2359716017797357,0.0337690262083539
-0.0244279632397137,-0.024371633290409
-0.2747218356172468,-0.0619091256587848
-0.1715263132694279,-0.1880376215210372
-0.0129746019563745,0.2467040647918825
0.2487873224957729,0.6531010732498297
0.5648158214883435,-0.0473712113113871
-0.3702315249322475,0.0573580663913551
0.1679921875496989,-0.1659885810421247
-0.0520039744546375,0.4323809841949479
0.0417384987638899,0.0071356220771839
0.0717646728633931,0.2415653527120346
0.3402853411868112,0.1040851344049142
-0.066041472185866,0.4627780124528305
0.2123409973137085,0.2900318828796844
-0.2300023684162472,-0.3168444676645431
0.1310894478974853,0.0281770072749369
0.4634386629189903,0.1464765401706858
-0.0275179989415978,-0.0361108101360795
0.2846824248203941,0.3479310356097053
0.0719137215243715,-0.3631936086503696
-0.0336442043475223,0.0064882377580738
0.1227394270627046,0.2627778809685658
-0.0652779555076708,-0.4615119621441214
-0.0836838069538813,-0.0627402750258185
0.0270779808234101,-0.2211776363933489
0.1062458530791433,-0.1330944815112234
0.1565734415395201,0.3734122983242646
-0.3123334847299705,-0.0498667212266581
0.3983381986200157,0.149335887207369
0.1029643217555695,-0.1357984360134365
0.273486903348614,0.2397131452952572
-0.1952434141661924,-0.0413663304567974
-0.0838250079745586,-0.1036048938633976
-0.1267659220597283,-0.7135446009536149
0.1141068462001411,0.315662500940476
-0.1380593802159301,-0.042868287731586
-0.2076926621884554,-0.3726766670489354
0.063343578644716,0.2197340861871146
-0.2232600738863781,-0.106817430435159
0.3721405229589867,0.1823740851336535
0.2301124035330364,0.2521040774125874
-0.0419875031389987,-0.1484486060083001
0.0401547952260791,-0.1185413109105207
-0.0029082839791915,0.014510505022259
0.2208526575580923,-0.1753230872026883
0.0020470939393421,0.0561234286412256
0.1170752609332718,0.3510897188286687
0.1090059655568837,-0.031144287970421
-0.1273579075650537,-0.0826004638918358
0.0645291175680995,0.2159434965042048
0.1411124800769427,0.0998142476030656
-0.1790412548072374,0.3251524233335677
-0.1414532865543486,-0.1910297393290351
0.0096684994900088,0.2395614557912439
0.1614739808580444,-0.1773379427787744
0.0518020642419045,-0.0428403891237679
0.0765145449081593,-0.2074315362828722
-0.0799993854214634,-0.3492144643005748
-0.2891714720752435,-0.0151203096321003
0.440326562065515,-0.1253190105105518
0.0453773101021046,-0.1623476634174763
-0.1971084310245094,0.3033638975049681
0.4185552203018469,0.2468161101729479
-0.3307312249565791,0.270594254379575
0.1467870102573392,-0.0406084092416899
-0.1661454119103333,0.105826168075471
0.1163998157848228,-0.1518709822051839
-0.0934189542811247,0.0978678215305911
0.4248980542394666,0.2499661538895184
0.2156618307398895,0.4830832581627434
-0.3044570354813868,-0.2490748562255933
-0.1038175772905471,0.2284982087588286
0.1755339165321581,-0.0953528962844477
-0.1855016032531298,-0.0859114078332859
0.4928323407133423,0.0093367651186929
0.349674709413832,-0.0999566001256161
0.3157408525537425,0.0169917227551144
0.1808225063374418,-0.1923171829224469
0.155946925990701,0.0417933008657229
0.0510021195210923,-0.1178151391869565
-0.0511885787419813,0.0967263569604018
-0.0439382299160729,-0.3063574107564112
-0.1252880771375038,-0.2551647992724042
-0.229169638106525,-0.2336057568230655
-0.0278156006529159,-0.0071093419108716
0.4790047691259413,0.3258624463930728
-0.3389162689547087,0.0046250391969498
-0.36543436365425,-0.420049738565398
-0.0102872252651827,-0.0381895524206823
-0.2430505772817892,-0.1976818427412427
-0.5844058556981515,0.3611064132988261
0.0399625219437544,-0.3065009983628181
0.1028455856549187,0.3076447473705088
0.1662980484547624,-0.0123577807465446
-0.2490608708774801,0.0767457750395792
-0.1980026803484018,0.0124874442675988
0.1361496572444978,0.3159948112021074
-0.1421667218773929,-0.1071761232611798
-0.0817879449016962,-0.24820318131324
0.1466739769058233,-0.00951521823826
0.2098583969575761,0.3798508019613031
-0.3791648783226105,-0.060445357437861
0.0297600437447325,0.1389110305109458
-0.0239380132469849,0.4643335311869099
0.262624985600694,0.3602411872348007
-0.3339902057044277,0.0099767228356952
0.1135410593748537,0.2329338054514018
0.0996636012654545,0.462661403999401
0.274910121707559,-0.0409729846868695
0.2808953056374849,0.3739205758392193
-0.2478556502871744,-0.1107359459311438
0.2162965423877808,0.3290954328924336
0.0785999546511566,-0.3699980967797668
-0.1544860094075155,-0.5621851705055412
0.4184225158963965,0.2812696777208193
-0.006526762901047,0.0371215658875441
0.3313645538160632,0.4339635641885058
0.0547152783220146,-0.352163283571665
-0.4162139066772653,-0.4259630422921606
0.1132259923861109,0.2741180777215534
-0.285188082797059,-0.1739761941706437
-0.4102339982474151,0.0864066103534546
0.1660624315792203,0.1779946287274758
0.1963351376542664,0.2101889100007281
-0.076456141079485,-0.0520078507255643
-0.2873300802243348,-0.3479902234815434
-0.5297158866587837,-0.3174745734257569
0.2546728091314618,-0.2907826954414859
0.1521709057713202,-0.030361988102009
0.1286946331343599,0.253981560172402
-0.0255410532234112,-0.396393088922454
-0.2915421247050382,-0.2092639381768087
0.4979854691743137,0.290734901180078
0.1043432627921228,-0.0458221542496517
0.2819891401690597,0.00456039621179
0.161756763761771,-0.48431331624817
-0.0806751730947222,-0.1551786130380594
-0.1666638683469558,-0.058969414288758
-0.1477501757529122,-0.2714307505856888
0.2448476163166892,0.2363669928649136
-0.46029876905577,0.4788414559828184
-0.0713447723538348,-0.2749508868436151
0.0307931172050856,-0.0094491326768641
-0.0781110972831359,0.494203335634883
0.2610845444245182,-0.3483831774941127
-0.000479233952249,0.276237108916119
0.2985579758308732,-0.2246704343561598
0.0829871924803531,-0.2396204401017624
-0.011281852590067,0.0445895694963723
0.3219035370184191,-0.0710280003806256
-0.0187452361467571,-0.1388178385663429
0.0308279624917237,-0.0212436123103389
0.0739652937601985,0.2977547447404318
0.1147938104846587,0.0905349225691399
0.3284726644797707,0.0230196069424708
-0.0194658102437309,-0.0658451698482366
-0.1365383410077676,-0.3237032997337776
0.0003805472775994,-0.0042704332441062
0.0892158783094248,0.2868757473854702
0.0083409500422138,-0.1300222739092275
0.5003418089808639,-0.0586445144867122
0.0002482466974131,-0.0781792912403353
-0.1274429076456459,0.014173157700383
-0.3968028590703839,-0.1501322282514235
0.3685642871185356,0.237751389401975
0.1879739440474884,0.2678059154201493
0.0515247383253893,-0.117868159017006
0.4327715835998512,-0.3418426061613621
-0.1996914825962675,-0.2727703046112472
-0.0153434425837765,-0.2075138981362188
0.0491861520174398,0.3975253901185965
0.3707061357342303,0.2747231449351265
0.0518359539719916,-0.2053376203973596
0.0259027662626494,-0.1105350512525902
0.3427182548499224,0.3778243545234584
-0.3954555703482936,-0.1349749942774678
0.024801520824984,0.4756786340599007
-0.3471192475348248,-0.1320275920345873
0.4641600514617591,-0.2443705579035895
-0.3157803196261068,-0.0901653668454493
-0.4665841083393496,-0.3687046687095159
-0.2991408505786359,0.0001614235209816
0.1178978295783733,0.0307806223638799
-0.1718971936653589,-0.1477604177959092
0.2816322995208482,0.1760085679167128
-0.1973964915239146,-0.0629520712138976
-0.1301197795721551,0.1405545808713034
-0.290453454948332,0.1436729541735497
-0.0524717100577478,-0.3197668373831085
-0.7132090338990532,-0.043795686198915
-0.1845875527899167,-0.2299479223395247
-0.2048151347005469,-0.2239663695785478
-0.2634100358874629,-0.4655575879749823
-0.4325695564316014,0.0003482054257113
0.2898037672806427,0.1194930665796045
-0.2993548800820236,-0.5315624529272902
-0.1849380971813936,-0.4814989150881436
0.1427691937288976,0.160204714522129
0.2076036811529914,-0.2122608476374827
-6.230810640189866e-05,-0.2254814894182565
0.644343767070565,0.0776069913929401
0.0664138439827265,0.1293799986482903
-0.3034664779837017,0.09912745701838
-0.1096377429849976,-0.2216911649280032
-0.1080790759111297,-0.6573159417911745
0.2576517673553344,0.3900737024827801
0.151513459203938,0.1551197746939332
-0.4048897745068692,-0.5610495874889895
0.4634628192402379,0.1167016829225866
0.1470521067070793,0.3033067185235878
0.0262330706081641,0.1384317425934021
-0.5644794138100375,-0.4238525937593292
0.2392617609705779,0.0071590565889797
-0.2722224810840702,-0.2117204783316414
0.0969076273091614,0.3068443450032407
-0.0244480428575026,-0.3556241777144568
0.1788445314088508,0.3013662667163775
0.0343733183488105,-0.0500964250156284
-0.0929103310255857,-0.1212726165602273
0.0575976081104537,-0.0421216141172137
-0.2080536224328329,0.1005989028345768
0.3262092974942087,-0.1740940234888682
0.7080530143265167,-0.0734628021869113
0.248008288674281,0.1331674023315033
-0.0054773662629455,-0.1501459337225213
0.3149314179676916,-0.0744910228808191
0.3596875216709537,0.1920423952050379
-0.0136316964629058,0.1752423549415783
0.3318321296648016,-0.2492259582268784
0.2954943231257885,-0.1228557647005755
0.1616788943280945,-0.1662657117054891
-0.3591634299424029,-0.5093819969279711
0.5885893725936766,0.4646161448216606
0.5432794337378964,0.2178765522195277
0.4229782799872412,0.2151520215481438
-0.0802953643107944,-0.2486798130913446
-0.2162732965640176,0.0628401118642375
-0.1213804208543379,0.1019608057579334
0.2346310595168577,-0.0640704320134668
-0.0984026819611682,-0.2232882929810568
-0.0711432611263573,-0.3942127531387164
0.4065510213152646,0.0556553910045298
-0.2524689868227385,0.1599537258161632
0.2490800584842901,0.0777046709088401
-0.1478413652007453,-0.186955892505553
0.2735927848551225,-0.1244377813196598
-0.0955355750775402,0.2123025641459931
0.4141816584473458,0.1685016466319189
-0.3008654870295572,0.2799025088451234
0.0479008343261746,-0.2580433368467387
0.0502796284933119,-0.2154811452561172
-0.053129848113636,0.171990072483442
-0.3571976825311911,-0.2576496094210843
0.1036097649891646,-0.0855881884824105
0.107149678541627,0.0927743294419196
0.2113722610684693,0.3147842897197465
0.1192676420877465,0.1651067807775061
0.3258046772452755,-0.2324369161177837
-0.1522280468621193,0.0431499984087356
-0.3524783686462113,-0.1472744748401045
-0.0380847328228792,-0.1399330953958104
-0.1135796696416485,-0.4044113539886791
-0.273769229875449,0.0191822705533074
-0.2369388589118702,-0.1339226736705435
0.3251757958810377,-0.0734207296969734
-0.1349976715230035,-0.4313964582011251
0.3358517513047284,-0.0201248875811299
0.1237026137702043,0.0610922665848011
-0.2638485779374324,0.0540620249972526
0.2622893908884293,0.1378129714616567
0.1159076903011031,-0.1883768920766553
-0.260625208820353,-0.1525236141554622
-0.0984314971222769,-0.0157339034331487
0.0364251095693289,-0.1085517554708608
0.0369192506757712,0.0346451380360354
-0.0652780565837524,-0.1901162198898532
-0.3819883201292102,-0.4435820463902856
0.0121207549552029,-0.0636205040612484
-0.2051748679730151,-0.0017723654895311
-0.2104570376578592,-0.1734678249586374
0.333671196988825,0.090590203269156
-0.186764983023014,-0.5324436080904813
-0.171256306386585,-0.2560234089416524
-0.0522804888083652,0.1135663956742206
-0.1503093430122973,0.2649008688728236
-0.0029840794370103,-0.0675418889741707
0.2299630317631025,0.4757070962971719
0.0354873746383202,0.0056699771189448
0.0334153571970685,-0.1553193351875535
-0.1920259598141586,-0.0347075652850895
-0.1482146907146758,-0.205836781946119
0.10033375719088,0.265472093321262
-0.1753393268969948,0.0825762829601004
0.2309371576756653,-0.2464736129598066
0.2742521752406975,-0.2136405332326381
0.0937268055047348,0.2656914949772824
0.5232921896575573,0.2658350716537856
0.0346165532753881,-0.4328967965810888
-0.1637578408449176,0.3911814692193776
-0.2392662436120519,-0.59027817445552
0.0155354022222252,0.0679545479782846
-0.2238981462823493,0.1552819264203624
0.1709416707682489,0.4496661330017887
0.3286300120268214,-0.2841001799157303
-0.38616220693024,-0.2378361899428244
-0.2808663113834368,0.2538075925560663
0.1107308084027064,-0.0634298447384584
0.1824397605946845,0.3697640775250058
-0.1352107708144918,0.23661040641802
0.3497107251648877,0.1503117930235139
0.4264615165416442,0.204488381922562
-0.2716633709406338,-0.6086898985511057
0.3210041747059994,-0.2091193118738369
-0.4244955527000246,-0.0036265500438269
0.4906687368651923,-0.2855243672002109
0.2262962198813607,0.0786905282704772
-0.1006516799100856,0.0163716877286652
0.3934701211935947,0.3160855764574732
0.1103930236817405,-0.0972450063500033
0.0889444399600659,0.1598299370540918
0.0543129595455505,-0.2454748250900519
0.4233433682216266,0.1975946170053328
-0.0811413424072057,0.1855065840753055
-0.2180859874527408,0.197518347785616
0.1897200075737958,0.2243807586109161
0.059230345755664,0.4783048370691219
0.4335073109932466,0.1210593467665104
0.1371513363680678,-0.1931086756367573
0.2707550322681734,0.0713170015007631
-0.1674660941445569,-0.2994608702976096
-0.3211513191908604,-0.0161502375290196
0.2326191723232287,-0.0692306495435394
-0.023436701458702,-0.272396587307432
0.2718012865994325,0.3242254566088647
-0.0111166701052832,-0.6945812328955271
0.1448153766241814,-0.3564872924997629
-0.3183588443945162,0.1522118262416222
-0.376124447632734,-0.0404930794141194
0.1191275597566942,-0.1265938159212226
-0.1366466348540418,0.0554900933387159
0.1964664983609285,-0.3318326744344672
-0.2371667480068798,0.206815215048964
0.2968855657051688,-0.1682197628370893
-0.1116092653187923,-0.4455655421834952
0.1564129385702,0.226397635801161
-0.3108381191131156,0.2534646879462429
-0.4029701287512959,-0.194117730850002
0.1743465479351623,0.2091819446847252
-0.0552928540902903,-0.2014672987776583
-0.1092448992657479,0.0906065069078294
0.1113419484033478,-0.1495200780223616
0.1384321390246842,0.3651780338175685
0.0144372868113884,0.011997150206254
0.1584759341260568,-0.0917453428096944
0.2863158650115315,0.1863767213059111
0.2441322011850908,0.0573154375562248
0.2152433454182652,-0.0303195435012798
0.0673366369835903,0.0713206373597363
0.1284162552280488,-0.4285521875584949
0.4107990150672936,0.3297583149571054
-0.1470842812248502,0.0313820607954693
-0.0856529580340294,0.2462870935580149
-0.0095453839989823,0.1393886152661945
0.1282690199184843,0.4583765791278062
0.6723192234079362,-0.073316706426338
0.2329903282193918,-0.1644999745198774
-0.2022813262197998,-0.072994930483783
0.6209154885230622,0.0873615176280233
0.0672279132868439,-0.0182823313556062
0.2237159458024605,-0.1713399037726807
0.042111123769843,0.3689905789734832
-0.0072866749979716,0.2814011869534113
-0.072121156375337,0.0863928279645227
-0.1165936437241231,0.1239477680118006
0.2806034038070698,-0.0741772330451887
-0.2869962760531792,0.1216247140763376
0.5485296218154536,0.1670375850330693
-0.0204001072378343,0.1887524187666253
-0.1418739954917089,0.1869210074720398
0.1685101342712658,0.2095610960349501
-0.2995446072744004,0.2129808101189449
0.0252733525967376,-0.2153221854224573
0.1573164871527983,-0.2831155890174849
-0.2416494515616669,-0.2132632262282857
-0.1508115601490555,0.7188411494638783
0.2217347773975044,-0.1521881635924932
0.1698121234034015,0.2223743710825046
-0.2076461046386673,0.0057985930732606
0.2320197665184123,-0.0121937191086525
0.0521700782067757,0.0486839591843035
0.1739673268198655,-0.3464111447405852
0.2547483102740242,0.1253575855717018
0.0548391739810534,-0.1365305426302726
0.1498113783094293,0.2890698639518925
-0.4676318763542077,-0.1275167254381243
0.1664928751354571,-0.3903280684700353
-0.0836512585365226,0.0402670480233507
0.165527236889563,-0.0384182129926512
-0.1259528844349431,0.1088075914175971
-0.4439573915438103,-0.115568968923851
-0.0752174982050033,-0.169710660863127
0.120566311587888,0.0845820601213058
-0.1351594689978141,-0.146807965885494
0.2574546548680684,0.3027808631763253
-0.1092262023180189,-0.1200382204506951
-0.0529922944907454,-0.3205706559814593
0.089359406918458,-0.468110633875058
-0.3002979316452736,-0.1491720730028929
0.3284145581724261,0.0553985393303384
-0.1691525638625416,-0.1217349977344997
-0.7122738517171497,-0.1466290455846259
0.192735234510241,0.1378929084394091
0.0408409678850023,-0.0783348607203104
-0.1299844065773321,0.2083152325613471
-0.0514668293640298,-0.027889421785287
0.1264385426706761,-0.0022731348761226
0.0562289797677682,-0.1283513732805035
-0.126787811468542,-0.3237635188938076
-0.0558947538656058,-0.1740116618050123
-0.1145437074689369,-0.1254045771868616
0.0015721996245568,0.3093017108066928
-0.3145831803798122,0.152998915443549
0.2932265145030725,-0.2215528344714896
-0.1895599655727468,-0.0482527868802304
0.1079890823968835,0.0110033241637452
-0.1006780381532964,0.135266690910774
0.0923540132698979,-0.0932859967658712
0.3722828283125406,-0.2253089736323744
-0.5536436823392977,0.0705811636921558
-0.1095376905597526,0.4757336089195568
-0.1407266614962394,0.1253072013581032
-0.03534688747558,0.445461433074199
0.1115178872666605,0.0939902809458049
-0.0134664616498883,-0.2209042125760505
0.3042802524973174,-0.097924602536692
0.1081029955894266,-0.0826970862770593
-0.1708827637334528,-0.1179361920482131
-0.3641185734934259,0.13891378551281
-0.2759731130437721,0.1944284367463035
0.5262784632173771,-0.0330231538362767
-0.2128168709569721,0.2143098940694934
-0.0835787473099434,-0.2000809585615582
0.1722749123323185,0.1026528651000661
0.0857060390677716,-0.0769880960627261
0.2912510205353578,-0.1608114994522318
0.2224211645186616,-0.1762575719216799
-0.3456251553086583,0.0766634868259373
0.1215508216906626,0.2288762009133381
0.1702693904595545,0.1894420100552927
0.4271642436595562,-0.0608759159354852
0.2239053611069559,0.1466062371958343
0.1520169372909545,0.3704199797965873
0.3229300174904585,0.082424341321255
-0.0660588356613359,0.0799417623135224
-0.6605549548304176,-0.2549966606410326
0.3673647780333253,0.1924293136288363
0.0970529941085452,-0.0554179297322618
0.0683997655326016,0.2117838649400225
0.1072883961884459,-0.3411957196313735
-0.0747468509568087,0.0316389458865105
0.0375631934672197,-0.2524526341999118
-0.1022421791458816,-0.1039146616370297
-0.159365530756194,-0.1495575399669933
-0.2196531489905499,0.1452945025745976
0.133057673479693,0.1178883855743976
-0.489794820428641,0.5058049278281932
0.4237719964154871,0.2698751548595677
-0.2344937574170283,-0.2865770053550343
-0.0437667999299115,0.1939682946015338
0.2800623830061961,-0.3728183294013724
0.1606025161150449,0.1994665714601757
-0.0010323194332522,0.0281740621709739
0.2306202118132221,0.4407484980308859
0.0102960930708228,0.014199111065146
0.2772825609639586,-0.1230331398767013
-0.0940426304029257,0.4307144705858038
0.2736976188730743,0.0630356591518085
-0.0197718487454248,-0.1053384945304757
-0.2926163185384489,-0.0059979809646127
0.3154992092493658,-0.3649272314506908
-0.3042933947898278,-0.1376893609020352
-0.3789848615925331,0.1738651552781937
0.0155150844601739,0.2255915328727347
-0.6647776703968331,-0.0689696533621075
0.0363180250238298,-0.090136414004537
0.4136076074230062,0.2326514287025398
0.3648494420924034,-0.2303987924293168
0.3175924218251044,-0.1779383456935099
-0.470503971313586,-0.3993435542742042
0.0692236941243852,0.0722569874816581
-0.3886826600841378,-0.1203129733936118
0.2360424539100837,0.0824720238095497
0.3942018314590876,0.0790390421147039
-0.0259412108754305,0.1472956167034798
-0.0002869591554523,0.1316971370576014
-0.0052176090917129,0.0696505785471462
-0.0740906522229831,0.2818602787570585
0.2608931195888728,-0.0204403001815776
-0.2367499164236214,-0.0703650314255862
-0.041185048489636,-0.1027598431929722
0.1672391074856363,0.2073968752430271
-0.2289570060437836,0.3467515120372648
-0.2527640519448373,-0.0168073760601686
-0.1556120694314118,0.5036314814112473
0.1356277480818572,-0.2615207208740976
-0.0087172337483822,-0.1351310102440611
0.0727959605684722,-0.0863371786385336
-0.1691623643895173,-0.2899403422878149
0.0835961288623968,0.2883323759514763
0.1414682570687689,-0.0771671675405919
-0.3605009594965616,-0.5474204864463057
0.0666294812525477,0.2882363370072716
-0.1277851793665466,-0.2754471163598449
0.1028523603128181,0.2449465848565391
0.024114012633869,0.1016874757922281
-0.2435817575768011,0.1085391769160355
0.0586854470256945,0.4158887351593515
0.002787356945622,-0.1249599420929216
-0.020163330355721,-0.0700062582938629
0.3546709183306781,0.0981468738261078
0.6003356200802876,-0.2771372005487195
0.1467891310160098,0.2496515576431241
0.2851455682630437,-0.0909774735834828
0.2907074158343393,-0.2727317706304714
-0.0776502102856233,-0.146990825442271
0.0711344724015142,-0.3509502789607263
-0.044007652622938,0.1494785735256331
0.050798996073343,-0.2278617888576859
-0.2129754932031207,-0.1396474109705104
-0.3187417298718046,-0.0940694612401773
0.2466641611151486,0.0603936309117203
0.1186927003533747,0.440054518988587
-0.2280123740640332,0.5801047028992378
-0.1564601074811388,-0.4562276271087425
-0.3504946501170437,-0.1855379232850311
-0.4741694070932644,0.0155895294051818
-0.4191376291665004,-0.3681978787170782
-0.3916034492668389,-0.4392232771789617
-0.0527243488072738,0.2023189144823561
-0.0747252447738159,-0.5649756270715389
0.1804657149168041,-0.0816043647484057
0.0501597003742588,-0.3110805115830126
0.3581494107180812,0.3425060708683098
0.11552401151012,-0.4976379518384322
-0.2610312750335937,-0.1778501554792593
-0.2109056892312709,-0.0740328515033431
-0.1186696387764201,0.2495104567484037
0.1374207684128359,0.2308637156247486
-0.058230977465831,0.2051685159072108
-0.4561584860835479,-0.1249296887332513
-0.3463030849036509,0.0869546590011793
-0.0109068335004461,0.2747334398249608
0.4487474266641469,0.2195834437896239
0.0149779149464251,0.0202720736578456
-0.2075468857027521,-0.191336939306166
-0.1404490635863455,0.0795674459026353
-0.2615483035274802,0.2142367471617375
0.0771083009985071,0.0117238299159162
-0.6755796296134354,-0.1525275665963324
0.0470689668317606,0.0104756749547034
-0.5122249997889627,-0.2033945872538437
-0.1081537489414504,0.3546017858461651
0.5005687061454465,0.0503575067907081
0.1036987188193012,-0.228289271915957
-0.4165098001087575,0.1853190358494645
0.1437516372047823,0.2491554360807373
-0.1680252780310326,0.3265025761796815
0.3643832887301137,-0.1408945442662557
-0.1157597666288081,-0.307289076579406
0.3429099282506744,0.0255075042263177
0.0387735774990831,0.2019555177081149
0.3420862737237931,0.303611231778095
-0.4207776146943846,0.3166345442654163
0.0941336053836505,0.0505378190755321
-0.2764201598909127,-0.2504486627628451
0.1251937180416132,-0.0491206261384239
0.2444350896773214,0.4451355356506491
-0.3401074940165948,-0.288263194227297
-0.2375833465112499,-0.1569766223256454
0.0611227230739326,-0.081107714969644
0.263386727992059,0.456939231729349
-0.2034572740120641,0.2972428430391208
-0.1390627558994226,0.474547832886303
-0.579672177281905,-0.2428940113134368
0.0383370421298649,-0.2838290350178019
-0.2080789064184018,0.1769681610602874
0.0458914996697398,-0.0545060515192813
0.323931718049414,-0.2466834362068025
-0.1383476035117843,0.30144485423807
0.1990647879749748,-0.030186062807577
-0.1303320980935117,-0.0956368514093211
-0.2505587312277418,-0.2774086384522743
-0.1168094280541138,-0.0857595247993473
-0.3521527280378558,0.1918379194253201
0.3231244342984439,-0.0685900247265271
0.5083918378019618,0.4899679127366825
0.0921817944304594,0.0272544132587753
0.2501885090381506,0.2391173630505151
0.4007071769319307,0.2279952641215159
-0.0022969680187678,-0.2927818964545309
-0.1108121648120187,0.2923125520413706
-0.0045224740740924,-0.4110109540455943
-0.0377287165979876,0.0642750384485216
0.0385391684305932,-0.0653124555825915
0.1434770214659446,-0.1984764499325081
0.1946121412035413,0.4569656108360553
0.0063277343100171,-0.2405848271590779
0.3407540388766891,-0.1772137102290868
-0.387014305884671,-0.0339676549030536
-0.3366601828375736,-0.1529247779838054
-0.3240628626662948,0.4080387650421799
-0.4707984695128656,-0.204268768068444
-0.0375886430266509,0.2093168890550267
0.1529506940029786,-0.1000581260816055
-0.1917223095477019,-0.0893411954557327
-0.216746703964235,-0.0604863316721021
0.1931255770631488,-0.0616350388117302
0.3924707150311843,-0.1199159759558945
0.4563687298572905,0.0865823295728908
0.3716665733206727,0.3818822126559664
-0.0590753991933204,0.0594386245738317
-0.2860263008117231,0.530998386876158
-0.2824405755052945,0.2949061163741671
0.2628519125335558,-0.2190866642596003
-0.0736776718333533,-0.0398112846963404
0.6685511897041185,0.3950653277268329
0.1154240162455091,0.1991961554043962
0.1883568416513911,-0.1662754503025066
0.1014608371519357,-0.3221239299743826
0.6736780687229024,0.2104254966588581
0.1077428392561977,-0.4434686535131559
-0.1645302487081891,-0.3523887736398171
-0.1616406498632409,0.2137212079859978
-0.4014292679008115,-0.1706361834794374
-0.0501573914497902,-0.0897146976154032
0.327081200490425,-0.2000396024489165
0.0626779687542644,0.2034831451777347
-0.0005875465305468,0.2236040890720874
0.1372824142149813,0.3235009740383184
-0.240944844966484,0.1094500586220555
0.5119507508484795,0.429375313868872
-0.2712134565668197,-0.1444541639000754
0.2100678242054517,-0.0685148128085193
0.0319200298632527,-0.1523000346860367
0.0596311425326919,-0.2996017616312282
-0.2158270240654819,0.612143479159894
0.2373332410695623,-0.0361155354183862
0.0155286806115788,0.3332041164125131
0.0096746257658333,-0.0573811019904735
0.2099942145175356,-0.0510771288928083
-0.1229677706060147,0.2605009349562624
-0.4804681534361682,-0.2833266658327534
-0.3243473550587382,0.112958392958342
-0.595443470520216,-0.5056146578510646
-0.1245155576580719,-0.046313376367564
-0.1329663510123404,0.0154113260943762
-0.3893774537874205,-0.2003427640465244
-0.0859059102770754,0.2870638065607486
0.1277763587822932,0.0739499066621817
0.191487018371965,0.4664180098567289
0.1343157880569001,-0.0800107145253384
-0.0644920386937876,0.3310931687923883
-0.0377624634251194,-0.4450776234035637
-0.1485179851545785,-0.0373921322117241
0.078815702182212,0.1876263834002444
-0.1552995645560198,0.0410938167517611
-0.228487818866236,0.0362906541444568
-0.0647094230565936,0.1454457492710968
-0.2737459541974638,-0.4706427281821562
-0.5127398879336038,0.513112730334199
0.2166983692522221,0.0260158259269708
0.5505219954470418,0.5447500172080141
0.1907098984139482,0.3449387029565754
0.2994113033978696,-0.2009801830018912
-0.4548345542556993,-0.1297009433930651
-0.0214623291052633,0.1766852725871661
0.4032393732049261,-0.0558153111956214
-0.286877639909293,-0.0211933130137215
0.4474816468057675,-0.1275200315858525
0.1384728385451367,-0.0163050005139206
0.0199098243397732,-0.0289782758228023
-0.2590192159239872,-0.5045444091932154
0.2234655138237233,-0.4844435321050236
-0.1910993382362393,-0.3487693580487699
0.2095710874158161,-0.3012612613366205
0.0551015688385616,-0.3360028816637411
0.2814884384177954,-0.4133239586074475
-0.1859627267454806,-0.3873006156967599
0.1677940659539401,-0.2742036807869488
0.3444317536044171,0.112960907515008
-0.0823370975956098,-0.1056586362382631
0.3030968516396429,0.0963546724791396
-0.3462487811951185,-0.094102055841199
0.1632563782644223,-0.4326367978525979
0.2624221666278753,0.1274208102336337
-0.1956141219638036,-0.1144570174623612
0.4555677926945591,0.1398117117209557
-0.4275351253984458,0.2689535710967695
-0.2440432466210609,-0.5584075725956602
-0.2922132045685962,0.1651323190984601
-0.2090403752332391,0.1415083247121767
0.451039648907335,-0.1440516613904728
0.0994130140779321,-0.0438271463589687
0.0745952602871071,-0.0877796221341997
-0.2589116188515891,-0.0939250828742922
-0.3625693901448629,-0.2703301009235861
0.1297238043376934,-0.2619374712466725
-0.1725463793748698,0.0217438808837144
0.0084977166690948,0.1943055688335806
0.2788530926558058,0.0485092096141015
-0.0001219533072103,-0.0519512774546818
0.0089125213355273,-0.0686344182825995
0.247805245074984,-0.2480388700596018
0.3213381004237434,0.0752735827778451
0.2017089804501315,-0.1875005863390642
0.0646386390780953,-0.1951521257860715
0.4646852593475826,0.1909484482161605
0.1269360242908044,-0.0311906695811607
-0.0130280242273564,0.0792380587763352
-0.2356900459291474,-0.1841917451314197
0.0934274890040069,0.2072518898751774
-0.5174776840443481,-0.3621647234656159
-0.2152883000199313,0.0192007708508989
0.1647387641813134,0.0978041543440169
0.1918178816365241,0.2580816941324007
0.2944007868475455,0.010079492751053
0.3861762785099676,-0.0052674338244971
0.0766807662048468,-0.1388030285617814
0.1432987253998784,0.0349391965208549
0.0653184589519783,-0.2864480924515964
-0.1327784974472374,0.099723664683697
-0.1203011792194194,0.0163800927186838
-0.0909623494959003,-0.0687458939264659
-0.1066342379339947,0.2730325758483833
0.0607708115008888,0.0972694384479217
-0.0431207914226223,0.002410595261391
-0.4935247770144595,0.1345250096935869
-0.2179469897774668,-0.0891321523067831
0.0588163491669806,0.0487895313501748
0.1291072098089837,-0.0273301916409405
-0.5321793445614127,-0.1717630142959255
0.2165941191440709,-0.1770973463054229
-0.1017709323252684,0.5134436097526303
0.1868111382586928,0.2838520246440337
-0.3738953084151094,-0.2554544082221335
0.0276777804613742,-0.3994848952560036
0.3907916872787795,0.045448178621003
-0.1369773243173176,-0.0198075291835938
0.438178765137338,0.2331626790509023
0.1969483734853607,0.1187038699515147
0.2445660492284092,-0.2568647024692451
-0.2828753719632725,-0.370025937387005
0.2801838079966623,0.3604734350650512
-0.0190015360346648,0.0852065105634417
0.0268233843253147,-0.4889302551716719
-0.0827784126113217,-0.1903427564831056
-0.0292267971230252,0.2832457952683717
0.7949783668671025,0.1753381359142917
-0.4885983517808982,-0.0576068173318324
-0.1054128180456157,0.2173307614916096
0.0856116867010093,0.2874616624954644
0.0816583916526436,0.2599486324641163
-0.2015600689833026,-0.0934956667026385
-0.3702738142132594,0.1410740561803753
-0.1671549639112629,-0.0115635272573963
-0.0208729964527239,0.1171660839660723
0.1000398479032037,-0.2704292375247447
0.3160373606915696,0.086152008774966
0.5356660316032429,0.0976157729381785
0.0628386559616599,-0.1032964638675418
0.0244734555034205,0.0723142081240795
-0.0693850653585713,-0.3420896132278369
0.3455530042369856,0.1198616936754556
-0.1672130527403823,-0.2003882425828722
0.7536013276727305,0.1707489814743449
0.8146474907715695,0.2376535739052702
-0.0903572372835342,-0.0235527876822195
0.0059122585444925,0.1191637988898925
-0.195952788235106,-0.322888186192971
0.3815847770650332,0.2292545517545194
0.124454131214321,0.1971582856704329
0.2306585376103174,-0.1110641220930321
-0.1844044438662143,0.1121067310567015
0.1221289747039227,0.2871363076025327
-0.4035680147369694,0.0819972740382277
0.1303679694211791,0.2082059090373743
0.1467643650821484,0.2006676624086177
0.0936219852573962,0.0154630682718419
0.1523156959308179,-0.0291262533894971
-0.1290392751728873,0.2918409974966852
-0.2861558728645165,0.0744028290626151
-0.2769621426846976,0.246016620873927
-0.0139406758847119,-0.0561183485304959
0.645341166826519,-0.1439243169417025
-0.1197615830958833,-0.1175097194933117
-0.1002420128250816,-0.2320776183858658
0.1103428816238913,0.2928217789757325
-0.2863733529729286,0.1949941758313275
0.1010492861965117,0.148024082277835
0.2632037255572286,0.0980649635580836
0.356076936568684,0.0375056844977918
0.1916420761260028,0.0058714804854727
0.3546538381003485,-0.1643897353769091
0.2289684986580836,0.2553749757611091
-0.1111804656501783,-0.3633451469586453
-0.3468968427606573,-0.1134118601736102
0.4452068894812034,-0.2293443757557327
0.1022392427485711,0.325491624785454
0.0038654507960049,-0.0228264718340592
-0.2504024009356399,0.2755541465427604
0.0089365516305546,-0.1748893235751444
-0.0115356142426884,-0.1579231790429972
0.1731984001225152,0.2308284947234691
0.0975163290407116,0.0241134452378373
0.3570593188392651,0.2747460489166719
-0.0793299050246868,0.1809799389553105
-0.356990512334758,-0.2973486242767927
-0.168400581775625,-0.6035361288303343
-0.0241738645810539,-0.0865650739695765
-0.6404781161677625,-0.1863532929818494
-0.2150265496818464,-0.1257348639496279
0.1802183612830716,0.0323912900327392
0.1750635252581248,0.1811745218381505
0.2858479778542964,0.0757632507172267
-0.0783698095743041,-0.1811659820175582
-0.1202005293168907,-0.3659069711861521
0.0833748638016419,0.1622106788380324
-0.0570164925737072,-0.3487457095580041
-0.0962700199288012,0.2300847553613294
-0.3445538324208685,-0.3985597254779758
-0.0509637815788735,-0.0870702745289258
-0.1019016589310249,0.1943608453059842
-0.1623044176369613,0.0575233513612735
-0.0152089959169699,-0.0198344858501489
-0.0263483797857171,0.277558291962378
0.081004572929044,0.0516524236180324
-0.3777077591599194,-0.2017493169090878
-0.0251268813147457,-0.1230791661296095
-0.5620190641257933,-0.0158556616859169
-0.1590020829121307,-0.0648633491366525
-0.2354022362910982,0.1616696945379826
-0.168677946485974,-0.0736220458816486
0.160702211003504,-0.5577526765402325
-0.2873538430631551,-0.2780369752765228
-0.157892876465124,-0.2123376546845282
-0.048133900652501,0.2133995547939684
0.0512426942656507,0.5865654516293217
0.5032005937617264,-0.0107701709183659
0.0359507755793779,-0.3506201586362427
-0.2943135932287992,0.0879770275162769
-0.1864050518815574,-0.1284331362331037
-0.4242117067692152,-0.388465532393919
0.45324537049984,-0.0245356021222683
0.1620333271601066,0.2719526443445359
-0.4149231862668142,0.3833946590030987
-0.0305935887346525,-0.001484812140011
0.146562145231663,0.043723580016526
0.1140833758795598,-0.3956849185330063
0.2041536945316668,-0.2311946606379667
0.1881056400761675,-0.1002224695984848
-0.2706631749742774,0.2601545318798319
0.0403612707702331,-0.0797061207835472
0.3926924999811061,0.0425397732431243
-0.1419797138405504,-0.3238706924718264
0.1846971898187518,-0.094229375768875
0.207210367773419,0.2673070079992607
-0.0492840266304134,-0.0912443376384243
0.1984011094147938,0.027174560685235
-0.0523529212046931,0.0856998435034738
0.3106599616525887,-0.2359928287938314
-0.1277945799391764,-0.0614255188688834
0.1642037740809889,-0.0944228764715046
-0.3013545615770061,-0.5993514625451432
-0.1314645044777749,0.0746935143484862
0.2337366422209341,-0.3544524943158541
0.0600739248265707,-0.2809601411350154
0.3763676758617703,-0.1343541291702442
0.0124566073963122,0.1063004331078396
-0.0124183239386524,-0.2477128409401247
-0.4606734696294914,0.1584455987043629
0.0854916935100129,-0.1977361251251219
-0.8135655562299738,-0.741308533052648
0.1869891145683834,-0.2524544834809304
0.1723713897802785,-0.0596581708841872
0.3777043192913811,0.1964536432375682
0.2900740867734021,-0.0203131905671068
0.277563251489391,-0.3880799138687835
0.1045294540251445,0.2273671787523809
0.0478428163189728,-0.1648301100008818
0.2466730736124651,-0.1033755273551556
-0.0516272581950721,-0.0340335558142804
-0.4343715052558888,0.067411756996486
-0.0592547527463244,-0.0646202020221298
0.2850484181049197,-0.0699555126158472
0.1498089863896022,0.3274940882710476
0.6666241835715266,0.3602387179608863
0.050145717799277,-0.4274092292268784
-0.2681378605426138,-0.5087455456934727
-0.1380915314972457,-0.1690431110632589
-0.120512370946314,0.1407617264674364
-0.2483719880863473,0.2505513660109073
0.3798787172271093,0.3045017392019173
-0.3828077202312739,-0.3779660937130416
0.0153162299705191,0.2362078236579459
0.0047590701883731,0.2759851742685188
-0.1186810419583857,0.3014215922944601
0.2409488053148477,-0.0174220446934537
-0.0674206424214028,-0.0966510739842759
-0.2584178755709496,0.1863905992781702
0.1393084833019957,-0.0686302768138548
0.0116133975974951,-0.0806255330583188
0.3345984943271808,0.4476050885297732
0.0726242057519968,0.049150482576309
0.5588437840274968,-0.0047719282763648
-0.3973988423109441,0.0162752421194687
-0.0282582825809979,0.0892611446712905
-0.1596537970712399,-0.0649047098103233
0.1784337737765081,-0.0368049653805411
0.0449719227026606,-0.0449050149448736
0.1391865392963421,0.026021295536405
-0.0060399311918042,0.2729445824107567
0.1242714236550488,-0.6855549340198137
-0.0049172272723471,-0.1105710508382125
0.0150591612180684,-0.086200892678586
0.1441588254761801,-0.1370046288687912
0.1240842772940747,0.1645500939511552
0.4732693884061046,0.1638765436601512
-0.1015672580975814,-0.200293912237562
-0.0340690191698386,0.01174244573966
0.5628753847503779,0.2406314495299588
0.1656472952151342,-0.0631926043628781
-0.2874211877174737,-0.1029615300613697
0.0130936294272257,-0.2879297634343383
0.0755338984377804,0.0472553222594025
-0.3503942904389129,-0.2665209857920989
-0.6006642533069153,-0.7331757454921015
-0.0391552615217812,0.2956914100429796
0.129754205599443,-0.2595552447993767
-0.0101439957055832,0.2603194648875946
0.0908420021545873,-0.1152632027824281
0.562282568522298,0.3002159312864511
0.1225731169418474,0.0536699629551808
0.3281332895951609,0.067035708899973
-0.0623381093661972,-0.1648125386791571
-0.0034214441219264,0.1118536426044817
-0.0524942254296107,-0.0701795669499731
-0.0783066730658477,-0.1192958798939349
-0.3322434100802784,0.0990980351746777
-0.1949583027701744,-0.3500956390429281
0.2108028607368985,0.2235471993680384
-0.4352077508906837,0.3551647691251859
-0.1669104949791536,0.0898933952381589
0.2738781465865426,-0.1928988814767836
-0.0081819603104857,0.1879797538694988
0.0758692220675665,-0.184280622133796
0.1335876482993631,-0.0389911045064788
-0.3268331650936534,0.2050056122614768
-0.0397542685557729,0.054644445635209
-0.1558117120395004,0.0617871049284812
0.0113968095468702,-0.2133463182909961
-0.4002964317129103,-0.1199803200684935
-0.081331505269032,-0.0279499592325762
0.133536475564135,-0.16567051718765
-0.2188529525570605,-0.3829709810705951
0.10500400002896,-0.0729035413837549
0.0047462582361476,-0.0460353485423538
-0.2563833934179352,0.1413165696586462
0.2329529863841806,0.036781209983758
0.0897236958298256,0.3166809294108921
-0.1421804382445572,-0.1915943032344542
0.0665317504981434,-0.4615301550907775
-0.1540890445805136,0.0872825325461241
-0.2328941306855405,0.1167110278082062
-0.0107870689981874,0.0252396569353648
-0.2291817005919225,0.1924000393784724
0.0546662287168098,0.3262351489132022
-0.0760353543720978,-0.0802376687338601
-0.2844132339978194,-0.2843514937040343
0.149298144238575,0.0642642882146951
0.4910592682169485,0.1818166706922248
-0.1176268043946795,-0.1140536065538157
0.3466075786888609,0.1405690835615535
0.1615420563304146,-0.1171259288733712
-0.3709906366764862,-0.3182252669079035
-0.3906919774246644,0.0107173283854209
0.2362286282903623,0.0907302499298635
-0.5319444824130009,-0.1454739658123321
0.1850546600649779,-0.1098057969879486
0.1351557677446644,0.0713178790415888
-0.1908752571853806,0.1723598905889284
-0.0397795046441773,-0.4365733783932875
0.0026615287152883,-0.0068815164365067
0.1738740605138124,0.4160209167817488
-0.013468047782662,-0.240580001348703
0.2384610095230589,0.4489700903275129
-0.004660574921306,-0.0599952347264516
0.0819880144308923,-0.2534755679231988
0.2344664616372471,0.2418905343122245
-0.0736421090429313,-0.3749994485891638
-0.4124774539433575,-0.1855020832653594
0.1368921107774442,0.2061452387769963
0.2305773406786046,-0.2005619603753646
0.0149640546884678,-0.0919553769618678
-0.3509133115605995,-0.079041597911029
0.2290600539267619,0.1041529474804627
-0.199791270208347,-0.3242003023967261
-0.1823635062461668,0.1906979843873949
0.2264067988065523,0.1765203558271291
0.0725736435609168,0.0162608498230797
0.0254967210643389,0.0040070031990391
0.5251542204896695,-0.0103736798842489
-0.083848501001078,-0.1039288227204811
-0.2547488191745906,-0.2177610887864573
0.2928257637179786,0.201162868999651
0.2183858082534989,-0.1737620031697392
0.0875547553779221,0.0024617049864058
-0.0969080423831751,0.0559544477669014
-0.0719282429153814,0.1984809760476958
-0.0556752842590707,-0.298720819742752
0.4566419682450927,0.2418723171070338
0.299232280437514,-0.0723250616028168
-0.0182763609590321,0.0759669452820821
0.1017093502726949,0.4033220480194648
0.1387076843073975,-0.1550003045828026
-0.3855993921490664,0.5208289079014268
-0.0256701458978034,-0.1886087807362064
-0.001065241829304,-0.4011316016030405
0.0730324080015792,-0.026570206206833
-0.3830244630753605,0.0544653760102259
-0.0932269763442584,0.0876639789088502
-0.2247800960279271,-0.154074959511561
-0.262750435394519,0.2176215835953365
0.1375878606271023,0.1477730397274238
-0.2881081774637267,0.4692914689347839
-0.2897729125782505,-0.1299176186091849
0.3162546577596527,-0.1059401921804049
-0.0372014420253011,-0.1576432923593891
0.2244875430900103,0.1505132449083197
0.1508073157348463,-0.4381002708772668
-0.0303427321015148,-0.1605189748792068
0.030525276379575,-0.0947040991348246
-0.1073657081769539,0.0806886123768964
0.3355856815005603,-0.2074890653176745
-0.3085319939181758,-0.0884930890833076
0.1074775794528101,-0.2391991694043209
-0.0346649501377886,-0.0687022680143522
-0.4578695381208653,0.3448455524207324
0.732026021415549,-0.3103342378022768
-0.2859278630969818,-0.1585398267149478
-0.1724413561550471,0.0141969142301916
0.1179525247536872,0.1914893887182788
0.0492387134476862,0.189114728333908
0.0778640690458001,0.5192834849284637
0.2416090704410194,0.1140286965367185
-0.3376165783731735,-0.1400837327009322
-0.2888425154481879,0.1594899468778773
-0.0506727387402059,-0.4849271851693003
-0.1806201190432608,-0.1907122483883435
-0.234291043191944,-0.3155268118575864
0.2315439525618733,-0.0974911795890915
-0.1101929778232869,-0.1779099232501799
-0.0734750713980657,0.0475939148583893
0.2514693214870449,0.4067939253888079
0.2585387311281685,0.3324946880794664
0.2414885842108111,0.0998572712444076
0.5558465950209801,-0.1149737144456624
0.4901381242006803,-0.0292700531106377
0.2921428800936942,0.0434882149205282
-0.0935746209390273,0.152687350055863
-0.2684858706700931,-0.2192331476512651
0.0254509145905734,0.1040598423819444
0.3629494241917263,0.100195538357519
-0.1664186624513987,-0.2169858992003613
0.1867376903231822,-0.0465565697383564
-0.5083857684320455,-0.2055232898046728
-0.1849656103772743,0.347389887040615
0.3493978288558446,0.1342779758138838
0.2432606644436181,0.3328567298183656
0.3238027715128672,-0.0115807562399786
-0.3174790266621059,-0.0593213545052151
0.039137658625136,-0.100538144074264
0.0291767701964496,-0.1042985542602507
0.3687604237389776,0.2403892017260467
-0.152043368786053,0.1737031233535334
0.2957747052516145,-0.1279657769490153
0.1885613882877352,0.2256656053127852
0.0165481977412549,0.0543833705526333
0.4082675388964383,0.3493711598481089
0.0900783512772176,-0.3305972019276663
-0.2010328996197723,-0.1646570902741746
0.0557198760773189,-0.0622449882759206
-0.0748808361556142,-0.1158138680303587
0.2296987749293702,-0.1033897455712961
-0.0800270068085359,0.2176506574762696
0.2393129246576223,-0.2145285999518784
0.2107109854029374,0.1536043040471824
0.1967042432320223,0.2098934937404418
0.2767714249821547,0.6607143156499181
0.1005894825845045,0.1259335540111909
0.0812831107646407,-0.220062613090047
-0.1178040094010415,-0.5830964484410491
-0.0517550367431739,-0.3186689867010007
-0.382893899722856,0.292383438402822
0.1216646984458455,0.009066870402632
-0.2390123353605629,-0.1315822748440373
-0.2510437270926088,-0.4327847999037027
0.397689586123752,0.2835048862168758
0.1500192322394954,0.1705391198331157
0.3804098735902517,0.3177252912632504
0.0031854310105335,0.0985743289137329
0.1817397103556628,0.456954313292701
-0.0192036929167135,0.0398219454609476
-0.2005972105920951,-0.2838152217873632
-0.0754686549802373,-0.7734129712168656
0.250551892235345,-0.1234714566199474
0.3776929941267896,-0.0261888498107974
0.0111906524286899,-0.1167112796717411
0.1305013958048882,-0.30556898866953
-0.0648944922922211,-0.4597319248312344
0.0756237849732527,0.1190050806646478
-0.0675958940273667,0.4536029667056923
0.1209642532712955,-0.2011367878891491
0.1056734444866504,0.0208735765774695
0.6054834913075643,-0.0742729708302679
0.1429511542910155,0.0135773750547155
-0.0151337473265996,-0.1805138563640622
0.0031850309229163,-0.0209968504699927
-0.2039697422794918,0.2038685376131137
0.2007232549140334,0.0345289156810181
-0.3113238390577487,-0.2198282841964119
-0.3480003425974483,-0.1117421991705969
0.367206116125136,0.1846079679016262
0.3173992644232004,-0.7873147214265823
0.2884568430281861,0.1230735090117606
-0.391783136959135,-0.392327616426758
-0.5152334543548763,-0.3120240338841826
-0.1755050351129694,-0.212164719924824
-0.3164411382684859,-0.082915130391044
-0.0384066423712025,0.0262367685991903
0.0858072850114503,0.1460623537028695
-0.3427984853683996,-0.0464453251315368
-0.2539719878562296,0.0018423545606079
0.2292372519314687,0.3350024444418161
-0.7243838888262529,-0.2946283561687461
-0.0566444916120401,-0.1276059441271237
0.0940584608229895,0.059449796332974
0.2370235247774614,-0.5560517422847536
-0.0886506733860523,-0.0402339230360137
0.2075926127267427,-0.1274046610533261
0.3531497630521589,0.166383685800167
-0.398484266775064,-0.0114303754047111
0.4010854132252983,0.1098437876975608
-0.0818585005078938,0.0106016261617497
-0.5066823375102226,-0.3541253215487159
-0.2878966357181963,-0.194317447507155
-0.0463957343397384,0.3422361432741742
-0.0722499848815064,-0.2606856699351865
-0.0734681238068984,-0.1480965445216632
-0.0428971640884108,-0.2535962669738882
0.3354086188709057,0.1837240991264669
-0.2520136466024517,-0.1179588337318201
-0.2714406158695995,-0.0435800712425368
0.0677902730102126,-0.1883400553225582
0.0633328057081742,-0.1684247256090759
-0.6070073258286284,0.055057409932594
-0.4217713167114062,-0.0508311932354999
0.2423849321461136,0.0798080549898106
0.0177790654726798,0.3956971799302723
0.1344196633618559,0.4121675875330522
0.4162755388172092,0.1313176840807942
-0.1629038693160792,-0.8112953771416151
-0.0265325796907604,-0.0698922032383109
0.1895887465832313,-0.0982159618230064
-0.0682865420589509,-0.1255731119920618
0.034871364629871,0.1743063054055515
-0.3525321838591924,-0.3326721560845372
0.0596237986522026,0.3896929539438286
0.0741337186115783,0.065425628709416
-0.3628173784279225,-0.1632743141690403
-0.2286465202171459,-0.5041864028093048
-0.099692852300401,0.2158764448560526
-0.2123960226957335,0.0553497382619036
-0.0186853606123804,-0.1640696321620285
-0.5734005968392742,0.0948327947750219
-0.1657195916920611,0.3675478822664667
-0.0094628033180786,-0.2044400021518395
0.1233670275245785,0.4318155693990583
0.1459769128821331,-0.273740419830039
-0.3335722838236399,-0.2293702637261872
-0.0012344923759847,-0.2197779419188037
0.1336356041781823,0.04436722694422
0.1784848096402838,-0.1394688149178575
-0.1070840149420307,-0.1698058371991269
-0.3117391304585479,-0.0897510446748361
0.8256496866471784,0.2383280009612304
0.9209154505510676,-0.2880228150107
0.0146417874611236,-0.3812004643773299
0.1068302522834041,-0.0097620922087909
0.0989026232798048,0.1010403622644139
0.0207336718282595,-0.2326730669345172
0.0957064113546499,0.2819972371628256
-0.1524199429102472,0.1793037715292989
0.0817189525437573,-0.4133063028544589
0.0672567918221633,0.0950321443658631
0.2360924681680848,-0.0651303923655532
0.1349479533713144,0.1704038601489597
0.0268579452511516,-0.0192112973309805
-0.3565259036710164,0.2093378543503686
0.0161815888064539,-0.2337106170835932
-0.3939026511691131,-0.0818715826805539
0.635649031108619,0.0951920473675985
-0.0118359267914528,0.3223239874264085
0.2212353252222557,0.007946350840387
0.0975963907645177,-0.0195795202693468
-0.013108964537316,-0.2609736444837492
0.4008795274202037,-0.2781169140583686
-0.3772338548368262,-0.5595186193052005
-0.3010434505236322,-0.2156820332510581
-0.4456475653767009,0.0133684867215153
0.2228544222758908,-0.2581481359809381
-0.465857562648531,-0.2129760002425004
0.0901989037773168,0.1643649708865027
0.4626851379559631,0.4264096363116144
-0.1219464116553951,-0.3833452529214167
0.0582529210038663,0.1309481540408139
0.2389891235888126,-0.0567582706273477
-0.0397711916926383,0.0571112669407938
0.6354745613323383,0.1403614758600207
0.6796688373746782,0.6101928491945063
0.1605736833322826,-0.022341987997895
-0.2089755465478786,-0.0563529945249192
-0.0281726829011354,-0.1323535812806945
0.1353279757566789,-0.3309581063275015
0.0086880235627887,-0.0433325850245933
0.1967109186873913,0.095448959666085
0.0449487874037727,0.1128975175121252
-0.2772394330094168,-0.3051962522626748
0.4023257950740462,-0.0138295461458058
-0.3318626537951281,-0.2432459293724077
-0.1152344227055372,-0.1836497261232205
0.5587370573709304,-0.138587701613691
-0.3282300864396599,-0.527990848975405
-0.0385860049430046,-0.3559457446570082
5.661348211452151e-05,0.5846285284604444
-0.0630346390618257,-0.1151756104489288
-0.2214303178918468,-0.1937192625553478
0.2241557640275561,0.4044171631475445
-0.129592813612839,-0.3475803675476442
0.1478875677439805,-0.1096258153089269
-0.5751124511124408,-0.1895229433899495
-0.3233381480791322,-0.1947021515031347
-0.2633424166827549,-0.1817301631702919
0.1166262509184494,0.0204738480588019
-0.1448297089264912,0.0172070721530523
0.45715976049947,0.2959865730871461
0.3736664164135374,0.2561567751162661
0.5010210137525657,-0.0094765528033398
0.0016667441687242,0.0332706814658312
-0.061725290655595,0.2094565945835575
-0.3077099106571977,-0.1096568279600008
0.1480083588796092,-0.3424645157165788
-0.2227354896785288,0.1285263947021336
-0.0292769704595081,-0.4608083757691337
-0.3334074360339801,0.0866699766152137
0.1847166115029999,0.4478286186055689
0.4837578495625713,-0.2904481176826172
-0.2787847733580312,-0.2482441387826649
-0.0192856824369404,-0.1493410950901084
0.32697218981597,-0.1637169622884886
0.027554311139772,0.3423977608489406
-0.2197063338277829,-0.2344985567581447
-0.0468401117788063,0.0484077364110492
-0.3145678616814794,-0.1183036566103781
-0.0131529990921996,-0.0130543526972705
-0.2325697286917553,0.1936803424092709
-0.2952063725310222,-0.1066863025012359
0.0152939475141922,-0.1988895951914708
-0.0651276512212838,-0.2915525143513711
0.1265712461259689,0.3078937112891474
0.0660241140710406,0.0725630086260956
-0.4506356188195167,-0.2071615791211164
-0.1010276579771347,0.2006149949025152
-0.2245639365447167,0.0504099767496381
-0.1093995804647059,0.0932213777487718
0.1364606041894504,-0.2287879883354026
-0.3043568319196526,-0.2435432967652899
-0.2849746399101077,-0.202178083787117
-0.0928129741545802,0.1369511202302171
-0.2457952051926513,-0.0851829855845137
0.3873391312291901,0.1115803802529593
-0.2151975217228252,-0.3202897870927224
0.5186419534599798,0.5362695725327269
-0.446565808475567,-0.2676583287651087
-0.0118159820713051,0.1628239996862235
-0.0536256987769155,0.2640132938723982
0.0151476601340213,-0.0150396300174271
-0.3350836033567083,-0.0523998910095258
0.5463520493232368,0.351579904686528
0.2827882020573365,0.3905753892786303
0.2050629269112706,0.2868820233505896
-0.0585942427548236,0.4538296973082958
0.06370188548095,-0.2920712421797415
-0.1721362400899198,0.2556181043656337
-0.3066023514657103,-0.0352969118378284
0.4479642005730606,0.2361309865951134
0.1821785067933066,-0.1562926557687947
0.0157357856227214,0.0186502958888934
-0.1853203815399641,-0.1357544374114091
0.2771786647005695,0.308915064478258
-0.2506545189489397,-0.1589273193973042
0.164180767250022,0.0997675933068066
0.0620818197461074,0.2611705376791892
0.030526890412728,0.4570375596067804
0.2782769827825106,0.112697632486329
-0.1046064005308057,-0.1245950487029806
0.1999366615244933,-0.1524259325360327
-0.3839663539662193,-0.2344783682904165
-0.2023090570666649,-0.2894409817210753
-0.0680480997194555,-0.0085141595434726
0.1348957747477709,0.2882460501349567
0.3147591284360322,0.3535223635089207
-0.1330594053703566,0.2354983655851656
-0.1684570847653121,0.0277265251734474
0.1215683448703712,0.2772175860404304
-0.1597590119477352,0.1232945322118113
0.2801160747633295,0.0193180878316871
-0.3465906902423235,-0.0960320454087871
-0.2332248518024035,0.2718892301077911
-0.0329535708191551,0.0689756413123443
0.2348774969762163,-0.0064896226674033
0.1508462581442821,0.0982004209821982
-0.2453490691054819,0.0648749400260188
0.0931764670059492,-0.1904835463970114
-0.0443077443582169,0.0698592380194962
0.4482331947645669,0.1920965735211007
-0.1834613899107493,0.5517210577889591
-0.0363353571375773,0.2005842466213492
-0.1990328840654271,-0.1112010510380642
-0.1134310645542186,0.0043982546361616
0.0447927236164171,-0.2461725660754224
0.0129253024321604,-0.2632764428839891
-0.142597201796748,-0.025705287569502
-0.1538798226809337,0.2068060235851352
-0.1576698781521704,-0.1112843562428255
0.1371197766825902,0.3667793889358781
-0.0240289215634481,0.0865774840977445
0.0044615783014008,0.1567920401454182
-0.0311578493538192,0.1104322456398535
0.2026565100074772,0.1245904173392337
-0.5094973672072531,0.1467579952165306
-0.0626558477283969,0.1286168921798292
-0.0803099329154511,0.237865771877848
-0.0593971662379941,0.1998131800123517
0.207648720760426,-0.3304188683300085
0.4909037603626207,-0.0062835042309954
-0.1220072067884733,0.239351627950381
0.0666311238246939,0.1882768617225919
0.1245163957235216,-0.452741226979
0.2825652143523852,0.2624673008847934
-0.0232997637914513,0.0542280797170127
0.2306540136617611,0.0545239067183797
-0.3144968533642118,0.0798460078744099
0.3853080182042284,0.2828188925590345
-0.2360746954644181,0.086081800683614
0.0531810854301586,0.2050172658857013
0.2983943556810187,0.3692647971749097
0.0229001635626922,0.6139211282611292
-0.0220516264665846,-0.1715917840843608
-0.1893338579486698,-0.1705419068632009
-0.4792897624442219,0.2781452815995789
0.0545015974664665,-0.1978888413768815
0.1707280265154345,-0.5147440179419741
0.260533792737499,0.2731633811200467
-0.1147262494072014,0.357024031308148
-0.0182547904116586,0.1318099731750438
-0.3919621401399492,-0.5485841792058715
0.40419241994414,0.16065479721931
-0.4060036377168983,-0.3960221429794822
-0.0903511634045844,-0.1289673946989696
0.1011621092438145,-0.0840968401459816
0.219319124929173,0.0221819903595078
-0.3317726182039717,-0.0045932157522204
-0.0706090773587541,-0.0393254485424213
0.33112598757499,0.0297462363415797
-0.0357020742354963,-0.2900958557591054
0.3806471667587198,0.0309520250648638
0.5063543421633799,0.4147542451858956
0.1297777795847418,-0.2101217763005461
-0.3260338439271449,-0.1774816838190938
0.167067132787475,-0.4264083906930832
-0.1593552763879345,-0.0652335893199335
-0.0372366567645868,-0.0466822535740722
-0.2018570341509756,-0.3541180268100312
0.0308062989382326,0.0352798523386553
0.4067937264206808,-0.0631209328723816
0.0318918991840311,0.0001118498367032
-0.2881509141243519,-0.318858633754601
0.3028486223364454,-0.1674849793933673
0.1699194613669213,-0.2882004145963998
0.1584618781237162,-0.0632080403533259
-0.3081721579816946,0.2392396682770975
-0.3736429786845034,-0.0353944114654042
-0.0394547357147284,0.1562968386729683
0.4637279497529613,-0.0055769872098034
0.2300265367012156,0.2020888966555732
-0.0886408725424419,-0.6108745743693188
-0.043084134759003,-0.1206785011216323
-0.154002264408896,-0.4162863455596048
0.1941749439695031,0.2471599375842934
-7.185648989477737e-05,-0.0119415732712335
-0.2649894967450421,0.2897757881723312
-0.1989228292034847,0.3416268271200411
0.1065269327640001,0.2190215346308033
0.1111073542173724,0.1905945513522599
-0.1909414187689459,-0.4196932814756354
0.332501631287004,0.084155273882875
-0.2901069002953009,-0.1542364784629599
-0.2361018095503756,0.2674476062537912
-0.0492493999421852,0.1691224761413691
0.1740229595354825,-0.4753804663014743
-0.2754453546684513,0.0811264243137918
0.0283935968602297,0.4184188047556911
-0.0419540967927302,0.0528608673095756
0.0570111892504265,0.1267987381223002
-0.2270563545294424,0.009409965157372
-0.0679722007338071,-0.4794766263702717
0.0579176087542257,-0.0990146745285983
0.1456078356736089,-0.130276657121004
-0.3970754783376765,-0.2414635081589956
-0.3700310675275288,0.1584173564612678
0.1343812866640414,0.4318740775850583
0.4263402358176318,0.3287896712687456
-0.0320732007162677,0.0451386054026255
0.0841587908542229,0.0908470294489434
0.2637820180555933,-0.2098132090111857
0.3085582326413125,-0.4916159368624063
-0.1250734289071035,-0.2003898426299993
0.2841923012817457,0.3060521114196505
0.1839502243049598,0.2896539281578407
0.422452489613313,0.4612624403063401
0.0214824120197149,0.2444538325286792
0.0250136609742238,0.1566252692197866
0.0613449476531224,0.0852602658102184
-0.2463694114394832,-0.0305013552118539
0.407085350256378,-0.0221394627505899
0.09048092905505,-0.1254892302244295
0.0365913633597142,-0.4753138664315994
0.0139776544680684,-0.280396712980333
-0.3974361233167028,-0.1063167268464638
0.1708496051302983,-0.2431192860854868
-0.4654770089493021,0.3639633497129369
0.2194179713727553,-0.0805009494626407
-0.2551354941109082,-0.1197194612192485
-0.175202896064986,-0.4745213354605166
-0.2032882589446553,-0.461652222728508
-0.0788041525665416,0.3277586817354086
0.1944330586371334,0.2287973344401066
0.048354424057857,0.0130269113614304
0.2000964174074708,0.3406632795030695
-0.3120097639314602,-0.172089001699443
-0.1372021876614106,0.0475472112441842
0.1236674707835195,0.1625355548841557
-0.3350976654442361,-0.3912222901210979
-0.1117393929367119,0.219791363455461
-0.1285910535878086,0.0827514868613705
-0.110166393731762,0.1145107030749014
-0.1589317617408939,0.0088363857106757
0.0853697152496333,-0.0847117189309909
-0.1744425698203714,0.004935656033141
0.1189896924653238,-0.1421282883792966
-0.1696488352892212,-0.32070010586484
0.1551391045907958,0.2489970892218096
-0.0627705019472148,-0.1113983817635607
-0.1284724144860681,0.5137514741171035
0.2580815925540688,0.06516034079036
-0.2057463631791532,-0.4552158963524548
0.0284803828605291,0.0886919431812571
0.3023322265514258,0.4898806177672548
0.2126489875455809,0.1769230171846558
0.3810678972739951,0.0365175425913037
-0.3866843279982343,-0.1099460765863176
0.3314317404015048,0.0620895905775804
-0.1125220327105335,0.0099154378907156
0.2722098795600396,0.209435485366497
0.0089507492478642,-0.1467130648213332
-0.0055792488417968,-0.2799630699798291
-0.0914494636309686,0.1776427909833652
-0.371866164153654,-0.4828424213585349
-0.1198813287718634,-0.3193400898319579
0.0036102717896767,-0.2676376576309271
0.059121925070951,-0.0670669490391851
-0.0405090597964344,0.0545910871080004
-0.2891810169726587,-0.531058428012699
-0.2897838314685437,0.4045033139573444
-0.0224853437629085,-0.1826864970921099
-0.1073983338091635,0.2071991821095725
-0.2209103191644463,-0.3663405842044355
-0.2938015653342349,-0.0241105934302842
0.0044243408881108,-0.0146203848997471
0.2382219825667759,-0.0642770669716988
0.333206452397734,-0.000281201663849
-0.410953930813965,-0.3660475577607275
0.4133796224940119,0.2123275319533082
-0.1971081832642972,0.0209447414226304
-0.2830022946531355,-0.4525329538871647
0.0443854755557598,-0.2127435857741927
0.1839795537099341,-0.1701389940770266
-0.0651263339068533,0.0284381784098713
0.0661279623239527,-0.0365553656741546
0.1949337623661427,0.250041045369315
-0.1703538282767367,-0.2490387209592636
0.0708994966102331,-0.1484433615974986
-0.1080202997834176,0.0435171152831555
0.3465307383483585,0.0983715535264465
-0.2273457774766984,-0.1220077509962134
0.2248706119759564,-0.3214151078076053
-0.0694392231773027,0.1683973040133049
0.5684962788119078,0.7228498158192677
0.4353233907674781,0.006567580477443
0.0184640527196766,0.7770117860976653
0.1556763398197093,-0.0826249117350489
-0.543268196626799,-0.2689785769338324
-0.3568605596992891,-0.471258272333122
-0.4169970045787546,-0.3819916149448606
-0.2867991984393923,-0.0114842294028466
0.0618521952121224,-0.1886786234413405
-0.6227735824000397,-0.2096521373554872
-0.3991789778237237,-0.1482133043684412
0.0972264902690416,-0.1628803873377224
0.340914353062784,-0.2106364175256643
0.0007690660782545,-0.2570434832515594
-0.176052843916835,-0.1228252154856595
-0.1502255286111506,-0.4315303770945096
0.387656274420928,0.154965437545265
0.1976291504330903,-0.1431012378645993
0.003819174838893,-0.3476591938120051
-0.2994043478518769,-0.2304006399603131
-0.1726256858363742,0.2745375103288446
0.402715929451271,0.0154507774988472
-0.1729776008434319,-0.0211568918443796
-0.0285973895778697,-0.404551712337253
-0.058083688436159,-0.0971925811896532
-0.0638437319330987,0.0601180990243429
-0.5881270448090757,-0.5157873503391209
0.2142727138994713,-0.143918177055884
0.2335415209068252,0.2274489741038406
0.2577593184284728,0.2716021746331326
-0.3409997530673543,-0.2582190474920824
0.0087803849522018,0.217786867444683
0.1506404972430201,0.3436609249164032
0.0493498593325437,-0.0925477826035881
0.3104195573705611,0.0099408073870719
-0.2191434099699301,0.0605259674014738
-0.101941577716441,-0.3447804307038555
0.0598820285998281,-0.1007349136872282
0.0388200501468661,-0.2047335532837343
-0.0580004644227144,-0.1558241096881823
0.0181041905624002,-0.0942059398223073
-0.0417683075074264,0.003977784779304
0.5019302511805183,0.2914023987823912
-0.3281922247831244,0.2890267941761142
-0.518372440158899,-0.1180913070231524
0.1419275430789257,-0.1806968668197378
-0.0981102238594734,0.0591932361370183
0.5627659730171048,0.0756150000886511
0.2231991945811852,-0.1485144131450923
-0.1991415810981512,0.3954515594458114
0.0843586258374446,-0.1270632894309156
-0.1064596336079829,0.0582869391742993
-0.0229470429108583,0.0581837799853434
0.0562915751855804,-0.3360322898559743
0.1624288851100359,-0.2176589094186965
-0.005179028616712,0.1715464990956288
0.1936836803027968,-0.2982566775631323
0.0225341668508286,-0.405600381882402
-0.1698200896443055,0.1538372250098934
0.066533354750458,0.0227753169843018
-0.0505163998067952,-0.0593907578777213
0.1765248637238633,-0.2621284538387769
-0.441535098532032,0.3028284562048356
-0.1161787968590945,-0.0073411313862711
-0.1063118214070809,0.3460614847723556
0.33993223819379,-0.1060855050535851
0.0277008703875834,0.086355975294107
-0.1462826976126356,-0.05016770525347
0.1930230748535049,0.1638565645185963
-0.019993470917378,0.2488865843584834
0.4936853303276327,-0.0576900867271693
0.2565450186660302,-0.0042549462421595
-0.2650773391226789,-0.3733205800451775
-0.217491015792003,-0.1743883093936775
0.2203689347007207,0.0223503762118036
0.0609095798551447,-0.1893707111379708
-0.0539316139239044,-0.1381727790962872
-0.2575811120477879,0.0568581443141581
0.1600132589098883,0.099941310942512
0.3510819113397924,-0.313636772337931
0.1352131511893728,0.4788605693370441
0.1476570496366895,0.4607100943381678
-0.4005241537268373,0.1207643820272665
-0.047982295695652,-0.0800475041678205
0.2262415486226359,0.19727969019409
-0.3281901875566649,-0.1816336778721476
-0.1039470095137493,-0.0561876481462214
-0.4025893392513535,-0.0164104229014952
-0.0678384681356139,-0.2213724908676204
-0.2060488984742486,0.0715263848284805
-0.0626273433611188,0.0329368712108796
-0.3519543296107673,-0.2012659695177292
-0.0749956557162025,-0.1907060439723626
-0.6415864203752527,-0.1600116829832636
0.0815639331563985,0.0892026599185296
-0.0251011235101623,0.1640628693769544
-0.0937827574295479,-0.0998692152325074
-0.3310146108299914,-0.0492751313026844
0.0655130161042302,-0.5368930441132095
0.1309859442449892,-0.1393165975746481
-0.2094057070491034,-0.063314406268893
0.2195204765093149,-0.15797517906952
0.0529550059947305,0.2347199246259204
0.4829886364574568,0.4014984527079703
0.0925517727440826,-0.0107534245315118
0.1502412750761323,-0.1451347114026965
-0.0422183126114346,-0.327331534892342
-0.1720789815946887,0.03266870304199
-0.2995277135915991,-0.1392250076293623
0.0037939924349134,0.259117118238057
-0.0623841527181656,-0.06770814166975
0.2652729783211276,0.3862856751192791
0.0504639382433192,-0.1329675201189897
-0.2045350692447237,-0.0613195430516818
-0.6167002774046152,0.0065417293294287
-0.1052660511926611,-0.2924914569834149
-0.1757922176626225,-0.0714984153693559
0.1931859935649904,-0.031157443894191
0.1182388752396468,0.0548911131225149
-0.4669541501926069,0.1519136160185176
-0.2269859190037602,-0.2040077640866941
0.0099705950141434,0.0246875346158348
-0.2767731204790981,0.3099893251546252
0.5184811081748458,0.2405821251845408
-0.0981545309835885,0.0492200529163855
0.032005873213521,0.0723703509752669
-0.079959080145811,0.0801147350507879
0.0336027844839591,0.3727033884149285
-0.3259472025965719,-0.1294784810993489
-0.1675149405205169,-0.1472443765484008
-0.0606132622220086,-0.2281708428682921
0.2702552385852222,0.1664472912562433
0.537913996510483,0.0974649723027792
-0.1087743018239603,0.3123859148468917
0.2847436548806776,-0.151260732140617
0.0571433573637562,-0.168411104638607
0.4793525185411587,0.3833156597731102
-0.1808194592054356,-0.3622644194605282
0.2325234205772964,-0.2909110079090301
0.2898601334518526,-0.0113909466302149
0.3512002551315456,0.0096488735072387
0.186371662203762,-0.1605861184049791
-0.0257001492163362,-0.2159192801656856
-0.2915079778007411,-0.2165870589531436
0.0185398817283488,-0.1997043069084523
-0.1078174722048834,-0.2595645527674984
0.2275301807767329,-0.0666889569215257
0.2218309366255024,-0.4211616743762569
0.4142457533057472,0.7672126444488662
0.3082724084819949,-0.18459809572143
0.0377009959213466,-0.149479378072401
-0.3017951779373404,-0.1198936324022762
0.2048715994615205,0.0182915675884978
-0.1160705498217843,-0.2849123649692372
-0.0453296167352925,-0.0112693308817217
-0.1633786471638208,-0.3026010808679586
-0.3099324339200121,-0.1391731778093696
-0.5845864621523774,0.1267293789094267
-0.4499862113219959,0.0140916815216989
0.0244435027111644,0.1795310965127268
0.1163339509370091,-0.2510555990602961
0.4581896173610412,-0.7042860755480718
0.0680108524267631,-0.0575093959251975
0.0373020494715284,-0.0152112039321248
-0.6211814193477523,-0.4269591386385366
-0.4904264968245554,-0.070102575961988
-0.0898240649515899,0.1242919822514727
-0.0203044788427614,-0.0003098240655784
0.048915151473461,-0.1970961376308486
0.010158344115124,-0.0095307610764879
-0.2136287672925452,-0.4439356425916406
-0.1758894315857636,-0.2386501765691739
0.3609865031757696,0.0611197109714639
0.013268826864414,-0.0305787026969969
0.1634195368356517,-0.2804681457520721
-0.0745425015191689,0.3722441436731504
0.3351384332247364,-0.2526189474741649
-0.2662035099437242,0.0459637767697716
0.050978138724263,-0.3900995370245539
-0.0787600942812698,-0.1237856980971679
-0.2264881948872302,-0.3022605228261814
0.1668003799571597,0.1915115779542389
-0.0468148493172909,0.3613142429973643
-0.3224519546671306,-0.183977481199231
0.2318862568355488,0.497877518337633
0.2407813812599452,0.0796834424927718
-0.1235259640969202,-0.3004315393095235
-0.1474981569360838,0.1513182679736844
0.3551502259406465,0.2697670423261733
0.1745800888435408,-0.0796347057417713
-0.3883295412357022,0.1841166313285153
0.3591597724302267,0.3654480182573686
0.0442215036045903,0.3054946389700246
-0.1810639306910366,0.0996305876221834
-0.4294210400961186,0.1575951457840459
0.1424622391622187,-0.2044641145679552
-0.1539832038151484,-0.0601435456830613
-0.0448942890378566,0.113751744809494
0.3180556693329516,0.0168939149987703
0.1376868484118061,0.0599228970459333
0.1180569878977301,0.1848907741444138
0.025917403827328,-0.2529566986069654
0.0769005862438989,0.0802360144262909
0.0781455153504375,0.2595050685559728
0.0051931508087597,0.2186882607759611
-0.3109963783414284,0.127406984753215
-0.0479996594988427,0.6203422796556017
-0.2298470785598458,-0.0784681356707452
-0.2652572950717906,0.118178733470013
-0.2928463960820281,-0.3048907487626998
0.2827012969295307,-0.0901860581800466
0.3383644986633017,0.1526247030297113
-0.1910915256320174,-0.2284821110576956
-0.3168258654363776,-0.2326616180031256
0.1786837959519262,-0.0294337123546047
-0.1499607527111726,-0.3825328770673692
-0.1293019922083038,0.6005413997071812
-0.1204021568305875,-0.0909178537316679
-0.3065795214851742,-0.275566568845953
-0.2091827093267508,-0.3470870506125099
-0.127976421291228,0.0081755818814934
0.0646965741884509,0.0596100880704332
-0.1776600881291722,-0.0790556975848337
-0.4043933716113429,0.2280513460708128
0.1856921800431882,0.1397889126170935
-0.4351865247679357,-0.2253823293767138
-0.2496722428568455,-0.1524550354505785
0.0553484348777638,0.3221380509216058
0.0202280755369422,-0.2632750145265712
0.3277834554579571,-0.3776529149845934
0.1728335305273741,0.2666528934671864
-0.1558935605109858,0.5731181474499003
0.006343334145385,0.0551376778007221
0.1112790585584712,-0.0764055519862947
-0.0369332669025955,0.0957593389456754
-0.0127684292040873,0.0367994123250287
0.1821251922239203,-0.2434507443054992
-0.0595838298603616,-0.1048777031185941
0.0086419710909094,0.06766493459596
0.0074973115737901,0.1644896779832969
-0.3050115914157139,0.1789554751602543
0.2869112832973803,0.0671941724678894
-0.2508001641942593,0.4942525205015697
-0.183438281258188,-0.1652193440077048
0.1814662010598214,-0.0179513444475628
-0.2158353979262718,0.0031283257993206
0.0401094181880933,0.2307711623854492
0.182591608345615,0.2512770241294496
0.1304250844291771,-0.0658643428637729
-0.0369405674003313,0.0858722972447966
0.2834720202891973,0.2468636955814917
0.1092524354215579,-0.1054060258401244
0.1624406631040683,0.8549283479554243
-0.4071427880100274,0.1520371569065502
-0.0403258596785203,-0.3751412271144279
0.2855338051327828,0.0555398998045801
-0.0315824547772577,-0.0344134277883012
-0.196966431196288,-0.208646991268867
0.2119406580605597,0.2784767810138273
0.4184377826626582,-0.1949764985939711
0.0714599766117233,-0.4009391204934233
0.3094376882581906,-0.3215343228552398
-0.1741308996037008,-0.0700513413741622
-0.0806172969274706,0.4960056228085335
-0.0578610222616631,0.0491062965905048
0.4191686654821516,0.378475878157075
0.1443548910099869,0.1944192275191159
0.0875558945338119,0.1489373366570666
-0.0454659831771526,0.0841641541937268
-0.16320199607076,0.3664414239457618
0.1274748168452943,0.126474604558507
-0.0946704456549045,-0.0691156980198745
-0.3254851051488269,-0.3448574548674212
-0.0313398778726618,-0.0306553905538711
0.6614731439711866,0.3633653782281542
0.0364021842581328,-0.0124026187467826
-0.4906806206963567,-0.1862502949247886
0.1152099011219895,0.3528294117917037
0.1611390766351469,-0.0067245670106987
0.2051752811440483,-0.1976828119248825
0.0686218903653263,0.0762356218779763
-0.0733462600294124,-0.0324096475528515
-0.2105174066230501,-0.0379144413513427
-0.0644245061406071,0.1400951711226003
0.0843533259369725,-0.2111219279463469
-0.2556732958381085,-0.0812447052328333
-0.0205403738733135,-0.2967051742271884
-0.4013428038832036,0.0666296976843513
-0.726841197421501,0.2117007526041162
-0.4822518139498273,-0.1998421064831349
0.2628377677369683,0.019290398687492
0.2338875526912268,0.0724854771913504
-0.0061685368222078,-0.1436656847977334
-0.4075522356036639,-0.0060802546735572
-0.0474409443024003,-0.0689661031858724
0.1192486410727727,-0.6545866535713764
-0.1246138687515505,-0.0123223844876169
-0.1088992089116958,0.1317888448011357
0.0383775098031192,-0.0907735441364341
0.5663144692601048,0.0520408488593749
-0.070417495099753,0.5112126610542851
-0.2529622335147981,0.0519506599098025
-0.1169109513681609,0.1306980029581551
-0.2349275344852843,-0.0839271755033824
-0.103907627474456,0.2920430247897158
0.3761003616170243,-0.0200433959107327
0.7395856930013573,0.3340663736104848
0.3379193252724817,-0.0110607067225981
-0.0785348488788636,0.0374866012378151
-0.3584155284738693,-0.0421808213653221
-0.2448254976991981,-0.0910456836084364
0.1836978127140481,0.1855867479390638
-0.4825946138640972,-0.554089275955183
-0.2535203803342039,-0.136465976095451
-0.0603233772286133,0.1946532745498167
0.0517669218300701,0.2642115424282398
-0.2943410365523085,0.4189090099138401
0.0565873225300728,-0.4833111761707212
0.0131304753089877,-0.0329610072167979
-0.2223678172464749,-0.2227430791550187
-0.1006686757933111,-0.2013334407037388
-0.0001229030041388,-0.3336069791653565
-0.6722287388867292,-0.0549516061997529
-0.6468585967721041,-0.1525987564752231
-0.3155397382510408,0.0839313388754337
-0.0808805739820558,0.4421014584822404
-0.1516581649927086,-0.1095493282763114
0.4641833131611206,-0.2196592872981742
0.0498267936637746,-0.3206496816984039
-0.103693513521007,-0.0900507969135472
0.2580827553217106,-0.3837080107140648
0.1388057476032643,0.2815120877730836
0.6476216125821596,0.2137104220883966
0.216340652554894,0.1281781055109851
-0.0153128103943585,0.30184581483526
-0.0594126536784078,0.5047942783439786
-0.1995676693317765,-0.1766709401668234
0.1328647021735677,-0.2175752156517782
-0.3709959174917162,0.0534616526822278
-0.1043486145181769,-0.2180597329542558
0.1877807259287338,0.0517136610170627
0.1296324557891973,-0.2041380396676372
0.3029120660082866,-0.1036221035229862
-0.4060175989194874,0.2632376737056081
0.0834241265596335,0.1636260485814163
0.124785648248007,0.3176002386323296
0.0532251793740683,-0.0479483372271138
0.0206183365433632,0.1242897909983506
0.0219315298867765,-0.358304523643389
-0.0685687380783399,-0.3161790105438181
-0.0270753378029391,0.0266422690819971
0.1656871870053782,0.4555325558483498
0.1236339572726437,-0.6132662944686599
0.1934155546300733,-0.0269117417962997
0.2387414217866759,0.0830343339807585
-0.3380682434838329,-0.2998701157347206
-0.0163881682589186,-0.1536192429736479
-0.2725046217931813,-0.0783759585108152
0.5433318160843645,0.0171349383824045
-0.3329556856438847,0.1741137500037619
-0.0016204145053031,-0.0124357344877417
-0.6228806536504367,-0.3448929914454411
-0.2039609113677558,-0.0189235492768164
-0.1289886537713927,-0.0476370840536517
-0.3541847250564647,-0.0775078821329724
-0.0408782300400016,0.3209878431596611
-0.6808160745911294,0.0076833948810084
0.0213998725270363,-0.0932804430433209
0.0205189190293723,0.2574980517917342
-0.324849742034055,-0.4862085000607268
-0.1870824742538286,0.1900095235113194
0.4697016839594031,0.0636065145136515
0.140224258649165,0.2790223019358585
0.2877101253469622,0.1522000683484477
-0.1775082834629656,0.4431725192055751
-0.379948053336277,-0.2137624314631993
-0.3419248468533852,0.4638954415753338
0.0587616068103887,-0.0722960284117365
-0.0994576843031809,-0.1014539403293862
-0.1629515327903486,-0.0885517027450432
0.4608822542598455,-0.0441619386123561
0.2977953866270642,-0.2211879274435795
-0.4077155182688419,-0.2762405341472183
0.0245374250019146,0.1375117017159552
0.5794674090470413,-0.1566580353931317
-0.2226027578554758,-0.4107975313352801
0.3979602526044966,-0.5753968142983306
-0.1356745762109997,-0.1438283127508586
-0.323827700330908,0.012414315380911
-0.1079274232740151,0.2540481298138874
0.3098282834003649,0.1272787470891652
-0.0991569422828343,0.0701154864456962
0.0736857945401341,-0.2250864162498067
0.356458466689046,0.3087825577605817
-0.0449139922196178,0.3149797554487277
-0.1450080457564875,-0.0265350875891066
0.8707806010706073,0.128626276460645
-0.2230747207023339,0.2614093251405263
-0.3270815420801544,-0.5440292354378732
0.0890413296684924,0.0436684552593226
-0.0373574109388538,-0.107786884914328
-0.296754957544726,-0.2573738644750905
-0.149498909515331,-0.023006720052558
0.0261492514358101,-0.0480528658673343
-0.3322374013954591,-0.061420264337844
0.083076162726204,0.4121927257455096
0.024749629427023,-0.1231363461686786
-0.438437438479345,0.3885156676581413
-0.4565460484917964,0.037303852704251
0.1305305106916838,-0.1497972951647004
-0.0121282881673606,-0.1721724770755443
0.0251323768113857,0.0376897884698106
0.3733583417587824,-0.4109673568348687
-0.0495316409741528,0.0324136149917267
0.2292008426967782,0.2507443331726657
-0.3892717525190732,-0.143256249569161
0.1061500201904793,-0.0133551926203388
-0.0155271205676067,-0.0018962493951672
-0.2723200915912582,-0.0815255135120095
-0.0461700604672161,0.1770356653624338
0.3615446636497422,0.2295550953576872
0.0535228100701056,-0.2308497238896109
-0.0370123433785411,0.5053774860746466
-0.5314005762890979,0.0020241050008788
0.1955361380973439,-0.1003295961936095
-0.1773794009262114,0.1409666944752057
0.1595801594903267,-0.3076805693961004
0.0297471471803574,-0.2757524596742379
-0.2567823800827,0.2534227429462783
0.2060915909056537,0.3004973438464747
0.6919913846808703,-0.2332888190506574
-0.3489489191222222,-0.1442548448035454
-0.166117103253197,0.2389544804070005
-0.7466420672510108,-0.379822727714572
-0.0062827156295169,-0.3723665820483438
-0.0800963474376032,0.0355157092708916
0.4918726271515486,0.2234252478055322
-0.2176707431992538,0.2378855648291221
-0.0335491656226415,-0.2824329491344274
-0.0413213617731955,-0.297852069652554
0.000918011041591,-0.0986662305252061
0.3005806824070006,0.0185422483711976
0.1073637661584369,0.4062095855516882
-0.0814112942099774,-0.0335027264213359
-0.1960705968440425,-0.4270099117499881
0.0796901324844594,0.1101821782431364
0.3602353465057868,-0.1238617371613217
-0.1545752015283089,0.1465991749543586
-0.3611803220245086,-0.2907185204559778
0.1512216816874166,0.1136150398089105
-0.1012500183429682,-0.0366612998675905
0.2412755246984154,-0.166092276505303
0.1090571181105673,0.1594964786490322
0.4109009506470419,-0.0662650420530467
-0.0642154336751469,-0.278010929595594
0.3616278331709672,0.3131926354521712
-0.2319482733135706,0.222469779615823
-0.2863736703033602,0.4400211545920847
0.3053716249800335,0.5600922126412242
0.0620279440842331,-0.0827813741743223
-0.1803613951687144,-0.2623652370560632
0.3440156261280418,-0.0246776872372946
-0.3517478775098737,-0.0472771439240436
-0.3001659276637928,0.019497792082678
-0.2296360839353523,-0.1690861397823763
-0.0078539373959697,-0.0795127328250298
0.0939282979386947,-0.1891568482963376
0.1929041100425735,0.1948893017131984
-0.2799328131769795,0.1029006924336342
0.108742994715082,0.0513200699801469
-0.5761768889174946,0.0680967019891917
0.2723441242638446,-0.0838558120509937
0.1799203580237041,0.2419494267857239
0.435931536401746,0.1782538079573438
0.2636092460633286,-0.214940185443742
-0.1365966371261966,0.4201175526875648
-0.2736168639284472,-0.1134908326361383
0.0241977910985258,0.0157569089775756
0.062904236314543,0.0193478976197255
0.0269455879760347,-0.0711296699545155
0.0337134889402076,-0.0230257122466409
-0.2662404836405274,-0.4468733134177252
0.066358933635453,-0.081389664590014
-0.3023526208249838,-0.4590967229315934
0.3431129976965612,0.2898467880705638
-0.1750887309921741,0.1502830137298635
-0.0643687951615312,0.164847535418593
0.4187749786423078,0.2449375167743027
-0.0732801214785422,-0.1287582762546084
0.3048227171445925,-0.208537126226922
-0.0366805903484777,-0.1975109121606998
0.0102878628364431,0.3977515313904521
0.1070768157060192,0.160050194734098
-0.176586428738776,0.2455763280546228
-0.3699062010965113,-0.0994988146249074
0.326070045999389,0.1094577258245152
-0.0471211454630736,0.3378497432098273
0.3357151132245283,0.2665238273891013
-0.1711625690241051,-0.2473177922595133
0.0515393909302312,0.461004770835647
0.1525907462693508,-0.3614164054611779
0.2775540195248565,0.1802140176757452
0.1562031023173783,0.4256141510120135
-0.1665908848435369,-0.244806590798795
0.790276191799236,0.1280062162649292
-0.2109802338789119,-0.3710161358710621
-0.0044193628661388,-0.1371692768603422
0.1735640630578755,-0.1888928570879017
0.0625432401670428,0.1909737770512444
-0.0825609527012102,0.0532922860779668
0.2597789493185236,0.4045454229306121
0.0636971048786681,0.0521078858509541
-0.1184310415880839,0.2842655498386027
-0.0649624046335295,-0.1409068604650334
-0.2926410974728785,-0.0588554492549408
0.0098320379069661,0.1892628880160434
-0.2460894235829408,-0.6128993920502066
-0.0049735276981141,0.3625881448661956
0.149357391442113,0.3776735008176404
-0.1571803174133496,-0.3890467542235484
-0.3991150488595635,-0.1572252496691894
0.3702331686244182,0.2978342903075752
0.0562296764339934,-0.1051749932677336
0.1353816576319909,-0.3521401051333873
-0.1515331814132077,-0.0795879857331129
-0.0510658619394177,-0.074441858720454
-0.4283731304991674,-0.3819022154778274
0.2664718493760069,0.0031750970569653
0.0290868606895007,-0.1303639411442131
-0.1551493382464905,0.3489538266340598
0.147128965656191,0.1688686824849407
-0.1930639941183845,-0.3708030078932111
-0.1963427213904415,-0.0358857659610779
0.1876618585571028,-0.1065732916562064
0.050444438860432,0.1064337601531931
-0.1465369160916812,0.2655159472533291
0.0710956925616015,-0.1557200684668284
0.5158375186656979,0.1100154127028466
-0.1491370575496773,0.1176781600248643
-0.0343075703053649,-0.1696731597253581
-0.4769416710952235,-0.3063510512603006
0.0263974627854606,-0.0229046905387027
0.047711673948614,0.1931791273616068
-0.1827317997898913,0.1220034134478297
-0.0105582576207794,0.1991044295664989
0.2996801798404837,-0.4268752672823046
0.0238955503375208,0.2085741707785045
0.1506728122123926,-0.4986860134259526
0.1911376835977591,0.296116810150537
0.011021947069832,-0.0349577214405657
0.4327045864450178,0.2110873097372196
-0.1854836929633418,0.0223702043944368
0.077162273291624,-0.4986121370822161
-0.0830479064625011,0.3263738374101082
-0.8144473369094457,-0.4643704334962505
0.1652374211747373,0.3701967296596903
0.2219574972628949,0.2769881742061281
0.0802785581060885,-0.2538070027061227
-0.1939273290296385,-0.2586930550468949
-0.3883203457381108,-0.0848569048510042
-0.0133598534585661,-0.0237349839948761
0.5129536913084418,0.2068217141823424
0.0601756865228066,0.0388272945748663
0.4173173236695825,0.2551982513057681
-0.1921508540380773,-0.1155617025962555
0.0939868497563647,0.1907067900558859
-0.1225986763796294,-0.1439052333404554
-0.2610119113299963,0.5211744002926729
0.1129272563112444,0.058738530962971
0.1106522583577164,0.2071568352518238
-0.017344138480103,-0.1972744850060017
-0.3874649830762118,-0.1018639447929806
0.2294210508810911,-0.0221371590576784
0.1460951407993464,0.1045092415078977
-0.3293143191632433,-0.1007095919039632
0.1387889710070523,-0.0394894565747268
-0.0988491513759855,-0.4077148478919875
0.3064230763141406,0.1286655730078364
-0.2419234575774245,0.0567693442007328
0.2074372981775127,-0.0499154465980689
0.1665604748142838,0.5626089219843994
0.084055503104959,0.2478548655123567
0.3997713404544902,0.1395654999472221
0.2404736595404212,-0.2493125197053911
-0.1124657480788866,0.1220239378761012
0.1528278999135747,-0.2871934973433369
0.01036421211744,-0.0133985357449364
0.0496613850147549,-0.1890605321470072
0.226902191304746,0.1457030386375314
0.4011974153885159,0.2069093006437464
-0.0133613586296869,0.2217633652018506
-0.0920086013835759,-0.474006434429912
0.0343356304666119,-0.1310846433794556
0.0516115144544728,-0.0213178135257761
0.1382445410832471,0.203870547086531
-0.0970652482937884,0.0704269165640738
0.1813522424665383,0.1348280910966951
0.3823572969168463,0.1475690805381141
0.2101149773772417,0.1149777938151624
0.3344296150798903,0.1049286911381964
0.0892901458633839,-0.0677115585379763
0.0078724064622608,-0.0623424462431843
-0.0602457933658939,0.3535392705463129
0.1189334762160049,0.4860126302904741
-0.2339722789314462,-0.2034236432655745
0.2474581591205527,0.4911682418698703
0.0596902030849087,-0.2025619338118644
0.3161941667484798,0.0639591652153362
0.3304717464722175,0.1195175197572713
0.0174249785068594,0.3817431991080284
0.4230723249920703,0.2855790343524781
0.4568854459715488,0.4242133863972446
-0.1240302731076439,-0.445109216928837
-0.0940264253896873,0.0566728417289206
0.1461823908599089,0.0707799306919834
0.1543182786733979,0.0082638060855346
-0.2472735355079784,-0.1105997934523693
-0.3714876516829052,-0.1229067797946664
-0.210836787434277,-0.5603965918669453
0.0833795257061547,0.0483674045637679
0.0823907610963574,-0.2790518473866944
0.3675698588069101,0.2175322598986894
0.6765318977810836,0.2636853913812396
-0.0765977903417034,0.0655217612921422
-0.0672353290064547,0.2744416980138409
0.0272390216782121,-0.2115773227346924
-0.0111049341826685,-0.0975729756908167
-0.0088402319466012,0.0149623004167211
-0.0685717143223094,0.2968166450460524
-0.4213300514502975,-0.3213298690444272
-0.1931119829935614,-0.2284252577061473
-0.0210649930109355,0.2112557495640779
0.008109103224601,0.0834125120512911
0.0776586151331021,-0.1070887962732694
0.2078291671266921,0.2568421992304083
0.1732745324737633,0.233473156797365
-0.2440062835005234,0.153064187806612
0.01941745125472,-0.2715085919607981
-0.2921539833659321,-0.1530138417534516
0.3640003950078126,0.1502659619518377
0.1399151299512324,-0.1176093192302673
0.1882987841490145,-0.2010266561356295
0.0475070991932079,0.1804152319616407
-0.0397763967449782,0.0035801383054118
0.0497226436547679,0.5853330517745965
-0.3415985621170287,-0.0327098091927079
-0.0548310099656492,0.2589441427861882
-0.0633947125769169,-0.4597302173318596
-0.2707218463759862,-0.1995464250876749
-0.0492882420282763,-0.4094747910727063
0.0672115518651853,0.4468767653547976
-0.0898415850597609,-0.3244501385849905
0.0774858586457327,-0.6727149726280999
0.1637066676320395,0.3970809174571565
-0.1380901392265081,-0.046624846011672
-0.1005171172695713,-0.0892436567865346
-0.1510776365381329,0.1349384169078925
0.1380071775710105,0.4371814523600228
0.0943712928781243,0.3655052845927177
0.1727324861538116,0.4619917889643068
0.053335690566338,0.2134521213951429
-0.162178416631108,0.1495104577676122
0.1483488782167049,-0.0960213615065098
-0.0105923810325332,0.2364387369600904
0.0490490909939271,0.0831129264148308
-0.2748745743139826,0.2368500174746459
-0.0502677289621767,0.2102759138255923
-0.1731903650360499,0.1622461090830319
-0.4390199892434565,-0.4029263840537326
0.0272627323026957,0.4538330378281752
0.2311025574067323,-0.1170259026192319
-0.3890147766466532,-0.2930299392222107
-0.2324647588291613,-0.1913569355882756
0.4689955603841735,0.2780307919080482
0.1870233966187904,-0.2484819985393755
-0.0579047587502672,-0.0712225879275858
-0.2010752507208139,0.2844963955209207
-0.2869094207316855,-0.0407346368540398
-0.2007624868275556,-0.0990714138963146
-0.0905781718028929,-0.1320448506269482
-0.1632258586065351,-0.3523872097227358
0.1242224307239542,0.2214499199975984
0.0548128415737085,-0.5101262375493086
-0.0086837814477645,-0.2206244692643766
0.3661463281565602,-0.0954465879813624
-0.3142936437175583,-0.0259684167279429
-0.2800139024296282,-0.0239560443181186
0.1651052316549779,-0.2307997654007309
-0.0385831086434271,-0.2947870630156081
0.0375122414852418,-0.0341480930530291
0.12314627236191,-0.2266902593185747
-0.1006824286982638,-0.2394368852385534
-0.0210614636043229,-0.1298771590709014
-0.0064472637257332,-0.3832700374159355
0.2044875301876783,0.1891067363769475
0.0117964005721237,0.3706548401821065
0.1637109731399375,0.1300199052694365
-0.2941731222850944,-0.0550939657219528
-0.000894087478374,0.0039589832510546
0.0544005954990276,-0.1579986617516956
-0.009551005140355,0.3521268907680603
-0.0360760964412583,-0.2925661836502704
-0.2499542188222629,-0.0756432466321751
0.040267704253079,0.2205489658755961
0.350248732875596,0.219987435545503
0.0227008863381065,-0.3513361098516435
-0.0585804069110039,-0.1218026001984345
-0.3807996628716943,-0.1683587226656802
-0.3392509342991655,-0.2350366212857652
-0.0986397150271861,0.395213679392436
0.1725659751553604,-0.2280960570419785
-0.2226610038866032,-0.0647870253525165
0.1688549399327646,0.212059838590238
0.1087935243433609,-0.0604644157030239
0.2630678296056326,-0.1026909206671873
0.4454835686115308,-0.1780084563152093
0.0681637494850975,0.0307426266412181
0.3078221629920304,0.2882861467257005
-0.0586765532323329,-0.2625359800175427
0.1410229940348616,-0.1420434272946117
-0.4274742396663859,-0.0378818870150643
0.0628364214939671,-0.0159441601011712
0.0098893815625072,0.0020234825203496
-0.2118542922233171,-0.1723204107414888
0.00911460262478,0.4345274464337228
-0.3135337887959641,0.4850980758274841
0.0804554512362892,-0.0689815423965027
0.3749760010611075,-0.2135253048332722
0.0466272629266694,-0.4586029541437743
-0.1286403922567105,0.0691140816042792
0.1794155990724493,0.3744563083085694
-0.0691607338735306,-0.1791426135081267
0.2123080116728522,-0.0953974010630222
-0.0682817758030725,0.1422053494795185
0.2759633965505336,-0.008325313529382
0.2602365032049868,0.2572337948998345
-0.0932825111061334,-0.1979455298024607
0.430032082291821,0.0549825739060031
-0.1418515445588842,-0.3646620219683791
-0.0631485370279733,0.1152156995952619
-0.2924268296680189,-0.4014603379626632
0.0875199066533222,-0.2010600059897451
-0.226073508603234,-0.0073200450820968
0.4153776599507385,0.3308917943742374
-0.547931891172653,0.1950519083999238
0.2285310976065265,0.4427422480123955
-0.1755556762411564,-0.0296593448912056
-0.4172606285393715,-0.3540445494623957
0.3531782522529598,0.3350652190663878
0.4538555625051299,0.2470864168470867
0.0484652405314354,0.0476255474854367
-0.000773064057932,0.4339274701353417
0.4322152677016539,0.2110717835397145
-0.1940037865860107,0.023250464503962
0.3506076819024488,-0.3714695155811254
0.3020892333199614,0.2049657396625331
0.0496719263160477,0.2473009301703777
-0.1538727503644419,0.3179483972456131
-0.0696575775654696,0.2133725458209117
-0.0088459864858228,0.0966491805359269
-0.2261213836873379,-0.0399347263006046
0.1836427852025658,-0.2434052962065826
0.1691748786996774,0.0555356088376048
0.1565973633769689,0.5323313441679122
0.1612825981329648,-0.3769687808347694
0.0349397981854776,-0.0075128604473692
0.0774960816490717,0.3838931605538697
-0.1286435492408385,-0.1174410034712208
-0.1852278420380201,-0.0346034683439778
0.1459160508630151,0.0109487771753802
0.2888490429995931,0.0868582908678353
0.0827216874477582,0.2118326214490682
-0.2740819711193344,0.5149555555787578
0.146650615702355,0.4484623066751402
0.1050368113175434,-0.0847546306817979
0.0719754949092647,0.0448764724911324
-0.0887634102526021,0.0374066469867738
0.0635769540392931,-0.0566444711882974
-0.0817077485581543,-0.1248851378394373
-0.4391340534985339,0.2780972413430334
-0.0694042896822375,-0.17201099475237
0.3007451043685989,0.4320574029634028
0.270405703368989,-0.0374135038526458
-0.0429101748688704,-0.1806636636676731
-0.2563030302635419,-0.2922593285818086
-0.2981670133199998,-0.3635894057809458
-0.2024612925438139,-0.0906882140732769
0.1229664445666941,0.0795035296087646
-0.3059257922958511,-0.4108040522077049
0.036614033369748,-0.2457649808071052
-0.4845273214163549,-0.1516801811858912
-0.1606210825898993,-0.2458592312711191
0.1384898323942647,0.0014656079495924
-0.1964849088364717,-0.2173954535904916
-0.2447399458919488,0.318340290372046
-0.1774750750513559,-0.4152231969440968
-0.193327291568773,-0.0655628834535935
-0.0357957537249312,-0.2602115256807515
0.3049998410177133,-0.2240560921879964
0.5985954364864874,0.111714931859029
0.1351365388906019,0.4753657001767742
0.0451425989366095,-0.0986621599378338
0.152141551933984,0.4426318721932327
-0.008719358731819,-0.1122331006181859
-0.1320968765422681,0.2584400982173869
0.0379333797307008,-0.0305680679744424
0.0441687316173719,-0.0314451389310394
0.2073263069846092,0.1653722402585365
0.1030336929403485,0.4613385670531776
-0.3216958959317358,-0.2239689584015721
-0.0137674078041213,0.056674989302428
0.0691924409202517,0.3333147759673125
-0.0071537959201038,-0.2810264445024975
-0.1035053026935775,-0.3618877264339111
0.1065944734368824,-0.1361594331645924
-0.5317935405636164,-0.4499145269559075
0.0387891911932181,-0.0414769141138431
0.3814906599873116,0.2622323677186528
0.0840043197615379,0.0796976592739005
-0.322183586513275,-0.2492230649540631
-0.0654015286817707,-0.2148788184228744
0.1164464727037749,0.447573858229275
0.2947252525658428,0.1615562147613281
0.0930595202010213,0.2575482039163858
0.3494713141028945,0.5107988320948036
0.3887637812585657,0.098505228035822
-0.0530892412250516,-0.3476895548083622
-0.3866999612895684,-0.4362826978858007
-0.5462309418254168,-0.4544548250135998
-0.22409391817207,0.0897820668945441
-0.1996461722041699,0.0175374931518443
0.2065895871417028,-0.1252118068662135
0.2623741018941825,-0.3651490207595788
-0.1981473422984924,0.0714768641692202
0.129323554030341,0.053360937352048
0.1651974996829359,0.1113315909115029
0.2678108034638428,0.1447850927954694
0.5013334186831547,0.1066003949356773
-0.2183256690354568,0.0080084847014055
-0.5868052489566936,-0.7433754222836352
-0.0846478342318134,0.0487485101558121
0.0405245113131833,-0.3072415541366167
-0.7505831881195925,-0.3893532405826143
-0.1682642863465506,0.1497187948355557
0.9804323057639068,0.4773118194993273
-0.3524189794594609,0.0341070166319135
0.1816972834892024,0.5017468156687808
-0.3900544439410867,0.0221147775110362
-0.4281429445143567,-0.0651188605503312
-0.0704087443673095,-0.2952760682939553
0.0626908320918523,-0.4803701363253307
0.4045658670291832,-0.0615215209936247
0.3667321885727794,0.4512474970198944
0.2038322829385253,-0.1621079052559372
-0.1733269529065582,-0.2538624593130165
0.0023554218706324,0.4102894663907239
-0.3870628337689535,-0.1402202501743791
-0.2044551264429084,-0.1074567800527659
-0.0837601326266708,0.2277729750002272
0.1032687043224189,0.0605120987499762
-0.3291480478814741,0.3109113990029443
-0.020505280386902,0.2367488907182989
-0.6750403124271711,-0.133549652077494
0.0923611544888395,0.2059096754269087
0.2147756045656675,-0.4083995258442444
0.0062267506258348,0.17488852961986
-0.1369177026659365,-0.2464115086115883
0.2076767661017053,-0.1038706108438087
-0.0804986172578552,-0.1274874854173875
-0.2490151529257993,-0.1661394800631097
-0.2453908565954855,0.2529111350298432
-0.0014940819231131,-0.1832455987744245
0.1728146611440629,0.1027648770861209
0.530204726934012,0.3052085545172241
0.1187577620601795,0.1959785606712774
-0.6060676664932911,-0.1916115342653799
0.0702455346006738,0.0168763660825873
0.2848608544879957,0.491122502802975
0.5907301141811621,0.1653075874083044
0.1733985052376615,0.0936892471443543
0.3143913082254841,0.1253374179669834
-0.0174947898813541,0.2933931488484358
0.1647216698557489,0.1415606925045597
-0.2861563178363214,-0.0474704041354087
0.1513487386939311,-0.0579728267805788
0.2425886417592132,0.348600041020442
-0.0683152576221823,-0.0623537250077461
-0.3339186315966395,-0.0969048501320721
-0.2564386368635102,0.0321646731537056
-0.0222192670263627,-0.2112889790400587
0.0939747071493138,-0.1637856416669205
0.0686257545938398,0.1339422211016296
-0.0375695168327286,-0.0202586027937502
-0.0272337977620931,-0.0798099341569135
-0.3645121673872878,-0.2833594908360061
-0.4366518323415521,-0.0928019951603379
0.3522460564072727,-0.0047644137163981
0.218343101639976,0.1695257936911739
0.1867558497170084,0.2255612748950166
0.0749660468547941,0.2967005775813819
0.5651978973010746,0.0536119846096569
-0.0357160212446852,0.0988366156121431
-0.0440977441888571,0.0034605237473511
-0.3377971785753881,-0.1373618593354334
0.0624839507507867,0.3094413583261057
0.0216996052389679,0.3249914452151679
-0.3324086759385047,-0.0735210521737958
-0.1846473161843668,-0.1910321272985811
-0.1797485457690737,-0.2115071348157944
0.0114012692900749,-0.1143959001064087
0.0704764163404738,-0.0845431116467261
0.1273127219156964,-0.4252951952944182
-0.0738866604711296,-0.3966620630528567
-0.0562173885109757,-0.2268076286854436
-0.284296558648982,-0.4406723226493302
-0.0495558150577598,-0.3627692109536788
-0.4296831153597029,0.0071752803348737
0.3094642672366257,-0.3117306451851577
0.3653695579634864,0.2145741719303495
-0.1154004016024338,-0.0897733092437722
-0.6061429766971982,-0.2967747759399413
0.1318876401020832,0.102285050314273
0.0526453136971363,0.1701348772640926
0.1134707964098415,0.2888334076108927
-0.2083071662196995,0.0482889429655397
-0.1707225775051343,0.127767352359488
0.0035108895632519,0.2477433453171596
0.1462655652718756,0.1504644508589571
-0.170087565622437,-0.0850430630783487
-0.1096002906325678,0.1836323970270677
-0.1746679093294038,0.0130450738576998
-0.0825531572009714,0.2580010378870929
0.0494698374181457,0.2148493334591316
-0.2746320747310009,0.1937797562335935
0.117458656621444,0.0503422829278236
0.3103552305212496,-0.0689775266872561
-0.1235274148618197,0.1746034335456374
-0.1238538538432725,-0.3143369815505133
-0.257458040875656,-0.1019459269633658
0.4417301670660025,0.3496518656267506
-0.1203257762348169,0.2013003260758731
-0.3413211801461255,-0.0093860054601314
0.0660521056503132,0.1590792687684472
0.0609418550527332,0.1195900046329519
0.3113460332587008,0.0587829736926824
-0.1055433629697151,-0.2078321823922302
0.0888146160584975,0.4362050244872898
0.1836818360183242,0.1225496654664458
0.312286570647016,0.636174515278875
0.0647091087925817,-0.2868836122274977
-0.0183362617999002,0.2958918189417285
0.0102575410226897,0.0103294083723671
0.0129719268561412,-0.1962071548786447
0.4601836612326777,0.2748094428223431
0.4617064584573543,-0.2328229282917599
0.1738368710889378,0.1502179415001621
0.3457496523034152,-0.0381194846145846
-0.1882308096318523,-0.2929310970432603
-0.0016773682314039,-0.1184669721959692
0.2799914184178749,-0.2245169251505323
-0.1597428874958887,0.2476919319440044
0.1861411383496452,-0.1782699196816111
0.0834877584432527,0.1380207756183341
0.3087909003019312,-0.1975866942224433
-0.187544454558505,0.2601630494507833
-0.18265590861234,-0.3726729520577322
-0.0865858323313798,-0.1435295449122034
-0.1156024669767788,-0.2969066607583835
-0.2473984277672943,0.0546290366240495
0.5127692317547822,0.1657108005544869
-0.3906493685344664,0.3884908166240633
0.3601022201638938,0.3043796587040964
-0.0374860636177892,-0.630197256943528
-0.4563208049117897,0.2625722253692893
-0.1811486722117526,0.3343683594129878
-0.1459018416982036,0.0663834402162137
0.1352466408766499,0.2687005061689529
-0.0473336411573599,-0.4194793251083767
-0.1296009673644702,0.0312282812581635
-0.0686217443947792,0.3140185628159006
0.0375109541636734,-0.090651795001329
-0.0842899206905712,-0.1905122966848816
0.1693560351538061,0.0611725221616077
-0.0116284388176447,-0.2747278740245806
0.029266991228317,0.3624330439493159
0.1162287819330163,-0.0129670004474552
0.195931399811874,-0.0337956460827824
-0.1448813704746469,-0.2265858771407576
0.3268160004153383,0.3699184234330339
0.235438151281566,0.0896621663942297
-0.030684063129491,-0.0379348669253227
-0.3659759722831697,0.128369077046898
0.0151384489290704,0.0467200608711051
-0.202713779765225,-0.1258567604521153
0.0145856848587707,0.1570406582468704
0.0151405291564497,0.2572595544730462
0.0640937856342689,0.1488593703453475
0.2647519565245891,0.3341095194441216
0.0356992253415627,0.0693579077286764
0.1088704148529485,0.1398559516323602
0.2642392900132267,-0.0860650914983051
-0.212309775382475,0.1971567853982968
0.5807652770482065,0.2083561553761203
-0.189790505665997,0.2253085962882703
-0.4577042471257139,-0.0685957343811272
-0.1785182239467772,-0.0231781064637758
0.2328726366061624,-0.3127217114715246
0.0015737325557063,0.2882520111719195
-0.3251649784037783,-0.005914795036894
-0.2228832141316496,-0.0919831779706737
-0.0732823849039855,0.2315454498611237
-0.2362148971234607,-0.1429779785329993
0.3158917135956604,0.1942112277850529
0.133503165192703,0.1169443773832447
-0.1403157771401529,-0.2213391167085727
-0.4216865004805499,-0.7766394295298746
-0.047516453023677,-0.4900199441074296
-0.0665532609677658,0.1420700920536249
-0.2570776770093159,-0.1714507585360797
-0.0884527876848031,-0.418449458269848
0.2236446251650635,-0.0340023928519996
0.2392236161493977,0.2873973591988947
0.0658216333682653,0.017278798229432
-0.1761815674933123,-0.0235550817690531
-0.0131976297810797,-0.0631634634908212
0.5050829095183806,0.263470243289017
-0.2038670764281818,0.0714550938522465
0.0964854388748624,-0.2458238015547036
-0.0476679991180853,0.0322509232999827
0.2183856286242385,0.4359245854134485
0.1207688057281374,0.2569005515848202
-0.0404378201226945,0.2002889413562109
-0.1304597185048705,-0.3224780503308816
-0.2103238419674686,0.1001350466489078
-0.3582654772127648,-0.384694588452819
0.075436755781716,-0.1449024895054702
0.0103138395400087,-0.1780063004166332
0.0511615827162649,-0.0417487420417559
-0.0289917689769567,-0.1318507520510137
0.0342599873455234,0.1109032208889665
0.0539791469869335,0.1329810896925035
0.2975390013924155,0.3216656489452724
-0.0456978307594259,0.2503252691764675
-0.2504628716195774,-0.4240912129334438
-0.2034822182624421,-0.3575598411381613
-0.1744134747191898,-0.3283173537981715
-0.1373985695699301,0.0239149397505122
-0.1347216319851217,0.050879064573841
-0.2224327997748321,-0.1165183432189256
-0.1788823046899406,0.2011485835989902
-0.2747415132143294,0.2341239897906587
-0.4900498468671996,0.0407163919151598
-0.1830439943896854,0.0322776161576658
0.1894779238084042,-0.67526425269098
0.164963701975145,-0.0744041066253198
-0.1251213621717859,-0.0762913435194959
0.0466921229383751,0.1546455306479584
0.3217408086204894,-0.0154734912285238
-0.3452032339096932,-0.1088174424923281
-0.4314690696945947,-0.1377231270365665
0.1357952680549468,-0.466437720062421
0.0497168447174338,0.0866602907699568
-0.0653781421316574,0.0451613861747579
0.0476226778253718,0.2041073823001672
-0.246689020901803,-0.0436198296532699
-0.3938753349783048,0.1709147706647773
0.0116552617787572,0.1631637733384539
-0.2505743990805312,-0.1340506051863077
0.2154387941236475,-0.016372368414784
-0.0464992267028076,-0.1193698295909111
-0.3395994744650271,0.3077499768420434
0.1788990433684646,0.1627250692096808
-0.1434687604383948,-0.0279164953758132
-0.0715968506055822,-0.0504582724996999
0.1209029002404529,-0.0085506661967861
0.154435421389514,-0.0296200621988667
-0.034856013693242,-0.0465254551950219
0.0396468232548959,0.2645114200306802
-0.0657989583920301,0.056676241270811
-0.1917418097894994,-0.2104011631965678
-0.33493704509016,-0.3159434009760777
-0.0339609885475128,0.4007990713323441
0.1664016732818427,-0.1639475902378365
-0.1709563221983276,-0.4396801384983046
0.0346830245964553,-0.2794080396523413
-0.3954223337852102,-0.367405613361061
-0.1716066904460966,-0.4599837380734949
-0.2939176330997584,0.0142029335282227
-0.0996833447633577,-0.326980098261535
0.1252143208785437,0.4107676150448162
0.1661124566658326,0.310168325494772
-0.0263571132152609,-0.3725594521288107
-0.1261094555293296,0.1372058170668952
0.4499152211290419,0.1098881583295742
-0.4830073655676761,-0.5165717523906365
-0.1235582484605921,-0.2260676889018568
0.0170366373803515,0.1523231272458991
0.3676035223752922,0.0680327581819974
0.114134695265813,-0.1359406962609964
-0.1947099151639305,-0.1908029052633643
0.2088133132058801,-0.3643808451435381
-0.2882828129246421,-0.2869590713964493
-0.0311875131635559,-0.0994110613367398
0.1228895822233071,0.1260896306724157
-0.2525424975832537,-0.1377956183110231
-0.100662816114087,-0.0674244597694209
0.2859320009873783,0.1363083334251369
0.0376584778524852,-0.3822547899022124
-0.0301301306263215,-0.0847700393620692
0.1742750440518337,0.4831792311849532
-0.0829975450109166,-0.3144416659718301
0.143786083234979,0.0033958507522571
-0.0535731069760762,0.1530424496276722
0.6971852929609943,0.3103639295858185
-0.2059998599186713,-0.2610486015010015
0.2067384146667031,-0.0760377838103917
-0.2585890373651492,0.2700965648321843
-0.4435845202096672,-0.3927781713685953
0.1331364194607804,0.2395907033467639
0.0724148349053786,0.0210602129020897
-0.0123871913210801,-0.1326054552760512
0.1177320212551086,-0.0341397129838703
0.2605329211180527,0.0884301404539431
0.3852877071558795,0.4677745469227084
0.2066636868580405,-0.0282688911516111
0.3204989537665755,0.0947799924371943
-0.2386353050306006,0.3223056586937798
0.1443368322001275,0.091007490288451
0.0962436726150426,-0.0164386776494261
-0.0188999016361657,0.1113248102185556
-0.0192731909898253,-0.025388006040632
0.1845112301838203,0.3086493646085964
0.3097749834636941,0.4444392670865714
-0.0378803681516408,-0.085059608430977
0.0669157195849696,-0.0670059833999113
-0.1437488388349851,-0.1592215994365031
0.193107482635301,0.2508076187224508
-0.0297609857575059,-0.1585096869235405
-0.1023961915312277,-0.0872170310397948
-0.0470955337666296,-0.3398770579394291
-0.128357131626367,0.0543610458049462
0.4236650467613144,0.3242208662658444
-0.4209056684454285,0.0029664106245287
-0.0890364623005324,-0.5140657871407579
-0.0224202069275675,0.0243201253562608
0.0356120036187059,0.1623831883379896
0.5784691221553961,0.2640616623630154
-0.0199725373324889,-0.2977576549894608
0.2925339365121694,-0.4349719016665975
0.2319763953639568,-0.0319188620296441
0.3084696088472916,0.1689271102226326
-0.1677948440339101,-0.0244435466705979
-0.0936853321454335,0.047742150346197
0.3234438303333715,0.4672797356582239
0.3544834597978012,-0.0655918962017111
0.0493925290116545,0.1435790332711035
0.1602914687693492,-0.0027055818565157
-0.1643658943094325,-0.1020164884692694
0.0082474414385679,-3.411577453768952e-05
-0.0878383518005631,-0.0482205961394774
-0.1164592601335763,-0.2358670423108335
-0.1267149344754756,-0.7283382178087516
0.1743589689166426,0.5278595655157098
-0.1062466939012458,-0.155936639472769
0.0505803895640251,-0.4814940191264469
-0.0158647094037243,-0.1126789843199098
0.0142432132055625,0.1514460084468887
0.0873187191559689,0.0478572825991433
-0.0940803830138163,-0.0621673350795919
0.0554958535459215,0.2208722524043053
0.1201961044643094,-0.109936762912446
-0.0145959717684224,0.380571927595585
0.2682876878221331,-0.388528772051555
-0.163605092796711,-0.1918980603291233
-0.128211676681681,0.1540618978072702
0.1084710646396247,0.1270613075221408
0.0220629649598727,0.2660359086366668
-0.2508029407000096,-0.0463701688299929
0.5872806131806843,0.2150692144026042
-0.2474370935813054,-0.1807462410386894
-0.2361631469351978,0.0336673755060273
-0.2714931045541461,-0.1020915707827747
-0.1097545236089004,-0.0828295401872427
-0.1405010634654149,-0.0154964466702645
-0.149625014230648,-0.3588456958258796
-0.2039011582325366,-0.1436580326168029
0.384963626313443,-0.1308132651932807
-0.3501321681128388,-0.2953256423593702
-0.0547849581985955,0.1713733119969434
0.3514018837188442,0.3203039420098589
-0.2193431839837021,-0.1549290999379507
-0.5067623404488513,0.2990208898644907
0.4051086056929212,-0.0897574798316094
-0.7185179151118979,0.2921163022335848
-0.252716400229267,0.1421778747801526
-0.261244421467195,0.2194679595781367
0.2405959210690237,-0.1984560151201497
-0.0158206000891175,0.1637076436120707
0.0482805373886991,0.6237029978140504
0.2352520393334086,0.2820297327816496
0.0754924477789057,0.0505844137446024
-0.1229805070759132,-0.4228108509278461
-0.00579943599328,0.2256487001010429
0.3449335028236264,-0.1333239819562822
-0.1485968485131324,0.2929262911306525
-0.3785524201860561,-0.3543162521039951
-0.2423851411653349,-0.0058913215420811
-0.224757427927982,0.0949327895564485
-0.3351636674200843,-0.2337149378939619
-0.0150594887809037,0.2431102049748055
0.0360372652257301,0.1880322255551434
-0.4745397613014334,-0.1321544280962551
-0.4448448703767796,-0.2916503780344305
0.1133036726558236,0.1567979768181474
-0.1866165745209351,0.1062267170961977
-0.2566266505729395,-0.0960067964252546
-0.0310155821349671,0.1089592175187938
-0.3187896416903047,-0.158780571984687
-0.0508746200122129,0.0354928529717026
0.3432024456779159,0.0587921316610981
-0.2198896359661178,-0.645920612523443
0.2735834437632249,0.165998613289797
0.2764912626503893,0.2716428084212985
0.271206779084613,0.0901982531606015
0.3998056758467408,-0.0040207444531155
0.0589454674855485,0.0631604459799341
-0.1153355511068915,-0.1371317194537615
0.1141035068853798,0.0071350334524582
0.0832369796621342,-0.135270474643869
-0.0905842060110632,-0.4081685315921649
-0.1862181746064691,-0.0476869263871627
-0.1966348741654228,0.1923131636508827
0.0454090888378152,0.266941992025712
0.078032324194302,0.1324663398044222
0.14799909101438,0.0404845054371473
0.1550590690034697,0.1547830663680892
-0.114652449164858,-0.2088286557808227
0.429969471705077,0.2049458751264894
0.2734795293267208,0.4001105042165245
-0.2391751973922297,-0.1433763247127295
0.0133135105763435,-0.3771253889002496
0.4134717393211498,0.0404732406513836
-0.1035724930336692,0.0195864217033317
-0.2870002126905625,-0.2860176786212589
0.2881280960073435,0.2517220182113259
-0.4901861554473118,-0.4035586646022581
-0.1183193033070835,-0.0636988967258902
-0.0696447007226261,0.1583218194702378
0.2970409327503531,0.2000780410101814
-0.0082029204119059,0.1649212403294089
0.0673665029801656,-0.3760800735778939
-0.0665952858665047,0.0040942891395615
0.1885619520848044,-0.0814260311072744
-0.0784719963853981,-0.1749064439218982
-0.0306064274472264,0.2634258241277185
-0.525551570448918,-0.3192291493238025
0.0628395189421106,-0.0223335374380755
-0.5434989296319824,-0.4302124457934473
-0.5540968088879928,0.3263710016957852
-0.2906359439764364,-0.79871111161541
0.5450556234706684,0.2081351369359866
-0.4901565068566516,-0.0833317950423714
0.2096440404131876,-0.2301003493117222
-0.1252545345427523,-0.1336700794197755
-0.3493995525890907,-0.0638675749339225
0.1221829495957821,-0.0410495507085808
0.0620431838820279,0.1589082669175431
0.2320209266029496,0.3117482557717709
0.0625721348009841,0.2122079598266349
0.116799297643364,-0.180290056445213
0.3234946012507895,-0.1674588733667491
0.0048970904621008,-0.3087045858192568
-0.2153212053991464,-0.2664074291643115
0.1376704574020589,0.1253152225535909
0.4249879420719216,-0.1428381209079919
0.0122065593717627,-0.2624754055488096
0.1925368470966145,0.0174589354303599
-0.024050786956006,0.1759192112967649
-0.0518458530375288,0.2534745533998478
0.1480152089675515,-0.3846107390019644
0.3797096088449079,0.1665449191663462
-0.3080065894492724,-0.2307975628215808
0.0683832346784722,0.0815079123243288
-0.2087838230673472,-0.0157647305847361
0.041650182620601,-0.4947875474786175
-0.2341354246031969,0.2373975958451714
0.0379933069947874,0.5877830705712515
0.0579832049260225,-0.2466785559510442
0.1733559436144408,0.0691037625750212
-0.4134274941099624,0.0254162705152764
-0.1393742732106143,-0.4743886674667427
0.039743460149624,-0.1131541900397344
0.2539533824504005,0.1017590103075342
0.0829931312542241,0.2415612867051638
0.0560522173758455,0.1203895942783378
-0.0078022335142668,0.07530016762914
0.1441998665084156,-0.0773075379992834
-0.492912735162893,-0.4394174386199911
0.1296579274932913,0.2126117814852964
0.0817672600148276,-0.0892533294116987
0.2671141173432289,0.3722356692228806
-0.3000836585804227,0.3004363374684664
0.0158592481700805,0.0407066785130234
-0.4435836660305319,-0.1010712389225148
-0.036670679596741,-0.42366373645624
-0.0707723157507319,0.066443204213228
0.5022702502852716,0.0920199178685542
-0.0388387054310126,-0.330781728011468
-0.1121237769529038,-0.0255504329800084
0.3993304459212985,0.2448618460269543
-0.0272094637070711,-0.2364267316325649
0.4115795977897545,-0.1508918206361455
-0.1248121082013202,-0.1909562714503016
0.024330559109812,-0.2460160599336945
0.1559139137145892,-0.152510276278575
-0.0063593167090629,0.0664929507062258
0.0986834614699053,-0.1341330039665516
0.185479394405785,0.3525181392209534
-0.3168078158398411,-0.0418103181162309
0.3314764126376112,0.1344179952865615
0.1296362810345729,0.3870076183037514
-0.24082887065036,0.0170310527534276
0.0259325136666521,0.1682951844068029
-0.0497846819805019,0.3607106001843658
-0.1748352360906806,-0.5180982743897985
0.2199674890439531,0.029331184148112
0.2568457867558861,0.0022783516327214
-0.2310219709115668,0.569566803861473
0.0292495735353631,-0.1511477726723195
0.2406717147895919,-0.5140233981822308
0.5754398989632009,0.4054989956420372
0.258545353335747,-0.0428756556159232
0.1550224085505855,-0.1462575080889885
-0.2771281762850445,-0.1850677943739327
0.5026225943006157,-0.2866359032017392
-0.0234767656039326,0.2598498459532614
0.1523681535149541,-0.3782211807887598
0.072450634176976,0.0322815059838998
-0.2558695259110569,0.122320192610018
-0.0062821939881077,-0.4893113844501361
0.2080526014418619,0.2727436748553896
0.3968487456083865,0.0042143070904233
0.1487953205780107,0.018844402145473
-0.1802112051581517,0.0275031121680041
-0.2826784692587439,-0.2167155337917082
0.1539954710888799,0.2786882639719363
0.3952667639232923,-0.021725827552183
0.090640886745468,-0.3041730024207666
-0.3222897699330601,-0.1576242815857026
0.164206935299839,0.2231040059653118
-0.1280537460096226,0.1712385006020998
0.2083561472576032,0.0268967701224
0.2715466759327591,0.3220313896420304
-0.282394470924412,0.2473432247133516
-0.0776576080767205,0.1395193959667671
-0.1193041676908665,-0.7173140249033578
-0.0568804633362834,-0.1118382591931401
0.1041300262656426,0.2676196152543021
-0.0414073693750249,-0.0699241510995071
-0.2355216889314474,-0.1466910242472237
-0.1908044028515397,0.0301300987753626
0.0319941336466496,-0.0329135747698515
-0.0781220229728495,0.1914645881475202
-0.1080244276239672,-0.2224009624870654
-0.060226374448484,-0.3025125112015069
-0.0707877612147651,-0.0620931095295806
-0.447725518243237,0.053304847414291
-0.1211868767206591,-0.0138949529020003
0.2441220508332335,0.0837555739916
-0.3811341260697827,-0.1137857754819577
0.0916631532526287,-0.0799383611767123
-0.0152299894991356,-0.3675384056368079
0.1854235477712082,-0.130339969697521
-0.0375998432770348,0.2446356429191414
-0.0238480960309846,0.1454151535265845
-0.2485918623782366,0.0171577415591805
0.1263054333245611,-0.0944022041827396
0.0666599892261417,-0.2599303030568967
0.1158408909918566,-0.0016426513009984
0.0799977308743787,0.0633783382873853
-0.1030538870266265,-0.1588711803644493
-0.0876355782480907,-0.0634112878241119
0.3061925426492979,0.4267111570644561
-0.2212195678249795,0.0185110882994858
-0.3476441100691977,0.3990676891501297
-0.1126668535634059,0.0475765577020558
0.0030562803572661,0.2042774656427565
-0.3408528466517311,-0.3082065440617977
0.0656952414804943,-0.0951260333702501
-0.3083858290682739,-0.1549576830601251
-0.071383899582252,0.1581716610525008
0.4875406631980586,0.2452265548744327
0.3128955396542332,0.3338153984594814
0.1993063883263899,-0.5068919489234742
-0.0548700548441422,-0.0210279658373156
0.1823964026714709,0.4407602506845474
0.137874868797911,-0.1413029257873386
-0.3518481483354132,0.2724148040119726
-0.0325609582766724,-0.2935126954974403
0.2555523860132756,-0.2612712692226765
-0.0172600348093814,0.079798572593861
-0.2030032957938679,0.0564392803918021
0.6383329183177923,0.4522275626155915
0.0105584733530428,0.0036787384935453
0.0522730905520873,0.0842094199657654
-0.573501625863565,-0.3471017432972573
0.0797390589833817,0.1627167762870324
-0.3567655595854938,-0.0349303580722141
-0.1369854718256596,-0.1789391408110935
0.1320469859662794,-0.161719265020635
0.1358293324350584,-0.2132861961122778
0.1386375761150369,-0.0256863691106163
-0.4400082660180485,-0.2760385085813624
-0.0041329479647652,-0.0995102358730399
-0.0415867813911984,-0.1255005798935038
0.5440270995300225,0.397898435465132
0.2124990547614352,-0.2279920921200386
-0.4532712081673898,0.2016853721542364
-0.0961564792640064,0.0400097739158058
0.2763199764288062,0.2133982924258622
-0.083138543068768,-0.4239378602551395
-0.2746457022826606,-0.2542783254687111
-0.0584214690420415,0.1610014780428337
0.3318090691639991,0.0477969123187054
0.0146290468332177,-0.2293846698227436
0.1253657478753816,0.142110579719259
-0.1189000112807743,-0.4790759134042108
0.376768237576986,0.2334639004644804
-0.2663624449648382,0.0414863225196969
0.11048435503339,-0.1619854871175308
-0.0187254169325707,0.299025213139319
0.1939125886329372,0.1151638692180189
-0.139273328019766,0.1882397794719963
0.2557168467270874,-0.274516224460252
-0.0549607007113333,0.1922114757545062
0.5181268563842416,0.1141820100849766
0.3913000023025116,0.187417206720722
-0.1395690935880576,-0.2210923448281866
0.1695048134007823,0.2516812116411002
0.2605193228715431,-0.0976715463875118
0.2800072014331216,-0.1899916391749394
-0.0162779020691517,0.3189623055243211
-0.0966049599692287,-0.2688956609927247
-0.2644235974820936,0.2273386156096564
-0.1912840027110039,0.4878271396048583
-0.0650064217169932,0.1813254400936502
-0.341454503466829,-0.2113995660982454
-0.0903256135318103,-0.5154745859590429
0.5128606798073085,0.4379644533898584
-0.454881671101309,-0.2040139600136745
0.0368447647471405,0.273788707810196
0.2463488295782284,0.3116241413822259
-0.6973113454823859,0.0640102084202287
-0.0761665678868085,0.0113577275590917
-0.2936585672447034,-0.2344561981318194
-0.5248151420291115,-0.2236688674422873
-0.62372087200221,0.3187764143125045
0.0462488163593813,-0.1237824794804087
-0.2256328256467312,-0.4278671435364686
0.0019393933484102,0.1466396462319608
0.0162160861512986,0.224440360685997
0.1148271263788593,-0.0518145794017587
0.1049061460045713,0.3614889853942764
-0.0638997174897474,-0.2186649592406283
0.1329915704361558,-0.0962025696286569
-0.3638199760254268,-0.3926233581908112
-0.0801200703570244,0.3904826030893402
0.1849303046940288,-0.0946484780567008
0.084384110130281,0.3796780159791907
0.0552648402230075,0.6210728650121373
-0.1179583172576455,-0.4139646174331038
-0.1008105540767392,0.3589156931095447
-0.1412497871782679,-0.1170929766432647
-0.3635594475058751,-0.5373623474773817
-0.1628320527584155,0.0094770641146123
0.1406117213412114,-0.4547246543022274
-0.5384306810510341,-0.1501963684603601
-0.1775433335269992,-0.0054651918781515
0.2373982516187525,0.3789725422477552
-0.0188569346435926,0.3896337651614628
0.324939026279659,-0.2077127297085337
0.2324474415817924,0.1246691785426725
-0.2735636565026875,-0.4055219326280149
0.2414816194585877,-0.0466909809283448
0.3889404564589483,-0.1497035085205719
0.0648063503871148,0.0576197267558961
0.0099409997937605,0.4727723919465116
-0.2480859729832719,-0.2222468317803127
-0.1773161441024969,0.3474769740968699
0.0989565233954121,0.1350381006375792
-0.0864660091107393,-0.4069470183619823
0.3389806817547828,0.2579962534946006
0.3115477725542049,0.3855171262932392
0.0746082939317267,0.3322059791100488
-0.0728601525376048,0.4384000844416444
0.0070145069977496,-0.139948556012201
-0.059095898506966,-0.0326856035032093
-0.1578571929621176,-0.1190943651303182
0.2675792165270211,0.2324295943643131
0.2364479515786646,-0.3540729343785186
0.3025522780433452,-0.040202598800921
0.5510375339222999,0.0486231903360917
-0.1623633213676362,0.0552566411640381
-0.054008569782144,-0.3417844708850482
-0.2384070271590208,0.1034186670505046
-0.1531060474956445,-0.0742430073389082
0.0504937053410729,-0.2747640013949995
0.2606720158620887,0.2944706130922996
0.1026072769786105,-0.1487127645865076
0.0904550194395693,-0.2287457171034534
0.0475236618917756,0.147921182983631
0.3571405341779614,0.4393318254040434
-0.2390512864906873,-0.2203460706559771
-0.0080098398902585,-0.3097901431697533
-0.3156819785050338,-0.1937952999445349
0.250230531368697,0.0375775439014191
-0.147597622042428,-0.3157494479783925
-0.2115613975621,-0.1297579078430984
0.3590223385768056,-0.0147371428818333
0.4519683790186162,-0.0867703978610249
0.1149156846850472,0.1252167973797292
-0.1123668421797646,-0.1903131463213039
0.0221322948950491,-0.1311798876911365
0.2474166803873618,0.4023574704564232
0.2869076210828663,0.0886036123007329
0.2602550509261385,0.3314743352758663
-0.805671725184648,-0.2748162599492066
-0.2256662636134693,0.1096615788833
-0.2204663391392882,0.1409011512820026
0.1497599217965546,0.2052413705066881
0.318156923963718,-0.1015853697545022
-0.0948398735729673,-0.5064397939085847
0.3286409575330046,0.2953274078342258
-0.0730185822006428,0.0208390524283759
-0.0575698148874774,-0.7802338541136234
0.0959474536643263,0.0165868251854495
0.1402843737291636,0.1403861275082186
0.2481275888053217,-0.1858596762143497
0.3690877193991322,0.5475558472367388
-0.3365360934479571,-0.3278403732378422
-0.1738354440319323,-0.0523121870158986
-0.2582114523678122,-0.1919329157408941
0.4224899977960524,-0.0046481092110063
0.1904712944741777,0.3181729701940998
0.4991541864909256,0.6754314521326327
-0.021724799733806,-0.1866392518566165
0.0035664356362024,0.060382305703498
0.0829550721177982,0.0252333238569024
-0.0485124954655753,0.3235119034586344
-0.0299642221137593,0.0436196470595169
0.0793393886143982,-0.0154166272220084
0.0540634354613366,-0.0627242074933847
0.0855437733644339,0.2181056190261805
-0.0797266293770305,0.009483235744003
-0.4382886746183015,-0.383036091927869
0.0541219273925355,0.4060383777727261
0.005786433993712,0.4235962664076122
0.3564569031974698,-0.3004429188578539
0.1803814204407848,0.04769294347573
-0.0937040686362219,0.4264435387761212
0.3627352225447729,0.2527887286763774
-0.8035681692947502,-0.5296213450980881
0.0237458271655148,-0.1733678441862597
-0.2049589271715677,0.2908650585711146
-0.5975455962070905,-0.4640161039476093
0.0456262544453424,0.2781655510991971
0.6332845452497922,0.3278075960861931
0.2818093856235919,0.1227658760836022
-0.0400971429127814,-0.2126921029287
0.0025442636237038,-0.351430452199319
0.1505564142342217,0.3279575278835415
-0.1777777951248311,-0.0364900211878752
0.544334469826013,0.3907180376508342
-0.1907756406918178,-0.0796923732697741
-0.0827926229705193,0.2668230759414068
-0.1072242808213932,-0.4136077976564587
-0.040095236542141,-0.3108985344368669
-0.0640434782533281,-0.2492534006245503
-0.0812685124408467,0.231061729574106
0.109105116090985,-0.0987207489324562
-0.1704599464670006,0.1640231281892278
0.2453321569509939,-0.0121955802614697
0.2221101882306092,0.1661371349644359
0.0672630295451879,-0.0482304641264608
-0.0616387327999953,0.1288436682565444
0.0111868042079915,0.0097770310273552
-0.6591196888572947,0.047595796055176
0.037118881961498,-0.2886952051319696
0.0588120911121787,0.3508955434992001
-0.0565374168813584,0.0048421630576324
0.1067281890442924,0.3347594277293333
0.1171497894680574,0.1533137241619695
-0.0069563246183296,-0.5277355100047235
0.0321857729191281,-0.0939099332500383
0.46460369026783,-0.3222616490381517
-0.393130989662404,-0.708491045922576
-0.5284231861799552,-0.314201305136101
0.0527537881659642,0.400453549970191
-0.2296589656230634,-0.381841448292987
-0.1453736986671438,-0.2454539868640918
-0.0631039503538193,0.0867160685031886
-0.0592448649070665,-0.0577858935031736
-0.2707322551523053,0.1171534836328923
0.0824431720184747,-0.0583584296533308
-0.0236708147347058,-0.5437937543608711
0.2520593004817403,0.1929266563523473
0.1026081109252424,0.0641479618202576
-0.1147530063354032,-0.4459100689824766
-0.3855679997645321,-0.288444921588932
0.2141364640939724,-0.0693058461308082
-0.0680277141171705,0.1482623218344327
0.1629143798872424,0.1706991352974952
0.2490042635151227,0.4007004087781811
-0.3082730503302865,0.0083653478458399
-0.1267051490516334,-0.0402887949222267
-0.348942230932238,0.0993758519107933
-0.1842078176687059,-0.1066735294691394
0.2235413778087511,0.1595734099607502
0.3059988751320567,0.3022311289922088
-0.275496619338812,0.1408086146401368
0.4217952253166071,0.1109270606598504
-0.0720817375204127,-0.4213871176879684
0.180021145341446,0.0528834442174021
-0.1916248472623027,-0.1849464089315567
-0.067778183283287,0.0480528014799884
0.0304783692585756,-0.2244085311286824
-0.0468211277675772,-0.2135535828375139
0.1372814686542632,0.2669764260984897
0.3117554920974241,0.1308789834088619
0.0129208221742846,-0.1750032529812285
0.2303857923906184,0.4101512190816019
0.4536991488256242,0.2580034179175005
-0.067171767010125,0.0713402486276272
-0.0085158844923348,0.3996819621843739
0.0037293857385147,-0.3472900266712587
-0.0808331088606844,-0.3152359067080862
-0.1914675102106655,-0.1410711592195385
0.2945207416362627,-0.1724656468850844
0.1835424648603938,0.1609480279904384
0.1588763985757796,0.5200101046787544
-0.2877078691905569,-0.213993863459251
0.3447643410285531,-0.1784040689976432
-0.2470388524524257,0.0636255133345316
0.2119947417501232,0.0507831542144484
-0.0687676390963917,-0.2908803012227185
-0.3776669750595188,-0.0657228034432882
0.1602034387665639,0.1233321317137198
0.0274109694603388,0.2352018329459008
0.053229413616695,0.7678736723167261
-0.1774603496635835,-0.0441628213377694
-0.1393814863329069,0.3121063688420789
0.2955766539926762,-0.0174412253114799
-0.1877355447518681,-0.1923770128578759
-0.3524887052049016,-0.0705108741892508
-0.0926569801961523,-0.1644708751236618
0.2768515781922535,-0.1286787499383266
0.5055541138311335,0.3674048117815842
0.3295273110864362,-0.0055067737634682
0.140196089086268,0.1687108141287248
-0.3665252568412868,-0.3353718131674179
-0.4040912490428867,-0.3103467258804664
0.1734825897514539,-0.2116132412795167
0.2646382503521077,0.2359609601263942
0.0606972764618973,0.0322332131451477
0.1323176244759106,0.0138212562183751
-0.2306089967538106,0.3032790613353878
0.2299316874144044,0.402201317302807
0.2041421363778269,0.014033980652317
-0.184301610563056,0.0124038050619592
-0.1996567532437435,-0.0439587421839656
0.1406881604924381,-0.1296104485545265
0.0326160230326755,0.3875117355794404
0.0549479904148155,-0.3065078925410219
0.0322340469562001,0.2265544775142215
0.142477758896616,-0.3098460629656156
-0.379491857870724,-0.0563298203988145
-0.039864051791859,0.2774512729952684
0.057282721266514,0.3362362263622291
0.0980740255032737,0.5029796279611863
-0.1120238130412471,0.2756145792933234
-0.3471671025287104,-0.1281148774755974
-0.0782258711768269,0.1459736336891232
-0.052077185782712,-0.1969205146075189
0.1046785003958073,0.2294706055969843
-0.0718716028875075,-0.1260846368302988
-0.1433136302784981,-0.2617991021773884
0.1259621567316061,0.0312488646150951
0.2172196229241665,-0.3252686728858036
-0.1901221263141252,-0.0485465990665849
0.2333819690311596,0.1685604377011464
0.4819113781239651,0.2873523532650279
0.1312651593687588,0.351767460151521
-0.0918327791864784,-0.2626937083894391
-0.1719085869868236,-0.2296816329134474
-0.1591291908130631,0.2806759357269585
-0.1818700316232622,-0.3854067570801198
0.0268325932511677,0.1134740403658535
0.0132538131791997,0.6749680662788377
0.0197659471083645,0.5319737824065648
0.3662312152431937,0.4537563849364695
0.4054105958141602,0.5314705333354593
0.0954296168351516,0.3886086866989141
0.2027089204602974,0.3680327159398492
-0.1480350991760743,-0.3895537779722862
0.4570430668060833,-0.0256160853096121
0.0799953403616086,-0.2619640683756475
-0.3035685799978612,-0.2576248804056757
0.0613996453050135,-0.1603801217049538
0.0054991572389271,0.1197463926401391
0.0550577209506267,0.0334192798371036
0.1643207547581602,0.4835365071268653
-0.0497651731495077,-0.0576369614549375
-0.2317071393669421,-0.3395487123997509
-0.0851888684541046,0.0105449214955465
0.2248020547095278,0.3968711956280603
-0.0963984552659018,-0.1465475806001944
-0.2248590607928912,0.3232558463203973
0.0275034186114385,0.0865736704817239
0.1744744610854906,-0.163447343322075
0.1407735492708313,0.1674053964223149
0.003088189531382,-0.0826153523494545
0.1296829829849848,0.2378419660692068
-0.2608357660353907,0.0042295637925769
-0.0457738477527898,-0.2579762749916023
-0.1704433843302178,0.1053942539888433
-0.0666162722196208,0.0984834496458042
0.0156357188811247,0.0885693208906575
-0.1483193507043045,-0.1375119390885626
0.2450590005421804,0.1813156144748161
-0.0680924313945845,0.2108144279928291
-0.2903740630581536,-0.5274202300413089
-0.0674253249833069,0.1565992947193412
0.2008666194963401,0.1187818639081042
0.0905978216864468,0.1228077048150407
0.0426543087272781,0.1486796804947433
-0.0215580701871805,0.0115725507593202
-0.1260369002031968,0.2710768298488094
-0.1334767459803832,0.2441950247314872
0.0640607245947996,-0.1619818531899663
0.4557436514522092,0.1331195101345431
0.1755112776641466,0.440473917303001
0.0465719392606185,0.2593392064985
-0.6022171427165328,-0.1144880123169923
-0.1194664493998689,0.0016820613153887
0.180744821615458,0.0527608409294497
-0.0855160559418495,-0.1187260067029344
-0.3902341569823257,-0.1202422058644753
0.0307752958128761,-0.1278251956980606
0.1159658324367755,-0.3961177486547768
0.0086971361214417,-0.3732889250173266
0.3935857822530725,0.282711851744793
0.0500735641214075,-0.2107059550810213
0.3052231047655541,-0.0044161140776502
-0.0034070906857858,0.1448938035872403
-0.0489752491398813,0.0248247410853822
-0.0284796514629991,0.0902103738903885
-0.0629208420321146,0.0366006923967708
0.1430895273084708,0.3121905698911974
-0.1743395723314315,0.115496686250554
0.1098168242532888,0.1270146055711622
-0.3182098588491647,-0.1939417341340637
0.1508613736674602,0.3019871992611103
0.1840683256687267,-0.5388564984153249
-0.1680128331987516,0.0653371306113375
0.2180953281138276,0.0192680354227723
-0.3004767716454549,-0.5041720787893947
0.6432980123241331,0.2727911283999775
0.0070797623596911,-0.1058881314850477
-0.2609077885191447,0.1077954105408236
0.1437781499751712,-0.3043451159850052
0.1317469070923209,-0.0957689723020647
0.0590482682526016,0.0916956410589361
0.1192607340070132,0.1734798402917287
0.4403055273168987,0.3701071776449045
-0.231109411068125,-0.2039811108810343
-0.0436478634332358,0.0840501185157956
-0.1900621179709824,-0.3563376656336113
-0.4584379567296448,-0.2199686317530728
0.0459181583969302,-0.1202769848917595
0.0349929105572382,-0.1269989738730825
0.0446487014712333,-0.0645349069472225
0.2808463333865812,0.6542703002479398
-0.106477924668948,-0.477695163071514
-0.4021953474647327,-0.5035786861427589
0.2417025711235556,-0.1162761370425316
-0.0403636530608011,-0.3136796569986896
-0.2247401463605207,0.367556145913084
0.2739821928885359,0.0004249533091838
-0.2727082382988349,-0.1320370591269111
-0.1289077774720251,0.0432612283645893
0.1608533272294925,0.3897607614091423
0.0367909303830323,-0.0546336102732545
-0.0027571061967561,0.0459906788604048
0.1086864057103536,0.1667773443171047
-0.1039954664766224,-0.0795168485935481
-0.003758442675355,0.0978635569830962
0.0403754117755412,-0.1536022543932018
-0.0311704451834686,-0.0815562366533015
-0.3048288969212297,-0.3048521239879745
0.1027248674845978,0.0262063392668741
-0.1238044559463047,0.299132471858941
0.0229232454277346,-0.0208947253190995
0.5973897079995587,-0.011878097142018
-0.3108566822041061,-0.1410955105835435
0.1263466319006632,0.1252705728189732
0.3001799695256714,-0.2112137767581969
0.0910604217482436,-0.0038167459785819
0.1138943822163817,0.3129597341734046
-0.1484230151415758,0.2885982475061237
-0.0756675604185242,-0.1148234520094889
-0.2265328219642012,-0.2603057712652399
-0.3058084434248158,-0.1511914779343057
-0.2399968385065453,-0.4764569805432834
-0.3661876098349941,-0.1997550315663383
-0.0054748043379599,0.2068877658980348
-0.0772270649768547,0.0236628478023552
-0.1814017861262684,-0.067162292276733
0.2312297044926501,-0.091100668384719
-0.6467811067860715,-0.2549715459270004
0.5707504972041636,0.3667906543567871
-0.0047836956681896,-0.11399277247191
0.0444198643743039,-0.2974423644708786
0.0907077956678359,0.017330097231314
0.0693344185879622,0.0684584148069836
0.0297217805778904,-0.2199544432397663
0.1174821853517172,-0.1901250600816368
0.0680258723190286,0.0697877445672019
0.3994642308684459,0.4246616424341737
0.2267616408613803,-0.1545132929371378
-0.1237873849005418,-0.3370832238324928
-0.1072016280546647,-0.1148230606488929
0.1070756199728513,-0.4378860635416485
0.4904200809245016,0.2755485939985433
0.024075411179212,0.2097921817320544
-0.1893127583511307,-0.1649471277549231
-0.41637937810616,-0.3715467860530775
0.064752622944989,0.0459909197004639
0.0699299980319759,-0.0756424933694396
0.175444301593042,0.1916028877274429
-0.2071400225813666,-0.4060422700256139
0.4831933340149988,-0.1428349991148461
0.3900101811518486,0.3496253148445221
-0.1363806687056457,-0.1958120061877358
-0.2971087240225233,-0.6471538059533268
-0.362052003023452,0.3484608838137345
0.1809896372557847,0.055052097938131
0.1811537569264131,0.6403577945138009
0.4697854219372414,0.2949482308765235
-0.6439977740324369,-0.5842680448850174
0.3369343660568026,0.1334659115513936
-0.3673301231921598,0.325481875310465
0.3421913305489081,-0.0521779562491056
0.1167612866084516,0.3368052396810695
0.2043031914592352,0.3107517128312116
0.0879263589035673,-0.0821612242578824
0.4540054459681731,-0.0414021986014535
-0.1134084625904079,0.0003374368949479
-0.4758227420827208,-0.2015374051724521
-0.3483728890930216,-0.4372490124425926
0.2564429733311696,-0.6186909352698885
0.2196118889750566,0.1716932750843062
-0.3213029839402582,-0.2612753781830295
-0.0263507838182032,-0.0576019670415454
0.2064051894326442,-0.2642829557943568
-0.1529908140966485,-0.0575047961802482
0.5399548526089625,0.5667608115130812
-0.3241230847574989,-0.0942091985337312
-0.1088687261535743,-0.522474842073289
0.4536456375608244,0.3107673407390753
0.0637465673178932,0.2838808434633385
-0.076284625382131,-0.0521889719982657
0.2512530852255745,0.1107760580305066
0.3562212135195169,0.1821459455743553
0.0216661165357999,-0.4830308782894649
0.1696503640609364,-0.1442290757996514
-0.1385987114924665,0.2161249365784813
-0.2616840231570879,0.2198709904363453
0.1060963863066471,-0.2058365374251346
0.079856658169891,-0.2487424750353198
-0.0955643003657892,-0.1880576367628738
0.0409422291095299,-0.3058499286358375
-0.0366214422174281,0.1573699067238529
-0.0402619228756015,-0.3214824878887553
0.445259609324222,0.0207346659666069
-0.2044909630303917,0.0998770091113816
0.0107034163051555,0.141273279663291
-0.1411345536543015,0.4479970075504642
-0.1362796524406435,0.1687982109301577
0.1343286184035941,0.0243426689994608
0.4957957288391822,0.2319327302387719
-0.1628230884108216,0.0697313215584742
-0.2365773470012898,0.4175007662038282
-0.0345754028898234,-0.0700122554126073
-0.6657855958163268,-0.3058731073369245
-0.0420365084877453,-0.0831644900449766
0.0102300989283255,-0.0355211712298072
-0.0712767831148233,-0.3089526215723486
-0.2079587544792003,-0.5027891698245062
-0.1618065521139763,0.0021690535023493
-0.0104663858907427,-0.0547737575611523
-0.1366942050716667,0.0722159416296488
0.2212087630428537,-0.1511834741708739
-0.0912538254624061,0.041556654365089
-0.2463667289802815,0.1842940067259094
0.0223629415247669,0.0302488663694967
-0.249757631224226,-0.2009732829489532
0.0372894531385091,-0.0663717176920662
-0.2656935759039133,0.1127388154504592
0.0098133778080678,-0.282028698854101
-0.2540215307220357,0.0671668877116949
-0.0991342312024344,0.1191049175880386
0.0560398669586913,-0.0746594174827372
-0.1446008994672322,0.1705878397143963
0.0682456436205325,-0.1136061114184071
0.0534710069705127,-0.1422876027660522
-0.0871626206095768,0.0209529290510688
0.2647588272657751,0.4884513381360544
0.3065048338159736,-0.1411654203606015
-0.1898054683650728,-0.0933582270014662
-0.2106810918018124,-0.2104449441254065
-0.1234655546403879,-0.3001094238823265
-0.3793166717556396,-0.103796711987505
0.1457154036106948,-0.0138842850136873
0.3106347486248044,-0.2120700607780055
-0.0087163787753171,0.199460228109009
-0.1171593194006217,0.0406450881074649
0.2042495513969897,0.2877961493234636
-0.0521505946349928,-0.0720710150578455
0.0936869532455433,-0.1845451014465746
0.1283801382843172,-0.2736713922905945
-0.2072697337537914,-0.1335111613162228
0.0800193962188235,-0.3140152064479254
0.079452683329796,-0.1434169023743162
0.0169660947844235,0.1070015823148521
0.2885095481377324,-0.1401059491630248
-0.1481048997797578,0.2784352492521311
0.0648535578230325,0.0110172375778841
-0.3361861067771035,-0.1401830789799987
-0.3505155324632226,0.195015981162517
-0.1930741161934848,-0.0086721552041025
-0.2622747492268442,-0.5655797555857839
-0.0804265194752279,-0.2277957255490559
-0.1550965065931157,0.1790264606695161
-0.0566591787681009,-0.0285959118492231
0.0376055736838267,0.1251638341216558
0.3836907955099182,-0.0833446751777645
0.0014313095668992,0.176614640799776
-0.0430809684177584,0.2974433422069036
-0.035049923102322,-0.0296314834221684
-0.1214101804875789,0.0873707946516647
-0.0274549256502947,-0.1328110093624204
0.1267464066644257,-0.1117332445782409
0.0483218737398568,0.1981590263213966
0.1602651631115112,0.2189036866300464
-0.2822243897584761,-0.4043677648499486
-0.1905819680423822,-0.0126652708656449
-0.1898346558438194,-0.2157236758558219
-0.2310737631815496,0.0013964506267983
-0.316675611851833,0.1147458923175645
0.0989782757278605,0.3630232378592595
-0.5900407531022479,-0.0546900189191947
-0.1688133783894996,-0.09208815086216
0.1184549582217137,0.1529678226702156
-0.0989987414045836,-0.2538720195022647
-0.300120628386918,-0.1864507870052056
0.1512079108473761,-0.0332613669533918
0.3717215609830069,0.3962938575952178
-0.378925614101686,0.3520337314343826
-0.1405515874164618,-0.3004835484348271
-0.3508507740965013,-0.0242716298342639
-0.0568121780073686,-0.0288244652052333
-0.31348648745768,-0.013537359033694
-0.1456814030645171,0.158211624613998
0.1333914942860643,0.1934719933659772
-0.0626579203971106,0.2153397941448265
0.1077960594719931,0.7040942750863091
-0.1907520047114052,-0.1842149923702077
0.1748207458510383,0.0762089926258086
0.3462641461640731,0.1013483657813078
-0.0445715930552898,-0.0770475773323007
-0.1909899355614623,-0.097486034522107
-0.1498860783501006,-0.1036168382526676
-0.228619609546229,-0.1633138683032472
0.3855792607162253,-0.3509155364418209
0.3161589164238604,-0.2805831191962455
0.219614489157259,0.2138008325940757
0.4685185984176745,0.1146389986562066
-0.1734356992455949,0.5265548183559897
-0.029859846911528,0.1067340246690298
0.2741324790996077,-0.140031470452909
-0.3195090716929263,0.3063828000865399
-0.617490604551839,-0.284461319702753
-0.0327400155445864,-0.0213908421289843
-0.2359286963032335,-0.0662065949695746
-0.115140112690152,-0.2993436493103065
-0.1221326827905384,-0.1104469461365847
-0.100370743306468,-0.2643460464437215
0.2221396411230689,0.1465894403745534
0.350804351184475,0.0961340144061491
-0.0496734881241964,0.2125377868769468
0.2638138426188794,-0.158476256865058
-0.2134289793046376,-0.2769734392597528
-0.0354499694435467,-0.1745993520541783
-0.0617562143611428,-0.1117117352277152
-0.1903314207567415,0.0614186846848891
-0.872137944526833,-0.4519050320115258
-0.1808832089322786,-0.498538481881328
-0.1107075144730097,-0.1263427474783063
-0.1773727089262179,0.1383497824767572
-0.0236439439912524,-0.3724983058049314
0.2718430676107,0.0788852440321924
-0.0867322128185308,-0.1751060454587603
0.2635383208892119,0.325004507477541
-0.0547591031735214,0.1659208539703375
-0.4220538919711235,-0.1928027096120265
0.1769268763623293,0.049527624835888
0.2038887319730698,-0.5543723036810345
0.0462408755905604,-0.0822863429341386
0.2582848125468405,0.2465997885341416
-0.1521815285357391,-0.2757899475028487
0.2101171369406673,0.1203830916933057
0.0910810543349843,0.2988975189767297
-0.1552129045378388,-0.361737292411744
-0.2328067445945417,-0.3884784419393197
0.1222129208924513,0.09003100990195
-0.3478664295563177,0.705352433586109
0.0007810286815035,0.1439009499140822
0.0549037705234925,-0.0194030935284257
0.0105505559081443,0.4396835739243285
0.2469241716078399,-0.2392075010491131
0.0638723692305789,-0.1676160301433318
-0.3921895557580462,-0.1940406825353034
-0.1531889179935911,0.007078091961779
0.2717379604476192,0.4789932310997412
-0.3622445144694177,0.2200391789740642
-0.0977348038344077,0.1060239886345496
0.1712793024586509,0.381497468728093
-0.1257279502173076,-0.2721029043931542
-0.064235951012991,-0.1515665215853005
-0.2169688137524055,0.1309094681689309
-0.1022104159398676,0.0611270310721408
0.0064406506475023,0.1099203641302276
-0.0253761309793339,0.1410296529357319
0.0542330192342146,-0.0641690176303936
-0.1783739625802694,0.0113598627093936
-0.0664374043508135,0.0665767539382727
-0.2542547772307609,-0.4808647741108488
0.2194152054910542,-0.0436429106170554
0.3274501616879652,0.0150383649461469
0.2394866310060823,-0.3601230286075263
-0.1754506851259404,-0.0101718685279415
-0.4713743068612755,0.2696307604510689
-0.1125058343144565,0.0892481976102461
0.4246083721972661,0.1909181938611987
-0.0060001615453353,0.4698931246754417
0.2659220378560436,0.0283185868291548
-0.0732870999506214,0.2988638785455116
-0.1319084429202337,-0.3900031596386967
-0.2412858367765121,0.0271739309955065
0.0071980525558886,-0.1361931990518227
0.5794799292773553,0.1933642482152766
0.2177901447730539,0.1933427990900069
0.6329660377539872,0.3001944297509307
-0.0836094543674017,0.2866252464197077
-0.0886920341121024,0.0713590425418904
-0.3741735101659237,-0.1918009452535127
0.2118744531244741,0.0323487567504237
-0.2390569561273601,-0.2444697765918568
0.6107343697265003,0.2631733635227863
-0.0766627391898007,0.2381707673724295
-0.0875038267947095,-0.2629117807328754
-0.2423236852392214,-0.1298816042846989
-0.4901247344417916,0.046349138034345
-0.0635013080626178,-0.3931065028602452
0.383986179862791,0.3955941191424739
-0.3410005010930292,-0.0664883525497978
0.3649387083260806,-0.5289047990874262
0.1430007799497042,-0.2755586140779075
-0.4838740049493689,0.2211804185466894
0.2879752091790325,0.4081254445513239
-0.2510165037018167,-0.1560163714571662
0.0115167832337436,0.1082777321665107
-0.2453093969351522,-0.1883131282085733
0.0725005294063806,0.0393381027942325
-0.2893766303642576,0.1902645044556681
0.255493126095714,0.1687141190451007
0.0206666102869009,0.0866671569021658
-0.040090199791371,0.4753426498435815
-0.1667911555649865,0.0419701285162533
-0.2092990663531686,-0.0880511068576799
-0.1426799461532815,0.3558584965445867
0.403563052510337,-0.2676552485762756
0.2807742362053277,-0.4971236242391598
-0.3850628005938209,-0.0637805987964253
0.2146235504631027,-0.3171832662954925
0.0426926805975927,0.5048674404421409
-0.2362700039567386,0.0315482623240601
-0.4591174693787048,-0.5232746496710329
-0.1895763553212193,0.3606581680215074
-0.032652815072039,-0.0559167831802416
-0.1573908341944081,-0.0427350244549314
0.1038938665252468,-0.0357586901191879
0.2045731018261775,0.0927320033167095
-0.5731937545807171,0.4839542246106687
-0.1422923520295263,0.184512166394867
0.3389676413443699,0.2930984566389897
0.2036760858535728,0.1464699652509698
0.1809912555794588,-0.4668979435327557
0.1607129617028906,-0.0300589444278639
-0.2436728401973123,-0.085022748255322
0.0115833724449236,-0.4356436120228884
-0.3172220685036144,-0.41351354374178
0.1715805106614344,0.196884723565827
0.3825572717905666,0.5671882196797724
-0.1713292265602826,0.0812609204064531
-0.4257412220708146,-0.2363389600347452
-0.1350811235526567,-0.2435910935714919
-0.1300636976794738,0.1554381400344243
0.0702474018910489,0.0510775062391823
-0.2401127281421988,-0.4507460526403427
0.3063291688185465,0.0686266722559264
-0.4240489951934353,-0.4402671577758846
-0.2168741289466975,-0.2267076472014588
0.0374534992077507,0.0503191317103751
-0.0074306379180448,0.1136856997147057
-0.1557280423482219,0.0321589800101431
0.2662606744515768,-0.0536175853967907
0.027618866344223,-0.1146713074569638
0.5081410477838209,0.1012949598715683
0.0481987711229128,-0.2058636331654234
0.1656108582184814,0.1784780832107128
0.161117389464231,0.2107608821574663
0.1553287512314114,-0.0068588692541053
0.3194463736630182,0.451752480593015
-0.1968602863968336,0.0769092876300372
0.1923943627482407,0.038462071262639
0.114118469033559,-0.0141233423247975
-0.2972096832204415,-0.1583997334638072
-0.4272784952060592,-0.1538969980076504
-0.2884240856784914,0.1355101529239055
-0.0963861371607178,-0.1969747498083169
0.0048045142255136,0.0340401012750527
0.4233451049619078,0.1962778340914383
-0.0784569660765499,-0.2061664550552931
0.0292527476605839,0.3889567560317208
-0.401432462046533,-0.0274477968624743
-0.068304551641748,0.461692734846868
-0.1925909886609979,-0.1704983647926589
-0.115374466900219,-0.2640386169174359
0.01670151033246,0.2488450982143639
-0.0184264700944996,-0.4493892260011571
-0.0926665959521241,-0.1943257199813199
-0.0695385320221071,-0.0989864085050498
0.1106780472159406,0.23446298548086
-0.3117269236726046,-0.0769142617218998
-0.3835853237722842,-0.4934395539949128
-0.0659247231724527,-0.1083138994415903
0.0599253141222549,-0.2172514354482159
-0.307883125770806,-0.2599873195772278
0.0718836111210004,0.3940961841834102
0.1395260976990778,-0.3529378190982897
-0.1472773886610299,-0.1266238767693442
0.0532073778817221,-0.1325310587121163
-0.1184604543632253,-0.3230589907548715
-0.2275400626370081,-0.3937246138656372
-0.2632197573898711,0.0973110702761173
-0.5574605006718505,-0.0290565251323419
-0.1299614779669774,-0.1020548859639604
-0.0001739923490092,0.2839683290780441
-0.0441556423013627,-0.060566529296734
0.6459660832781587,0.2934705843991803
-0.3686204260947341,-0.1793398236313753
0.1266081923096364,-0.026935275652213
0.1409448205333747,0.3751928604287487
0.1614092172122976,0.3277884022806182
-0.1976257167733217,0.0642396321796854
-0.117140652725432,0.1976386989152733
-0.1167470534422934,-0.2455785687144893
0.6154844441131628,0.1542644295573686
0.2222881197574409,-0.4502982302936335
0.588795063704407,0.198620923117989
-0.3956991612980703,0.1452383070986635
0.0279801949252272,0.1827749694697112
-0.397923518960237,-0.235110890757466
-0.4141571026978884,-0.4955708569909219
-0.4577314240916968,-0.3600069308934263
-0.1886865933458682,0.1036353345043735
-0.3222764951452289,0.0994929961900759
0.2385303618888573,0.1329855515249285
-0.2177568563987491,-0.1219479793526461
0.2235374866157621,0.1046422480817539
0.0281051845481459,0.1984885464777399
-0.0424292075330877,0.5391034196867961
0.2580914767365524,-0.0958507114918397
0.266514251820672,0.1150644873817501
-0.242276983902028,0.2010422065155307
0.1941066295918382,0.020230148595456
0.0847852304511002,0.0386323707974395
0.3898521363530677,-0.2458599963829933
-0.0155914940805281,0.4476637854713388
-0.1691034285643408,0.2002881740877457
-0.130856885338877,-0.4423146631939783
-0.222115160084101,-0.1960789797766798
-0.50696034980206,0.050354181529019
0.4142383005968367,0.0021485568493748
0.0174739978160655,0.1157114679791114
0.2661635313311391,0.2293913636156485
-0.0770418363188598,0.0403524650431914
-0.1462706089303556,-0.0979751072686291
0.2888063497144235,0.1580157831298601
-0.2051260161331737,-0.0367318686591487
0.0524638392632759,-0.0251422507291589
-0.2900379014818461,-0.0940636604182155
-0.1321003883660681,0.1025271885819353
-0.0595125239793782,0.0269246555327223
-0.1747229230236,0.0572814891806025
-0.0353555588596269,0.4267961933007063
-0.3604045226281833,-0.3021960633842804
-0.0678679219857589,-0.3693761430556092
-0.3826490158939815,-0.6503553177789199
0.3516492547310424,0.018449928829727
-0.0729318641064595,-0.2399605457479461
-0.0724720652047858,0.3845656633526292
0.1129168519775229,0.073734030494968
-0.0222592084017162,0.3375716637585725
0.3037821853932315,0.1335498099218874
0.3631883542810966,0.0187190764316277
0.1848384379192168,0.2422339225907973
-0.2683387554544976,-0.0461414750179222
0.5193221339798058,0.0366685628555385
-0.2753287950461416,0.1989835895965813
-0.1146008531430651,-0.3597088728038326
-0.0118799081795347,0.2255924384514256
0.0560324169492852,-0.3289106857259619
-0.6709338747548345,-0.1525119698810551
0.1175492431192099,0.1590200707972284
0.2193083510801532,0.1344467559562328
-0.1622904325035232,-0.0353714351898037
0.208004526632816,0.0154585109209025
-0.1887055503031291,0.1638197188707429
0.0231999650469054,-0.0881067107708817
0.4397769764840253,0.0513378485040744
-0.3569588728577678,0.1510366394700818
0.0250999612980073,0.2398205105642638
0.4480844892797708,0.4307435794904429
0.5174344729195602,0.203711199583847
-0.4041708990459379,-0.3226051442318857
0.0725493476754965,-0.0667258341960106
0.1858463486741013,-0.0006391479197532
-0.1956528900582084,0.3352451368352911
0.0158424307919633,0.0869673143375761
0.2068469407122578,-0.3491008445758748
-0.235396080442481,0.2453360918332336
-0.0658273520841363,-0.1483744963763349
-0.3235412825984173,0.2549970501711503
0.0014169815916281,-0.1648818382480413
-0.0426217136807138,-0.3368451507204359
0.234910644110578,0.0641378213769481
0.2385353000358047,0.0634190007154686
-0.08755787256164,0.188547201322735
0.2075775881080691,-0.2404969983257183
0.0376253459890437,-0.0510112741089741
-0.077620434876759,0.1272650650812268
-0.1263500407121656,0.1244552669565242
0.3420028445437061,-0.4354559180438883
-0.2609692165624401,0.1246401845243667
0.2039596254615122,-0.1661378121227041
-0.0788447224502577,-0.2882589158098739
0.106956602977171,-0.0029865647737386
-0.0602471991563455,0.0294123761990841
0.2716981551809492,0.575988233190847
-0.1380338152902647,0.2061529842504007
0.2966626476082242,-0.3722876912096496
0.2976505802568873,-0.0944005287579081
-0.3300203443559135,0.0320731049246035
-0.0638311422269491,-0.28372186367421
-0.3340209717078924,-0.0135574063776457
0.1730154271392084,0.3592905523077668
0.194510395524525,0.0540847452445983
0.2609914888212445,0.6433098834089321
0.2965207772756904,-0.1058793071853537
-0.1683144721450802,-0.0870796196279442
0.1268278779750697,0.5217826875544215
0.3257871507955952,-0.0908182479370097
0.1955975221353566,0.0023681853326892
-0.0559531246308321,-0.1916263352473044
0.0280282356889205,-0.0115360450107651
-0.0241146475483088,0.1097853678616111
-0.1585162600434122,-0.0071734816933887
-0.2271736432377445,0.0059253346680044
0.0834205475969539,-0.0402014519792465
0.1919068483428433,0.2180935149907996
-0.5932563735138364,-0.5692397674039452
-0.0070000474798582,-0.1997634019808761
-0.228196503475384,-0.1301191108450949
0.0193033241147269,0.0210196264120064
-0.4041327755826399,-0.0265031881300232
0.0457316996164798,0.0685781760631903
0.3069164879748379,0.0455716091398915
-0.0407081347849756,0.2326160678319232
-0.1141943319588049,-0.0283816850740899
0.236975284488545,0.6288780959737794
-0.2483933891064872,0.0473733624247672
-0.4761775365203508,-0.6185194793464096
0.002636235712473,-0.2520007568540759
0.107699032261244,0.0451553451349955
0.2584433833230868,-0.2412637836634149
-0.2176943246073132,0.2602563063666882
-0.0329239331450749,-0.0647984596704017
-0.0354055485320763,0.1156967105643938
0.2864667115423926,-0.2250411811672968
-0.112212334449305,-0.237929121156345
0.1168428577641754,0.0562850731202511
0.0177017593285482,0.0543376986661341
-0.4502471204247257,0.067643211247699
-0.0567346312887343,0.1219032826110858
0.2528899792709762,0.4850520307335244
-0.038931096669086,-0.1759593045657092
0.0627517530759925,-0.5141121781238794
-0.4927246479966334,0.3878653633589226
-0.0917278643235977,-0.1366930144028589
-0.1606202131905081,0.3123457911271324
-0.1673184962671465,-0.0207843117186951
-0.4746565213468051,0.4962742413830583
-0.2640036531434662,0.0496747218291797
-0.0900418710364262,0.1402609590868372
0.255212792658323,0.3298168278272211
0.3205668225097585,0.6688308369797124
0.4082438076394999,-0.1236178516265132
-0.493418865592179,-0.2268930403504955
0.0962998151724365,0.1855652325197531
-0.2182848536070931,0.4218851733529762
0.6056044776987991,-0.0592671335355111
-0.2697350735566116,-0.1599450903511131
-0.433208370838227,-0.1394899884625293
-0.2558634322368418,0.0133372550163395
-0.0154810073753228,0.6068850452184343
-0.0291913518931236,0.3192893356748808
-0.1383440721900153,0.4351326696534345
0.2322789984158136,-0.1438644141743055
0.3089298639750656,0.5339155476456406
0.1705727016644715,-0.3329634999768889
0.639407467171322,0.0272708393311269
0.2095648966407137,0.3007235587927411
0.2061709010723159,-0.1644497797630294
0.0131429788968626,-0.003271062012715
0.2819140488242755,0.0873291094504085
-0.1927605027161335,-0.4547259557773511
-0.0293434026349075,0.20627566456551
-0.1014829388998211,0.0556395494186461
0.4042699698207937,-0.0868295982906805
0.2014765845846252,0.1398811931151865
-0.1338894270424641,0.1974597483690068
-0.1871175009521835,0.4943326030528623
-0.3499116545531706,-0.0243259438271052
0.1104267258707555,-0.250558556949835
0.161126879214646,-0.2039211559414797
0.0516065604260089,-0.1522802453784865
-0.5230996465434952,-0.2138929454803699
0.2790975367034428,-0.0678079564808496
-0.1159178423222421,-0.2167688106008499
0.5003045470296515,0.1498371875893357
0.3493985808783793,0.3961965487859147
0.4575605170851263,0.2249143457720981
0.3236182247745036,-0.2275695607577965
0.1328692487339381,-0.0832355248423198
-0.0244625665934172,0.2962012471859452
0.3956155429077621,-0.0171761881000243
-0.2460545335696045,0.0964103394130563
-0.1867167140978524,-0.0841978398271897
-0.3349911179649437,-0.0811401159626979
-0.24021461439297,-0.0881670495681171
-0.2902294447712998,0.175538279892451
0.2972371313512208,-0.3771702868228369
-0.1192562992864722,-0.1152026976921814
0.0555377352582923,-0.1141208485530052
-0.0590087485558122,-0.2023562705932037
-0.2745540218288562,0.1145230943029719
0.1844223265256559,-0.1743907604149888
-0.4430834265894569,0.0531831428582387
0.0904392644658389,-0.1403743820435535
0.0764952020784686,-0.5679056640089069
-0.3586140195832677,-0.376841187650937
-0.274828085830023,-0.5092041757235763
-0.1182956846808076,0.098504130885389
0.0694226267607671,0.0484003683163036
0.5646800667017505,0.1241902298872101
-0.2065376639920021,-0.2354239062293716
-0.3343395929889985,-0.1211896395693129
0.062986799686415,0.2135731210260437
0.1013108895507516,0.0021067372527191
0.1474332329932866,-0.3277214683071369
-0.2292883289436529,-0.3780698356332466
-0.1788478933304819,-0.1281901128830754
-0.2285803045433195,-0.2912102593943136
-0.2768025081153708,-0.1896296452512262
-0.0613536834288783,0.3247241830928795
0.0622181681559013,-0.6724111440899908
0.1393233132870974,-0.1362220354541857
0.2131176504804891,0.3958811194554892
-0.2111653288110503,-0.0575890161711937
-0.0420062343866467,-0.3688519017037052
0.3535046262061519,-0.1636957449793117
0.2164902716662378,-0.1822876827273734
-0.2383090066263851,-0.4735430313914749
-0.1971696281810532,0.2944582238796757
0.2568721649726971,-0.1224978523608625
-0.090391659249054,0.0980826093003983
0.0671924505396855,-0.0279431401748492
-0.6043509620921501,-0.1160187487066619
0.4053041796704767,-0.1463139552448635
-0.2230910377191775,0.1603513328379584
0.2064355697650074,-0.0382241695011359
0.3717548928534217,-0.0591450902371077
-0.0627759913224405,0.1101563818276374
-0.2286050853147124,-0.4978426273725128
-0.0770616068894331,-0.1810337338544519
0.2608116471090053,0.0728459433764084
0.0657703212470004,0.4591831187417409
0.0590348678998382,0.2448645554210906
0.2110450887993018,-0.1832978055087661
0.1435993969106993,-0.2216371159963092
-0.2324421067590919,0.2991192755149503
-0.2138830529647063,-0.4468460627073592
-0.3506081047191439,0.3014849054773067
-0.2334416757178375,-0.1863814365054714
-0.1046505649439294,-0.0163073431579114
-0.3062004574535272,-0.5736587413511739
0.3450665440803929,-0.3923026173568835
0.1008118473379809,-0.5263785358331123
0.2598383756313762,0.1806898241046334
0.2184216988128707,0.3108851084527112
0.0757442092923319,-0.2230368366697355
-0.1390867783904447,0.4674103672836301
-0.0283004927959907,0.2454213059764485
0.0566486941520399,0.0522437091641522
0.0387887893990756,-0.3163160557543805
0.0421364877824986,0.1408389592703912
0.1191720147748756,-0.0668996799521834
0.0934930365594724,0.0271893723996129
0.1009441363454862,-0.2021609857657889
-0.2144915245268674,0.0368261139287689
-0.034690716834255,-0.0781845182085097
0.1219798530066896,-0.0146177503527265
0.1796822508103205,-0.0647477325308954
0.1995888903614342,0.0992827812033488
-0.0855603625465056,0.1397723203117036
-0.5336427488250273,0.2375151173982547
-0.1513761328561793,0.1926597507374458
0.1480799927181384,0.1154684348862396
-0.2162447708130565,-0.0626990412067874
-0.0581920013279394,0.0645905366532739
-0.0166919364319075,0.1694712691941217
0.1799326136579008,-0.1056752819016132
0.2722918244717105,0.3663159946944502
-0.0744135671881731,-0.3814892685662278
0.0991581990714972,0.0335019660543705
0.0738212890537021,0.0709715844491476
-0.3291649700614609,-0.2739366067301906
-0.2414479057417199,-0.2079779527228983
-0.3488694338286994,-0.3151056603036908
-0.1641400861127733,0.0374141146234808
0.2805242409365777,-0.0044747718112639
-0.1077100191953267,-0.4908618194455388
-0.0926213880821393,-0.2776999680406869
0.000273145366155,0.0865090490354548
0.083873125517152,-0.1082714282271134
0.2422159171941069,0.1966838099574721
-0.0783233853363937,-0.001419134625796
-0.2073096434293192,-0.2540923118846652
-0.1262562597352853,-0.2692546226047239
-0.0863472917459357,0.1332192264235406
-0.1555882881875487,0.2776726592151932
-0.5008715197412285,-0.6242942076594172
-0.0580879865505414,0.0784092614425051
0.2913205884192469,0.4357105121134008
0.12930331526775,-0.0094713754895394
-0.0812628509671558,0.1684721931018078
-0.0912199671248791,-0.0544071962319984
-0.0794751933796443,0.0294046892509939
-0.2207422851582724,0.0716481377661256
0.3881578745881398,0.2302481491350889
-0.5472766202053827,-0.3798313896062689
-0.0773642681352203,-0.2379017248678938
0.495651316749662,-0.0598961214527254
0.4884916503615921,-0.1045887959466552
-0.2140963653080385,-0.0364116080343782
0.2444491013208688,-0.0474853661799029
-0.1780541203502061,-0.1910204412834302
0.1226042079553291,-0.0532206626931627
-0.1564901046160172,-0.1471998052948907
-0.072314821756732,-0.025493925355856
0.1571764506751504,-0.10122226700953
-0.3096134526642213,0.0914534346563132
0.1953953634112703,-0.2562192601252493
-0.1888944580190963,0.0143353286085469
-0.1027162536958074,-0.0937969940770522
0.0515963473827763,0.3656385364285188
-0.701903878162559,0.0526146668891078
0.0553990610053056,0.2073045684839063
-0.2136204834256278,0.0639215001766408
-0.2629533941432305,0.025454452818227
0.0707663204953232,0.2281257966607862
0.1962826075714671,0.2788588976870341
-0.4126247484232641,0.1325083190088647
-0.3167855789267295,-0.1988431509076973
-0.0244654210231909,-0.2985657689863645
0.0635741910586073,0.0054751451111372
0.2580642714943585,0.1172990071162151
-0.5534167790543495,0.0155390046122496
0.1442274473284794,-0.1426748239365424
0.1077458795634597,-0.1689383835416928
0.0071541537343764,0.1199016324734035
-0.2425047621073409,-0.2055114938774006
-0.0256772818506692,0.0905406654472859
0.2658550197112562,-0.3701336229998532
0.1081230948122901,0.0865468322916162
-0.1186704953780795,0.2791018731588548
-0.0145792089918876,-0.312226595588941
-0.0976593305050715,0.1369630514796564
0.0139034107281666,-0.4682176079367731
-0.1511537160061621,-0.4751766257040359
0.0680199582758564,-0.1424198827981877
0.0191867311264008,-0.0998562431123359
0.0598624300342529,-0.1012302226068063
0.3531349517692149,-0.1503551429970786
-0.286495007590953,0.3117940618448953
0.0644581501321659,0.0875988019410287
0.0899826157363442,0.3711048821377918
0.1183882597724307,0.0858939155348857
0.1806437507156651,-0.2788761930397193
-0.1448169864272176,0.0098443195060131
-0.1515305405365759,-0.4505372733839729
-0.0923968332640686,-0.240509890814666
0.1839407603682982,0.1885228983951611
0.2417404264924896,0.3041665671123303
-0.1183357668871134,-0.5127838561237238
0.0038807637202357,-0.1317767020687467
-0.2583023133317791,-0.2641550542213386
0.0143721742121543,-0.1222180097064772
-0.1340576261136494,-0.2544350324681487
0.3502401976314822,0.0299549467132336
-0.2882071003770977,-0.0689869812739917
-0.1986239539881252,-0.0575982690004159
0.2513915271799672,0.0561916334738841
-0.0534078865695717,-0.1360557728210873
-0.0917948177753751,0.0175271391561686
0.2255413251630447,0.4526326881967822
0.1152935559667105,-0.0875708239928456
-0.1316348048695353,0.3451133695555111
-0.2164035079429007,-0.1473738264019931
-0.1331694713624036,-0.048706298695209
0.072540022210407,0.1744319165802694
-0.1216186160063395,0.1640609517648139
0.0516461168134719,-0.3196808385002117
0.1657273272553803,0.4340669934575222
0.2806540756609727,-0.3438166122072912
0.5341433121369595,-0.0841057076560674
0.2177685995631871,0.0581408842116854
0.0923260708778457,-0.1034580807221047
-0.0687781789290733,-0.2662224352123192
0.0947648569532099,-0.2893994512569571
-0.2580601363508253,-0.2542994776440219
-0.1260263898070201,-0.0683838084008906
-0.2236979319512075,0.0304103155243107
-0.0137214568903612,-0.0378188585716206
0.1060086208851857,-0.0842738732798168
0.2411343165647203,-0.1203839786786534
-0.2632136677621318,-0.3449301796997202
-0.2381547480281362,-0.1081288400443596
0.277381376360613,-0.0625633102676937
0.0377036508105796,-0.1599659506603781
-0.2676794540828388,0.2267359749681142
-0.1314526994037132,-0.022197099085501
-0.1669670338005412,0.2505575601172126
-0.1770090508194678,-0.0331908872937076
-0.0591965580626476,-0.3055233694833031
0.0255639361117077,-0.1027000257632078
0.2004469250609696,-0.0800338188569251
-0.2802286339208242,-0.5913917844340943
-0.1540813735532564,-0.4019389525579926
-0.0675742004427131,-0.4734288785040556
0.3573293777618067,-0.5821116121606842
-0.0202879717337584,0.179819709031029
0.2579537502648645,0.1653603020286757
-0.1099961762060339,-0.0785049765056541
0.1747592582233534,-0.0955979897117848
-0.5315814292640791,0.2260794732205859
0.0128767784297749,-0.257517194805348
0.2324013881558506,-0.178470098764287
-0.2905636933502753,-0.0251042644474241
0.1744945032983819,-0.2555908156328189
0.1015825636830354,-0.0376970769161032
-0.2034254760215146,0.1694162049978354
-0.4498950618785269,-0.1244949771450012
-0.3616519174135612,-0.0953190844970836
0.1530348150195901,-0.0344324009181962
0.3724564519730221,0.0510061720877461
-0.0891419801907037,-0.0510194632761362
-0.1782774150354942,0.319746363190393
0.0442771858546362,-0.4057434601820316
0.1779087369879916,0.1773156013079205
0.1229901569402378,0.0549308814620045
-0.0359494610713995,-0.0987836845119931
0.2659415184750837,0.4942002488917128
0.24750933464313,-0.3400290092614473
-0.0293236636935065,0.0927628379189698
-0.3195273378651033,-0.0323430957807046
-0.5686228631417934,-0.3597344978673589
-0.194489502631995,-0.686738346472302
0.0084950651365923,0.1074900616529245
-0.0129851339666926,0.0796322507840797
-0.0880931501334072,-0.3161663675308484
-0.326205230122523,-0.1728821116156573
0.5211687946944953,0.0443291052074397
-0.2953147465962961,0.2711799372244629
0.1496346973336687,0.4649350584030949
0.3672873377794629,-0.1297213126601727
-0.3161792585018169,0.1266494617293262
0.0587416182214256,0.0199240001940544
0.3942118930295428,-0.0791538321787083
-0.269277466593546,-0.0545989034704
-0.6189641755334526,-0.0627532973083324
-0.3294847911854197,0.0209255355429114
0.3601507752091221,0.1263501235471988
-0.2750452934964788,-0.1770754034636086
-0.2874845780159536,0.0593001453006594
-0.4525131348474203,0.0625275028422946
0.0904823529040801,0.418172740091625
-0.3169160953876869,-0.3251036690835768
0.3233708223946627,0.1122108946158926
0.2864772705637836,0.5633154297828086
-0.2112065201370349,-0.2644681888552775
-0.0880325963686729,-0.3027089295992495
-0.2702581493342958,0.0639320965309434
0.0734937760198869,0.2832102327876374
-0.1260139387227249,0.3288004905199229
0.3307433085599488,-0.302555229851603
-0.0995584227833917,0.0460162498775997
-0.2598021200078407,-0.3166027824027287
-0.0268843018528989,-0.2721674436718304
-0.2875222926093567,-0.0358985348195238
0.0456834653182423,-0.009012793175659
-0.0219548518972013,-0.0378708066763549
-0.168198996652159,-0.2141884637756668
-0.0867027179587394,-0.4311298552212221
0.1007239406064262,0.5182124873005507
0.5481627832947464,0.1409475362562507
-0.049965513186854,-0.2220465572610825
0.4070917035767776,-0.1790967331646421
-0.1129851413377578,-0.1766431408252172
0.0927014582651422,0.3632401937299322
-0.1225600894589081,0.1866768963803429
-0.0229356477328511,0.3713370175409311
0.2028651793246155,-0.2299721849799724
0.026403759058882,0.0910167380063841
-0.0557823194315906,0.3583575834840607
0.3318294638965192,0.0711813154213412
-0.1837052399873761,-0.2555493131104748
-0.9137329440623652,-0.4060076016699072
-0.0188877200449457,-0.5743620891397476
-0.4106430388021414,-0.570540187570284
0.2554928889333192,0.1735582612910416
-0.2951477745258493,0.2514005065103964
-0.3274416580132561,0.4019666977396262
0.2290627472021449,0.092270590470464
0.2193186613648637,0.0560268818312566
-0.1202146880437838,-0.1305882930744252
-0.1889377450146812,-0.1198795238965141
-0.5706791495514741,-0.8991629249674066
-0.0487647445045174,-0.5288488937748786
0.0346253306827233,0.2015653792907961
-0.1530432695626754,-0.0817479213508454
-0.0081743446563672,0.2527547241138638
-0.1364743847948123,0.1716288736339099
0.5856516422410603,-0.0919880336276491
0.068545609010319,-0.0429758734613684
-0.3498546050743141,-0.1539523411201475
-0.0489701092665276,0.039430664966661
-0.2351125299411875,-0.1937894087247512
-0.173088341096594,0.3693721806351596
-0.0333658059485172,0.0070493944992848
0.3087963143006743,-0.662477682981923
0.0171842813958485,-0.0020463119571454
0.1149531082546768,-0.2367593223329567
-0.3319393376890583,0.0048917480999196
0.0130124355817482,-0.1231845630158634
-0.0989500520894197,0.1791421132427183
0.0999027030175155,0.0706898567909195
-0.1627230279145874,-0.6542569054254105
0.0067699352873064,0.2215405199396876
-0.0639930738879267,-0.0486086142151601
0.2265318523219253,-0.2570231839327704
0.3718662732090596,0.577946088889858
-0.4077475728945002,-0.1462150930462543
0.2791312272771155,0.190203460225098
-0.2857807135460742,-0.117280705270572
-0.4041161029125241,-0.1105694840089536
-0.1705744775506983,-0.0634142958755348
-0.2288248848622767,-0.1691428668314824
0.3750457388076883,-0.1956277332214702
-0.3253559769105756,-0.0855273680531544
0.2682159704296576,0.2841488130162797
0.1842536511052113,-0.1689523712144481
0.0794011934077422,0.1920603024911819
0.0729110061169635,0.2086791194999523
0.0588257638873143,-0.087630623808503
0.1549073045401948,0.3739285532484298
-0.341955729922192,-0.2446657463609423
-0.029101095894829,-0.2638790576723437
-0.2131546294059416,-0.2091085655510965
0.1597690044460192,0.4771554910281455
0.4418132161922776,-0.0864854786397191
-0.03451336120613,-0.2353165201028209
-0.1340933729940119,0.2306575217299752
-0.1277928467531457,0.5771552430252158
-0.11663343630386,-0.0947499308086239
-0.6756086948221252,-0.3812765623457204
-0.0844069355694662,-0.1707249783840776
-0.2010207638533838,-0.4206862988142562
0.0360987249861857,0.1863198606885179
0.00817482012498,-0.3851800453331547
-0.0116937299275223,0.0395269637343687
-0.2070253932789229,-0.1581259775546272
0.107991473620562,0.0019620862198456
-0.1305102714880572,-0.1460848861699528
-0.2433256022494463,0.0722259660140104
-0.114573738745959,-0.033235539056842
0.2415080768171537,0.2170296231645175
-0.5334565950475324,-0.0880182321480313
0.1372516076390764,0.3819553896466267
-0.061116575714183,0.3172310397053133
0.5630404666732648,-0.0108072175582082
-0.2295921166311263,-0.0054005025534104
-0.401605369497464,-0.1278694978867692
0.1747054473083284,-0.1065366642403122
-0.4059575880471738,-0.0251008886397656
-0.2006074880141525,0.1175983506687215
-0.3425465860710308,0.0873269023946289
-0.0064312375196912,-0.0649290555390443
-0.0968174299550882,0.354050346419171
-0.1067879364937269,-0.4153940736935607
0.0160366884871306,0.0157966687333195
-0.3912175405798704,-0.2533574028372453
-0.2076740614050131,0.1593885022951913
-0.3042981786958316,0.090680243227708
0.0898477109772342,0.1852349179346572
-0.0743457656337979,0.054976425650224
-0.1970236025049509,0.3430499429915902
-0.2541608486456999,-0.3813617944033177
-0.4131604113716194,-0.3266420198780956
0.00699537603599,-0.1491426684418629
0.1923654634525011,-0.5627925494737664
0.2432770555960237,-0.3858100298495338
-0.2491056758865402,0.0027865885770802
-0.1182125585554749,-0.5902682364179933
0.2030850105457564,0.145102534834743
-0.0970678480660985,-0.2943050484183714
0.1202040192160829,-0.0237199061159043
-0.0051560457766205,0.0116285165782886
-0.0076108771442552,-0.0566252285986967
0.2084513191056975,-0.0994215789379704
-0.26443953156464,0.0394658735476171
0.2515180827638669,0.1126938160735473
0.2519245930964462,0.0818574051257713
-0.3714765576147544,-0.3175372773601264
-0.1816682190833163,0.2654489843991251
-0.1553425395330497,-0.0101028285999485
-0.1886941185178883,-0.0697333603457791
0.001613992253852,0.0410998209404856
0.0174935773247538,0.386466354604309
-0.023578985119983,-0.0633473019077808
0.1812509793980661,0.1430494547489415
-0.1954030712010976,-0.2585676943176209
0.4208327743587819,-0.0249336343697451
0.1727703174948125,0.1263730757797565
-0.0588843973017304,-0.0375951779362829
0.1516071452360034,-0.0044712787409707
0.1088589147910102,0.1934222472644285
0.2641130448847901,0.1582424833745671
-0.0129414737988346,-0.1783975723627038
0.2706586001556928,0.1775928285751036
0.193045296751896,-0.2519369068060275
-0.1049791125832194,0.0356081294832891
-0.2036883806657832,0.1892135834400538
-0.1306974953020778,0.1019144417317642
-0.2330974404122048,-0.2170019462304508
0.3130892507117951,0.2494948737477983
0.3906150256268083,-0.0703743080407172
0.2758015946488287,0.2540496743222702
-0.1473126719087219,0.0997383306458241
-0.3899802197829491,0.0057430708119694
0.0341849864270759,-0.1265020678539075
0.0758691516340225,0.4089746109023736
0.4349688158816028,0.3388415840670357
-0.2008011052744717,0.0015288015042146
-0.4133665396948684,-0.0973077537778237
0.2296797379116897,0.278079053790783
0.0396983053001662,0.1155481909485313
0.0567700019157652,-0.4950984818575974
-0.3355821110526684,-0.0973627928527706
-0.0120010174271369,-0.0042849924191748
-0.0410314923053536,-0.2433729184486046
0.1894043637062051,0.3062688616820502
0.1130301420944887,0.0547260040423699
-0.036370825195804,0.1851346228265629
-0.1983982928578106,-0.1492621053556001
-0.4967969572828822,-0.0595374928360389
-0.1732003496931631,0.1361859243449572
0.0603746638041685,0.1031210688381773
0.0539708614646402,-0.1784989245564403
0.0439004089813356,0.0613328278353444
0.2929399891764591,-0.3549577210778393
-0.0371537406989033,-0.5116570966161399
0.2355636610861231,0.42404306915823
-0.4008045173205856,0.1042142460997136
0.1717792127854846,0.0271420293002521
-0.0377214791630323,-0.093030869551807
-0.0926759041760938,-0.275020339501996
0.1074717636893608,0.1742499173243272
0.1028593251339563,0.2038795025357188
-0.1791792743020767,0.0329431691816529
-0.1895345549389486,-0.1897852973176486
0.4016339286430425,0.5500731132517234
0.1833186515984046,0.3656301560952275
0.2257393301498135,0.0028000660910202
-0.2477354251276019,0.1481033128130481
0.1893882956186372,0.0550268690243205
-0.1424978156924819,0.5560057235615037
-0.4341099477217464,0.0506735758065411
-0.2781004819271591,0.0031975408351291
0.4205757886431636,0.159894108843867
-0.0791028381380534,0.2669640588453466
-0.0064425231083867,-0.2482633367648323
0.0754246902214594,0.0705903214141843
-0.0237118058328185,-0.1981738720653655
0.3481850263595764,-0.2144332921901978
-0.2611473173439763,0.1208479643404639
0.1425881541035067,0.2467094646247318
-0.1200173915386054,-0.2302619326088252
-0.0633237213864058,0.0212565345816836
0.2285602374297162,0.302986757416519
-0.1712038234179801,-0.2802159359913693
-0.0596364382938239,0.2192716002042248
-0.2126062212736721,-0.0452749628583404
-0.2900999863275748,-0.0989602653609212
-0.0920002326387353,-0.176325107800369
-0.1824183139100133,-0.2140847442377712
0.2670489783372847,0.0685237027057326
0.2481697529299503,-0.1810199414998716
-0.2346165404897076,-0.2634289684281577
0.2569858080416507,0.7706695647220061
-0.2518101853516543,-0.1531943232430209
0.0203416860699974,0.1132358481288535
0.2889617314111094,0.2087235984872248
-0.179922621057971,-0.0481664150085013
-0.1911548539030519,-0.0643984198852157
0.0566041758484029,-0.3041039056309094
-0.1595179175281069,-0.1203155811492361
0.047694498500854,0.0512786315385334
-0.0915373312425054,0.1023668948277233
-0.2819940728140701,0.0593043604274513
-0.3273615926409615,0.1689493175263246
-0.0867807936328377,0.2914313304522201
-0.1040093649106402,-0.1491911808476019
0.002709405959184,-0.5553953606120431
0.0316993784364547,0.3505316668584837
0.0796527653968726,0.0547522570128744
0.0183552639392592,-0.2869729620008864
0.0657719565625726,-0.7008682759075815
0.1211581658341389,0.0520824742097247
0.4088609968088162,-0.0920142920364298
-0.0620516187892704,0.0140677052798512
0.0215624431726861,0.2998313393581393
0.1963063094278185,-0.0006131815781361
0.2752626368438504,-0.1822838006261571
-0.151246381821358,0.1885797390144716
0.0794400877815672,-0.0714593367915461
-0.2502601675907873,-0.0986273497715997
-0.1629410125581191,-0.2485077556565636
0.081778071896356,-0.3468116232903763
-0.0270294571176868,0.2207308244628292
-0.0788896631200284,-0.2017998362879687
-0.0640802899091796,0.2310743762478261
-0.3222903352228478,-0.037114928748486
-0.1808607173993335,0.1391303789625313
-0.1297145740899492,0.2637298668847257
0.1743317553941956,0.2249447971385855
0.0682187204087557,-0.1663388140840298
-0.2200942247634036,-0.1071063918843667
-0.0377463964770282,-0.056548733790732
0.0423785946959501,0.4793963962504181
-0.0962292812741267,0.2487668034652477
0.5078755823109166,-0.1728436607182062
0.1152182169875185,-0.2984326783691917
0.1551612893249916,0.1598895978882207
-0.0196990331844017,-0.2188076270526928
-0.007836812391896,-0.1148388362205653
0.0516916325121812,0.1179926136187968
-0.4557472935417146,0.0702753781670787
-0.1411393731932803,0.4462591218777399
0.2512399778219482,0.3812172020907594
-0.2615640826601239,-0.0249009561177763
0.4277445981052563,-0.2076086713000432
-0.0121985258407867,0.3931641000264771
0.0182728328348674,0.0334559872589986
-0.0972855048759051,-0.2556747848216441
0.069787773981762,0.170021943346124
-0.4677455486628662,-0.2164789188176531
-0.01528949161279,-0.53002005226028
-0.118780671903723,0.0637303754963506
0.4227455369285396,0.3390561634677412
0.0771826265470888,0.31167623170637
-0.2120970353767396,0.1776406864242146
0.3643229696263638,-0.4274956750986188
-0.0458494833125014,0.1411467058723954
0.146375365820027,0.2651685764634796
-0.3201827246625826,0.2565442249966232
-0.0365534207319588,-0.3847123107160878
0.0069313460819914,0.2264277765178588
-0.2460374856501628,-0.4554565390899062
-0.03836112627596,-0.04426524741308
0.4885001847001138,-0.2658891552315404
0.3824745836105372,-0.0724627183053063
-0.1069792617591798,0.077538216410445
-0.2745816711589255,-0.1016024034330908
-0.0491211372242424,0.0811080434513707
-0.0185859489696436,-0.0444496572207218
0.2233996903255341,0.0183903387991391
-0.1110589415123672,-0.2623482045372443
0.3626239424307925,0.1504491986527063
-0.4418322082684418,0.5473131235481786
-0.2832995832750123,-0.0770197429653557
0.1393592857011698,-0.0192815461844749
0.0312229292604599,-0.0313377433348165
0.1098975827376078,-0.2671680581118352
0.1297255858989967,0.3270239117491473
0.4853601906263372,0.1697764856750817
0.1337230547028449,-0.0217081117560477
-0.2985383669275157,-0.1158405091700672
-0.0588763457326286,-0.2679008170790522
0.3546305481441729,-0.46640088399439
-0.2929035733809425,-0.3819319628664337
0.0345165654371463,-0.0483220303525415
-0.0661180402450577,-0.2800158239293329
-0.1722945429799478,-0.0157359798883405
0.1950992738386014,0.0747461118993643
0.0590836319532222,0.0548806190420575
-0.133868643757281,-0.5259177081398708
-0.0708596463002078,-0.1683520346333928
0.5208620826719205,0.0101840673082292
0.0727803242493853,-0.1350572342384612
0.471118094647242,0.700727732985052
0.0468010541438018,-0.3143528673590419
0.2043491797287427,-0.304195429077887
-0.3437750195039522,0.4326489872841625
0.055552527251043,-0.5297352544966804
-0.2472120237122409,-0.6434361015285581
-0.0908034493190048,0.0823403892521593
-0.5070255595547329,0.1986706523847992
0.0905172621667543,-0.4830845392270884
-0.0144437488331691,-0.033968618936972
0.3161439414981736,-0.0124404934383915
0.1671809567925671,0.0879472517903298
0.1575405689046564,0.1538082177129328
0.2386766696591959,-0.0844972708039958
0.5158276366079483,0.1831820335958698
-0.213004123388704,0.1689914246766116
-0.1075467511409237,0.111578455200742
0.2933457543828082,0.3028526197893917
-0.1439785270934885,-0.0934214250329177
0.1846364931328118,0.3257547308099567
0.1068631030908766,-0.4090196666490795
0.2168040751299766,0.3290346255008999
-0.2134058710742492,-0.0879739209497066
0.5764186067689382,-0.0185970180135471
0.0772123745318047,0.2321716048686806
0.3292134682089447,0.0163994216543288
-0.1426730199078065,0.0019082343812218
-0.3034767887896262,-0.0593592457263418
0.1687523688826252,-0.1392878929858041
-0.3168730052539794,-0.1396125485369798
0.0613304710217448,0.1492110066852975
0.1807683204519531,0.1664269549288978
-0.1419036799122534,-0.0459844745714435
0.1085211374598689,-0.1531414791116754
-0.0088426190232026,-0.1920804393241909
0.0211886103095939,-0.5561048816510352
-0.0736590368033209,-0.2108435659359168
0.1833397649582013,0.3563096920421957
0.1616993539733584,0.1721436314957518
-0.431315377307218,-0.018006397913437
0.138633597736761,0.1817176636523693
0.0376578574468654,0.1708177318134277
0.0348372778119529,-0.3276241690503277
0.3962567188218756,-0.1832586151283889
0.631229248432493,0.1942457840119672
0.2352375587850974,0.2093228680627047
-0.0795677295723262,0.4276906748851026
-0.239028851927475,0.4788476500082348
-0.1888948947981343,0.3668337811031268
0.0325481258693549,0.1410383327223002
-0.1424652710353167,0.0375862376392703
-0.2928482722765491,0.2793613999132743
-0.3773442105009527,-0.5529804241845832
-0.0676266070946869,-0.3208529568354087
0.0690819670772069,-0.072989690533959
-0.2708978998448875,0.0132675135656751
0.1421461695775367,0.2254017763053347
-2.39725724375638e-05,-0.0741444046623755
-0.2803633899565432,0.0023488885374549
-0.1982651917811188,-0.2238789118232464
-0.2766252690485613,-0.3579937730708408
-0.1418741230995158,0.1503545862104471
0.1714140212806522,-0.0524322338939288
0.4227645247262765,0.4222847513929282
-0.0191631293253304,-0.1503158600922189
0.1841182870000782,0.2305632029424699
0.1709619547220637,-0.1403826817555992
-0.5145708284629796,-0.2737762413055222
0.1607277613743279,0.0841823547917745
0.119702493518633,-0.0530655243070044
-0.189033759522078,-0.1317666517315314
-0.0323443883807198,-0.3376302380355276
-0.2452859613081643,-0.0003149017010323
0.1127675544733098,-0.1637493813712343
-0.1067005057946519,0.0674198340579561
-0.0466956164321548,-0.0114474175925741
0.30340952268964,0.4327109640005315
-0.1220553959021817,-0.0804091947798814
-0.4403102723731072,-0.1323871559725963
0.1722587711757651,0.2321867289080219
-0.3261620794064382,-0.0606247605738853
0.1368840026470354,-0.0972969644454142
0.0719207427492298,0.4117986881803714
0.1686440383152077,-0.4010500498085004
-0.3025124584097423,-0.1729701131163754
0.1261187081471128,0.2747993774745408
0.0583681094824497,-0.2083387379669281
0.3928172559497396,0.2121470727905785
-0.0408990458855032,0.052590510627518
-0.1714401498314792,0.0508675345536684
-0.2982383090184582,-0.4339820369461188
-0.3566487708411708,-0.2074816644168365
0.0673510090003396,0.2192848038141042
-0.045833310070481,0.2918707488356209
-0.1146112517931937,0.2302511079133326
0.0208320280766723,0.3369994561292707
0.5459859661372894,0.3244248501725273
-0.3609891404181869,0.0118426021555792
-0.2284515057740221,0.2864722696428916
-0.0405035118636085,0.0902182274862311
0.1965758337655251,0.3722378687322877
-0.3296235378356973,-0.3668600486998185
-0.0359803926862077,0.1866095371015146
0.0075672146528119,0.6906821704627265
0.1116269437021588,-0.1839427502779489
0.1996586587427087,0.465204011030208
-0.2452516043794797,0.1843095712031834
-0.0241049033264032,0.0783119944824744
-0.1417909812906969,0.1594762015427672
-0.0256443719847258,0.3149466009933945
0.1479284820529062,0.2085517091318497
-0.1175804950069759,-0.0894077576888085
0.175522491405959,0.2006341706761494
0.1007876118122481,0.166083850620356
-0.0403045224438417,-0.1546415976346204
0.0769584869542145,-0.1730507717639702
-0.2236173294756802,0.1717864547512456
0.1474077067527114,-0.1684182746313844
-0.0394881090291104,0.3378864527978374
-0.4042224588987272,-0.3780598558052231
-0.1216530204712311,0.2555761320001149
-0.0101244224258191,0.0144165591481485
-0.0769213434226607,0.4822413076675499
0.2723280228552566,0.145184107267218
0.2420013440667059,0.0120688555512121
0.5099026613394539,-0.0461123449226931
0.0715716068310437,-0.2769922163939482
0.3450729708481048,-0.2048207833433632
-0.1921977555444419,-0.1839512384842284
0.2424552166301226,-0.2374152406357024
-0.4881949463743057,-0.324841267441682
0.063258083734126,0.2888934467446617
-0.4726942225709066,-0.1242646630710976
0.0653661100046056,0.1515052443840195
0.1471081812122271,-0.4216234952398326
0.7079889365379032,0.0983412132300269
0.2712995112632763,0.0076796295045649
-0.3778576235725264,-0.1671734278094248
0.2276568436149201,-0.1805348212730361
0.0585966442270919,-0.3030040606211877
0.0280932317627857,-0.1245752055299617
0.2044217629785392,-0.1839788332413876
-0.262171725298557,-0.203115130282611
0.1744479862693742,-0.0460347438622687
-0.2901723822330558,0.0954456845673194
0.4184288493032616,0.2402217837360575
0.2962347634233299,-0.0405285181507239
0.1803833042099256,0.8379054066799554
0.0268472445935441,0.1379371125864039
0.0719215128670409,0.1142586809963751
5.442222486480748e-05,-0.1444828498212816
-0.0838365882829418,-0.0630701735762303
0.0270982526923329,-0.3145601038839252
0.133742973650655,-0.0129643932699971
-0.3277794946172157,0.1519771640573549
-0.4660665741227555,-0.4263290712433583
-0.0170877368019243,-0.140993077978707
0.0380835235269161,0.0454217006510694
0.0747955445468599,-0.0916464503281144
-0.0964368543730976,-0.0406502448433976
-0.0779604725869306,0.1795108835074929
-0.109818003170813,0.1825875747991068
0.3958695739547433,0.3250202374355485
0.0470565367492731,0.0019773311204753
-0.104852885773043,0.0383956748453261
0.1078025433329096,0.0625722449200846
-0.0926844753233647,0.1189289792809881
-0.1769894223639609,-0.1664866481204638
0.4609058550065569,0.1846389236308423
-0.0992938364849915,-0.2969311462306159
-0.4887633236258498,-0.3001546813133575
-0.5167895504534705,-0.3040098344857868
0.4907241675152486,-0.0246758201527172
0.0119128058430392,-0.0793376171451372
-0.3116741045103322,0.1112902489830979
-0.1760560742202113,-0.1907833932307258
0.1756358505385018,-0.0183570264881508
-0.5109333536008421,0.2876795318919679
0.3552978456495322,0.0416917749888751
0.0443667894588049,-0.5220039685849169
0.1237120581618517,0.1238245155367428
-0.0280797217128032,0.0554193395655628
-0.3341418940163336,0.1103755533219065
-0.1170846048468875,-0.0270252881497727
0.3248205907800784,0.0484607055833555
-0.0080324987433513,0.4034482537266541
-0.1451957224445433,-0.0720173606330344
0.1622203237517805,-0.1356859718168495
0.0645914356488547,0.0437127391388614
0.0503610079257762,-0.1049783671945715
0.1122578177184631,-0.203059879366464
-0.4341944266017924,-0.306738212036334
-0.3255208973724816,-0.3733259313998456
-0.3317353315938379,-0.1194178563673642
0.2093520343864787,-0.2399612166292224
0.1781449099292281,0.4014944931026865
-0.2456047417095388,0.0013793910368467
0.1533444275766843,-0.6646993803765432
-0.3154607611611193,0.2216390018259672
-0.1393993273977755,0.2594260969096174
-0.353947849658692,0.1733835277848991
-0.130543166897732,-0.0337990872710055
-0.3550582567080907,0.0096126207131249
0.0097915243699918,0.1141923090057676
0.0327145063697919,-0.1612207208098582
0.5450592451030035,-0.3355183016649473
0.0341686241579945,0.0518287836908301
0.1058959062857158,0.0195544445412141
0.2991916412518438,0.3249986461360806
-0.0110822833199926,0.2758650454060907
-0.42717648019991,-0.2823374860196825
0.0061747486932075,-0.0937199448700495
-0.078130367676827,0.1613719945290084
-0.0621279682900333,0.0056053225235352
0.2909420134982907,-0.0990227507552795
-0.1252385247791423,-0.37094983544831
-0.346400351094718,0.0934794472476457
0.2383236058411514,0.4042700884256644
-0.1960121365200002,-0.0405155470321268
-0.0437485467574562,-0.0068819749841343
0.040041484049625,-0.1846401053021441
0.0753629540955358,-0.049386797575531
0.1718934991838405,0.5443217374986038
0.3411091993933793,0.0411483659464324
0.0538965905987452,0.003169940847964
-0.1256395564330707,-0.0209280328475507
0.1934274376310984,0.1607190189658596
0.0665888300149745,0.0146301646484668
-0.2194848413241079,-0.216390919256331
0.2002046522068283,-0.1650921027429478
0.1532747052925315,0.0324764399474708
-0.36322559177936,-0.5370090724038762
0.1521641551079913,0.1259792869309328
0.3426139674767247,0.3415030894791844
0.3564890372627151,0.4104306563928044
0.189774237680345,0.2004307643762486
-0.0401560158156014,0.0001537855900843
-0.4709393122019363,-0.1013669797967277
0.1171464300266005,0.2859596609007528
-0.2096335575815969,-0.1924532910672462
-0.1373566346071745,0.0517725496255954
-0.0392290603901427,-0.3619021174027014
-0.1778509629733228,-0.1396209038400107
-0.3666987107276026,0.148375731725905
0.3995372230001185,0.2114593861059354
-0.1680180092176742,-0.3400050448118467
0.2448316328888393,0.0985904945517574
-0.3064535486513176,-0.6433185273233554
-0.1892075962827268,-0.4650640372354933
0.229448378310335,0.6657290657620945
0.3163266192659159,0.0489331073576414
0.1903267610474473,0.0162502451752097
0.5301825133583328,0.2898297947035332
0.1429391827942761,0.468626690471527
-0.1256525208471522,-0.1871088249094182
-0.179096258890136,-0.1887090310665013
-0.2077230285417208,-0.0851442156803975
-0.5397081802513628,-0.3064051231511728
0.4180923438154514,0.3803216145583472
0.2495885462272833,0.1772329120329419
-0.2593881965734932,-0.3537903084115941
0.100937853994453,-0.0074841477591254
0.1260072350531554,0.3697124443998801
0.1050526812636385,0.089832370121121
0.00840215015176,-0.0462430362360482
-0.0497434428220628,-0.2182235367980275
-0.0806635724438124,0.113742169427604
-0.1192256969221916,-0.0301755006520183
0.0228304350912383,-0.0100784904498606
-0.068857336742415,-0.0900284329605645
0.2383797401696109,0.1206724272463295
0.3341227019770212,0.2043970674529455
0.5219318649127789,0.0814060106986838
0.2019423829948578,-0.0609801020032971
-0.4699945736615785,0.3283009229380946
0.270615875352904,-0.1009408512275215
0.081653832147039,0.3116762064406369
-0.1376104171320769,0.2142513570343812
0.0111011244052891,-0.1197705363516937
-0.0427931508557502,-0.1756492738721017
0.0058851333065548,0.0031933153568802
0.1087644267044924,0.0522611068703226
-0.2016396234294871,-0.1746644662769876
0.0274881223438332,0.5849315647848704
0.0512376903993367,0.0206628184822742
0.2816905102287989,0.0298162089593856
-0.1649145802272654,-0.1795924541283345
-0.6244692559352052,0.0514503082942131
0.2687556533596086,-0.1758336131560279
0.2023324305486986,0.0608366741120144
-0.033505287873453,-0.1631115427943675
-0.1443352153434123,-0.0388049519825091
0.1660868676166215,-0.1378075601983352
0.1389360244356014,-0.6595384102748674
0.1284631784381807,0.3181216119329848
0.1240516033882214,-0.2021897342804354
0.0491654452709158,-0.1498071903302561
0.056751913541372,0.1434449534533411
-0.1497698673587414,0.0590498307913316
-0.1548051309053253,-0.329672694904825
-0.1123744366692329,-0.3022264576444298
-0.2947324999808987,0.0465904616416341
0.2214355280741179,0.1333941895584106
0.1296894156404618,0.0798057538849952
0.5844130248376721,0.0032970226167801
0.0674629385149653,0.093481349310587
0.2207260478547197,0.0654916460560761
-0.0235450615871462,-0.1371841465593063
0.2628677969252582,0.1524728819652236
-0.2755440876424387,0.1632425652654029
0.2546355361621031,0.1213991889512928
-0.5323903464968917,-0.584350019552463
0.5019816111596126,0.0513404184472474
-0.1178832677277005,-0.0222425973502069
0.2327855104860125,0.1053226567479905
-0.1842519267727817,-0.095364500958852
0.0243940769373379,-0.0033843265386743
0.0598374890959373,-0.1016075938703079
0.4374163823500164,0.622844637353724
-0.2614202399694473,0.2240989595234092
-0.1654657976588495,0.013554520185834
0.0355692705006044,0.2775035519680669
0.1747670178954435,-0.1517422782589899
-0.3969293781894324,-0.2115404540106856
-0.0067367505145681,-0.0676119795633914
-0.1239200879525791,0.3472362308175494
-0.0230363192876805,0.3408866317457014
0.0237738411245512,0.6400138033935964
0.2855767425965148,0.402163568500526
0.272401354417679,-0.2134604378963108
0.2623002535851537,-0.0461684558336315
-0.3365918064707342,0.145438618059534
-0.0673521520642469,-0.1633764506869601
-0.0890045146719378,-0.1292679246545836
-0.0498910111307637,-0.2468736975180786
-0.2915023687365112,0.0961578415727548
0.3415861883579922,0.1738434276603514
-0.2519594572372023,-0.5354603650004299
-0.0285235947115119,0.2812360934603864
-0.548423772195318,0.0341404468428145
0.3363361629578819,0.025351140897025
0.2741898287888568,-0.1503022077339368
-0.3623080305246812,0.2694231316288455
0.1067964155194035,-0.2844698527020932
-0.0744840320956667,0.2628018969341565
0.0430739846333498,0.7606942790361353
0.1618582468220099,0.1674463586365092
-0.1935906551271559,-0.1073731894987261
0.303865693730702,0.2081055012678367
-0.1759273191835543,0.0422997205411717
-0.0190804630119401,0.257031766323696
0.023824193850251,-0.6948350696056447
-0.1518356002224285,0.0154797674537435
0.3268040767063563,-0.0975861264597667
-0.085537973359258,-0.3824644586038442
-0.1239707884268424,0.2051897000610664
0.1285638616382413,0.3300024357544172
0.047747703030285,0.3741941232591997
-0.55450644254267,-0.0410112526582581
-0.1521349736033444,-0.0381674206294935
0.3333624421669168,0.0685694483329338
-0.0900334284291752,-0.1981501762767294
0.262334857499428,0.1252055039259736
-0.3264232840760196,0.0275420548129118
0.0672516606048534,0.1831501283854901
-0.074440999034793,-0.3467125464760024
0.0948071585897192,0.6301384144076668
0.2024358039243697,-0.4198705118755087
-0.1215277929887442,0.2550645994548115
0.4478389665809603,0.5231229772155569
-0.3931900468686604,-0.017145727087685
-0.2553382423831324,0.2215644513963953
-0.0930689097418633,0.3398331800617591
0.2990288196818664,0.1258239459314762
-0.1695050790814678,-0.0014296863804817
-0.0105038122021332,0.1144344873086384
-0.4109160346063784,-0.1736621113386002
0.0801844174946766,0.1847339731786737
-0.3240917131509829,0.3428208121037639
0.3126729728328765,0.0160878259107474
0.1682392051211811,-0.3377700186004559
0.2966252253193188,0.2356189028101637
-0.4182706290934792,0.0107059506896623
0.1950771711669341,0.2239075262787432
0.3078752432068173,-0.1503999937192855
0.0361179912781778,-0.3650418452365292
0.4019551876975906,-0.3785505924590593
-0.1227048746107998,-0.0921439055420586
0.201179520434297,-0.3814683327632768
0.068426245938735,-0.1087635714535936
-0.0429507618919525,0.60295548608943
-0.1689705406297846,-0.1292705635234656
0.0537753859577069,0.3588890020358674
-0.0586407242961,-0.015491870155593
0.3365039265700699,-0.5016285936781963
-0.2534972071881469,-0.0136733311758782
0.0364694095065056,-0.3644119319256703
0.2461111898257151,-0.4543208348678785
0.3938025165687671,0.6082846209520052
-0.2583123533132204,-0.0992388527982955
-0.0436459217042534,-0.4269591828869892
-0.3632660951198044,-0.5053971952649262
0.4207372252603427,0.0463748221576269
-0.1577987092151454,0.1385261781796987
-0.2900643602755175,-0.1367910715692503
-0.5933884867738763,-0.2798906064689568
0.2006668029081084,0.3075167421336306
0.2641290393343454,0.2612887154892205
-0.212909950559101,0.1146635735222267
-0.6522790813347759,-0.2479493933790013
-0.0540812071372295,0.134224928545599
-0.1447187214889123,0.0070464242148288
-0.1381105194543674,0.0866588959949699
-0.0957570076748741,-0.3721526490417925
-0.2016837370636718,-0.0870985010290209
0.1720006348934443,0.0626169107049385
-0.2450738299867457,-0.7384989914603398
-0.4896974801142334,-0.3979169944709099
-0.7359643773373846,-0.7469995534242321
-0.3767723471186007,-0.3392432515571282
-0.1427641380020844,-0.2868346939224253
-0.075045098653292,0.16030462506826
-0.1688556042977618,-0.3888023322628349
0.027644686819406,-0.2307845379660633
-0.0245421037881508,-0.3424319065256627
0.1367668728668952,-0.0933886560073195
0.3529670644256026,-0.0960007186902086
0.0708866098363541,-0.2240955184097784
-0.4028887646971363,-0.2420801923768334
-0.0208512368051919,0.3850020565750955
-0.0003653214053226,-0.0715254826896297
0.1548427797624468,0.1811893598089397
0.2478836735099284,-0.124658509836381
0.14276586002382,0.106064232513265
0.448184062845321,-0.0200995295429741
0.0539962235109203,0.0011776103315999
0.4022352161293195,0.8393737058048767
-0.1900733225288311,-0.19398723305839
-0.3535682463284264,0.1009573473841569
0.0737666260884723,0.333147482234774
-0.2100263564253788,-0.028700412178265
0.1251686818777337,-0.0568750677236186
0.1058050265799364,0.1599315078835143
-0.1900838045786507,0.1777423062623142
0.0626282935216311,0.2611096815714335
0.060040050489354,-0.0065578074231711
0.0121060000281092,0.1366801430225539
-0.0426369484589969,0.0947526328051076
-0.0815952104322873,-0.1677690034652015
0.1861825502708738,0.0050946219570089
0.3533417892933603,0.0875179687373265
0.0640644158195384,0.0556424585857239
0.1749144498553885,-0.5035082102081283
0.240409736460658,-0.1458890235077639
0.4009508168433804,0.2416148095326525
-0.1328747955328263,-0.2877709648837804
-0.0030095879021778,-0.0302308861804309
0.2501938063184803,0.505130088258276
-0.2054427045643534,0.0247633503749865
0.089335315298725,0.1636599128408122
-0.1378532870852752,0.1999743515025442
0.0998679224304777,-0.3208505005614959
-0.3398943987069387,-0.3183602663114249
0.4806832765674776,0.1079196211297318
-0.0601416975287028,0.1202239773246202
-0.0662659013861593,0.1020680010881851
-0.141592630447971,-0.1649021412957329
0.157042184706491,0.1004208083187595
-0.0367000080290329,-0.0685083921303848
-0.0604605990329866,0.0692162925595423
-0.3038879431654875,-0.2628135799851322
-0.0383711911812215,-0.0018617831064331
0.0358163508747368,-0.0401550266919052
0.2531067297360416,0.0631492393361067
-0.0246403436983615,-0.0421459496655927
0.1949668467362989,-0.2089384850284634
0.1192856206720044,-0.0894326130120507
0.2107486173292938,-0.4495179694198695
0.0285674586660372,-0.1063899074343099
0.2419779559996795,0.156097480719675
0.0301200965096155,0.2339733779666282
0.1719953125926901,0.1621968374227563
-0.0708513890497464,0.4070944458841753
0.0872748751739435,0.0581745025010675
0.3321994351590966,0.4814916639772275
0.0925973787093956,0.0154025649169153
0.3758630196333313,0.0616493835023909
0.0950924797109021,-0.4093547856887025
0.1900952138622267,-0.1952808180116634
0.1560055011161006,-0.0336185192081166
0.1546652438172593,0.0397225916445311
0.3926957992887007,0.1208282728062553
0.1880641901153466,0.0937334412521763
0.0160037101399348,-0.4996348506102599
0.2585093304618716,-0.0236434028999902
0.1430343034641324,-0.0717193328397708
-0.800659859984314,-0.4425262996402281
0.2227700490363007,-0.3060643225117463
-0.4024103888887738,-0.2559958697460425
0.1202684585839886,0.1868071399306303
0.0874947692915023,-0.1720578744101249
0.0435186308200005,-0.1540527009259948
-0.0333364006590323,-0.1357103856083069
-0.4594178749516971,-0.1662507391759628
0.1061512119616162,-0.4549425955760355
0.0416899637112292,-0.0747099868701865
-0.2396953558866118,-0.2245254983652352
-0.1850683647191074,-0.2241360530770263
0.0892622081989298,0.0838661878118592
-0.3753231997394651,-0.0294931787583367
0.0535765075957556,-0.1424571336311826
-0.0487515519319072,0.4412085859716617
-0.2958460253480003,0.0488012771198966
0.1142672468862306,0.0128578782000764
0.0178784509112599,0.3974760940947043
-0.201641151004517,-0.074569448174427
0.0998763316840792,-0.3791681584435082
-0.2329331240255598,0.0939853342163381
0.2010989324053365,-0.198731797914421
-0.0099518944458258,-0.6074413835521166
-0.1837772431191218,-0.29970923579579
0.1691427337385014,0.1981691533266536
-0.2222725273909407,0.0521044729640726
-0.10419050316153,0.1730962049287405
0.1958486223050118,0.0957640859732119
-0.046742928150947,0.0740912007019025
0.2274924685608788,0.3093177307026196
-0.2802448752800157,-0.1563985247987465
0.1660127368032868,-0.0448530246466161
0.3847143784337499,0.2388627960135615
-0.5456261481212793,-0.4953212983216445
0.0375629647859462,0.1226468605949225
-0.105832595097183,0.5330162989274063
-0.0488710242490697,-0.0442686813259015
0.2674603310791711,-0.0091794467425545
-0.1025785746299157,0.054273643255751
0.3285418217878617,0.2585459556955511
-0.0278533177372383,0.2231671702211194
0.4589301268783117,0.1513347819991208
0.4122673345019301,-0.0713906526152754
-0.1662696280730866,-0.038047741391993
0.0389413061671019,0.5294570582722467
-0.0984362673276416,-0.0838364414368633
0.1104706875025193,-0.209356463510263
-0.2101487607300106,-0.3352021977529534
-0.0095771690875689,-0.0912557227705412
-0.0106838213651511,0.0973341055686982
0.0204232976946336,0.5064166749328088
-0.0959933181159464,-0.2672386636063674
0.1768141379346603,0.0909114458740587
0.2207316060772692,-0.3104303869653237
0.0424828564451647,0.2345493356425776
-0.016189781676966,0.1400709510730466
-0.0855886089353562,-0.4987299164084649
-0.474852428076365,-0.2505004281093088
0.451730820651593,0.547543985323179
-0.2549164038935807,-0.2823452540671923
-0.1649407753031884,0.0494126791140748
0.4036166959908373,0.1709873878185732
0.2833482588633355,-0.0398418903549839
0.0301015499602711,0.0542658295735321
-0.2309213274287255,0.1176032999602798
-0.270603251600487,0.2612612076592379
0.2760941776340004,0.3413335393296389
-0.201681533949972,0.2892503814745832
0.2740048516094612,-0.1229595852904806
0.0962590987659627,0.194976241713084
-0.1197047772830546,-0.189681437123854
-0.0647842750028647,-0.0976906316483251
-0.3886315472218362,-0.1513278334351177
-0.318289902202838,0.6098852940444706
0.2582649644422484,-0.1261188886326094
0.0418133680520812,-0.0876208904915002
-0.0077966403791848,-0.3587883222272575
-0.5615425584652378,-0.0626732791131614
0.086387899759178,0.0773717037319965
-0.4902451137410804,0.2034642498604862
0.0163872649804339,0.0544593112125054
0.348637524459421,-0.0215297298801414
0.0222062310536011,-0.2565027247468441
-0.2490442846603539,0.1334805530082075
-0.1043237102660759,-0.2726460207902318
0.0209921840217472,-0.1198146811335563
0.4609220877804805,-0.0019236918414564
0.3270041771039467,0.5591499471715144
-0.002688458724357,0.0029342462768235
-0.1763762062134993,-0.2553304545320743
-0.1517388117208461,-0.0385765700947731
-0.1111929259976675,-0.2040553158004469
-0.0968014078334374,0.2854436000964209
-0.3864830853184891,-0.1514987118055697
0.3422000159341412,0.4394430710449556
0.0224076043334467,-0.1227175838838459
0.0798058283648446,-0.1715646353937495
0.1858787131259384,0.6278557561805035
-0.0845887326404283,0.1558297583402685
0.119213223296799,-0.2563202285369292
0.1178692147040917,0.1525144972701833
-0.0158913969616267,0.0550372750517812
0.1105260642032883,0.0315999389208495
-0.1349164739198257,-0.1197625212224398
0.1986520574632735,0.0007305952969733
0.4279315168091381,0.1637392977779728
-0.3007986904995283,-0.5744302170733944
0.1616948228694007,-0.0009810222250263
0.2030626247718644,0.1286745748505024
0.0925878727544209,0.0457738448278713
0.0310814294683807,0.0991485863034613
-0.2027777263158128,-0.1536996901418346
-0.0830903044432384,0.0694147284191588
0.015496750141457,0.4451004508781271
0.1227056195634377,0.2798671125078153
0.343896479755468,0.5844395566620445
0.1491730938348495,-0.0491472855887642
0.3728982740241809,0.0536324856646335
-0.064030482540328,0.0425338400503846
0.122410367496128,0.1710709979058614
-0.2790132199160856,0.0555425619400719
0.0120199720397433,-0.2107142716231373
0.0377429141171008,0.417468485041488
-0.2751695211593619,-0.1178849252473612
0.1616097954528074,-0.158852349738298
0.1497819954479791,-0.3867941857405081
0.310180330592553,0.2427040116565715
0.2302868093769466,0.5933059051241805
-0.1846506805535457,0.0389768130269727
-0.2357858247954735,0.0986929491323625
0.0956450894939964,-0.61778381087939
-0.1545564106862431,-0.0943221678272434
-0.1646508922998245,-0.1262722532170525
0.1312283974728083,-0.3574611705459347
0.194668345769886,0.0566292834404808
0.3634037927458183,-0.0315599573587892
0.1773563818277018,0.0156551400081509
0.4472651478134412,-0.0644358230128261
0.042421896836988,0.0012847969962559
0.3016818882037537,0.1959679601776133
0.1918744596057278,0.3448451283640696
-0.1411919003762671,-0.2823285147009565
-0.0713924926053451,0.1895559364860571
0.825035444393761,0.2466456231463397
0.0747817998523804,0.1281007687034513
-0.6155839763762296,-0.3571118752734751
-0.2090486212072509,-0.2767739804728141
-0.0565734727503412,0.2857220786674229
-0.4423012701798627,-0.3761053887869754
-0.0871242051031107,-0.2534524944822676
0.192261308153075,0.2907546945542203
-0.1000207800433,-0.008513286905559
-0.1583196944968856,-0.0227096752262984
0.2486208827531167,0.1965729127760756
-0.0154672230324913,-0.0251873076443448
0.2210596677770661,0.2266719142375796
-0.1123734912103485,-0.1960581166122067
0.0917585529274156,-0.0467169925306164
0.1810520374438069,0.2556309544104965
0.199453954773069,0.2114482721245437
0.3898312377562709,0.0234853008763331
0.4218599334838811,-0.2786352956695097
0.629396950818852,0.1279062373151817
0.3322074184913605,-0.0349826391085704
-0.3211915227763939,0.0580510343990708
-0.4458340463910578,0.1218019854670004
-0.2760702168094824,-0.1722457974094284
-0.4337217003061611,-0.1339769135051557
0.2074823043893486,-0.1196502060248827
0.2879733190150513,-0.0303009563352866
-0.2561000967230629,-0.0395240874275356
0.2097838877802927,0.1545432180538521
0.1860534935774196,-0.0760884615181809
0.4310625866158467,0.2863902359628756
0.156148332194445,-0.3142211968847999
0.1289006815164727,0.0260015336135962
0.2549429449970408,-0.3333899448941894
-0.1714097585681745,-0.0940102860754627
0.4901395648273856,-0.2216694249484937
-0.1857046594605108,0.3349016215851025
0.1300637522271181,0.0096559968149095
-0.0656079149568927,-0.592488371851719
0.0863048110172346,0.1421919902134587
0.2311188367111006,-0.0868774314635224
0.2079191322288514,0.3746470738509165
0.2190483235460364,-0.0427428747125313
-0.1239612124129811,-0.1124278436943282
-0.0575041954981436,0.4681450076879728
0.1622613727765202,0.0965628804968751
0.2485037228060826,0.3733229771296079
0.0807099261997634,0.0798247636333376
0.2557992876116571,0.1002646350557287
0.0698137348259065,0.1683723399570645
0.4627813611111531,0.4469112880710003
-0.2142849134258893,0.0196079067247258
0.1496496214749151,-0.1814619066935877
-0.2022114631842366,0.1641724825685995
0.0835731806922227,-0.1685761813393006
0.0224369520368279,-0.182620098744846
-0.008303784322287,0.1823099215800382
-0.3240722635002386,-0.425817304475158
0.0557232861234651,-0.040583193808718
0.1345926492377195,-0.2229407143919361
-0.7257955818956695,0.2073155717553246
-0.1954346444131925,-0.0863776438956349
-0.2968291645838256,-0.2111660677590175
-0.5196848418296418,-0.3962649777214357
-0.0500922979793283,0.078315496822831
0.0628485912364912,0.0642695030304078
0.0014334438826788,-0.5395237537936929
-0.1262463473424626,0.0197878911380461
0.0523238235100107,-0.0791250297305718
0.3326630693465515,0.0962990295645673
-0.1721361805854727,0.2884423311436979
0.0403227464481332,0.4826612540214493
0.2773052796533419,0.0503501793126392
-2.059773757094652e-05,0.0816328698387131
-0.003759297833216,0.190533451250178
-0.3844641019784077,-0.2750556838279494
-0.0436843595548721,0.0084637132912775
0.487429839908908,-0.1336649080072856
0.0209096496347643,0.0766082076937853
0.2765514139625462,-0.2955557471362771
-0.5871953117787867,-0.1926925820978208
-0.5849859834390007,-0.3463970020558643
-0.1182184782948747,-0.1057033464153674
0.0328924022275346,0.2638193970545081
0.043380064031187,0.1974658798737408
-0.109591941343447,-0.0564722028086788
0.0173580769279436,-0.0686743410733519
0.2115241647792661,-0.2276618184993168
0.1778011827394476,-0.0882609033037907
-0.0252640028578024,0.0138608346918839
0.4061796366633592,0.3138150271966718
0.053444657296785,0.1413333558876112
0.1749379512981206,0.2596859197986391
0.1708788524273272,-0.0356306736427204
0.5706201042159348,0.4712097208300457
-0.1362064354972876,-0.2344244621064659
0.1120810798979159,0.1120124078279386
0.0172245525065116,-0.0718503866437361
0.1647881087801527,0.0701187744602411
0.5372665358643632,0.0318831835385476
0.0087991524287919,-0.3986513966792459
-0.190540367275422,-0.3117939417451604
0.1853774515046516,0.0227577227628141
0.2766390590164418,-0.0024732285184245
0.0218348366725005,-0.0570370580946108
0.0097146185670838,0.3728156006598266
-0.2419618299749578,-0.2379642814365634
-0.1424334687638633,0.2209946776857274
0.0212701659616668,0.3666219082692105
0.4155824809183086,0.1175122866044075
-0.2561905476930534,0.2402652693392014
0.2626431760764889,-0.1077044581867334
0.180558914676745,-0.1201015429030435
0.1743013545853158,-0.0170603212884152
-0.1990026458535706,-0.1079305972724868
0.1676461919156129,-0.0694341023593828
0.3617818175062366,-0.3395739572471187
-0.3269834958205864,0.1132311563343502
0.4141366461793589,0.0501080157844046
-0.2777579373677586,0.0685998846192533
0.15155436047967,0.0889675894971341
-0.194541978323595,0.0798431383393208
-0.4289189482014758,-0.1631263744194655
-0.199587122952635,0.138317660422403
0.0397675506244663,-0.2128434045540314
-0.1370090061519155,-0.1119148432577774
0.2476551188931522,-0.0901509193770868
0.2094558471117707,-0.5251350866650059
0.2364726547067661,-0.2586966395120027
-0.0085366090214286,0.1051801801176657
-0.4064467351780229,-0.4647602475618819
0.1865299907082653,0.1466173936414407
0.0252619671530029,0.246903482817656
-0.3486561616550001,-0.2822054233470582
0.0668272126698873,0.172998896460375
-0.2790665782180425,-0.0807639026589092
-0.4281573818174607,-0.252109503748357
0.239380930825188,-0.2558653253458656
-0.0698381018946782,0.1196898680155462
0.0472038533288733,0.4155815799320915
-0.3981764981385506,-0.0434725763688103
-0.0341769922809829,-0.3092350793253919
0.0635834235846924,-0.5216230339345129
-0.2456015452441524,0.2310666318247943
0.0355336521382067,0.2098712170397015
0.1404447171938934,0.3254074589722891
0.0863775749894753,-0.2033602495311018
-0.1002995497380421,-0.0116757504519984
0.3973225531574611,-0.1096392696175125
0.0756231784370703,-0.5559095507890051
0.3053409503398659,-0.5406297499541978
-0.1492400017215468,-0.4123733616788904
-0.332617764735736,-0.0152371128912669
0.0879958786986092,-0.0097569421763019
0.4661044668647652,0.0766444911802766
-0.0817889378669286,-0.0354018750245044
-0.099744075810947,-0.4104613448274212
0.0367644412550189,-0.2600729077587166
-0.0392379891707315,0.1779686479597935
-0.1767237655258766,0.1560731745881844
-0.2401644446849982,0.2494457251606291
-0.0914810080417242,-0.2638254887840929
-0.1901272689220077,-0.6325939148032383
0.2144343606776596,-0.1122321504008513
-0.2209611501714692,0.1616523315520782
0.4671076804578137,0.0188547065327335
0.3953628768837819,0.1990687872640062
-0.0590994161158648,0.0744345034292111
-0.024926033978968,0.1755206968888472
-0.0086939398514078,-0.0485437039957106
-0.1906480715125768,0.1200967157924462
0.1909969215398596,-0.0120608233274768
0.3271971601856704,0.2002382365542691
0.205837808371863,-0.3784720512320891
-0.0404911773883645,-0.3457512055310168
-0.2748959454520708,-0.1016104029069702
-0.3200028943090308,-0.2234836602970635
0.0639377057580912,-0.142717359168525
-0.0619764439161134,-0.0830426231263408
0.305018498342647,0.1169580417272568
-0.4133990549765101,-0.3879084299130168
-0.1398103919662819,0.2350326747317562
0.2097429178328866,0.0729899099301093
-0.2361156773904583,0.0199919745497512
0.3316852958700325,0.2599120536677242
-0.2300291344602695,-0.3116460231698797
0.147055997709147,-0.1201106809959342
0.1240708789949944,-0.0217340590053556
0.207046391663619,-0.1356775204104079
-0.0204115349913651,-0.2763723874391997
0.0871055412705091,-0.1692469584091556
0.1151625462447465,0.3220754282325239
-0.5027841851524629,0.181903416862691
0.0346245527912246,-0.2434583453610746
-0.1993055780681212,0.152660890078653
-0.5271354822321606,-0.5249562803102628
-0.1162008066112389,0.2208477067565289
-0.2505586620187611,-0.0302519881991442
0.0266136244352005,0.0461503619736531
0.1024204756688314,-0.0728476151725352
0.1297512248241084,-0.2840410981958743
0.2088974630741446,-0.3642941039787405
0.2047131801437694,0.2734574710061334
0.2286353797266963,0.4329354840150989
0.0991768103115385,-0.0300920750206722
0.074744637402945,0.0899531063726961
0.3691824374829945,0.1333146594458437
-0.0482501175203065,0.4085223991411649
0.2696555314720327,0.1481162198005613
-0.6835120946797665,0.0549998985567077
-0.5318835834118235,-0.2380070839236796
-0.2275796661500742,-0.0335852706386584
0.0353192204434592,-0.3046999171349244
-0.1301345723567412,-0.3865988310901122
-0.0199190737011375,0.1102556095929563
0.2079261770921203,0.2305225556695536
0.4571883547789995,-0.1597867627297698
-0.1460985054523036,-0.4330352865130121
0.070235136176949,-0.4897285502110882
0.0545745626521841,-0.0008964307323128
-0.1993602110150701,0.1230594501107898
-0.3523716838686498,-0.1347545077178706
-0.1781357490106185,0.1058376559713237
-0.2154807173880715,0.0367466689171664
-0.1870735299169212,-0.2060596323234687
-0.0042197364250521,0.2759554174852325
-0.1626878406326975,-0.6768201517705763
0.083670749719993,-0.486664367808217
0.0219371626717893,-0.1358329720779528
-0.1008676139592919,0.3595111808762606
0.3250791095145332,0.2544091485301558
0.0900348179439615,0.5813870198709553
0.2927407215319627,0.1417138846239153
0.303272092642396,-0.1180939941561078
0.062267041677483,0.0148907074919533
0.3416326667538013,-0.0647966322645662
-0.3588489494869659,-0.0313182588871648
-0.4053733280739042,-0.6208723867667725
0.3555566272416705,-0.0275703564277829
0.0731940452024707,0.0856693922903659
0.308549440983308,0.1858420718968318
-0.2161147501204398,-0.0612096714503092
-0.2436300333394375,-0.2209281139888297
0.1657914060703982,0.0650566612791589
-0.1266439738096537,0.235348303322472
-0.0614476193767127,0.0056344251922097
-0.3615322807438291,-0.1302370128260568
-0.1142730275895091,-0.1124501500382173
-0.3624216114666967,-0.4978895355518335
-0.1138119658704291,0.1194139871225403
-0.5952135840230827,-0.3736516144172043
-0.1110507435354504,-0.0689161150755032
-0.0003468210221201,0.2421729440357633
-0.0164143672363434,-0.2789315742135357
0.3404132496966329,-0.1154901758191273
-0.2357039807190281,-0.9109940078765612
-0.0513573342799275,0.0440173093794932
0.0234600345367851,0.0879422936899285
0.1534147174820807,0.4833744240535604
-0.1706896772532939,-0.0786916432066559
-0.0527349812551642,0.0162766543366546
-0.2078672838644848,0.2540151701477558
-0.1803729923587415,-0.1000988791251134
-0.1016841494413341,-0.150694083197739
0.3075591909181306,0.0619603483376177
0.2894005658171427,0.0364399292217645
-0.651774608910371,-0.3696408159162276
-0.4507421041131157,-0.0245347515079068
-0.2289643785475998,-0.3327723145357021
0.3154170769808936,0.2607324663602468
0.2712138375406487,-0.1536195117250677
-0.0270150811839577,-0.0457427868295577
-0.2806493004853671,0.018024657733274
0.0674014416601273,-0.0795145194004648
0.0659449928781002,0.3282878820593615
0.2238986774911982,-0.0526257911104054
0.2008617650649938,-0.0118514271589632
-0.1282225924392183,-0.4086861928137829
-0.1443541195504306,0.0371189695413535
0.0217104223985192,0.0945621944142477
0.022501819696103,0.167160534277934
-0.326995940927559,0.2217305302813229
0.3622772707371032,0.0634031503513056
0.6342406620351646,0.0968974660412653
-0.09865784610897,-0.0329097433367284
-0.1141172881870644,0.4241298790074936
0.3679400114077995,0.2571118552291984
-0.4297586239002978,-0.1416486764539503
-0.1002063781988956,-0.295004940469965
-0.0392708552608204,0.0885108531915258
0.2812160423719395,0.249824944190963
0.2560653608622222,0.4057600342391452
-0.1808611128569628,-0.3616388106404828
0.0707637448866432,-0.0830193937005527
-0.245440742697508,-0.1648240131393816
0.1293460826570634,0.0395295326428468
-0.08518741912391,-0.1995898837707125
0.5440227642137013,0.1570076267184758
-0.1971067615927674,-0.0462876436346684
-0.6326038617618891,-0.2201012746836538
0.0066369595203396,-0.0750348070444427
-0.1781775754308944,0.270510874030652
0.3360153226908023,0.2174513215025503
0.0968307803101181,-0.1148810120916506
0.2887626720966249,0.2271158327354894
0.0658582371751536,-0.1240082556649614
0.2946789116804717,-0.3089333789996789
-0.1404576115725928,-0.1401262841120347
0.0243252745807037,-0.3553932985145493
0.0068942367338547,0.1698685657074607
-0.274701371460307,-0.3686764689933545
0.2470204300021824,0.1154213638382542
0.0599065286698907,-0.0301499756436201
-0.0042711814845748,-0.1166891466198465
-0.4966423590245422,0.0133882347306822
-0.1011955584466589,0.213038821484969
-0.1172038875650574,0.1252697099830426
0.1366955253111116,0.1724071150492898
-0.0041187621707246,0.0650670132763196
-0.0800630738574961,-0.3870875337722835
-0.5380073343143624,-0.3592237162423645
-0.2046969615776629,-0.4495068073515292
0.2019678246552109,-0.2525465259905356
0.1186995518582947,-0.2069265895191092
-0.1591377565555188,-0.0065918987786924
-0.0855923749299434,0.1265722914617011
-0.0177421169835471,-0.1969703457735784
0.0821939580178223,0.3743244828191519
-0.0041249462729541,0.2324481940067047
-0.4388136359248402,-0.3668888100542476
-0.2124487521699884,-0.1339163880386726
-0.0666398133512291,-0.2862908617810165
0.1508383113151811,-0.1803593636017085
-0.3845807044659536,-0.0102847074313492
0.0192516466068892,0.1972022840739201
0.3715555669428325,0.0120607411983012
-0.1127386962600324,0.0449194516726812
0.1158231557711021,0.4116802795922913
-0.0362278222947874,0.0877660362809873
0.0921316892127256,0.2358798962079213
0.178016950710737,-0.1161356855552726
-0.3596722531994668,-0.1577824150440592
0.1034089430249766,0.217605886742667
0.5011081465268971,0.1362540878013146
-0.4781312750208633,0.2953292746563675
0.0901228299007962,0.2608409111115102
0.1965280777973435,-0.2648399184098302
-0.021317766245332,0.1261251554390068
-0.0936028269485964,0.0252472442623713
-0.0735472537060387,0.0514877695374256
0.0778063470901423,-0.0749411088618223
-0.1999993251557834,0.2078085327974661
-0.1738860535848339,0.4505794034636244
0.0027660360024846,-0.028745618778548
0.1763481114620664,-0.0785638182282153
-0.3791439331799827,0.1139395088349794
0.0497053645505661,0.0297980890402058
-0.1117046763147628,0.1242141087914856
0.2735917496145361,-0.0556075323283617
0.3002488415833833,0.4359629422188822
-0.027261870154727,0.1320258152805301
-0.3880994274932765,-0.1054184395228661
0.0442040250989653,0.1243915979068902
-0.0121417693172191,0.0103222878249331
0.2550248448373785,0.3579533266710715
0.1646406176003584,-0.098118703331557
0.2008477385025156,-0.1576388635589434
0.2773777850175247,-0.0241895847347997
0.0505901965748938,-0.1873880870997635
0.0687154793510431,-0.177392090188222
0.0632784689947849,-0.4649804765798148
-0.2099169016585412,-0.0220494700096983
-0.2857121066890798,-0.1338323459894629
0.1080362180427503,-0.0189314696444667
0.3802960377574528,0.214964385636729
-0.3089810497254239,-0.5993234301816031
-0.1241417712613967,-0.0845719426474487
0.0889880282375126,-0.3985212982588743
0.2447599582327551,0.0132300133982932
0.1269622594891482,0.3463057851260151
-0.2250312374583937,0.1882824227271735
0.0132974541926394,0.3164652201620285
0.084532811226491,0.3856007905371528
0.0876226016669486,-0.0305041720691098
-0.1294798007046267,0.0877154542260199
0.0385322774623525,0.1632445158632159
0.3019505805594089,0.4018624164215679
-0.1705570469746826,0.2213756781870148
-0.1454133847988291,0.0962237260462713
0.3029983252407535,0.1395368716514188
-0.4425137391999121,0.0866694190368923
0.0621808500180411,-0.0135270176154925
0.0967997656354399,-0.1257729657566057
0.0123224159759701,0.1097963081900151
-0.0680899207185688,-0.073040347223508
0.3886523414505831,0.2353633459430172
0.1530075436844166,-0.2541250844090281
0.2974391592431898,-0.2100625058503292
-0.1467560064542833,-0.0273421492577826
-0.2511850824871885,0.0285281918660633
-0.3150111023100915,0.4216081663695131
0.1659717622999214,0.2982270567373026
0.1556059130386166,0.4325597140986494
0.0173808925758337,0.0823718367031369
0.1648188874474297,-0.196229328258946
0.1980531239798609,-0.3387224677183743
-0.3709090783653405,0.247067269147083
-0.1141245500233726,-0.1500663622831743
-0.2076872433017941,0.0678756114464758
0.2706719301730243,0.2243982825381762
0.1969574097293122,0.1153643684747305
-0.0770269399925075,-0.5023235058960654
0.0224977701654419,-0.1212968247042922
0.4063216343407883,0.0232424747226264
-0.0354373750673383,-0.2455217906830149
-0.4863693216512034,-0.1799354743033671
0.2302979478851121,-0.1069172162355907
0.0495975039673786,0.0211089164796124
0.104821769367111,-0.2358818090186084
0.0139013651089392,0.5388141260582328
0.0049760319763977,-0.3344358033562359
-0.2909138401286843,-0.2332834680519706
0.0664074126007072,0.5352379677175381
-0.2214383875501541,-0.186234509092501
-0.0656077021642749,-0.1344772294028429
0.407157650325025,0.0197164816407554
0.790353118696549,0.1641452611285104
0.3956066246177251,-0.1220762710469324
0.0438856442152124,-0.0343823797916797
-0.0031281998892219,0.0180964353765109
-0.871521936733984,-0.0557420558813212
0.2543827714380355,-0.1125582718966564
0.194362945292649,0.034376392404189
0.2286636301017106,-0.0409920978505361
-0.0218839943073022,0.4344123708492603
0.2506699849205954,-0.0049854619675551
0.0535195425123017,0.1679215412452194
-0.0107614743778712,0.2603664272450408
0.1527373705602303,0.3408632962958504
-0.0282241821132775,-0.1460958273599615
0.1559451197018604,0.7237492947334568
-0.0993947801211192,0.1978078023345688
-0.0700512001036903,-0.0755873153047804
-0.2327569963198886,0.1728237550357635
0.1070739655701234,0.1145965728952808
0.0959599759476664,0.3212237254787808
-0.0855794081860386,-0.0391867867912659
0.3925844400578208,-0.2379546993919306
-0.3851544207851348,-0.0809883939164169
0.3928743757554713,0.6412059920459503
0.0485632889002065,-0.4932341928907522
-0.1188516784027428,0.0198022407826497
-0.1268368168173205,-0.1306296282000702
0.0514429570490097,0.2621518756802078
0.295215196080834,-0.1418238108688027
-0.2220425097882042,0.0990691466907605
-0.1560583569660347,0.5354625190572866
0.2493777513500433,0.0410770070190879
-0.4875968776621318,0.2353086269665779
-0.5036013093648403,-0.0578175038852615
0.1443735142296157,0.4222760611410654
-0.2133045041710309,-0.0368210855961374
-0.1773816053914787,-0.4299859808504236
0.2977722460562325,0.107954612953969
0.2682900563142069,-0.0109236719880812
-0.0764691808780148,-0.4340145620609947
0.0371381780294167,-0.3911687939939814
0.1608846092292738,0.2728041945666192
-0.0192124073036272,-0.1861185906735362
-0.598498582437686,-0.2904809160916564
0.089804336349044,0.0565363882224042
-0.1541227409437002,0.200280572717387
0.5210192325193903,0.3785298236028865
0.3546664704431101,0.2635958313751849
0.0223520762987491,0.0324562533262158
0.3388946316333056,-0.0719406805409864
0.2677866327955822,0.1458936426676591
-0.3665124666905721,0.1472075559745148
-0.1584861746979049,-0.1599096184296263
0.2104456707582532,0.1531352638828003
-0.1915107867869967,0.062897888739033
0.6127623499116948,0.0499644099373696
-0.3081384015078627,-0.1014625541197118
-0.0004953237952115,0.1631726631826223
-0.3588597935976242,0.0265218824931143
0.0215097572012966,0.2637463476430051
-0.1702997783916724,0.4694839893958234
-0.393787910962296,0.0515416761472974
0.2585248974581261,-0.1807182565006358
-0.1364585821165599,-0.0396847963326113
-0.2705088375994578,-0.1378764665604954
-0.0303724901059946,0.0076975397035192
-0.0155177682923461,0.0523252857675753
0.2675169553898991,0.0102862667936286
-0.1485526450964722,-0.2184695971777301
0.1002818164180399,0.4360506715948036
0.1149636583555197,0.1813789243498034
-0.3807440697142223,-0.017097256356995
-0.267587376445896,0.1804798114201029
-0.0535643937761444,0.1019565927922512
0.2580692498637777,0.0541584632216768
-0.3612281544591297,0.1504311701804165
0.173242658736861,0.0381040015420407
-0.2219453138089346,0.0466139742457702
0.2927162279554473,0.2580741179696811
-0.4371874402252173,-0.310059070393499
-0.1088055381154581,-0.4567248959186225
0.1398390842733522,0.0346810881000359
-0.0085577103029592,0.0042900094253154
-0.0473368977180816,0.0024067729939819
0.3887793196760419,0.6333289609542215
-0.1278218006896107,0.3363100056947455
-0.0766815823238214,-0.11909334514913
0.3055043563625159,0.0286087578450505
0.1371662568454488,-0.4850686974311446
0.1828412770434457,0.1264289152156033
-0.1155074447160243,0.115459374448213
-0.1010003583070258,-0.339284872528129
-0.0038934177217908,0.2017288935249003
0.1018669533789201,-0.0936489731637175
-0.2432164946734143,-0.2564742982540018
-0.1198191638092672,0.1884585093621225
0.0349176215916911,-0.2975312306380495
0.1640504404427937,-0.0916170257172625
-0.0737970372671885,0.2082988363402644
0.2452035704007708,-0.3791244186528758
0.2680651921736586,-0.3044500101788082
-0.0564286857125624,0.0965640534959026
0.19974959714578,-0.1251540050115011
0.1553998008082966,-0.3529878073506508
-0.1735131648495766,-0.2456714303678941
0.0602404441187436,0.0364036949247916
0.2292225766509482,0.0117428851707192
-0.2970001887203379,-0.2038407098265587
0.1990117105749975,-0.0473444854586079
-0.3009472351431408,0.0666195988365168
0.1454843849288025,-0.1487480553231862
0.035789327273138,0.1197405018777943
0.2940504613254452,-0.1310820190801833
-0.006581409034813,0.3591647184993713
0.2830481169029592,0.0684626065174678
-0.3285961758493424,0.0496169325893059
-0.1308799013271732,0.3009141451462678
-0.4343779017937417,-0.0198558566313408
-0.3795598054121954,-0.0737324888516108
-0.0491413566057032,0.0681960829891491
-0.1013437703127712,-0.0285328483448363
0.0410594586446276,-0.3032120135897048
-0.2124610394018843,-0.4968124496354891
0.5051901741409413,0.2693309357980595
0.3385512064899532,0.1007263032574211
-0.340102043813527,-0.1054688083112914
-0.0276624309158654,0.0751714754447406
-0.2198679640967043,-0.1624587232201065
-0.0384794255124972,-0.5404611849764241
0.1680403592321261,0.0638657958573932
0.6100510358603385,0.1704008472918578
-0.0051174191583381,-0.0370345149993712
0.0274231596666224,0.0271655854663762
0.3105687337322743,-0.0488549541841078
0.1736752806365896,0.065568626751527
-0.1452884707360945,-0.232063017437824
-0.2999450606286036,0.0547877364155112
0.1794345979927002,-0.0452394966358828
0.136662097372771,-0.0485945211246363
0.2057236515419601,0.3072507329911795
0.3622528912475629,0.0629612800168366
0.3113018410279062,-0.3663318062796509
0.1023208054884654,-0.4631550835148666
0.2604966070738357,0.1505731211900001
0.396785931130479,0.0648945856694533
0.2244795124077525,-0.026887900843236
-0.0169212381962899,0.3163372966293379
0.2755532588792777,-0.1264020993605181
0.405160427346434,0.0409817829461207
0.2917171872356979,0.4016165082506304
0.0185205388606419,0.0342436705262158
-0.7056721464536477,-0.2499539615744916
-0.0639893080462549,0.039657151705709
-0.0502626664345703,0.2535849126017864
-0.0800202842640974,0.0228924564920163
-0.2541571552640489,0.1748618080855031
0.5687539125054475,0.514103801612134
0.0694738063515306,-0.0159754609832647
0.3162901515416059,-0.2164997643724392
0.1016768523613031,0.4961545484882718
0.045087956522658,0.2754146488662047
-0.0246220738572341,-0.1639462147187622
-0.2799709039447496,-0.3487772387459386
0.1031636686729405,-0.2127698641036778
-0.1260429984079423,-0.36862340483894
0.1244532505843715,-0.2533359098277322
0.1742062244208315,0.1416275954627189
0.0679081519959523,0.0173482557986565
0.0221759845499482,0.1566513928772185
-0.4056221826216714,-0.3470724808963421
-0.4269614549070611,-0.258937263442048
-0.4475340575622798,-0.1417778736882449
-0.1335409961215337,-0.0121104310373098
-0.1984940932921355,-0.1371575738497798
-0.1236068093605945,-0.0230160048822198
0.1311707374303766,-0.7410292926335701
-0.2220118269297522,-0.2639403768918751
0.3925546901508631,0.5559782362578058
-0.3084970866722132,-0.3665413145365989
-0.0710002973283057,-0.0289202974487851
-0.0222261446340243,-0.4100534349272318
0.454502758988173,0.4880896326416288
0.2956209394906922,0.011197730646754
0.2832533812582912,0.3218289473509246
-0.3815405211436736,-0.2836024163045662
-0.2260720596346601,-0.4316465989403008
-0.150050150498375,-0.1068937122697611
0.0406476063496612,-0.1123057661955176
-0.3454695900022387,0.2258886977517114
-0.3654428225396562,0.1963244414859789
-0.0432180325136744,0.008761335477437
-0.0709999419957879,-0.2726962015912822
0.4127924831218431,0.261568298637187
0.1294668829692039,-0.3236952253654798
0.2162836353518544,-0.2822455288136704
-0.1756671560020197,0.0660028344268212
0.0424469014759832,0.0724423752120746
-0.0659756915966092,-0.1973367176134505
0.016427479031531,0.0425656976868288
-0.19451744009297,0.1549876186334647
0.1462634625170868,0.1935742932547009
0.2519344312706844,0.4329491537632488
-0.1070174742872957,0.0847783322174128
0.1149233308557737,0.1860457720036937
0.1284968972313588,0.1068317169018439
-0.1091269870107499,-0.7073144254384591
0.1427264971030574,-0.0039175894959401
-0.3463461375752346,-0.2238879929169475
-0.3069698259259011,-0.2395919703162895
-0.0826300974753485,0.5573555277452027
0.0865158209686367,0.2522572942039967
-0.1868775981564146,-0.0171958593407053
0.0416990805346727,0.0377917744276049
0.4292048170838581,0.1460029212223554
0.0137312293058511,0.0644053790357474
0.2659854819749822,-0.0292171023524335
0.4569457957852713,-0.3220119522619646
0.0603572956733662,0.3035885224667999
0.0213867755914792,-0.0325347742318982
0.0138114824631785,0.2466114143989444
-0.2018859698688861,-0.2845491103829965
-0.2597109573299926,-0.0583237055102114
-0.3139462977201907,0.4586659673076009
0.1429436564959895,-0.2893804909319413
0.1841726368673414,0.0532809012195636
-0.0961250055650009,-0.1995945553294397
-0.6500366747040841,0.0291234747433405
-0.0285636841390728,0.2749497395120258
0.0311487763203619,-0.1637988337222741
0.3507205301284963,0.1285139220902182
0.1082117202581594,0.272911233707711
-0.0578768433115856,0.0355953959417764
-0.2340650666032573,0.1275897815943937
-0.3018392300595615,-0.1421801205086618
0.189093291051467,-0.4452788913805449
0.1526988323264018,0.1660490338902087
-0.2344283369295181,0.1907195055430738
0.2828239147327596,0.2618847563038189
-0.5242299528326735,0.3497052521584818
-0.1438979785851113,-0.3032247240080611
-0.0358253154195484,0.3613895183844313
0.0884002864232441,-0.3040857187784705
-0.3464971325179465,0.1970587799793293
-0.179065865661255,-0.2837424228432199
-0.2356255708933289,-0.1031602115647239
-0.078183176388595,-0.2403192802939762
-0.0757595015935079,0.0662559131105553
-0.0520212336383512,0.1533433102704767
0.3894891476263432,0.3521495932805429
-0.1669099528671218,-0.1441975720415181
0.2943156080749792,0.0450557305209737
0.1422919739424857,-0.5571963152340704
0.2487816759182962,0.0382600262161991
0.1829066644376126,-0.1301449071025885
0.1139383499624202,0.0219443886770547
-0.4865184304937973,-0.2374619244976179
-0.1264843458966152,0.2052901605899001
0.1055693055601168,0.0337935846272094
0.0386623607639454,-0.1780283929356837
0.0718655015392769,-0.074814029972689
0.3176775405401568,-0.2228861317790362
-0.1455240873826573,0.1321899535879895
0.2623038651177941,0.4301276140341399
-0.0964686660656876,0.4897340123040524
0.3942933077422064,0.1452447333651163
0.1031181582385938,-0.2108507656739257
-0.0065425280127401,-0.0256205796152454
-0.0776899760201779,-0.2784761608256889
-0.025199213273863,-0.2062304226379119
-0.1406997910781516,-0.0732657804859933
0.4322597657768475,0.4665363360570621
0.4564939897134223,0.1888517907042962
0.4013718282383738,-0.094578178515799
-0.0921490164213392,-0.1443655506275667
-0.0728683810207159,-0.2299798779296723
-0.2484606659207764,0.1142700244958344
0.1625046326458851,-0.1660912052191397
-0.2522163793014761,0.0491224195680063
0.5084508742841383,0.2687099236001899
0.0354805467533317,0.2056329694015106
0.4780822624463434,-0.1023689291532904
0.3881699216013669,0.2110585918989947
-0.2353276030372316,-0.2476937954648753
-0.0109298414320453,-0.1126495458400118
-0.0075025448205957,0.0171080792744466
-0.025083470426234,0.2219731280943148
0.2877308938466521,0.1026393036898702
-0.1228486127735117,-0.0433738590038338
0.3808664335896832,0.6084237891077702
0.3004015230183741,0.0348864490419686
-0.1436538861505318,0.3014417199849709
0.4588345975185666,0.5461100319833117
-0.1807436529822843,0.0508253015203324
-0.2241755496985654,0.0646954040450367
0.0129235655708052,-0.3819249187751343
0.1777963324793907,0.2714937353247348
-0.0903130532459545,0.2661618779762548
0.1618967723825799,0.0095654410370382
0.2137357676103635,0.2207705257451532
0.1691618316505744,-0.6300614624258128
0.1099647931871533,0.5245297468410844
-0.2842136009744164,-0.2453080038152248
0.3261021479674104,-0.0069656724032039
0.2649754076323832,0.0247151531336765
-0.0834873231781946,0.1562154850507841
-0.3213947558706042,0.0486514968299188
0.2511177196306745,-0.2099959258197885
-0.1533147995321534,-0.4247414764114915
0.0173837895362473,0.0449075387783498
-0.4612408806999512,0.2970619503978579
0.6322501074092959,0.353238286083523
-0.1108203886196928,0.4092429315863127
-0.8581259455996035,-0.1625188897972697
0.1468539115474099,-0.0075645609049392
0.424003974044667,0.3399918254014613
0.1332881394652288,0.0066095105189394
0.1672263786808354,-0.2493283340371001
-0.2375651878710348,0.251515937942928
0.2286278812384216,-0.2889279579715226
0.0081339234221028,0.3824370100364642
-0.1172080919148248,0.3223341679430337
-0.0887994681732641,0.1781237585433061
-0.0442843407033802,0.641526090389654
0.121395600381183,-0.6243930009065969
0.0565726543581223,0.0238329408228919
-0.0597518737604457,0.2109831526996572
0.0198611524668569,0.1608053974001985
0.0353081058932768,0.1902714719287062
0.2482475881524256,0.3826902367141785
0.2517589704436107,-0.072357867228632
0.1921192260812007,0.0793362487637055
-0.1094260411639915,0.2320603969343466
0.256532873842009,-0.0456411333735735
-0.0712447177681662,-0.4689362879698637
-0.1028357562269965,0.6184032789552103
0.1618763303743824,0.6356464182940768
0.4623993313996228,-0.1130312240047041
0.1129534355329454,0.1056982371426462
-0.4426151157824776,-0.3783571591798248
-0.0481178191432476,0.2143386952166608
0.0120447250805755,0.0630447095672249
0.3770474420435142,-0.0593246100588113
0.0035352760234897,0.1664380179134377
0.0879196628591367,0.1301180566681405
-0.2028560263869727,0.3391240931955462
0.2416624720189719,-0.3915932868874219
0.2393676231152768,-0.0209527553972417
0.6053463643169412,-0.0361121267780441
-0.1895803407239885,0.1383560910744744
0.2372303097332105,-0.2644480725362088
-0.0451713990104647,-0.0184763733741129
-0.1677286894587815,0.0764759958352486
0.3474545594015117,0.185436908335891
0.2085902722319851,-0.3769519791780542
-0.1827625919789628,0.253865029021766
0.4187469511157131,0.3869085901298478
-0.0068696303726216,-0.0131042549947499
0.049655432441472,-0.401339569248035
-0.0211436731618222,-0.0084815105992451
-0.1582483799534075,-0.0235475415224858
-0.0514054527783782,-0.0314425260978239
0.0322594397168884,-0.5354499614422574
0.3468904127334641,-0.3815172667577595
-0.1449693110356485,-0.0389730359218757
0.1004016932360637,0.2951359508587655
0.2433297187262561,-0.0550586991366601
-0.2155343155934903,0.2628713241025107
0.0417144868139597,-0.078758363892163
0.3212499908337972,0.6597363626428296
0.3656441563337589,0.3076876007176236
0.0738238703073602,-0.0326476272626442
0.0822759487244936,0.3466788815113084
0.5273990911406535,0.2276284941157273
-0.2597819927405553,-0.0498647203028038
-0.3314366492701847,0.1369968786535043
0.4165757474664202,-0.0665243830613378
0.3752123152856335,0.2211535649588656
0.4460423158984343,0.0248097561326038
0.0695156489131617,-0.4183957316046151
0.1670805046221185,0.5116249748882108
-0.0360916861765336,0.3633387089135487
0.1676015069811271,0.1286720545082507
0.0716716584864466,-0.3972188167318099
0.0663391790291159,-0.06967538121704
0.2934191682665214,0.0195157103656838
-0.1939256195247609,-0.3651981632052543
0.2505667098502125,-0.0783623863462755
-0.1011796287934967,0.1225284767172486
-0.0896739417600094,-0.1415323357133202
0.492802997779049,0.1265610159045394
-0.394421570437509,-0.030702356956889
-0.1133823388764185,0.2408734580881431
0.1886457351524361,0.5372419080573048
0.3244844070953243,0.1164877335129283
0.0120633195220936,-0.2919067659290794
0.2806918258455843,0.0454747116446195
-0.091245930307993,-0.4880302294362919
0.071557002031794,0.0755925044814438
0.1679118991095085,0.2320859591371873
-0.0327093994601092,0.1395461572273537
0.2295516995132827,-0.0281947816425154
-0.2585559936064413,0.1507001640493479
0.0930872023159486,-0.2534684967395224
0.1128063439809479,0.0545213974239771
-0.5732214355426564,0.1747496360514282
0.4040931188753225,0.4544550409909862
0.0873859577881827,-0.0793286088512469
-0.1609685025410981,0.0307120622972442
0.164986403152622,0.2198987966214655
-0.1110601639062438,0.4413338069497091
0.2815398258192621,0.0071621540305831
-0.0898778105309841,-0.1240030322994335
0.2146950093280046,0.6327683324374492
0.207230908775574,0.1949084040122916
-0.3782073605025866,-0.5928256738632144
0.2495397747982636,0.2152477276404463
-0.0013601471636936,0.6048083634242609
-0.1171309679938725,-0.0079973933971082
0.4285039937753589,-0.0550942943253342
-0.1480756952073655,-0.2689492365803173
0.1582137001403791,0.4208342182891224
-0.1372095240157979,0.0861524884614733
-0.0392669253478217,-0.0718383257211063
-0.3717114830176798,0.1006841656878906
-0.1497668094305514,0.4197717125804218
-0.3967499035973499,-0.1878172449861468
0.2096435420311068,0.0023770561001669
-0.04494693613734,-0.165541175879637
0.4517309920400758,0.3837338300738577
0.0379982637880866,-0.006224670907922
-0.0607000744969051,-0.1895730724572323
0.6044790708329083,0.4135033729235468
0.4131915462292617,0.0313733245769971
-0.1621046489504147,-0.3639129458044927
0.303286001602537,-0.0730813132744449
-0.2858768800707147,0.1549529735454256
0.0917007008248646,0.312386894857186
-0.1334266244425243,0.3316469999281108
-0.2343709991357943,0.2790670590376827
-0.044226179728484,0.0923510961660609
0.3275732142897116,0.2049873103804102
-0.0164584710301025,-0.0377878898910053
-0.1320022158417036,-0.177937278474234
-0.250474370572151,-0.1204555513090453
-0.1394691369993305,-0.3809502139253775
0.2687792363226068,0.1513556340720886
0.4855861739906745,0.3745227697764993
0.3445054276610685,-0.1588805167314634
0.1366767887896433,-0.1086983848393049
-0.2619182179868199,-0.4884473574867508
0.0499362735963248,0.0122745390287854
0.1469773046680434,0.0749832882284985
-0.0310914677546801,-0.3476918473973089
-0.3107436105044169,-0.3649729933988864
-0.3525713811464348,-0.0096757972498263
0.1154504731316935,-0.0449983125624825
0.0321088461498795,-0.102760774483484
-0.1036799844339333,0.0930390948380847
0.4127436177683657,0.0475738148519501
-0.0167879855406031,0.1280279183173565
0.2552214706384559,-0.189718698786184
-0.1908817948795721,-0.2296003617997901
-0.2008658991111735,-0.1163500905784719
0.2152634923820393,0.0230927222029983
0.1642197986349281,0.0942075244297738
-0.0008477029309706,-0.339249934204719
0.5055246688941588,0.4237966551375327
-0.1667835575963243,0.0701605819055605
-0.0588973475959958,0.5274859508479328
-0.022746183842695,-0.2449441544181139
0.4178616386697136,-0.0249367089777961
0.1451895184183913,0.0494211010057625
0.0883920966278918,0.2046924976030053
0.0845159601207275,0.1250909099738182
-0.2237096173047995,-0.2405129015946827
0.0708286946132814,0.0365338403492738
0.4425243272898382,-0.0693190301411945
0.2460479957772714,-0.3443181474730923
-0.203156930004682,0.4799563058428955
-0.2522818069082877,0.0447500557381724
0.3188540536548104,-0.1441686154213281
-0.0893353477180598,0.0666144579978831
-0.1164900080053351,-0.3288044464738805
0.489953648789305,0.1629494101839625
0.2030497721451426,0.1362045715786519
-0.2896814417778569,0.0790892066799073
-0.3777625713249876,0.0995819814982147
0.1787500331896215,-0.1516166470446465
-0.0664793111650779,-0.0382809419956051
0.3576394854181253,0.4016315443589684
0.1481729295166616,0.1818185003944445
-0.2490902680044199,-0.4100585170381547
0.2851579564446039,0.0329447341637085
0.158092414103508,-0.0286390471106986
0.0529124243350883,0.0511286279706081
0.4195011985322613,-0.1317563757891536
0.6502969964931755,-0.1356041168300676
-0.1739631540788306,-0.0303874551912378
-0.2439291174651045,-0.0455727008923384
0.4293437058663157,0.2025161806907826
0.3389066111694377,0.6405570385680475
0.128152012526239,0.3137781148373492
-0.3950005178463169,-0.2025174008088366
0.3430675592625828,0.2779599335116756
-0.0240575400991733,0.258142110361108
0.4643562160411794,0.0102553348058445
-0.0901007447214094,-0.3098111194500833
0.041847788201987,-0.1250079170212517
-0.1218181176371119,-0.3731315068830682
0.2694602678644381,-0.2842768673660418
0.3150624368979272,0.3552445918101759
-0.0488878566560901,0.266498305796039
0.3337395407230927,0.2338058271142057
-0.0473012393631809,-0.2736390655752481
0.5562319401007176,0.4205303927969072
0.1082448995578418,-0.0657522665060573
-0.1122180191480941,-0.116522569300629
-0.5044809278906721,-0.3050198453161543
-0.2398083142162993,-0.0963760090692923
-0.2128850697835712,-0.3936277062498605
-0.2241650400478335,-0.3089793924288806
-0.0584927113194432,-0.0031792994844252
0.218670472689331,-0.1321094809268287
-0.1901873732269297,0.0087983919783785
-0.2158925943787965,-0.3521219815312672
0.2035161166201324,-0.0055536843055541
-0.0989348394487924,-0.1571819356462244
-0.3200615611169124,-0.0290602361050224
0.3135807993406824,-0.2457597005951433
0.0108021382931583,0.0658721064700017
-0.135888263746866,-0.3597758199864096
0.0881447316908526,-0.0660830371457373
0.1013608326410174,0.0834338529720793
-0.2404605455127883,-0.2986511235850391
-0.438583354945361,-0.1946024645320601
0.0572504504459809,0.0705561429011436
-0.3763642402716708,-0.1049767208134456
0.1231328232129497,-0.0473926956407506
-0.0168315702956795,-0.0644954228142013
-0.0102054786595079,-0.1327382614512439
0.3303404246208427,-0.0525810166390127
-0.2924027603730719,0.0472690668805108
-0.4481697474473737,0.2830762883498954
0.314487408140164,-0.0929074590991376
0.2639137349680727,0.4162518338898749
-0.1206632384558873,0.2012727304850226
0.1198465216099377,0.0515872365127705
0.0933330758300523,-0.1453114416785469
-0.0246055540981927,-0.194745026002225
-0.2696252390892467,0.1691013733250512
-0.0309788802482064,0.1274368049159086
0.1600982856031682,-0.0108169354699396
-0.1055005764616061,-0.0176655798783328
-0.2938250078687687,-0.0717674515355208
0.2762735687327892,0.1051057444434056
0.3314288540462848,-0.3505715241094506
0.4322431224442977,0.1350745339616003
0.3322385904450709,-0.2430762222156189
0.0819131929142063,0.1587936778138143
-0.061547464292997,0.2184115141706418
0.1580035381858689,-0.1472743504051051
-0.2804063836239592,0.039875998058494
-0.1905459375634626,-0.4056791617576186
0.109391769154401,0.2817435405865698
0.0252988030784069,-0.4465452642782601
-0.1095668481122913,0.3703507570318346
-0.0025826183472966,0.0382008639437925
-0.0724463942281152,-0.1426187556066014
0.1126199459834615,-0.2010363781987299
-0.6443270936421932,-0.1512352250122448
0.054203748424431,-0.3075162982855692
0.2580529351056567,0.1982918038947772
0.2462496832247714,0.1783474487571274
0.1952240110369689,-0.1178380110842733
-0.3181517005218158,-0.1415969990795797
-0.0320679758896382,0.0926354497052333
0.2560883139794928,0.2791532531631685
-0.0855959468592502,0.3346529597965029
-0.2772840655735882,-0.154734064588963
0.1515753854297231,0.2804913788176991
0.3912929986667164,0.2004485120847265
0.0759735989578912,0.3059239302102673
0.1184576594318656,0.0424663552580493
-0.2115400644994845,-0.1681806767618391
0.3701184501155251,0.2262170836418237
-0.2363940526874932,0.0960133717762148
0.3868490232040025,-0.0897914830703035
-0.2072883625596967,0.0541710354844716
0.3196086945439259,-0.5217770781519308
-0.0691638313853719,-0.2480679114489439
0.0220698132898906,0.0119383818465833
0.6404370052824575,0.2524366486200239
-0.3901376774083713,0.0618836770310989
0.1223356563565093,-0.3829382670640197
0.0610482715802676,-0.4273709154024308
0.0934439074183453,-0.3120648918715116
0.0056097563782462,-0.2151918659188953
-0.0837513900857998,-0.0726975969169337
0.0004112681079177,0.0736046807281208
-0.439163975495648,-0.1381303694234634
0.1832274379684821,-0.2490852552477254
0.0236394360359504,0.0769749274965006
-0.3893127836351898,-0.2879737870306524
0.2816181213456259,0.2686797488458211
0.2333427210475144,0.1407728259643945
0.227428065907241,0.0467537942721584
0.0498389240167191,-0.1135239556195699
-0.1317962422197274,0.1505274663246351
0.2266836650890547,0.1513036651122944
0.0420146500352453,0.4176041662971743
0.2780221038223839,-0.0760191203339511
-0.4203625292833679,0.2241368765481887
0.069573180417314,-0.4473811599464228
-0.005005019421579,-0.2403107968974451
-0.0920955095390869,-0.3122469771915754
-0.1519416548284133,-0.1587557458979846
0.0646748651279096,-0.256572338968928
-0.100068790954185,-0.2520736834148185
-0.0671721779108666,0.2567111397143353
0.1869950721649865,0.3572934791945196
-0.1506090323328372,-0.1174179395211807
0.0611403963283274,0.0118284691976628
-0.0794679985347379,0.0505726044807085
-0.4112310316848332,0.2231398092197089
0.1614479667130801,-0.0457615820352789
-0.2103506438487235,0.3981974745434736
0.118942805131482,-0.0113689679516311
-0.0867821465472578,0.3993721470108388
0.0731893803652142,-0.1119051598477825
0.1570233684758532,0.3373575387400051
-0.0804779692918826,-0.2769189712507786
-0.0069655257532296,-0.4460858646911186
-0.386522924839502,-0.0946844415539442
-0.0373953442286806,-0.1178864751278683
-0.2825229962580548,-0.2765787486114567
-0.2542804501968155,-0.0567148074544587
0.4517427294581687,0.503836276975008
-0.3128946986291099,-0.1872932239478865
-0.0392118486702684,-0.3466054415870434
0.1816596597558958,-0.2440430021741334
-0.2754157414727842,-0.432975166849631
0.3214706118391729,-0.1687985763682489
0.1827356910464189,-0.1454808761220682
0.2388679625644046,0.1780691351819643
-0.1332674443101149,0.1073112192101507
-0.1731650423210477,-0.1586996935311658
0.2067538178772461,0.0275485824399429
0.043177851914312,-0.0385839645995909
0.0961179575399957,-0.1604282151569784
0.1006588135872029,0.1682638776277892
-0.0380389497527118,0.3068174574005965
-0.4637964268795931,0.2348224033260155
0.0040206610701085,-0.1750570389224548
0.1356288335230622,0.3317907819320917
-0.4042706084514752,0.1367607280269643
0.5727824804128032,-0.3195439106952649
-0.4445830315923348,-0.3650020460106721
0.0447687453240668,-0.0390961610990546
0.1125314552043307,-0.0590296082981809
-0.7728414939396504,-0.1739097318449397
0.2911241137697582,0.3079660149286578
-0.2204363084742368,-0.1843587195075815
-0.1254485237656728,-0.0979075381316173
0.1198969581407405,0.0427871680783562
0.1045047937842791,-0.0770851480168289
-0.0492931402772232,-0.0241753314359029
0.2297779960211214,-0.0145239910999458
-0.0030428185906955,0.1370889693575402
-0.237700478834464,-0.2841981904556501
-0.1891697956438754,-0.6178481210951916
-0.1533526568787472,-0.176336701225572
0.0879860615073134,-0.053742399633768
-0.0913087177426195,-0.1311606604087998
-0.0385836775997258,0.4703471090770973
-0.2389522317945321,-0.3070254114008869
-0.022702843215494,0.2228439490227691
-0.2717359116615612,0.0483147803654528
-0.0825218178909398,0.2286577518813348
0.2087108538356265,-0.0822884250860463
-0.1411729080154907,-0.0963998857148373
0.2268216060871818,0.0879554989378006
-0.2234382724272095,-0.4615015150250611
0.4708951664151586,0.136567670597025
0.0016179322392659,-0.0833917079138575
0.0373680284917557,-0.2217730526936001
0.124704707573507,0.0622426268067037
0.0006339663284011,-0.0131138584884236
0.0573108007681146,0.1185414677223186
-0.0084186116162236,-0.0949088495633705
-0.0511432924742622,0.1526493925015057
0.3907406062037599,0.0028873827610191
-0.1071370986585962,-0.2839534949565757
0.3709492480271152,0.0281243767125401
-0.0409665700800032,-0.14815486455192
-0.5270891968229238,-0.2503140283398774
-0.1974024357368094,-0.0456319779877615
0.0704411969872178,-0.0238659149687232
-0.3547343301686655,-0.2046634737656892
-0.0694105578228744,0.0281361883026461
-0.2610148293648373,0.3708039768148345
-0.0446924483540848,-0.3213596791768368
-0.2320233753363963,0.0751165734835157
0.1196023324651748,-0.3786221164278743
0.2551037616633467,0.1490286305682834
0.5960708273709961,0.0979561691430349
-0.3121998941623118,0.0429789846957269
-0.0466752548435174,-0.2145198562126907
0.0221965652768645,0.1854873207061135
-0.1615873575357065,-0.1386768796580392
-0.1478839308083046,0.0688253122672587
0.0479983491532107,0.023349163634933
-0.0804892635396651,-0.2801940508047449
-0.374917570605268,-0.2806483387346346
-0.0858720286580014,-0.2484606700276324
0.2077352312091074,-0.2729049228745675
0.1956640405474667,0.2060436389422305
0.0202210021003616,-0.3269577433598994
0.1781982635120283,0.2199381059473229
-0.1108697497211542,0.2084519135553225
0.0699363741748989,-0.19409118210604
0.0607016295560893,0.3915044248692499
0.0007897617931987,0.0075911607551867
0.0775769669284855,-0.0802474246778157
0.0180765221312173,-0.547965415457804
0.3841594355636122,0.567695911121002
0.0782432656983715,0.1591357436942412
-0.232421668751817,0.097387147702344
0.0068697026097343,0.1031742477800638
-0.2495868638487493,-0.0036582768955455
-0.3454476694337121,-0.6313473691596315
0.0731564932359633,0.2778898713612173
-0.1250644272969678,0.0482652876019658
-0.3953067902595059,-0.5145530725472399
-0.0497965944154826,-0.0399636927074591
-0.0117450069809167,-0.1232269908238633
0.2936940637931404,0.231475528696627
-0.1357645030039581,0.0566365486193454
0.2655986488592213,-0.1979801255371395
-0.4821556192872387,0.292444163948427
-0.2039655343033153,-0.0550429423163097
-0.0249928839526514,0.2913388014676446
-0.1461557643700839,-0.1303021480262095
-0.1860069656095647,-0.073841445201722
-0.1122496090341645,0.1053045348806384
-0.1154157335101167,0.1430090105958541
0.3698013027620052,-0.0200430139116893
0.3802637027443573,0.0833951024221599
-0.1235600607883315,-0.1243550999488138
0.1767203643976256,-0.4168330632517396
0.0753484752860826,-0.1485634244623373
0.632842354629879,0.0010810937850686
0.0618274833419619,0.139758869418037
0.2530833029598691,0.0205412087944644
-0.4137385732282173,0.0313746196176609
0.1601169530571041,0.0508579636688656
0.2879007463364327,-0.3283472978336263
-0.3305031327255334,0.0939345262597593
-0.3745420744289392,0.0754457812026459
-0.3661231106361921,-0.0788594173529135
0.4644801299309403,0.3415867300278493
-0.1797532613462706,-0.0501444216505642
0.0442654266288155,-0.3206760149633514
0.5969219313678065,-0.1508360611203127
0.2902694068376641,0.1377975250419443
0.3453975436754212,-0.4654525028119423
0.1112283192157987,-0.0436345417772025
0.0798288191308827,0.3244964591226085
-0.0335721399785072,0.046067032917451
0.0362036226846873,-0.1290254745373246
-0.2064853451092098,0.2353163489773388
-0.4670277275412727,0.0526447903063711
-0.2018201703398118,-0.4793036570024688
-0.3469505015029949,-0.5154869156745469
-0.4848582827392623,-0.1811087645867096
0.141968869469433,0.4356648109857001
-0.1743685662865927,-0.3520248424479516
-0.2867496709920249,-0.1646796192805197
-0.4273415473748069,0.0513030266811702
-0.0719002228002927,-0.1496009736645477
0.0983719752594761,-0.0116377444873374
0.199288808288288,-0.1277692852087645
-0.2854980370679366,0.2369650045201377
0.2350728717611633,-0.0094550664045401
-0.2709581322933678,-0.2099094604850929
-0.1751698922328929,-0.2847115997819675
-0.1434714592737188,0.4346137633183892
0.3500582764550946,0.2661441994266453
0.3177355643275431,0.1109095517523396
-0.3182930015730362,-0.079677058485626
-0.0002699312666986,0.2192412692053553
-0.278051964894829,-0.0780628665261919
-0.3980533370285183,-0.0812362650292724
-0.1837517538890465,0.0364299865112038
0.0074993206058027,-0.4553071226977587
0.2239743269848174,-0.1674782564321959
0.0038402290656778,-0.0706537465160026
0.3429324856824876,0.1407401247174268
0.474978103427594,0.4523777500526072
-0.0264132157839302,0.1960316075679106
0.5464274058323912,0.54136390530711
0.12807076777991,-0.1129337778646874
0.334628687728678,0.0112613039603936
-0.0582838617267808,0.0007452846823343
0.2817980806488487,0.2712890318199049
0.1441217771167465,0.1209275492335593
0.2753056677234132,-0.1736186201220987
-0.0025628720845835,-0.328907035360889
-0.1339928359986067,0.0538552826482239
0.4269818074468761,0.4618480329876739
-0.0888558828883016,-0.1138644836619037
-0.0750751871147082,-0.403301608056665
0.2477210859261634,-0.1579139330740968
-0.306482271681952,0.0233510857194676
0.1848424273702068,0.147825781403648
-0.2050682804350599,-0.4494888657337717
0.0694891070686636,-0.2491210578916662
-0.0662938330969282,0.101078864648445
0.1018797766727196,0.1635038067251266
-0.1576236791243023,0.0710154858151173
0.4202021116398033,0.262741609901107
-0.0236705233427454,-0.2554597748134849
0.5842750003727062,-0.2599844956679448
0.2460658282431347,-0.296145342371615
-0.2525630685544845,-0.2582747781278066
-0.0846048689915191,0.1967952926646949
0.0667431845040186,0.1754703397795841
0.2020729992418402,-0.0958734337289035
-0.0063920009602264,0.2918454035245383
0.0401911478159335,-0.2347449581795859
0.0400288872393453,0.0240010307719646
0.3800803043821309,0.0801622367337931
-0.1626332914841615,0.0555767819718621
-0.0521909767759246,-0.1545302853633367
0.0281114377001657,0.2195709431092062
0.0283129499478533,-0.0429096858939635
-0.0572363157782247,0.1454263840792951
-0.2152298601678003,-0.5329742730470329
0.2063677436891122,-0.1086788572679672
-0.0438382720942637,0.2232012310524584
-0.2324866487321262,-0.1421700068586175
-0.0309868776370439,-0.8025097190582257
0.2965632537565238,0.0786915582797641
-0.1483289240438864,-0.0559591914371705
-0.0260098870820327,0.2448127078651445
-0.1747281474770818,0.2056070608448734
-0.2435904705393674,0.0813369683881698
0.367957026133742,0.238757144200479
0.1771683266521597,0.2375085167132951
0.2382777074294876,0.0622651161138823
0.4657677644089398,0.3631528773032694
-0.0795012278877854,0.0499755307913996
-0.4079673847542741,-0.0910972203230342
0.2330812461412476,-0.363070191316831
0.3379357502011662,0.2271601854783396
0.251748347987955,-0.3647643546216737
0.2273567666320498,-0.280068678119082
-0.1773924278120822,0.247010891725126
0.0768771554998821,0.1773536011415507
0.1939076099202271,0.6325930112425838
0.0350129837874442,0.0777300749573732
-0.0450474118752217,-0.049808901010451
0.0240251954379251,-0.0157887357218597
0.0597228099674199,-0.0123301587973538
-0.44806663954525,-0.1143370760405568
0.4151860072421399,0.5857174587893811
-0.0975532068879758,-0.1852520424600898
-0.2823504445739079,-0.4116479727070294
0.1396272143508067,0.2281923278639733
-0.1489819753934171,0.0257971501839545
0.1460307557370632,-0.1144561520334432
-0.0710196504197352,-0.0999491922668864
-0.3775265820150641,0.0870629816925109
-0.1148039047012325,-0.2352912919111978
-0.0023181608924064,0.0309757272934351
0.2789802984528003,0.0355504596053147
-0.0150404342934089,-0.0014070170485413
-0.4118021765351039,-0.1970394747395495
-0.5487463316167365,-0.4940399780488653
-0.2626578041341729,0.0006658252760986
0.1662884031587995,0.1827244006726472
0.4716884110437406,0.7614550874456057
0.5400155383368505,-0.0385642454402621
0.4688124797928091,0.2971064599449765
-0.1575237061736913,-0.6985911750826911
-0.1539859354192706,0.5300320318113894
-0.0487257050658927,0.3643446941902188
-0.4513953314330849,0.1264068253314169
-0.1283633199686223,-0.0858152902406661
-0.0977912911273765,0.397937285364026
0.061603436705015,-0.0878765890367911
0.0574442860839487,-0.0342012484537808
0.2423753561401722,-0.0462491969632536
0.076639828774173,0.4641516983706071
0.0085335781858985,-0.0912946917587887
-0.0060353002763524,0.0568288035347641
-0.1770338555706578,0.1027191328215622
0.446607037944301,-0.3934103605809103
0.1877897808528741,0.0823315760926123
-0.2736766013388742,-0.0680104096930586
-0.2046719401675905,0.2944276919491698
0.0533741132860113,-0.0102729216999733
0.0755674783856592,0.5564476827208981
-0.211076983267052,-0.1304075906591014
-0.0132986823636146,0.0122392867734602
0.3405005034004693,-0.2043674838179157
0.23860170498336,0.3254087910307115
-0.329593175172156,-0.1308000921896221
-0.17927058829852,0.3077991544377
0.0345934949578942,-0.4043528865450791
0.1999620634403406,0.0385340343469275
0.2047375437575797,0.1791472854696122
-0.0365137272848554,0.2018264180286751
-0.0469272153415192,0.0892688988937746
0.0376626491369266,0.2140539615294973
-0.0378841024385781,0.1801498161537717
0.011757838927619,0.5374044416976047
0.171904103960137,-0.1124749447640406
0.123175972923611,-0.029290423984395
-0.4380042381776592,-0.1192616042822028
0.0772343336357522,0.3368911861708716
-0.2997687632271029,-0.1008581348553817
0.0346784977746382,0.5881967571776955
-0.4547786352222738,-0.1491024369549002
-0.1411566473256389,0.0494413824557032
0.4527363296814778,-0.0590142673493582
0.48966351336902,0.466332302188467
0.0419654060680265,-0.0936377136828486
-0.0950304766068035,0.187670644791239
-0.1701811509711065,-0.1732833412005316
0.3041862277758042,-0.2561458067357938
0.3476465920372241,0.142742766283338
0.0363844707925012,0.0906624804259633
0.1144115335308493,-0.0921673600183501
0.1256298281720167,-0.2052099051778279
0.2808041592075081,0.3635265311321052
0.304727045118151,0.0846071517247572
0.2922923488051567,0.1022702083194887
0.4359945906312771,0.20748703941051
0.1879445505554168,-0.0002542046193187
-0.0819733395479149,0.3613207502401783
0.0200049360647743,0.1490026049720775
-0.1232334789242767,-0.0388962218108783
-0.2108006082241726,0.2501822285750804
-0.1917708257800616,-0.2759490079850529
0.0210184496865927,0.2351044321891405
0.0867933064903976,-0.0532855136307071
0.0338532669280847,-0.348603791979861
-0.2139969261794581,-0.276492149610151
-0.092469142757232,0.2105185861282347
-0.040401347194161,0.5090599601763709
0.0411963770302075,0.3773549373506621
0.3220513220364385,-0.0120080179977424
0.1932779842506503,-0.2538958572595837
0.0060483258625865,-0.3928396102819665
0.178605080883019,0.1665673652742742
0.5395327698393593,0.5347574952382668
-0.0779166511495063,0.119631627264432
-0.2117384925879165,0.0439114619453288
-0.0776921580464578,-0.017667808290165
0.0275508991172991,0.011855522194479
0.0300004090117311,0.0558438220713204
-0.1984149280231673,-0.1213664759895563
0.0580708846943037,-0.1264829558599114
-0.1741343524920831,0.2804025357162963
0.3215155123988744,0.4221224367741292
0.3215987361925809,-0.2301393855838544
-0.0687718582046454,0.1624105722770844
0.2894317638265276,-0.0724862364650514
0.0226571320345321,-0.4795076444148327
-0.1370686571653009,-0.2465166237089486
-0.2086584148399292,-0.0156729200882463
0.1153615496239777,0.2154326341476021
-0.3676770898262659,0.0923291553647394
-0.0642320854214384,0.0800088371048302
-0.1700010885713517,-0.3163206511448034
0.2476605222212243,-0.1261488228558892
0.0197115108992833,0.3263295204145021
0.1544501605933473,0.342845073992094
-0.0606683628226297,0.1409608003287139
0.173713258417474,0.3753910820497239
-0.5488597185879555,-0.1372514565032201
-0.2681708957437075,-0.0721801532984182
0.2377305551669738,-0.0220581975760333
0.4314219728527985,0.3342564923582608
-0.0508333950450402,-0.4904189961091349
0.1595173925248231,-0.0688211846379302
0.1039268441547875,-0.1686560296656834
0.2626194578438474,-0.1867871412643378
0.582236962532165,0.2500596919264921
0.4054001774891329,-0.1326889144139495
0.5667223182869862,-0.3079490674877239
-0.0052302561256866,0.1762414057598045
0.1140862758491751,-0.4227109381476884
-0.331265316644227,0.2540238653591316
-0.0712605368059695,0.1083034518288712
0.3255409737240622,-0.09201266706525
0.2487590164165465,0.1438467299100153
0.4212323155208122,0.375750073113238
0.007764325365387,-0.1636177922085076
-0.0534876114927128,-0.1308400118427664
-0.2492920906687383,-0.1008978990212996
-0.3202307522931056,-0.3057402460847155
0.2251750662167203,0.4588233244782878
-0.4372733990487008,-0.2760933294091831
0.2204494937017543,0.1493576704816023
0.5063212830093953,0.0179888978684324
-0.0387863265661847,0.2817788073087098
0.3851354915016068,-0.0362616143412596
-0.0829968369195601,-0.3667311320491385
0.1579089246568055,-0.1261091069884609
-0.6211868018525786,0.0446828099309375
0.621260717720773,-0.5811330075119466
-0.6340980387977684,-0.1531628674986309
-0.1472091986481849,0.1033556147899214
0.0872936027661918,0.2596749684771706
-0.2396280755817098,0.003857341646315
-0.0490747204040553,0.052397947154575
-0.2114842330288454,-0.2022929695676102
-0.2030981922565498,-0.7840057307292086
-0.0346168643235459,0.1437834768075769
0.0947878172646274,0.2163855634309587
0.3081584375157116,0.4495408734918508
-0.2135015581318981,0.203651025320918
-0.6028670587751186,-0.0165773340439698
-0.1960260891579107,0.0951908838821295
0.2885117146451033,-0.1698890427239281
0.2239998733504144,0.1197055527712849
0.0265792469925363,-0.2282565079672098
0.1140048308718915,0.1581743630629866
-0.2516468926706408,0.121625538528712
0.1627979286168205,-0.0760719945487995
-0.0095503210915843,0.3620023751771569
-0.0697738519227066,-0.1560954094873918
0.0569255907739142,0.3548486134857446
-0.0340252094740732,0.0405840104477886
-0.1845630370885487,-0.2833323703065534
0.0943773418663135,0.1013809063334222
-0.0501379945677299,0.0249279432210208
-0.1441827233475876,-0.296478135509519
-0.0622986475986595,0.0325779478832099
0.1372017750171894,-0.1681511001030534
-0.0357212673915773,0.3044868450132856
0.1929746488139594,0.175739806356981
-0.2635674775102795,-0.181865447543334
-0.0002202439257382,0.0357747886117166
-0.3056187011454536,-0.1064132039916588
-0.2002422563590183,-0.0256388019749845
-0.1002738394282087,0.0120678680759875
0.096717171134448,0.1578550800396379
0.0696409303521675,-0.2404445273446347
-0.1384939033909711,-0.3110600504170837
-0.1176410736552906,-0.028964001053385
-0.2213677879216689,-0.360428755989635
-0.2526772568609382,-0.2149181647632119
0.0314894464826911,0.186508207534223
-0.222113963341078,0.0995816636794097
0.0198703685685688,0.2524962296244259
0.6350879578193498,0.2845919067837331
0.3182524073655141,0.4462366718224791
-0.0774140483628344,-0.0322953479459422
-0.2511305087379167,0.2947125388368448
0.3638288245393474,0.270228871076769
-0.1082916280424329,-0.3051217072613155
-0.3871520442934227,0.0057820379818818
-0.0703749047306918,0.3638792643066323
0.2908626744802123,-0.0230629032180626
-0.3239532231416578,-0.1397510856053398
0.2073575725544606,0.1123426215095759
0.5047467033254905,0.1908510116974963
-0.2563291075806437,0.1685464588078056
-0.2623553356995149,-0.1039986371646185
-0.416131625787077,0.4464030065381165
0.4518364297532788,-0.0572179794939301
0.1261182948671125,0.0738884592468128
-0.2483743505075046,-0.2863009460213461
-0.2842965503634799,-0.4385375052945547
0.3571194110269028,-0.0913189407923272
0.2032340714520887,0.5455808644833859
-0.0754822067827959,-0.0952629092646397
-0.1028264124824921,0.1209958081509004
0.3065449283868704,0.2893921559376932
-0.3558672179114455,0.0474656125239335
-0.3982740432482217,0.1296557813954762
0.2476330252039796,-0.3680493462239723
0.1540919437141815,-0.0198751282545032
-0.0493411352164661,0.4766843456096575
-0.0433466360032539,-0.1267149468502868
0.2075696518624799,0.1093447503210668
-0.100705636026256,0.1269213337208605
0.3655957556539618,0.1681865469717398
-0.1240140648857521,-0.0572364371020116
0.4410172838249386,-0.1141009337416114
0.2035029230209027,0.0732216218340022
0.0990917604089359,0.1295648924722063
-0.052296188917948,0.1331730197541203
-0.2802984840174304,0.0052583029855406
-0.4558444199882316,-0.1003987897027082
-0.0931381083239579,-0.180915421349922
0.1704944865370912,0.4508614448995556
-0.31460097507205,-0.1151503251146202
0.0665728764532051,-0.0164903007706292
-0.2761622801827503,-0.3308957629166361
-0.3137394210507332,-0.5564420196912941
0.0255112281455125,0.0725912464038033
0.04796892528296,-0.5425703974232219
0.3622513134866369,0.5081400397120939
-0.0026751585528057,0.120974425704483
0.1748928673440775,0.1976312476736106
-0.1056402385982095,0.0098558528562959
-0.0579624790745523,0.3419184674589622
-0.1625470756343412,-0.0740543826279919
-0.1740872687374516,0.1117261416879647
-0.0633252351790222,-0.1099348643440388
0.0792794707466682,0.2492589419203859
-0.2546946375407695,-0.3801889055470022
-0.0648086891335137,-0.2567575289747005
-0.3337951714861906,0.1018701079634256
0.3938205991605199,0.6908967948426978
0.0459852386423239,-0.0559158263212985
0.5569794901468038,0.1421089366268096
-0.0868601551114717,0.5218671535860957
0.3788160827701282,0.2083096999538274
-0.0259892447066361,-0.0694867364054936
0.0977594286959955,-0.0182053234128561
-0.0974268337967338,0.1205649730950413
-0.2417755175383102,-0.0239286832742433
-0.0334333044434075,-0.1277018675404273
0.1216630082909993,-0.2332976718918878
-0.5594007165483662,-0.4168604078619403
0.0991962017778124,-0.2959384673409147
0.2685327120005758,0.2466415844888962
-0.0067758010448183,-0.0632678118435919
-0.1588191490898592,-0.1281271907768778
-0.1511973045720437,-0.2048446932884653
0.2396049355680484,0.2799577628509825
-0.1468778856014649,0.4232812944059095
0.0488496373538371,-0.0543070067104932
0.1961897222519275,0.4759348557789476
-0.2173289388587861,0.1783961803270614
0.1884038614069507,-0.1705214302874211
0.2916918553289533,0.0897707795631714
-0.0294981890170622,-0.183325682851193
-0.3287393093509211,-0.0346908145781845
0.0317153884205904,0.055579067117124
0.1001600307148941,-0.1498261026448977
-0.0755208303855139,-0.3295092606461505
0.1104678881786657,-0.2588554704366484
-0.0554713492228135,-0.3405544116192165
0.2973543474382657,0.2765555834359695
-0.2376548731880146,-0.0960614149189445
0.101883807038182,-0.3456422553598031
-0.2643624108920506,-0.215770526242896
-0.2924827161265006,-0.3501891302270047
0.0027893853690051,-0.0060379745420574
0.3946343155826613,0.0899660204561163
0.203752575510399,-0.2407031029473349
0.0815683828471392,0.2413722851598221
0.0187634831408788,0.0022594258272529
0.0660129199599539,-0.2274369275477364
0.2018079043160339,0.3114536309253813
-0.4461363571016485,-0.2369012868814209
0.2166182130486483,-0.1370365982007607
0.0274175016224119,-0.3308963812188893
-0.3672915933946595,-0.2755179755020306
0.4336148415050064,0.0057255937499619
-0.2499582562877121,-0.0313853905312964
0.2367442112869889,0.0272820308586937
-0.1736608730561955,-0.1280962421565538
-0.2040036136247073,-0.0427737200809316
-0.0663118595248278,-0.0744788569299008
-0.4469947093088486,-0.5300538713026282
0.0829227298045526,0.2461301674512051
-0.1155125961341471,-0.5855170475817509
-0.2452547515763439,0.0599082459185392
0.3432046741943692,0.3557115045529725
-0.1325806057195452,0.06481766078812
-0.0239338492037719,0.030957061438195
0.0514464623189207,0.1959582909227593
-0.0364863396048152,-0.4268567264023033
-0.2234108676471414,-0.2447220131217176
-0.1114731030018323,-0.016854184822794
-0.1063760808526636,0.1812184856295511
0.0135671394031143,-0.065622262073462
0.1083582603407082,0.1319102979108941
-0.0063978033281635,0.103424667634313
-0.0720214545204444,-0.4252183782058119
0.4352867074498494,-0.2299024843536108
-0.1674066393079274,0.2879777836950604
0.070218572307927,0.5633753382726137
-0.3566541866560444,-0.2104169228568685
0.1667211949424216,-0.1757644188842435
-0.2846224548310602,0.2193059032049215
0.4258593590024269,0.265367955655739
-0.1170654636844223,-0.5807086385007768
-0.0537975591403053,0.0075499820604718
-0.0996007329903219,-0.0166816867978577
0.233810380573523,0.2608092679339225
-0.1529641401020233,-0.0932426297118559
0.173089122683957,0.1602585324600474
-0.7648360194100239,-0.0460165244141132
-0.1528530954020039,0.2329669224535477
0.3871017836251898,0.0763025054089584
0.222208507150954,0.2439460075824712
-0.0607818001755698,0.1421863163302168
0.2691920943089544,-0.0003519282864159
0.1119485991085675,0.3835136946688882
-0.3521044542863148,-0.0878923065266168
0.0061856280979725,0.1054820085599005
-0.0549874132989149,-0.1619434863890016
0.170773202609054,0.1533107574717827
0.0753877163432913,0.5962345213929897
0.1279994222378822,-0.0842907166885698
-0.276277812343203,-0.0712161161004371
-0.0203302189542388,0.1759926546110494
0.1717546644910497,-0.2310622078887427
-0.1382260580314778,0.1686102325408619
-0.0981191401862361,-0.0018383260176057
-0.1875085030007986,-0.2791376324873454
0.0555064487647299,-0.7222053326879102
0.265861544363743,0.0671890152415572
-0.5215045868480942,-0.1649380790037016
-0.0752534041992706,-0.3370574388593069
0.108680909012927,-0.3084629504724429
0.2306773591147655,0.1878174098903097
-0.0941237723322977,-0.2211825916696108
-0.1692909325838398,-0.4197636771760041
-0.0547175559187448,-0.1609682255589172
-0.5848364738548599,0.2689617912500608
-0.1236701499246709,0.2975747101674423
-0.0074902137665373,0.4268553727233653
0.0830851553859877,0.1286974531512961
-0.180970258603153,-0.2483823864359992
-0.1237401057115368,0.4601062000049495
0.0441330232616776,0.1898635933332125
0.0608608981013231,0.0423543646306275
0.1823615122867103,0.2304655186451385
-0.1364878926674556,0.3799445276903163
0.2461199206536843,0.0328437543629822
0.0692927591761376,-0.1178100231598564
0.0054514525288996,0.2213317582316389
-0.3275652371110127,0.1820598001347215
-0.1791622492903143,0.1260119258844837
-0.0248968396520102,-0.4421692441801669
-0.2028610832117733,0.0443519382009551
-0.0824507548541769,-0.2146433424562754
0.0584450674998782,0.6766394901088546
0.3080698238336909,-0.4411916870133813
-0.393665854335844,0.2922361016366209
0.021787361922617,0.0014414719323195
-0.0320077632633508,0.0320258776344504
-0.0221038102102164,-0.1205350433541064
0.2222837224817309,0.0113745068017741
-0.1109693051532013,-0.0667053749134308
-0.2871657063848488,-0.4445961982968296
-0.2287107387639052,-0.5492037524788284
-0.3716973781600638,0.3035319459771393
0.0702461536050041,-0.44869724686278
-0.2159031614172756,-0.1469796353557561
0.1145452710820714,0.4201127587269376
0.2836258887852017,-0.0552930866336472
-0.3162796566140843,0.1963345693842111
-0.131588699858807,-0.159342827579671
-0.1351787845656359,0.0257360398518014
-0.3013679000507571,0.2318682719241939
-0.2070109298986703,-0.7629146784286344
-0.0724474057685544,0.0091653227141333
0.1742082520251253,-0.0498150207785305
-0.4180184554993731,-0.0190033165183839
-0.4687351121632053,0.2219105734022202
-0.069433207805765,0.0775052484750832
0.1377074860239433,0.0052802179166888
-0.6054721450323778,0.1053239805504532
-0.1540538261626313,-0.3376746922354625
-0.7129228763494921,0.2602876497128475
0.4277483312594998,-0.0828499710746555
0.482567961355111,-0.0988166050207878
-0.3776084505909355,0.2732752024139457
-0.1410633817792524,0.1690717974156556
0.346173953720768,-0.2613311247383231
0.257883182246243,0.156861336207301
0.2885628482352763,-0.3232928942428342
-0.1598298672525484,-0.1738954263230053
0.5389638418470238,0.3008904253178147
0.0779035992828833,0.0714391679970469
0.1657777909486792,-0.1891399693997626
0.1432629856419125,0.368826544418845
-0.0544392100422536,0.2359384936776882
0.272814031974744,0.2695738734672997
0.2039973822468346,-0.1158174798143628
0.0235172966803519,0.0778764155265827
0.1006620890005636,-0.4747655816407191
0.2450307732238933,0.3588027035479665
0.3242704587504428,0.514837560996523
0.1030862904046104,0.0575104211718789
-0.1002759396776107,-0.0428946505213198
0.2002705800133995,-0.1290842871281479
-0.1907893116862964,-0.0676119146019289
0.0817095323798469,0.1316663293266416
-0.4137159958137414,-0.0198994926333127
0.0409120924524192,-0.3227125772345562
0.4221373011790266,0.1054355492612257
-0.0066599950322943,-0.072696007245024
0.0265122023928785,0.3603487731192837
-0.0327277931646347,-0.1050317217698915
-0.3947245467633538,-0.5275518931741225
-8.693039101824558e-06,-0.2206592452994968
0.0913437453539314,0.1336552399470074
0.405755326463073,-0.0533598054112808
0.3816911376310409,-0.1082337491847184
-0.4224924416505101,-0.1315253041811469
-0.4925244890066207,-0.5740093869500911
-0.0267313540976161,-0.0370238745719337
0.5042299827649088,0.2337302124889644
-0.0995438167872202,0.1307233328231289
-0.2311127117114862,-0.3343954792522696
0.4718103639464114,0.2543256615845266
0.1727126276345093,-0.1339777561831227
0.4941163415914617,0.1799343297605348
0.0839790766141022,0.2752266589021714
0.1518064966357984,0.3738224112418375
-0.1506322006006437,-0.3780333436987265
-0.0382866859913089,-0.072391407560129
-0.1445281080551214,-0.2279622417272521
0.0323435865912762,0.2702648301976017
0.1208844230824591,0.4918771299670106
0.4688553258789713,-0.31064858141705
-0.4414320433116164,0.0505605697919434
-0.0377960676122306,-0.0527762826312849
-0.009144041118439,0.0045111629545428
-0.1213404777307981,-0.1574045872294218
-0.3458345354364156,-0.7129422298164283
0.2864231289674847,-0.1602343017070628
0.0291935706979579,0.3351794070144496
-0.0656415276744225,-0.234787600761361
0.2723438490534227,-0.0986547824267015
0.2836540335049274,0.3919122568284728
-0.239919004557596,0.3645263426030662
0.1228769856017963,0.170759725549085
-0.0359097341903408,0.0320585926406195
-0.269918546780958,-0.0950116153293091
-0.096673763277783,-0.077353241067467
0.1318743866437366,-0.0611190231998593
-0.0754953949476793,-0.0089544148324789
0.1581818344552276,0.0891823622070822
0.1718640500423497,-0.0752150560289722
-0.0663872135435754,-0.0053382949971984
0.347174042645429,0.1379794551419941
-0.0466660566541916,-0.3786959610784283
-0.3186226734793099,-0.352765230721822
-0.2663608804428005,0.0546275333497692
0.4324105393524779,0.2181591096020869
-0.4709264139776112,-0.4233266466095819
0.5881383927162557,0.6621570721344631
0.2296980251285105,0.0932628171481059
-0.391354457402717,-0.1398269553971006
-0.1416182235524313,0.0802951136408466
0.3506647658754945,-0.1664560241508832
0.3174460546631025,0.1454310322221531
-0.3899087582276905,-0.4742214062424275
0.0204616281525498,-0.2525771581767651
0.283810886129421,0.0697047072321818
-0.2919643985113941,0.1766248093750085
-0.0038512746870902,-0.2132414181278501
0.1975010066202731,0.1454771129485519
0.0103033650149918,0.3919080640578332
-0.2652315265433448,-0.2551833000945882
0.4808031399675669,0.031407168823229
-0.0948574768760154,-0.0117252164850695
0.0186799620667014,-0.1252021501420031
0.1532184032950592,0.2438293031987533
-0.0008325038391743,-0.1956901746058199
0.0976260293212639,0.1401304676701844
-0.1984591071971321,0.1153852705629649
-0.1849846327460231,-0.6054471674726601
0.068185675176127,-0.1257524439449115
0.1984975912525784,0.1171453853151246
-0.3619704132610929,-0.0582315341439646
0.1414457911106503,0.0254326155599883
0.0563491749901189,-0.239459023760342
0.2674851723333936,-0.5682969300521099
0.2933090129829268,0.2178766258776874
0.2892968313519804,-0.4340705922952816
0.4720826019431626,0.0234559463439262
-0.1092149040246107,-0.085588517479295
0.3114227918462425,-0.2403610772424122
-0.0676780353186365,-0.2864722416174325
0.0397215258947771,0.2263733325696525
0.5766586774363088,0.7946384144347506
0.0234665050411772,0.4350089908765424
-0.5485048028408125,-0.3296441885946203
0.3548579146841742,-0.174510152124023
0.1028918643909202,0.1085739112254026
-0.3526761980341707,0.3849630823446229
0.3176427835830133,-0.1830755799880597
-0.0847284913226694,0.0406577564904089
0.0314301552699115,-0.4450818452247754
-0.0081646524490023,0.1177652696834168
-0.1453074075236694,0.3457270660707999
0.1606213950146114,0.5339883666297349
0.2626935830054409,-0.2558111323398563
0.0192226677925568,0.319175408179027
0.0613717353408491,-0.1685490809401681
0.0779641919753402,0.5648309180820535
-0.1931457698838279,0.1463474529390225
0.0519398607582499,0.2928112573664418
-0.0981526124678099,-0.2821804625555342
0.3113322165505064,0.1831577993106349
0.4259416608569835,0.2150952233284454
0.2204354029059345,-0.1765336726132753
0.4839964460238752,0.1010323929267995
-0.6073966051042632,-0.1713026671632923
-0.0051825229214154,0.1281804885118967
0.233446762663591,0.104927995430197
0.0292948759368301,-0.3902414674753196
-0.2396362460442597,-0.1863640927219403
-0.256791291578941,0.3600571772101958
-0.0388782697938241,0.0034249578232161
0.4565843206912917,0.2818729715596291
-0.4429022150040759,-0.1434767692402686
-0.0398098378384678,0.3799216782774693
0.3857880461759835,0.0093558358540937
0.2008593152171728,0.0814224199554209
0.09380799619127,0.1659587717951633
-0.0734338646149939,0.1560227309898442
0.1685161750376134,-0.5255010202681706
-0.2543199501417654,-0.1324585587288596
0.1590673618435546,-0.0050059156792855
-0.2355179229442443,-0.0633619576503113
0.288319875930885,0.3627842881536153
0.1461112271852054,-0.1538599197433814
-0.4944987295596263,0.1697507153575505
-0.198320011889262,0.0351639389367446
-0.3719551307895032,-0.2322964215965954
-0.1629243944431243,-0.2668447718931434
-0.0433686241377913,0.2311129245622853
-0.4444045599634191,-0.1845400005039474
-0.0238528257563975,0.0876098458316933
0.1170573330813562,-0.0844015848599656
0.3853162400482139,0.0659596498643944
0.2850336484502693,0.4329220280839392
0.1099955091121476,0.2897759538204745
-0.5567577087481189,0.0186734791300944
-0.0894194960060067,-0.2571475749252705
0.1194507169024158,-0.0644830251607212
-0.3163921838147761,-0.2938324456992096
-0.2085063377575391,-0.0239641233084748
0.4685978891176328,0.2423914468939737
0.3647475579101629,0.3345967123622406
0.1218909283150724,0.2473116279446806
-0.2113143138856815,0.4168114878429886
-0.2160999544051092,-0.1210293500945424
-0.154201893239801,0.0391466898676664
-0.0161522894007424,-0.5764698257322213
-0.152787551476538,0.3557538005122569
0.0325938283186734,-0.0358622285671751
0.3173576483967235,-0.0990829092713407
-0.0327976518879443,0.2732424317671325
-0.2819551224137756,-0.1485997428524947
0.1544038695554203,0.1148930772910904
-0.287586116151067,-0.538501834235401
-0.1548756235964139,-0.0424991948781721
-0.2825816278583263,-0.3432950865990863
0.1606506650590504,0.108888782352983
-0.0333590569362255,-0.1397605536106202
-0.2285411818564949,-0.1233414296621874
-0.0905626441294746,-0.1337626285326414
0.2671001848695907,0.0190524012004663
0.3160902852560407,-0.2709545028135151
0.0679038651089458,-0.3926979624572649
-0.0489434369382806,-0.0375723896860593
-0.1343731876049627,-0.2879243662603928
-0.0678780004665981,-0.3643407938719462
0.0123997942716957,0.2905671519057693
0.1347254672965211,0.1795381976828099
0.3623159295953884,0.4086858312354361
-0.2907991830690493,-0.0536334699695043
0.273208268502757,-0.1885328427922004
0.0727088127511818,0.2064483016210741
0.1938859088347818,0.1034163458021765
0.0850477851338103,-0.1689345895131512
0.3504678980387089,-0.0932415900061797
-0.137158874606925,0.2024749179277596
0.1612153453052103,0.3970773503607718
0.3803265810493897,0.0851700761826013
0.1776330307828325,0.1502921341943776
0.0874438211978285,0.1483475907208242
-0.334974111832033,-0.1618747803185605
-0.2571612470747147,-0.046811380920896
-0.2950637635107557,-0.4284648186714613
0.0899960044668382,-0.0465104315137845
-0.2283387456475595,-0.2988585228090718
0.010977595352475,0.0547528378795297
0.2344121086361237,-0.0284365983121154
-0.0447153904809362,0.1624578858804052
0.1635426713182058,0.1606365097804256
0.10257866607724,0.0359050077963911
-0.1361208987975966,-0.1707300372446217
0.2466404059182808,0.212597744485404
-0.2177831536220498,-0.5279450277101607
-0.3360047052351221,-0.3869180556445285
-0.0751726591410197,-0.2232744707325104
-0.2975501378404709,-0.3129520553818081
-0.1774291438676316,-0.2479075315670316
-0.3674812427311726,-0.2576653502815777
0.1073488690271376,0.1444440811186909
-0.1976252514821449,-0.271279985549358
-0.2182076814178911,-0.1699690889952714
-0.2585790689788666,-0.2475943732851913
0.0098841746274319,0.1152647158735448
0.1303651092820354,-0.1331630045996177
0.2147031137194161,0.0055507243972641
-0.0807632916863161,-0.0527376445638267
0.0433818167638742,0.3108296375165485
0.6559880980725894,0.1328875692123752
-0.1266718564232176,0.3047561918877267
0.1710568801233986,-0.291015105536042
-0.0939789103516731,0.483389219697142
0.0568423403927364,0.2243147682994247
-0.2410360021031336,-0.3466779792210904
-0.0303415821934767,-0.0947092515453072
-0.154544088890025,0.2184063062191851
0.3260757031410455,-0.3617100003772356
-0.2532002114960596,-0.5024890043579646
-0.0065662688718468,-0.0802165017674465
0.160395286887868,0.6044511723826889
-0.3034457699186949,-0.1662879412786099
-0.1356498778455562,-0.0080864166102456
-0.0905565097887033,-0.0626785048432009
0.0531452685426813,0.32200584966688
0.0951409089662376,0.0643444430210822
-0.3700136167813472,-0.5811459124870446
0.3049428213629652,-0.1171633404627951
0.1524069391679208,-0.1199286611250824
0.0250080144570836,-0.1095668525619263
0.2431814406776958,-0.2475283026333219
0.1410824780220782,0.0605947204437161
0.3198811635065059,-0.5557800296408157
0.1652323795450787,0.3073177014143778
-0.2955761798061404,-0.1723611573731348
-0.0663766936905829,-0.0474642290116192
0.1266686618826446,-0.4867584408933733
-0.4194169595100077,-0.25984734284058
-0.1961154803449666,-0.2576630360491626
0.1334105698156765,-0.0382618795526427
0.2230182489760651,-0.2071831944230772
0.1301581449750007,-0.1034205993379448
0.2738777867544441,-0.0974003436279355
-0.5547863551839222,0.0895540993561823
0.0426561845452837,-0.1424611142016558
0.0341892094659653,0.2398343314801589
0.0412553597002512,0.4718921861918423
0.1981482562646189,0.0603083875913636
0.0002316968140717,-0.085139268714644
-0.1778492609606749,-0.0806997921072807
-0.1957014336904786,-0.3055905892945012
0.5293111181198678,0.2260047066803995
-0.0969544184821579,0.1085294169315986
0.1023690616548772,0.0070095470359816
0.0281530982568463,-0.0896533805414543
-0.0373337639106728,-0.2338897927365233
-0.2648015969375479,0.4183188096455294
-0.2351684102550701,-0.168445410400262
-0.0725322524532667,-0.097620401156159
-0.2273441149080642,-0.2224386431724428
-0.1969141997220411,0.014881775829527
-0.4086030134261106,-0.2718126673254534
-0.0191805422008093,0.235220787201757
0.2445950217237699,0.1516955543287222
-0.0943527990675392,-0.1175801390516603
0.2582891135890888,0.5183952012039631
-0.0226462515497735,0.2039844504955333
-0.1698213810169003,-0.0471058904399615
0.1890421986069367,0.0473349965981487
0.1634245147917176,0.2386585837813018
-0.0004051041227281,0.3082628176498858
-0.17851191101115,0.2126535497711561
-0.1359923105179285,-0.1187687415585401
0.1790145304699236,0.0287022774760776
0.0280196228803654,0.0273522214662739
0.4326208807070671,0.6710478240138145
0.2354280431980221,0.1284755334106668
0.0153487722753376,-0.1295192401375388
0.2680378290407378,-0.2294636685639128
0.2824394958820727,-0.2261597782333379
-0.4567059745741849,0.0060271286045197
-0.1349645312273632,-0.0859785343570276
0.0291445647586392,0.1145417576143558
0.274797020128632,-0.2244135157262811
-0.0402031074826969,0.1778005602254134
-0.168584377176361,0.0333576070128888
-0.1024720868468359,-0.3503095702998303
0.0904073148946655,0.2380618642976106
0.0785345143475918,0.0889207313697731
-0.0137475325722315,0.1911357557079123
0.3636319510304096,0.017410208022004
0.261790296075808,0.0103589212572826
-0.2485121957083774,-0.0898747213646214
0.1569525086729764,0.0347792871676329
0.3384894655613668,0.3062682942536547
-0.0808529463748261,-0.2780631537544118
0.0548764015106115,-0.2794689597768269
0.146581466246546,-0.0311033716706899
0.4324411432074995,-0.1052451161399968
-0.2248709724325971,-0.0583157135891537
0.5021770082549749,0.122942032617599
-0.1148884026764167,-0.2363938845970663
-0.3750503704332235,-0.6417139880445503
-0.1838388587671667,0.1402456006909623
-0.258235951045436,0.0266006497363183
-0.176932764828839,-0.3338294666561221
-0.0021209510900856,0.194116747973756
-0.2878446023538714,-0.1178111175671286
0.0664495576885782,-0.277492797111792
-0.4584612847099429,-0.1876787665897875
0.3640259222312609,0.3807543678724794
0.149894211262445,-0.2549811334376431
-0.1900710460674398,-0.2774503892290451
0.4300552462881799,-0.2943949826788321
-0.1971349674431218,-0.1600015421010592
0.4097901292868642,-0.0485935853318161
-0.2975329351747805,0.0833968637991767
-0.3498153122514224,0.2057834582657091
-0.1118862447231127,-0.4116381575299798
0.1003203646655921,-0.1470341027997056
0.2440854418216109,0.0357583420341478
-0.0395815482800578,0.2508273408015728
-0.2283306689995521,-0.4158048801489212
0.4567027840768077,-0.4435596661004323
-0.4043853619248809,-0.051095612907613
-0.4790140344954992,0.1114142003565625
-0.1373120655446036,0.2420062777416519
0.4783367710068358,0.0591116614465796
0.1827960197144531,0.09062964225776
-0.5129174360868095,0.13646577152968
-0.1904397337138509,0.0623298860058925
0.5039873995819705,-0.1996460256544718
-0.0678945701035839,-0.0369389010016659
0.0511454742219268,0.2141525272704318
-0.075214134820048,0.0780848571271091
-0.0574847903397348,0.3612837294417763
-0.2040406511465851,0.332570085984066
0.0932948253916045,-0.084348561715442
0.0039040450394687,0.3234500852766366
-0.1109548389502331,-0.241638067149603
-0.3164294969383429,-0.3658220141887409
0.1514697257521461,0.1104827252358217
-0.1194613422099375,-0.2102642945782772
0.0911081348633294,0.360001010289718
-0.1572307354915616,0.0653653983963793
-0.3164764214200581,-0.3690546286009735
-0.0364691964732698,-0.0527473183309993
0.1971437636046531,0.4671504662308257
0.306593933335569,-0.1548072158427384
0.3353931624325802,0.0853389406312188
0.2397325214348897,0.2568719247538361
0.0689625636666295,0.3336361543599124
0.3743524089678872,0.1561476386512215
0.0837740692251271,0.1185436043141357
-0.0901773942812884,-0.1206614803602977
-0.490133020808787,-0.2872893280079257
0.009970385504103,-0.0343444716691168
0.3402693948289491,0.3127908563359269
0.1103674616718858,-0.3267214961674466
-0.1448348857863116,0.2518025367589921
-0.0202165623293265,0.3429366621466289
0.0498566538151453,-0.1994247956911189
0.1613047717286226,0.0371387583604129
0.3069360000134702,0.1142385863642618
0.0472062152542505,-0.3704805846571499
-0.1396964539515403,-0.2079688367140576
0.055101287303045,0.375572716768178
0.3698862460020719,-0.0903451661711937
0.0875571809788794,0.2928778166310909
0.1745056085338275,0.3353306728205789
0.1796116580949314,0.5354579813443938
0.3298809529712923,0.0491746287655374
0.0092414129892294,0.1543923789247009
0.0978236191396942,0.1692825300395535
0.5535116107018775,0.3473822459809396
-0.3987650593217018,-0.1913345752067144
-0.312090691964794,-0.0626955288270242
-0.0413305728837068,-0.2769011170189582
-0.0433285497239226,0.174430094639601
-0.0979895511457168,-0.3756055885169093
-0.2154739870122625,0.1300308003422193
0.0490017902074785,0.0772658408267536
-0.1182607328228544,-0.2314942580437693
0.0292455130768069,0.5412960466736756
-0.0063627920207081,-0.2827707837700444
-0.2950370512719206,-0.1520437979315966
-0.2607746866453493,-0.1668637556829597
0.3519124439073103,-0.2518158773550001
0.481096826037834,-0.0691546294904343
0.1718188784601366,-0.0932068450788333
0.2751791078507485,0.4460199050138638
0.1694393508156957,-0.5494196444907188
-0.0102802895886776,0.2747116743610328
-0.232856268140577,0.0379516325801709
-0.2168424013815355,-0.2628726205772026
0.4380528634900579,0.2288774940861421
-0.0480636250121023,0.252142784441133
0.1167351486709502,0.2854119361036208
-0.2312179893254519,-0.2353706689991284
-0.2865317860501149,0.3523558760676439
-0.0194635890161736,0.1115861029996167
-0.0770195860492809,0.0225694513090013
0.205335356073698,0.1601480582113529
-0.3591764314006186,0.1814118732115389
-0.0059826621852152,-0.1690426496007077
0.2458068070557149,-0.0757176436763403
-0.0852169429813421,0.1839256456009189
0.3881935624019093,0.2658543027491674
0.2824474952863264,-0.3180096474827275
0.36965286793358,0.0718963266203392
-0.0599970593227119,-0.2772363216879477
-0.282063590279494,0.4082775830592189
0.5721804208709445,0.0239173143896569
-0.1502501726347365,-0.0710406855926817
-0.2430900830679116,-0.923121994016196
-0.3531758044492581,-0.2247908373624501
0.3741649447180614,0.4641788770999837
0.2851084146360815,-0.0395142885731861
-0.1964108719335618,-0.0820939995654302
0.4491389449665441,-0.00132434272242
-0.2602956127618275,0.077724121616189
-0.1681515130832515,0.4653353302555983
0.320512942780854,-0.1521748194289565
0.1009674276320164,-0.004669682802439
0.0440539114277814,-0.4727902393389328
0.0643266366865878,-0.0912923363891721
-0.0473899825703187,0.2577286502163957
-0.1747588012635322,0.0464647620335463
-0.2258337816337095,0.3366803647985846
0.0427980415057998,0.0623552758923985
-0.208405129350619,0.1191210991081078
-0.1799948992831831,-0.2457577454036228
0.2676459603302452,0.5801526243867615
0.0048148966630309,-0.679266337898599
-0.2442940979505312,-0.1305560555206484
0.1191937747197156,-0.2546979935526087
-0.1869635150005719,0.358637786546445
0.0966266604079794,-0.0777650478253925
-0.1448050690918098,-0.5147228832939218
0.2575848950008539,0.6420461316146637
-0.4573655634415709,-0.3850295211949803
0.3259457375499639,0.0408389454498128
-0.2055599230425485,0.1406242931396981
0.4241235130144495,0.4430947597476972
-0.0111595521100239,-0.0139319750099899
0.1413467459058849,0.4485613084640627
-0.0282842491574923,0.3963329824878877
0.1868750650591314,-0.2853037559738408
0.1879064322873825,-0.1812891864078762
-0.0026613689795762,0.2482283245981564
-0.3252028482492901,-0.0290589615052405
0.1048857782675021,-0.1076214404959828
-0.0140796802193527,0.0946055655947857
-0.2546875884595536,0.336790186116303
0.2810738158226264,-0.1050693713183082
-0.1180227074311361,0.0891565791661404
-0.4067796385532779,0.500021800793051
-0.0219341342143776,-0.0464851603879109
0.1327777391347686,0.1642923259926085
0.1342975605922769,-0.1259735375525454
0.2865177945211022,0.1966774920013722
0.7125158355060742,0.4357398929063439
-0.2335805919896389,-0.3571116524962151
0.070475606751565,-0.0899254723769616
0.1118926126693403,-0.0620384667128418
0.3642261963397963,0.1152861271500494
-0.1210666956209166,0.0801585943747396
-0.2017391052553398,0.1023271162152285
-0.0937314675459394,-0.00146576795331
-0.5594876251220647,0.0039863441895979
0.1227097737577146,-0.2350929416966222
-0.2593285862649019,-0.2711376304440493
0.1534134573018009,0.2788701765363796
0.2507039524850022,0.1917244651421759
-0.3177207249241703,0.1543842983324494
-0.62123013174838,-0.2028470280592629
0.1424521806079757,-0.2374131538875533
-0.0244945068185929,-0.1768995276741362
-0.3531311614350431,-0.1145965151576592
-0.0067374796607185,0.1580492691254259
0.0550432608294962,-0.1578228524777115
-0.1533587775143401,-0.1443553415688351
-0.2029343020537497,0.4461582566218348
0.2659024529352709,-0.2865751063613421
0.3674966580684136,0.2497947173859206
-0.10833566148741,0.0655666305971078
-0.0776284648554172,0.1236670756000641
-0.13683008990285,0.535454939488099
-0.0362920651638091,-0.0791135340139341
0.0005208906041206,-0.1530887643558195
-0.0395060908512672,0.1794107859300804
0.2087235269872103,0.2262851066962268
0.2226896672854087,-0.158148090431812
-0.4312099172862344,-0.0991744854437061
-0.4492118622384423,-0.1226174250208614
-0.0912575815274319,-0.2200737072377585
-0.1275651293065659,0.0565679904569069
0.5022324038546944,-0.1412477833171692
-0.0558296270670326,-0.1993164778485557
0.1429871247186077,0.0251861497854787
0.2361951112624823,0.563346286158585
0.0479453764485352,-0.1292509875839602
-0.035279113814746,-0.1989096249130866
0.1777399448852492,0.0522486734610413
0.019474963501266,-0.0981829835713676
0.3273430037880265,0.1913010011436419
0.346623302835736,0.2261042994814576
0.1872933121270049,-0.1046065384200828
-0.1223133495318127,0.2481949458245552
-0.1636640561398377,0.5824190418764699
-0.2319968563309335,-0.3771495186294528
0.2473669739403494,0.1005517110039743
-0.1469359959996202,-0.1385375079966405
-0.4007468401721923,-0.2309949430421298
0.2599033647021891,-0.1192271680109871
0.0103453149249508,-0.4240415987468907
0.070557687802571,-0.2527917732432027
0.0032103458133407,0.1462519217447757
-0.1521381406922372,-0.3201534961756055
-0.0066934049768045,-0.1723682249147181
0.1512325646001238,0.1304478613838144
-0.1543818022726223,-0.1018299866213116
0.1980725356318877,0.1653692048715955
-0.1422136652701513,-0.2556655977062411
0.3518403586377759,0.4786495453704388
0.0183479486367087,0.2205525438750458
-0.0518493676499845,0.0571868415864048
-0.161028565914877,0.6272708475709661
0.1123524565103031,-0.2320866065555306
-0.0100300022272614,0.2985832046371777
0.0420887720820494,0.1192155657167295
0.2551170506734488,-0.1392582987588939
0.550725255179762,0.2201643196978138
0.0935311577544089,0.0043980356283923
-0.1940845535453102,-0.0423325451333496
-0.1068263223853756,0.0795932477734829
-0.263463603057317,-0.0593302635431999
-0.1238806174195125,0.0248948090582128
-0.0858535624475045,-0.0104230885759571
0.020771498455112,0.3035670307043908
-0.2081351960146411,-0.112431010285555
0.0619861522106069,-0.1849286123904231
0.2289741099858281,0.476341809644338
0.0733597132917995,0.2448544619078612
0.0789407593465945,-0.2424316287188868
0.0577454336467437,-0.0059713605185365
-0.0669227448529326,-0.0764986408876444
-0.0675247951500741,-0.1210873377421171
0.2933626337092936,0.007137495646665
0.0855924647963487,0.0983559334171639
0.1049987461058375,0.2191585328030785
0.2339982628022091,-0.2673284894532896
0.2223651717236083,-0.0219840873251635
0.1441580112997635,-0.0946151828966109
0.3339976322970701,0.6037869555721541
0.0203907278498514,0.1198579189444518
0.1591339460434931,0.2103890425710554
-0.2229762311997722,0.2272315085430694
-0.0577227055450284,-0.3261320964535288
0.0914991539609781,-0.1738627692795935
0.5667683312130188,0.2552773818159073
0.1864704996354326,0.2675010985650964
-0.1563167125447063,-0.1169913263963431
0.1802332482800893,-0.0254469988275464
0.2876175755342613,0.2907527933693364
0.1037852282742719,0.1788773519080874
0.0518468180846541,-0.5317758445492607
-0.2788800532137983,-0.4722951252784959
0.1245078888447418,0.2352745073778511
-0.0782010722074812,0.0101679403042147
0.0873629899992409,-0.2660004503935279
0.6268683136013635,0.4010386443891134
-0.3452057483227293,-0.2114518260448774
-0.3498427124894598,-0.0438872929993029
-0.0580518533609088,-0.3006860651553755
0.1729810819264618,0.5264593230074919
-0.1059700577616695,0.1570089250974759
-0.0562935597967191,-0.01225733767049
-0.2904900380911341,0.2075706972380973
-0.0215225718523681,0.0830485183066853
-0.1444063889276016,-0.1719345123223452
-0.1507840485094932,-0.3394763859244782
-0.1263407192636881,-0.2159772658301091
-0.0376971624975735,0.2888739979617467
0.0612325749593048,-0.1161922892670228
-0.1332188618322344,-0.5653850078223398
-0.1612849192502274,0.1105004207580405
0.1509926239142963,0.4830723018004785
-0.0879911955000088,0.0956834721630205
-0.1901145643976989,0.5086011722702231
-0.1213393188228938,0.0079188376450273
-0.1574238504148923,0.1662023362711686
-0.0270973606216819,0.0156329693450798
0.6369661966183696,0.0011625425702817
0.0134361641133467,-0.4070668630797175
0.1410341830684063,0.1334927846568572
-0.142083334278198,0.1826527897382627
0.0806828279184676,-0.2471816673042415
-0.0635265632546391,-0.0501850422565237
0.5414569380906653,0.2710504656245546
-0.0655992307400334,-0.044011498940029
0.0405650061213003,-0.0171755678079847
-0.3488759658522331,-0.4859061062838752
-0.2827356795598906,0.0716489101123167
-0.3376287594024629,-0.4610317828580402
-0.1683410758889374,-0.0242290024910743
-0.0213021291369435,-0.6562188227970196
0.1063231289211738,-0.0058140650081844
0.4128717865951558,-0.2427457060492099
-0.1873928234949691,-0.2358822288565557
0.0625746443061999,-0.0044563501454125
0.3280629393871777,0.1147898686062662
-0.2987817666089942,-0.0691800244973087
-0.3271511231838575,-0.4736987225276569
-0.3496529996605556,-0.1361134634997426
0.2147491287702458,0.140548840017121
0.0258362782693723,0.1653682489204517
-0.0914555658117818,0.0857951056640293
0.2818418971022745,0.1933035447466489
-0.1526911261495484,-0.1179980593288737
0.5577927401020424,-0.0758375502359184
-0.3342799670121869,0.241075004904146
0.1284537992808849,0.0859857508800196
0.3373557388297871,0.0055614634142811
0.2839599448229233,0.2091608839157335
-0.3033824752410413,-0.4839372101095962
0.2670799850463793,-0.0844947582189912
-0.269193600691587,-0.0437852047880868
-0.084331675448238,-0.1802741070961112
0.2415192405267187,0.221543936553281
-0.1984813337101778,-0.1332560606327344
0.4903115387104219,-0.0146039155319221
-0.401262099454827,0.037155880021267
-0.4512572882909175,-0.2531707679151558
-0.1332805379323834,0.1728828050855347
-0.3744062918712693,0.1483521171116253
-0.0076912382592741,-0.3854469279979755
0.2154123078274615,0.0250333187783218
0.001965114847968,0.0644560141833717
-0.0274055319811526,-0.1950854048766725
0.4061067770350387,0.3854208143969694
-0.2959352517825191,-0.143459867373162
0.1236652343651025,-0.0701971561383314
-0.335290088708593,-0.0576210038178244
0.0012753968678175,0.0500234967170051
0.0505551277456877,0.252661370927818
0.0795717433022445,0.1900675417053801
0.0179115460145717,-0.056540316845058
-0.4096612480002187,-0.2242865606638587
-0.2831742190849937,-0.1708421774566896
0.1598400628225958,-0.3691312271227424
0.1848401538288794,0.3085548010551101
0.2536259738239367,-0.2142834253597698
0.1326032203655021,0.2312294224197656
-0.3312672897618375,-0.5049130942370309
0.1163480209341591,-0.2740097757476889
-0.0291981756669025,-0.2424019149388878
-0.0457264187402098,-0.3473728085146315
0.045960292742028,0.0167419332424618
0.0404982073216443,-0.2492933500320771
-0.3125909355081994,-0.0172417528456326
0.1422706625602781,0.129843266508817
-0.3227583653009449,0.3504951777005595
0.3276077187180921,0.2507014918817411
-0.4905664710251587,-0.5185398190828643
0.124818167554082,0.174642267142169
0.2717825133378046,0.0676715933232503
0.0301470126619839,0.1307757784928145
-0.2589312594699771,-0.1123829735200312
-0.2647847162200114,0.1515261454709831
-0.1995169877267831,-0.3516885482796329
-0.4005238493155194,-0.1390541177127284
-0.0493561380187744,0.0684693658313972
0.119844923830661,-0.1128864808623325
0.1473254419716381,0.3878398772509733
0.3580983288195822,-0.2107133532315174
-0.3383733028782592,0.1165353262062253
-0.2065070921883298,-0.0793289214669505
-0.1633040687952963,-0.1434762194440569
-0.2333975802954649,-0.0263397097759341
-0.1195745402768891,-0.1180377584337185
-0.4233092594012428,0.0838165710423182
-0.2481639755151214,-0.234199851572342
0.1142164566192774,0.1795291721394282
-0.243131316905347,-0.3856810669632187
-0.4857303376547244,-0.0926525256694209
0.3095433839268569,0.3974265606494717
-0.2371722413639951,-0.0635015304944288
0.0226591579708436,-0.03825135567902
0.1476859054269129,-0.2005886092117426
0.1340154981428047,-0.2348220141293777
0.2845350337134825,-0.3011522472575784
0.1700393190355807,-0.0107882883609845
-0.1561886439604238,0.5525390544990272
-0.4201283114271169,-0.2167017265629021
0.3426127024976571,0.1517363381535263
0.0290202598919008,-0.2960614064098605
0.3452332923723739,0.0636161183107298
-0.4221764284893041,-0.05537610978904
0.3959854244401235,0.0929134347952231
0.3091609032496584,-0.2056263416726481
0.0261720087501017,-0.2717581078657983
0.078311405840135,-0.1497494789322323
-0.2048730724334179,0.057742682174479
-0.2740757612418913,-0.3501384616937985
0.3306209692657366,-0.0028650786482193
-0.2498208475174551,-0.0532780472950916
-0.2682011332363401,-0.2908502688972209
-0.1352011516811349,-0.2800645065936072
-0.2066643436541941,-0.0075811691115238
-0.2320148851450753,-0.4113462225378403
-0.325559997723824,-0.0722989155613949
-0.0826302358979442,0.0861791522599141
0.1681111750454771,0.1819527288004112
-0.2235576589874416,-0.1372280953275975
0.1569651646619112,-0.1705439313478457
-0.4454382246347024,0.2428385817476092
0.4209625189618629,0.084530584160534
0.2339872606357226,-0.3317104444970788
0.3832734010002399,0.0682226285256498
-0.3725725596886862,-0.3169336786118902
-0.054437884086257,0.0743734763908691
0.5250913859149114,0.204233353675457
-0.0632805263441214,0.2278404194800852
-0.0567359327192233,0.0781718733880469
0.3460349326332486,0.1310901917652203
-0.2717009375488484,0.1925853645343349
0.1180228035268969,0.0261012780453324
0.1400241502429977,0.3786825924193143
-0.3501265096497664,-0.2753103937400522
-0.0730125843245861,0.1406092308130979
-0.2613389295203749,0.3390315451958648
0.2684792812866264,0.3599302883164277
-0.2367710695954848,0.2743049853934399
0.1582647033619231,0.1791601664355965
-0.2653913484860158,0.1448160390285029
0.0152964546910319,0.268903219274791
0.1758382734694567,0.4038176413028094
-0.2403431105109902,0.0963672930994387
0.0252783870489515,-0.4518885620709176
0.1350188567699241,-0.0311958887879408
-0.3129389121964661,-0.0219390499234902
-0.0235167033343756,0.1137143909564104
0.0585183042003794,-0.0703814626693922
-0.2483319206850045,-0.5888173521820882
0.0480059614344021,0.4367817328825318
-0.3781925196753844,-0.4218906640036307
-0.2041919425358138,0.030895599237371
-0.0297457037946289,0.061260062937447
0.1884898233826759,0.3768526175454576
0.1555963251151576,-0.4782549362758856
0.1059169321386891,0.2142841171806427
0.0943182002899293,-0.0076533270237567
-0.2427644212399922,-0.0114976106560066
0.1077174912212736,0.2350322506200338
0.2071099724386194,0.4522019226310981
0.0816182864002156,0.0326516976927783
0.1451932718938896,-0.340839475793791
0.004309229589264,-0.3214828963866898
0.2462054242184393,-0.2850019218355862
-0.0987958116561109,-0.2504132996736347
0.2809216855935798,0.4431727319180008
0.1060530074615323,-0.0835573774413489
0.1190842685813533,0.01089334832972
-0.021171385288376,0.0781543494682896
-0.2237923430304174,-0.0600378325244058
-0.1663922228151602,0.0419540120070589
-0.153705849498939,-0.1576327286005758
0.6296712931488492,0.0713073919773481
0.4294381834226978,0.0073202231952741
0.1791402471862157,0.0201134698130776
0.0254102122647273,0.051450214138012
0.6409001510259337,0.55689555217775
0.0805490994289649,0.257381422505118
-0.1678607823282494,-0.1843753533498137
-0.4572053432599314,-0.2948064197345352
-0.2997761914290126,-0.0179045006328939
0.1092936125456521,0.0235380206462488
-0.007770507627052,-0.0638225388591417
-0.0511645879375207,0.147991521984277
-0.0155276146019253,-0.1437156290279263
-0.0341424388067918,-0.0458105057864092
-0.1853771213196558,0.2507413243421661
-0.1027038056350782,-0.2447200815263563
0.2854800193190888,0.4490515467107162
-0.1222364681865893,-0.0708701445845103
0.2021477546656447,0.2877330037823136
0.2299902201169502,0.2586910822875444
0.2808026974335793,0.3455609067163278
0.3096769890371933,0.2405995929920235
-0.1162064828665226,0.3387245952590184
0.2257031224976917,-0.2199585834099789
-0.1631996068880588,-0.2518358752081369
0.3145729001917891,0.1985278588536544
-0.4496049358431731,-0.1807246145919844
-0.3232409644898037,0.2278595723198877
0.2390009732596306,-0.5524084091606902
0.0703774297238377,-0.0022332897203355
0.1672643584384165,0.285929172483727
-0.4340252133869273,0.0080367449954405
-0.2436190420673153,-0.294316130264413
0.2791946934766711,0.1953678338343749
0.041402245239058,-0.1343161291012532
-0.0778824203342622,-7.310353263363956e-06
0.0599184591301059,0.0948420082475491
-0.1265518917620794,0.0853079714914091
-0.0038847655301831,0.1405104887114398
0.2308928924006254,-0.2359641473599583
0.14994998437153,0.4568430217296065
0.2525840917291869,0.0818064947305615
0.1344182945201277,-0.3738577138089172
0.1759743228437651,-0.2132736970489114
-0.2336949311209392,-0.0513367829296251
-0.2495996625604965,0.5086644983154269
-0.3168453911263333,0.3115595576111177
-0.4968265522461115,0.1048750381237005
0.2648782758716673,0.1055202299000759
0.3375952939860177,0.431378256064415
-0.0386684754473606,0.312911535056064
0.1738215462099827,0.2262414693167906
-0.0721855195457337,-0.2506179241443789
-0.2289901640087093,-0.1516817510018063
0.1387794678299391,-0.0023693109126073
0.2750143375550549,0.1486069000357358
-0.079737574546026,-0.0624522958683647
0.2039501892396381,-0.3005115800213711
0.2328831085872415,0.018574602691332
0.0874734726101746,-0.6032715663287919
0.139162046033531,-0.185902138361782
0.6038011602202781,0.1046023708391341
0.0835064032650769,0.0016004598924847
0.3727525440875358,0.4801067740153086
-0.190949332752483,-0.0260931359007388
0.1601214197063726,-0.0775492313480186
0.0002378508864751,-0.1052214616262882
0.0678809726609724,0.2249046054092778
0.1116611401233275,-0.2519766365187966
0.0156534445103548,-0.1354394567697327
-0.0730913630956854,-0.271283978438303
0.1010540550994065,0.2949447922143202
0.3176803680973423,0.0854726606637627
-0.0495167159196714,-0.687010572509085
-0.1690444743437578,-0.7094951524943538
0.1601792102640221,0.2704735078586239
0.402864272232329,0.0804406788677816
0.1439008540748909,0.2443345180592682
0.0555160766978487,-0.0541131614248695
-0.1480443599612981,0.5377091063830632
0.0674094058557357,0.0796771261047865
0.6892574533043644,0.2361365029126408
-0.211931944903075,-0.0309467569053825
-0.2415220725374557,-0.3866308495795831
0.1478662761093471,-0.2816926291717138
0.1478820888303748,-0.0494506174491985
0.1344952918185814,0.0388607195599655
-0.0955819010701679,0.2656369683420196
0.1340090403560285,-0.0184297940103008
-0.0423304575739808,-0.2574471508231218
-0.0381070524987435,-0.2161123770948146
0.1155129129151552,0.0835756708634166
-0.3638235810233122,0.0077193688035448
0.2024891673516813,-0.1192268402032248
-0.0836218424103549,-0.0101205695379537
0.5182229433670634,0.0825973217826172
-0.2315436065155373,0.14762099909444
-0.1047475615308463,0.065969891003464
0.1827445088670108,-0.0434736937442012
0.4894593773071364,-0.0852065861330735
-0.0491182698444712,-0.1594854093534396
-0.0107283449301885,-0.0909250876512696
0.2555921289075023,0.0993898082046478
0.1764028048429677,0.0199659508083437
-0.1834057012143658,0.0751370122598244
-0.5848611034968257,0.0464703938637974
0.101528279182684,-0.1137644247568768
0.4184841349399137,0.2779786194758055
0.1062388922527318,0.4375039597882542
-0.3745799145975571,-0.4207005148292031
0.3650552740143818,-0.3503898898534011
-0.3690957940260575,0.120300502392136
0.1750837086879289,0.1791415453010535
0.0723489821667143,-0.1684730783775317
-0.3158525867541014,0.0287687671071629
-0.0216372998897224,-0.0962416035720651
0.6273141070642421,0.1312007211053917
-0.0178744739033183,-0.0564433151256242
0.0030511347352094,-0.0099000215435155
0.127332481049353,0.2524604974355467
-0.1449311555322054,0.0505328364980489
-0.2115742949985714,-0.3955256571163281
-0.0166822470864814,0.0898967586168498
0.2283389237908033,0.3934018890197166
-0.2521459892739341,-0.2992535844847179
-0.0627896769745485,-0.2390222912178026
-0.1982941526464397,0.0626214940349388
0.0277953103648865,-0.0457899805077654
0.0665948172936548,0.4185687108493745
-0.9175202683955154,-0.2440253029297104
0.0792736183510873,0.0199157775721178
-0.4487548765543744,-0.2745654747253105
0.1532258040765905,0.264954933241933
0.0633938255779678,-0.073951859735666
-0.2343185709530017,-0.0714462153629105
-0.080457800036997,0.326300632722482
0.0135122619363391,0.3895399219738262
-0.3833150383833844,0.3908846622711057
-0.2061125067755675,0.0041224957470077
0.3194967299083233,0.0551723875039103
-0.0118122855845717,-0.2408652690885602
-0.0817150248229242,0.4377501871440505
0.033801734207428,0.1895800482805749
-0.0375822581064549,-0.1877299504185505
0.1212120876450802,-0.1788608031417307
0.2890937561156935,0.2970886811122843
0.0554217308224772,0.4492786469217026
-0.1959527060949817,0.3219831566550374
0.2566812805067349,-0.1564576049525656
-0.5366845109263894,0.3725323712751253
0.1120252347936057,-0.1420184117218157
0.1660970611974592,0.0489258916644471
-0.2359154298252447,0.1277466867259177
-0.1807697278772357,-0.0657019741324993
-0.4921122328898942,0.0285954588230954
-0.2147314067006763,-0.0206273948250655
0.0956345348654241,0.5076380791126751
-0.4472981836329044,-0.4698415799170337
-0.2652876031876355,-0.1990533873562914
0.1036572444998175,-0.2332968542629397
-0.1344432375469813,-0.33041158563259
-0.0553527288245183,-0.3121799468168544
0.1049667630569847,0.3578943057710032
-0.3172043047851435,0.2233448037985271
0.2150976125975565,0.1238536405708584
-0.0953427909159543,-0.0211335190545487
0.002462988397357,-0.0768257197772712
-0.1042987232697802,0.2666054241218852
0.0942543698083576,-0.2970167769072014
-0.009224126510418,-0.220445436887271
0.0137012980784793,-0.4230248943590199
-0.1516757236133837,0.3241682295625442
0.2632528910763723,-0.373032578090314
0.0846645951010972,0.1289603027576251
-0.11405179795299,-0.1252059759702121
0.0520457643560125,0.0629165377313781
-0.4241837655141671,-0.0616945916537357
-0.2956508785385504,-0.0521536872584139
-0.2461308532025586,-0.0480258752044263
-0.4036286502352157,-0.2117285082919023
-0.1415031769932402,-0.3113547534002435
-0.1769050714736509,0.2788790595818811
0.3200520500008596,-0.077056743331391
0.4206952950676442,-0.0792688368701827
0.2370923150857687,-0.121091453927754
-0.0735882640266565,0.3470009286524365
0.262956524932153,0.2707434582588505
-0.2223323659966531,-0.2698264653266343
-0.2895927657932783,-0.2562128511143519
0.5431432551651678,-0.1459188529379663
0.2572165487962677,0.281328923400405
-0.105678841669734,-0.3528839974684866
-0.0584271687061243,-0.2167221849954944
0.2032205844189567,-0.0153009649559146
0.1451615072034768,0.2379358145942909
-0.0660739089284565,0.1937899293438747
-0.1918187741947688,-0.3848883425130818
-0.0901902986151292,-0.1857255048355258
-0.0759915366680344,-0.1387891736101103
-0.357388986585231,0.1600606997244921
-0.1614573102785789,-0.0518825160528561
0.1599618936038873,0.0136923437479958
-0.2010770708574297,-0.2638251247950181
-0.5720629064466811,-0.2195037621968288
0.1791554451745141,-0.014697041013065
0.1937891081864809,-0.3839057256245792
0.0867450669398802,-0.1504828823723338
-0.2465044464449199,-0.1735733025336587
-0.1195129603703556,0.1280904072047413
0.0714845393690135,-0.1933166316382471
0.1492093411958879,-0.5120071427490371
0.0271361708832177,-0.0057747563638957
-0.1327498469676211,0.1854191007989768
0.291307857316159,-0.1587250026864198
-0.0884706209750468,0.0611904559669269
-0.025767814498058,0.2829277253500358
-0.100498975984711,-0.0250277214999243
0.2373632654528454,-0.0364690137909254
0.1490836130954863,0.546193327093647
-0.2174973156196259,-0.2889715979174271
-0.1703145520699704,0.0767068157291107
-0.2726066780639625,0.1554710968741456
-0.0837360771158731,-0.1786014704348046
-0.3457250175045435,0.0071866085501791
0.0983312625821993,0.3032224156234462
0.0947273246746568,0.2806212489979621
0.2417677934983089,0.1857403206824976
-0.3439240564785161,-0.4724554310295378
-0.3425492972500179,-0.2387542117862432
-0.0637097037256098,-0.2947457846775165
0.6679881047214656,-0.1096457310851535
0.2809787143851862,-0.0659521085492141
0.1293720905546206,-0.1841292004228005
-0.2276985874911502,0.1489505714893147
0.1638497971837463,0.6858027272904477
-0.0574901049210529,-0.0846282218550402
0.1251354391466895,0.0016063532193402
0.2773322789284036,0.2490168473157166
0.3905155425385124,0.0043823904996413
-0.0705957827049956,0.0324069941812244
0.3707132223754649,0.3237665874679161
0.4010220296078693,0.0676972112135003
0.2524802358894286,-0.0811448134963755
0.2037765698530811,0.0187046511570477
0.0211870874743986,-0.1267676866347627
-0.0283259600808522,-0.2004657287913347
-0.0646274417649494,-0.234869590718814
0.011348469612903,0.1560893213633387
-0.2838151844314484,0.2512027604294462
-0.1327734735944623,-0.4619359736806608
0.1857804325003358,-0.1269590504765436
0.0204846003953088,-0.0888652890809915
-0.1482855938388923,0.0281376834474734
-0.1961181584472074,0.090925823148274
0.2992666607998275,0.2153882361894666
0.0351783973796255,0.1515313023931509
0.199314633086812,-0.2419113522850469
-0.2172428537237103,-0.1246808205359627
-0.0529994707632599,-0.2034776730900508
-0.0218506042193257,-0.1183187228468083
-0.3530331459430357,-0.3976235738392317
0.0698052747241039,0.0413306282580748
-0.257517686506689,-0.3153888583567983
0.1194589050804323,-0.0597575649363613
0.2137872626704665,0.0398148811692763
0.069472488099421,-0.1798939449190823
-0.158674816815834,-0.3931977523260816
-0.6959577534133043,0.0877612750290973
0.1348130469316646,-0.2942902314496384
0.1608538389009935,0.5519831790173831
-0.1628946276298783,-0.2517377625242927
0.0860445920019411,0.2168015056228711
0.6627330684040265,-0.2556094642691732
-0.1176694678778039,-0.3345418889787779
-0.0027009097588303,-0.1939127302806124
-0.2833688674617056,0.464789018016918
-0.0847821550609973,-0.0846836570015363
0.0932026152006136,0.3058770484895826
-0.4184017468299378,-0.1712197499641086
-0.1605140806607593,-0.402751823715321
-0.2848662200307588,0.130238190911702
-0.0504847505094163,0.2894490269381655
-0.3625385815511692,-0.0698973278770842
0.287187400022559,0.1566199410842586
0.2297352040197335,0.2424161317591367
0.1086128580416929,-0.2022327826085629
-0.3613219782481849,-0.2917151662011545
-0.3569833814049771,-0.0016801846561755
0.305673650039554,0.1693964203775451
