X_1,X_2
0.2326191723232287,-0.06923064954353944
0.2433333439386133,-0.5586427481796631
-0.21687412894669755,-0.2267076472014588
-0.1990517828195494,0.23013083946076354
-0.48889245502656425,-0.16301893574827445
0.23333529445030265,0.1360186215727009
0.10588492303298573,0.05922222846658205
0.18198349230043295,-0.4364632777711576
-0.0508333950450402,-0.4904189961091349
0.2774896934462594,0.13336929475677178
-0.007373728464568014,-0.2369450746652431
0.2287997896674578,0.37636302904022206
0.05289109129707917,0.17087873709362109
0.31400376921770995,0.18071472625335872
-0.151931150064931,0.04752472000758561
0.26497907806590587,0.25183418496158844
-0.07218551954573373,-0.2506179241443789
-0.27645463219177785,0.18426284958798905
-0.20650709218832988,-0.0793289214669505
0.3452332923723739,0.06361611831072986
-0.2189106470862556,0.07176519300232646
-0.3010434505236322,-0.21568203325105814
0.41332042042194356,0.16172296957415638
-0.07769480768609832,-0.08015606696120642
0.2679686932231072,-0.052326258674146905
-0.3784466492042295,-0.41436734794386904
-0.05836149224618584,0.08704140511591439
-0.05066508114828977,-0.2656958517489683
0.07339085181514256,0.11593525922929619
0.515237482328248,0.3527276763170039
0.11594109492898946,0.01750401156067058
0.30447272412164145,-0.13132725742856607
-0.19859746761969474,-0.19962114547553653
0.3512110937818639,0.2748552572925944
0.12733868718802335,-0.16758801556607061
-0.3855679997645321,-0.28844492158893204
0.2483790024958693,-0.0873798522959662
-0.01968614959344314,0.21478482187902576
-0.05478629319861391,0.02907503107669035
0.15481697941437125,-0.2877668990306149
-0.28029512160723363,-0.19933536193968038
0.2413081630709131,0.5922065107708837
-0.15259849250280821,-0.11657329385753983
0.05260573619610373,0.17872139057723044
0.12762609853301193,0.6153848369494456
0.09676401457394619,0.03189995899965496
-0.29377190176855417,0.24414209587055383
0.4829886364574568,0.40149845270797035
0.2569858080416507,0.7706695647220061
0.02235993153986217,-0.027384174447644915
-0.036887859707418806,-0.2920163735720004
-0.1446869648675676,0.5487082664188492
0.086433073863221,-0.18903470916584325
0.3325100243211933,0.20216642012398106
0.005850887755602489,-0.1790572267681555
-0.027498278031720624,0.38429864786043794
-0.23369493112093925,-0.05133678292962513
0.1606810730478263,-0.3267130323471514
0.30715110285133385,0.019289374971390813
0.3504678980387089,-0.09324159000617978
0.3370939020374219,0.18171300572333207
-0.5319795211892355,-0.5207600010311539
0.16394518965072288,0.18642898948403339
0.05639018420585746,-0.02002509315923178
0.13645660400584175,0.2132394562007887
0.17287129377922414,0.16891761723843676
0.19864458396526943,0.009890631490610756
-0.20807890641840185,0.17696816106028743
0.09001868822940041,0.19479460799574466
-0.030079314661631815,-0.14322222457788872
-0.4735015076041616,-0.13723445533343975
0.3775711246148132,0.35628116000488147
-0.11803111129127866,-0.48981484898427136
0.38022695856353644,0.15574908686807382
0.49627355708045223,0.34426705118824236
0.15201693729095458,0.3704199797965873
-0.2018201322067578,0.4965909125559649
0.27218337470465115,-0.1586872765904061
0.0669855886102748,-0.06261799340679633
0.1271432820830986,0.2230810947903729
0.20637735156617448,0.3006058569831885
-0.12231157998261227,0.25220529161428434
-0.3458345354364156,-0.7129422298164283
-0.3822857665177302,0.057932673499994196
-0.30533905906717845,-0.29348896528466734
0.31496469237873154,0.4487797396523698
-0.11941410313939166,-0.43641351725077987
-0.03981619966088772,0.3976487897806785
0.07301937714169182,0.29561482088728763
0.19642426741031732,-0.013107761650798508
-0.07474685095680877,0.031638945886510554
-0.06629383309692824,0.10107886464844504
-0.23626102941306262,-0.05716320013619372
0.02292324542773462,-0.020894725319099566
-0.5488597185879555,-0.13725145650322015
-0.08023925387166797,-0.14202285102563947
-0.4853269857235215,-0.12649569658928939
-0.44290213594764843,0.11212765446451398
-0.017742116983547104,-0.19697034577357844
0.2795182653287,0.22292073106142746
0.14519327189388967,-0.340839475793791
-0.3107043262002174,-0.30394058567096016
0.38512246738301686,0.5121535976243661
0.2946789116804717,-0.30893337899967893
0.44349205713678674,-0.061539912498370014
-0.006867834183785244,0.27753758664155276
-0.16661337786360544,-0.15885154786512742
0.15695250867297647,0.03477928716763296
-0.21836240922405148,0.022076147318337545
0.12736660314766488,-0.02414945515823873
0.06359874449035494,0.14919128896777814
-0.07227656136263402,0.11654942266007778
-0.2711315810253488,-0.172911058044118
0.13042389670008944,0.2161647295856514
-0.4112310658863499,0.09769439344116705
-0.525551570448918,-0.3192291493238025
-0.12835856531332338,-0.26575166246542775
0.17283353052737413,0.26665289346718646
0.1973001242613223,-0.20823989665027912
-0.1754332829115548,-0.025797345967537973
0.013985132615910152,0.24282602504899967
-0.12374010571153685,0.4601062000049495
0.10494742714520652,-0.27003119247324
0.3958695739547433,0.32502023743554853
0.22456472102945577,0.2751965085974057
0.04657284965414738,-0.39524165080008766
0.1169561712100401,0.7539744056106945
0.10283220252515252,-0.044415818610747476
-0.4155793629424542,-0.05011881408215256
0.08115596593537054,-0.011509939271613416
-0.17563956086952362,0.0833644118936576
0.08197261005577273,-0.05665797802117017
-0.28199407281407013,0.05930436042745137
-0.6216311042442292,0.39549013664017807
-0.1666391469046281,0.10035505883044621
-0.06772310525641517,0.044855372179146306
-0.1880092478233186,-0.09007655011131273
-0.08061545847747732,-0.23364359378310479
-0.17278119758649754,-0.11807929081418203
-0.07391454619538476,0.42289774940307534
0.10511043066536943,-0.18843536964594637
0.301401884809599,-0.1643299010442134
-0.372835433224038,0.24043164215309976
0.05334291856382496,0.042568550850792766
-0.25075378484667094,-0.27291291348961993
0.316692116750444,0.06228617925656615
-0.0048523353519363925,-0.10016011091591141
-0.038133374276315996,0.39769863728006744
-0.1663174680425727,0.34279493019775187
-0.6867871612309276,-0.4470096453802782
-0.5943515482472881,0.11853089786035553
-0.12528897163884148,0.21364611339634904
-0.07704183631885984,0.040352465043191475
-0.11411728818706446,0.42412987900749366
-0.008629232601964035,0.02705616418442502
-0.07813036767682706,0.1613719945290084
0.01225021024634921,0.10085143199201901
0.28988710044234334,0.1961863496605924
0.35024019763148223,0.029954946713233642
-0.010920064696331696,0.31828608886352555
0.1566179993301852,0.14202413642188524
-0.10912874489023955,-0.09192615324080311
0.21311765048048914,0.3958811194554892
0.10194415954372453,-0.061447703894484146
0.02864322206331826,0.2882871745279661
0.30359169568329586,-0.34569717358337065
0.305018498342647,0.11695804172725681
-0.2860398888569772,0.009761937215240385
-0.38648829683839236,0.09244138554730966
0.7219124206576103,0.22695453982563618
-0.3730057860162394,-0.11872637947104349
0.2232312298039263,0.17619219442587414
-0.21761153138700093,-0.9617036120272034
0.1931829941672893,-0.17385439502368313
0.03399855851695013,-0.2531722169032327
-0.08321754815987673,0.2571542061492551
-0.05766807117439035,0.11487236144884704
-0.24868450378067672,-0.11133404570226162
-0.3724838678733277,-0.06843561406797449
0.18605349357741963,-0.07608846151818095
0.029994140464929805,-0.16445447816281938
-0.47668157386224413,-0.18679498087961996
0.0951836092182733,-0.07551255958619504
-0.23375236886299083,0.0006823960179450244
0.47808226244634344,-0.10236892915329045
0.21767600484726127,0.09522564187309504
0.2554454567494878,0.27719868746817
0.13871995018307437,0.20767046054960092
-0.005034048739599658,-0.1920095615448281
0.026711294560340132,0.19751087095444286
-0.1628320527584155,0.00947706411461236
0.025122410532736044,0.20698524914812763
0.355245910038783,0.3931354614470553
0.24580680705571492,-0.07571764367634039
-0.023592111070447692,-0.12886247299522333
0.17395631341422674,-0.22161790478626675
-0.06313412296554023,-0.06319306546171617
0.17478685450012588,0.6581060097335368
0.07938690667312241,0.014902145784379822
-0.1584848687792988,-0.11836572193107016
0.12086492647153872,-0.07762670969345688
-0.2925755565004527,-0.2402022259820396
0.41042766899555416,0.26025761304342376
0.11073080840270645,-0.06342984473845843
-0.057696734651025726,-0.3096414391157427
0.30123262091325004,0.20832869176361443
-0.5494804168756744,-0.19942981069297078
0.10821172025815948,0.272911233707711
0.22435966279527664,0.1759958380472217
-0.24334790837335407,-0.22831500855866887
0.16561085821848143,0.17847808321071285
-0.039744491069244575,0.009564478257201919
0.4245983610519553,-0.1113298879360728
0.260805641085136,-0.23518459023583585
-0.3569833814049771,-0.001680184656175536
-0.10065285670417926,-0.09364877735236368
0.28282391473275964,0.26188475630381897
-0.1621217369044424,-0.2995066342918902
0.009261893852703096,0.25719557783615404
-0.4428213736959402,-0.09171019510366518
-0.11369077846214204,-0.009029165052389538
-0.1731096533301302,0.0574489423336665
-0.344808007215713,-0.272376131875746
0.15532875123141146,-0.006858869254105342
-0.2944878785418962,-0.0020842962500001393
0.14167427291703552,-0.07385637814611115
-0.14649746518762788,-0.018383463961148667
-0.10829162804243295,-0.3051217072613155
0.28077423620532777,-0.4971236242391598
0.4388008539322177,-0.225233503746121
-0.32678020997778195,0.12549118813019422
0.15980224326382453,-0.13072860963237598
-0.2837813926105881,0.22292682644519474
0.1499172076634849,-0.03445094268895072
0.08200000644565603,-0.07050410008948335
-0.08472247511390722,-0.42218211243892606
-0.15540675525867648,0.052277907513903515
-0.10074855992833792,-0.25605697666132216
0.34959535363743544,-0.5809632686481685
-0.03144604271144429,-0.09001511433345369
0.10759782015850974,0.4606504434008337
-0.11563090032476345,0.18482527929323414
0.011516783233743626,0.10827773216651078
-0.0022794345181982372,0.010392797132678844
0.29492020659099516,-0.3051907616398258
-0.10144365492268954,-0.021161994625315015
0.2952529471973124,0.15284320718376943
-0.3352532286259819,-0.025177876395360406
0.12506011139409748,-0.3924132207674731
0.10383135353159,0.17849799216545417
0.03581635087473687,-0.04015502669190522
0.514616294857553,0.5644733476990416
-0.17688901530684864,-0.049517429550612856
0.13711977668259023,0.36677938893587814
0.19568516287682247,0.2507219946896779
0.7092798195457544,0.2891552693844851
0.5450556234706684,0.20813513693598665
-0.2381967659610507,-0.8085350672167808
-0.017652235315609957,-0.25932608023022097
-0.16285775954960682,-0.2966969225103368
-0.12652886694442123,0.0665359215927314
-0.09716415043038325,0.14575694497894737
-0.39136296126742437,-0.3089614278799668
-0.3956495898311726,-0.13477429535286325
0.054876401510611565,-0.2794689597768269
0.6071320513751703,0.21144266439898898
-0.02679960734552674,0.24740720365639723
0.1158760941243797,0.5159134564531006
0.14928949049245316,-0.11422387163317144
-0.15025840763454862,0.17029791420161422
0.06368006912276952,0.3418701054213993
0.09203350242184176,-0.22924299141984567
0.20042713270858117,-0.20961879176688758
-0.13309423381622498,0.04040095083806664
-0.16487635291652317,-0.013030601187168471
0.15452652518132803,-0.08838952589317199
0.5606563464844706,0.4506571955944622
0.22960498493661055,-0.04864131420288816
0.11719501697678092,0.5407610517135901
0.23849725765126836,-0.13372064295108477
0.46195121072997325,0.22537367984388698
-0.21775685639874912,-0.12194797935264615
0.1529364090761528,-0.023309097567740387
0.3705356613714201,-0.16962064605839094
-0.41408020959500763,-0.13967509835797082
0.041738498763889964,0.007135622077183953
-0.10259853282992384,-0.3134716159970181
0.5342395137259842,0.38272871118916296
0.18931205528113046,-0.07184940411727346
0.26002895702137935,-0.15707222019238276
0.5536533276900919,-0.08304987279792328
0.10824521593394053,-0.2711413620148206
0.09920701825306717,0.5215613269659977
-0.2858768800707147,0.1549529735454256
0.1803658683172467,0.25070352733746504
-0.07659230486796162,-0.03062889400914838
0.4956062546360429,0.3890150434481986
-0.030593588734652507,-0.0014848121400110775
-0.2759782031141771,0.17931482673869553
0.49094524758889085,-0.2758146739148058
-0.08070737502895556,0.38908690806271057
-0.05247171005774783,-0.31976683738310857
-0.027811215391855958,0.06364838440123123
-0.3631928404879391,-0.020537219555381164
-0.43590691144514243,-0.015897351318651276
-0.013513441601428755,-0.18086227813850891
-0.28005899222349306,-0.36584912256662583
0.6259045597944832,-0.41420977459825314
-0.00926613130640869,0.0021350639626808365
-0.2126057411497357,-0.00020861753568436327
-0.14568140306451716,0.158211624613998
-0.37447671388583864,-0.037397875057909674
-0.11531544473601316,-0.04297985174362354
0.23516752324001194,-0.13075445196095342
-0.037201442025301165,-0.15764329235938918
0.08145666982369403,0.02417610173878213
-0.4246927645899806,-0.4508174334816599
-0.14913092947137055,0.4440545962146806
-0.23449375741702833,-0.28657700535503433
0.14435489100998694,0.1944192275191159
-0.20841110892945516,0.09271168659984826
-0.11993908666773881,-0.1447815962842436
0.18353855921558945,0.03575576151276276
-0.2842965503634799,-0.4385375052945547
0.0008202292916929964,-0.005535287190079653
0.12571924053240427,0.4290995091672459
0.25853418160976893,-0.2555612457012387
0.030524463880277356,-0.04091428833534007
-0.23248664873212627,-0.14217000685861753
-0.3940412191552913,0.22845028421927874
-0.1405010634654149,-0.015496446670264593
-0.22284352202360627,0.1538336920710037
-0.38406485208289715,-0.08556060024669318
0.21532302754061255,-0.18451835071410716
-0.061237027013558994,-0.02070239737766321
-0.17424427725553515,0.08340900715465087
0.3415356603508707,-0.09924976003554258
-0.09660495996922872,-0.2688956609927247
-0.2656746383311177,-0.33087720152391753
0.14198941166157156,-0.11355530355948353
0.1865068152341847,-0.1785936554017928
0.2396500191987485,0.024977567858783304
0.06790192211289932,-0.18728009056990058
-0.19094933275248308,-0.02609313590073886
-0.44067307392497845,0.22880294628220782
0.041859586168736786,-0.34020883337948193
0.09863148189781325,0.24227821449730255
0.1679662750339954,0.11681388076396701
0.0034800964394076065,-0.13614706404328783
-0.4686192263237242,-0.1473282660859467
-0.23235615902179577,0.19299623393880214
-0.12465600551643116,-0.3714876623242304
0.34443175360441713,0.11296090751500809
-0.003499659801849213,-0.094957048366436
-0.38812859100646846,0.27159605328757414
0.004654680001044219,0.11942732750876021
0.2663412878882846,-0.0901927287509591
-0.05857327797160861,-0.05882445928878235
0.1264185482223724,-0.3051396492358798
-0.055431677032732836,-0.13015629750384308
0.04510324618695814,0.5214295884426812
0.31793632529588206,0.2823741464218426
-0.0451320621785471,0.06246114644587584
-0.3382537607255508,-0.1014144944466097
0.3240807706910353,0.012114469791617469
-0.31444384098723127,0.24926479082011427
-0.07762846485541729,0.12366707560006414
-0.5531875050401286,-0.1305458265443008
-0.019233597718486144,0.009906734728408213
-0.20673848283750657,0.0924690286419184
-0.1884349383157023,-0.26879834275530173
0.0746436370605304,-0.02077182832777845
0.30351026012370724,0.019233005334832493
0.24101048345544254,-0.04914683690210338
-0.340472877771839,-0.19248704607218534
-0.17213618058547275,0.2884423311436979
-0.189405670576416,-0.059839682035624966
-0.1658310036745956,-0.27189327363871957
-0.2896814417778569,0.07908920667990738
0.2353514609569261,0.1929866375960947
-0.3190590619381445,-0.34278536884556565
-0.06436879516153124,0.16484753541859304
-0.10821313766987652,0.11483062680443859
-0.11291265109808288,-0.11052702413022933
0.31503011030087674,0.252841976743203
-0.08783835180056311,-0.048220596139477476
0.04545398193279985,0.09868595654839145
0.2005364666261834,0.22320485011102453
0.19776280323221362,-0.01906505247747885
0.3842787190103414,-0.08417465267915862
0.055075873602256534,0.14233031023027204
-0.051251850310570085,-0.31624177221253785
-0.044201738140709136,0.25122133387625245
-0.10160437969223671,0.036624122884515144
0.12607313261034914,0.04663085658108469
-0.24428171027228124,0.17580876860337635
-0.25147721196345074,-0.1198549280685502
0.023917882255515884,0.18505789213902757
0.5006568671924195,0.411627863199042
-0.00012290300413886988,-0.33360697916535653
-0.24971597999801734,-0.39824742289139353
0.3794481438911575,-0.08424365474651171
0.15317992689903198,0.32888127606831247
-0.2356500879510856,-0.01780147734277815
0.43442325044961483,-0.05229900587648392
0.2013544813165746,0.1928190630538618
0.12990434297304487,0.11429952352350066
0.013550544415875413,0.1590008489345609
0.27516813686993935,0.02757200245905189
0.12754007169654372,0.3543346235923994
0.23404748782933482,0.45289787993559083
0.19314943989437997,0.2830272878959117
-0.13378393407167777,-0.15284694362019868
-0.039950635792046205,-0.31711466499053625
0.07254920849310721,-0.08762981762986723
-0.09923846981384098,0.097110513600622
-0.12750658000658674,0.45381746478850465
-0.18191458953989617,-0.04977519775317396
-0.09896410489555184,0.04556371819888046
-0.19398714343636514,-0.057290671323775806
-0.5361287824442923,-0.4885756755200909
0.09486273266266879,0.14662957730965165
-0.07060907735875416,-0.039325448542421385
-0.043970108673727776,-0.4333468913169222
-0.2135292233217599,-0.026043770739167454
0.18069743036369781,-0.09353549287366933
0.6729101592070246,0.2023529853683521
0.5648158214883435,-0.04737121131138716
0.2438730005993759,0.12018330873656097
0.033176004563163775,-0.3072182073937595
0.21730497599336523,-0.3528175183442058
-0.24758938233818537,-0.25533599446587274
-0.1205563363296724,-0.28628967091500923
0.0650941702232403,0.06510701668079133
0.11677386814434342,-0.36624985372523294
-0.18366386568851875,-0.43964142903670994
-0.0074306379180448506,0.1136856997147057
0.26493884421022734,-0.16041719063143647
0.1704812628399722,-0.19720617986330613
-0.05656922188735311,0.3758335744818026
0.025184224073874287,0.27323307630933963
-0.4566501454707519,0.07646122850259379
-0.1032605766175399,-0.37485480678164523
0.12661727749828433,0.4143492708039487
0.23421830919657646,-0.2499207352783774
-0.21297549320312076,-0.13964741097051042
0.11918726902455756,0.15638732006827621
-0.2809529156620772,-0.27838608275947535
0.23615143386003581,0.11764066721031682
-0.14184150536799547,0.13101229776928475
0.44073773582390047,-0.19716043135936678
0.3478901134304655,0.4325368071445913
-0.12989808310990103,-0.25631955326202793
0.4028114721181009,0.5732496210247189
-0.08600487306793674,-0.2386321777234758
0.013865994156844124,-0.07648746309954982
0.07184214055702233,0.05851726856348684
0.027373133978855282,-0.16617372981304618
0.2925351362805063,-0.027267486762920394
-0.08358304390907143,-0.418811544336861
-0.020281801591114642,-0.17957046435067248
0.2640915552766264,-0.01753184858103447
-0.1806066972571676,0.47790865797920673
-0.5820290820910573,-0.5564959321603008
-0.17418626822872899,0.26155676611542855
-0.0064016651680339825,-0.38034775881613636
0.11172742163510559,-0.4325128032646471
-0.7183826489568965,-0.08800347346422996
-0.2488821883859614,-0.38768242640112816
-0.24492525456209052,-0.42068960856215826
0.2416624720189719,-0.39159328688742195
-0.004427295356996674,0.2703931328929882
-0.4247502550869992,-0.42042895113887574
0.3958372437574167,-0.15510192896447775
-0.04036706329873488,-0.2899374323742678
0.39001018115184866,0.34962531484452214
-0.3628173784279225,-0.16327431416904037
0.13037689829061627,-0.4557077634385697
0.5719690302508441,0.15297295501288205
-0.010760068954110028,0.1130173430769379
0.015038253078987146,0.13221676379275085
-0.08711815115926372,-0.18457642126296533
-0.11441302839740106,0.008669191401552954
-0.21154359499864706,-0.05852207027049522
-0.12719079492616248,0.3209206982959535
-0.2036724993793679,0.04656887821906426
0.24816975292995036,-0.18101994149987166
-0.06513864694854704,-0.4657383844559389
-0.23256972869175538,0.1936803424092709
-0.2551034500150709,0.18665552568652888
0.10653238687425312,0.19747595859338327
-0.13723431409317619,-0.0877507133493967
-0.4021953474647327,-0.5035786861427589
0.014914286799676022,-0.1695747849109288
-0.4936504113036069,-0.17872551907777323
-0.05735731730195316,-0.19242377878876857
0.1842214532775584,0.15051085409070963
-0.1587555506123343,0.0931704641999417
-0.3523022087747913,-0.30345334047864786
0.2261359833976128,0.2691840951362372
-0.2861061186171128,0.27608095844037484
-0.08082295888398042,0.18389756066325014
0.029020259891900834,-0.29606140640986056
0.3559743300038033,0.21028853283192683
0.1517797483651561,-0.06744246305056353
0.12184253269989404,-0.23161348679765895
0.06402439756721513,-0.034204316941357664
0.01297192685614124,-0.19620715487864474
0.2709684452173686,-0.21325582824666783
-0.2823428043631846,-0.2821034064232716
-0.07603535437209784,-0.08023766873386014
-0.11778656035340516,0.41484086703718126
-0.2068226905387245,-0.14936630136812654
0.03130679161240023,0.10943690673296215
-0.05341089999401707,-0.35552817507547163
-0.23930565910461196,-0.36949427470030954
-0.2513185851267336,-0.022311426462907912
0.17411868935016314,-0.47822992666544095
-0.12266126178026447,0.1258689372962117
-0.027559880146991664,-0.18000573972900638
0.045105421900108106,0.2599005127376424
-0.2924027603730719,0.047269066880510836
0.30681863523197955,0.10070336513536801
-0.46326009805174584,0.08101313294373555
-0.07280929132556552,-0.08057425704092946
-0.157892876465124,-0.2123376546845282
-0.21724285372371033,-0.12468082053596274
0.09480715858971928,0.6301384144076668
-0.14261808310349794,-0.017008302799469254
0.1365691689340459,-0.46108261673500284
-0.16191028375217917,-0.11149303199389372
0.06025017316410965,-0.0774652596577223
0.1284203011973956,0.15270832168204831
0.10453703521162568,-0.19191114795522432
0.5005687061454465,0.050357506790708176
-0.04842857806978711,-0.10724844835592852
0.3472876141163728,0.04048132492905414
0.016017800031530558,-0.05033039443134423
-0.5150815215819391,-0.44204366553574953
0.08243668993755747,0.021595088328158395
-0.2388312442691406,0.24754844384222785
0.12265422525025148,-0.6964721429452523
0.006283977632857923,0.31800720108208447
-0.07265113668979407,-0.05855345479605391
0.06252155972806409,0.2814919437431349
-0.1013939925611811,0.34710828772610935
-0.7363450100508987,-0.18852822470370662
0.1172936110270299,-0.19497285665339464
-0.04156901656118889,0.04875447383664658
0.23930149679586035,-0.33723179761241745
-0.10225408550538034,-0.2527851980415988
0.03048139699152122,0.16157901842740327
-0.2532569805333088,-0.10816302355473571
0.18946007230020406,-0.11789441605318747
0.04058366587836472,-0.0438021453231417
-0.05241647298571999,-0.09457771700546168
-0.4304995726982353,-0.23032991569979827
0.09170514985794266,0.18841705268477799
0.1787100256186614,0.26015409343318413
0.1469943575230253,-0.014099768990773844
-0.01881151993816253,0.3279619485802984
0.22549214801964543,0.4687845048781771
0.2657567053159739,0.12425437652727095
-0.4727908881453569,0.06565154122398041
-0.2434709177536091,-0.3017521979134772
0.26157797647748343,0.14653460132135698
-0.23960938243372387,0.13901719388903605
-0.14225704872104827,-0.12999128547921296
0.24900565028452315,-0.23599229311319594
0.17791081490223123,0.3088931632208588
-0.28699627605317923,0.12162471407633767
-0.3919621401399492,-0.5485841792058715
-0.028079721712803245,0.05541933956556289
-0.4090928863117637,-0.08119352730859411
-0.24795342825420683,-0.7138329875852669
-0.2531889803290748,-0.2622635639241465
0.36997322522927856,-0.4173549592532547
0.4296886107386196,-0.39782709392927135
-0.051788056898712666,-0.18694826842964238
0.27537823847067733,-0.11545158375166388
-0.19259098866099794,-0.17049836479265895
-0.3872310330207345,-0.194424717068462
-0.0668335409291129,-0.2761829858162864
0.48754259520157606,0.17687007432051072
-0.16214342943692317,0.10172016060805708
-0.12575382437168078,0.2174625173311668
-0.3362350948120546,-0.14538489923960732
0.23770135444123539,-0.5806739816833896
-0.540953609400261,-0.411544516353586
-0.02948043112754881,-0.13023470336006798
0.14610783908216696,-0.12412785187573543
0.017115198381345186,0.06090279157854513
0.7486136507801352,0.5254194354826945
0.11175931713824218,2.9805051406879547e-05
-0.06885733674241508,-0.0900284329605645
-0.12303624625491665,-0.054909586317989055
0.011697001014609854,-0.16945248282274766
0.040936278883465405,0.15735948562634236
0.14230754475558174,0.14093609307358665
-0.11250583431445657,0.08924819761024617
0.05677466782279257,0.3260414723846018
0.15781659564659223,-0.06827645786011527
-0.07815865061343184,-0.13587578038535716
-0.17416837931053114,-0.11175606577301683
0.6015306573965912,0.10519752519929186
-0.007976672874416306,0.2502823708171247
-0.17698942236396095,-0.1664866481204638
0.20872747946362674,0.3391726603563881
-0.08335098461411695,-0.1598579099885503
-0.02221926702636278,-0.21128897904005872
0.04002888723934534,0.024001030771964686
-0.19008380457865073,0.17774230626231424
-0.34612112337751444,-0.037458897365483135
0.178016950710737,-0.11613568555527262
0.18584146956182612,0.056750449728680055
-0.20867748007846498,0.2903727282600981
-0.03661341766784839,0.45022165525461944
-0.5261237896030811,-0.6613527701404113
-0.386522924839502,-0.09468444155394425
-0.19950629144035784,0.48207878465719983
-0.1544580691882794,-0.11856042368533384
0.49022222196848975,-0.027034449030284246
-0.19989967384943652,0.25679288397925143
0.2814414914762034,-0.013895681281031705
0.022677185314739806,0.015716874820671065
-0.43520775089068375,0.35516476912518596
0.43565303017339524,0.041441702197231645
-0.10490526905067488,-0.0676290183018814
-0.21903360642988837,-0.28610887980577987
-0.1371878062426265,0.09775224798392422
0.6739258714754355,-0.4483601378255025
-0.06916829584467538,0.22633086153077508
-0.4412413741767847,0.07504584560293366
0.14723717212853896,-0.166696477593665
-0.4556998053316913,-0.15058009804420847
-0.17055704697468266,0.22137567818701487
0.13063881920773962,0.09108575834230544
-0.5604932828557969,-0.015457318270296755
0.006192553785102657,-0.06059372322648631
0.5737464332215754,-0.1794063839696576
0.020409555252948405,-0.5478234390239471
0.30234699234183954,-0.3263254202433812
0.40633605970078124,0.10914775853601301
0.19646649836092853,-0.3318326744344672
-0.03295357081915519,0.0689756413123443
-0.2085063377575391,-0.023964123308474868
-0.3612281544591297,0.1504311701804165
0.008688023562788756,-0.04333258502459337
0.3563829336580557,-0.1491285746826373
-0.24271751067079728,-0.03818088007553105
0.011361772216313074,0.26478860085511924
0.2860171683873966,-0.061389649416419986
0.2626271111622731,0.29000530129437874
-0.3830468264171048,-0.26042637858879264
-0.025695429407235033,0.16623659839001464
-0.2426122110613816,0.2744893555907708
-0.30126645560546567,-0.13227944567125172
-0.20875796195740423,0.29776884379971047
0.011768865559106223,0.3555020792665708
-0.2459070283024422,-0.13547324025219648
-0.31684539112633336,0.31155955761111775
-0.02866291322869465,-0.11043507565852984
-0.08798719570516227,-0.2762847130462646
0.21836932713710275,0.48523900925167673
0.32809573770233824,0.45283510708579
0.07992977891199819,-0.19379647877310674
-0.1642167190618675,0.4187896085123267
0.21809532811382765,0.01926803542277232
0.2785263281299407,0.1828923290170075
-0.08221947475090727,0.006940264067905474
-0.00781704168808448,-0.08183643219462988
0.5519736327523985,0.6076303357642585
-0.07086362733479222,0.6066511749171405
-0.11169683197924186,-0.16977903483691262
-0.05902568156126621,0.07503811472932924
-0.28286946648992184,0.4212955289683864
-0.15226120976864424,0.45566323078674537
-0.09605921394106025,-0.12195171021287175
0.0598114393675424,-0.47578043062813996
-0.176643745578977,-0.22777165101065183
0.15625769318964733,-0.02771455871549288
-0.003893417721790893,0.2017288935249003
0.2500768366693559,-0.10522272825731653
-0.07057897470237084,0.3951392350923293
-0.09781814611038181,-0.3990815462114717
0.6614731439711866,0.36336537822815423
-0.2699759340008172,-0.07562876383841435
-0.10262322994302264,0.08086762922020448
-0.10833655137621025,0.11533984170111285
-0.45081465480893024,0.05857829404508845
0.11048435503339003,-0.16198548711753089
0.010167557728467901,-0.27667961431872556
0.2998567708083741,0.6403147578316334
-0.06527795550767089,-0.4615119621441214
0.11869955185829476,-0.20692658951910922
-0.003879899511634563,0.6724421234612444
-0.02004762720385809,-0.09960383930557741
-0.2399632231825137,-0.35664978977030504
0.10731740745702743,0.1780971528748294
0.022087773821684992,-0.17219774538207644
-0.02195485189720137,-0.03787080667635496
-0.0654633312130865,-0.1245652108371334
-0.21975688208957223,-0.44250144980293926
0.0718836111210004,0.3940961841834102
0.07543875055305582,0.18246623656260486
0.9023454166536484,0.3081665625628172
-0.09867113988336276,-0.6052171908385119
0.3650696007376809,-0.05190625155745014
-0.2597109573299926,-0.05832370551021146
-0.18401694969754293,0.03529609994324694
0.09607051874925597,-0.08045955640581735
-0.0371537406989033,-0.5116570966161399
0.1427691937288976,0.160204714522129
0.34274717060058685,0.5121290746863177
-0.048725705065892785,0.36434469419021887
-0.33521482627522775,-0.30252882526342467
0.08166932524434083,-0.3557144601840598
-0.277069160928547,-0.026410542737860046
0.4208327743587819,-0.0249336343697451
-0.06717217791086667,0.25671113971433535
-0.015208995916969966,-0.019834485850148957
0.3313300191385469,0.19679561250943242
0.07452844551223058,-0.09256535454597359
0.13524878206001914,0.6012250283505535
0.14981137830942937,0.28906986395189255
0.18044071943630238,0.4346423440810232
0.04904909099392714,0.08311292641483085
0.41842251589639656,0.28126967772081934
-0.2572819525874382,0.4358361829535504
0.0007625209665179205,-0.2817748105429295
0.58459163622671,0.09943409423531437
-0.10742481411874163,0.10298096954575424
0.28387144462149916,0.13227387781152802
-0.3671002895630291,-0.13162230604973477
0.1410341830684063,0.13349278465685724
-0.08716262060957687,0.02095292905106887
-0.27822140545575336,-0.4952997064583837
-0.085464338637832,0.2777608760432489
0.20480890552352368,0.14279468191826247
-0.17597448624759063,0.19930352576322094
0.058815588691652994,0.18034687572453903
-0.39128570336432306,-0.1894313533952084
0.3344587426294709,-0.0498545816888622
0.2634749212967851,0.2793033215802136
0.02005607234231545,0.05272000998536372
-0.130103445792496,0.26330318107294565
0.46990644579387303,0.03699615303939859
-0.006457378353487473,0.14936793861504533
0.26021831623530617,0.19451806106558145
-0.04923483500187914,-0.2889014717994854
0.18461909868964055,-0.24727126228508067
-0.3171697300298424,-0.2119430270310996
0.13548282679530899,0.021366418590495307
-0.5561489867112082,-0.05791557570456153
-0.2691559543141831,-0.06747388216360078
0.08466459510109721,0.12896030275762518
-0.22905372987654504,-0.1224267091972438
-0.11829798871308721,0.33643850810250925
-0.5065849959836274,-0.16390060217066466
0.17246392186078316,0.23845088846050008
-0.6365854997271606,-0.17318381219609782
0.2589302442628217,0.6502821964001635
0.11494852727831704,-0.10060393150622815
0.26348184135305036,-0.24377801542961855
0.12685720172399764,0.17669350123584923
0.17972580776985891,0.6724494991099088
0.38617627850996766,-0.005267433824497132
-0.07834786290295387,-0.15373726900807527
0.03132010415986825,0.642273033870505
0.21535628137785012,-0.11415483364967817
-0.030681180407844563,-0.3200867140801358
0.30691648797483795,0.04557160913989157
-0.34085866572975787,-0.09554787940394649
-0.015811625166409302,0.20000279942953236
0.47954473136731607,0.17526370194936042
0.2774100864861904,-0.12311077321014569
-0.0727553886840755,-0.172726478349051
0.20846654489940064,0.10620694551346126
-0.38276953346435394,-0.17902457362552368
0.046355665295555265,-0.09617683460505444
-0.08459776575576862,0.17934033691038523
0.1765067662512379,-0.21865149618325497
-0.09687977950958158,-0.24012794339639196
0.06896867175966773,0.023059668255503388
-0.1621231391545218,-0.06925163370749689
-0.3129948303705402,-0.41053674172380705
0.168309669360147,-0.15090821364721094
-0.47091518260303156,-0.031711189696238866
-0.03369568632626445,0.15524692430949913
0.1769067410292713,-0.05883315835481317
0.1557546176617145,0.004539618856759219
-0.10102765797713473,0.20061499490251522
0.24539095250697213,-0.14333347836865531
0.052456427878288706,0.2042815565851568
-0.22720204183709475,-0.040001136622142386
0.13167322419811095,-0.2759284569302788
0.013060209567728692,-0.04785413051195777
0.2824474952863264,-0.3180096474827275
-0.22087364696704279,0.4090174759873849
-0.38044783694875456,0.20365167907756512
0.1207997345443725,0.34039525436811857
0.257095973192468,0.2996142663942274
-0.15808928954119508,0.09661804578089232
-0.11068171340603454,0.24560530890878782
-0.1471357794746475,0.232395471416433
0.5038272761862469,0.21366563110764472
0.25980521290574904,0.1639157105275194
0.35607693656868405,0.0375056844977918
-0.12344236695688751,0.22899046689671726
-0.5984939735368449,0.10496272201210222
-0.07424962509864402,0.22767900648147352
-0.20648534510920985,0.23531634897733883
-0.03985196801251928,0.1145069923304225
0.389385175066397,0.25058365167182406
-0.2279471551415738,0.07486644130530752
-0.1547203260691761,0.09369298640840248
-0.4801729469976468,-0.17832046743186936
-0.4435845202096672,-0.3927781713685953
0.09113985380997652,-0.19278249653179075
0.019440895676364034,0.12173182024968054
0.027461795383856617,-0.03157819104358992
-0.22067779793639716,-0.27043773011354727
-0.4139961040897727,-0.31771513530732554
0.25799549997567794,0.08507907369809324
0.00852772624286004,-0.20980396796180292
0.18405744664833126,-0.08811458480327365
-0.31578031962610686,-0.09016536684544932
-0.1064352687505779,-0.01127933848546652
0.23663092957261186,-0.28510639708686103
-0.19713496744312184,-0.16000154210105924
0.30040966495248506,0.2747026114625995
-0.041699162540805544,0.11377589970481868
0.1706206538030833,0.11789004772300406
0.09373755678550566,-0.32435262701309137
-0.03930173843121746,-0.33873326764807926
-0.05484596486261962,-0.008029018210498475
-0.039054803532332136,0.18947659611246398
0.45362897801766494,0.0032011368789909
0.30338670355196756,0.3581928328473694
-0.010039408663397451,0.2843262310265064
-0.23280674459454173,-0.3884784419393197
0.017171656000710717,0.1496567697509844
-0.10102356795012471,-0.11981599908445201
0.3853901406540404,-0.20904354806972614
0.04726252139462898,0.05352150462850697
0.22415528689711575,0.18600395332093814
-0.4965630127759795,0.35502101497451305
-0.1456972993877786,0.07053961496728997
-0.029226797123025207,0.28324579526837174
0.04901445615659634,-0.2109237058845396
-0.38106472458142193,0.26794123809282605
-0.16141280537794161,-0.10796487038413322
0.39052658037636084,0.34644597894020973
-0.27722356893149247,-0.17839832124871877
-0.2169332269749987,0.16404090606098218
0.08197097804649894,-0.1655503772545553
-0.23022644325657549,0.015374858411700642
0.3066675385336799,-0.22655473879138682
-0.24929209066873834,-0.10089789902129967
0.21427271389947133,-0.14391817705588403
-0.35652590367101644,0.20933785435036867
-0.37840649325187264,-0.3892336365200559
0.1860064022582729,-0.08397649125159103
-0.4133937463797822,0.3216517162863806
-0.2058748604152513,-0.18151173722077465
0.048333403547648014,0.3243855842672848
-0.07643414346755965,0.13304750549905375
0.5026225943006157,-0.28663590320173926
-0.8723378970092008,0.18934709428315713
0.43003208229182105,0.05498257390600317
-0.02739960922853365,-0.038719734444978095
-0.019285682436940496,-0.14934109509010846
0.17213558103859122,0.02458629599943707
-0.021769036218749597,-0.3893688747662495
0.08279486467824902,0.2513722170785002
-0.09955842278339179,0.04601624987759976
-0.002685306108648348,-0.07984736990315423
-0.6123886430875213,-0.21958171452812178
0.1538943695217049,0.2505066723539107
0.03770474763719325,-0.6449856393952961
0.22228811975744095,-0.45029823029363353
0.0612479627603304,0.23339012411925802
-0.05210910995555131,0.11164816866474436
-0.07478905108329442,-0.6562437923020151
0.18301196468748518,0.05819656504325962
-0.01977184874542486,-0.10533849453047577
0.37415554660091943,0.04420678968685642
-0.3912426869683442,-0.45799569970873566
-0.08529830027483351,0.16739097865427727
-0.052096853844283926,-0.029776112568375694
-0.0981552856925176,-0.12409096057135847
-0.08893280753576659,-0.17203247145013592
-0.7005623461859096,-0.17963992569487053
-0.299747400505677,-0.04206209662715824
0.15543097809851716,-0.28796221900312885
-0.03209617352130678,0.056230115028050254
-0.250474370572151,-0.12045555130904538
0.10156258095987689,-0.046299782261316376
-0.16751494052051694,-0.1472443765484008
-0.07847532985761731,0.057050737045329064
-0.17645843038014294,-0.24069639778898036
0.2303379438176897,-0.2052565343694268
0.05412871082151722,-0.10173756464944461
-0.08558046337811767,-0.23267568843343353
-0.11821847829487478,-0.10570334641536747
0.27427068489560696,0.3683417759831081
-0.22890450552555916,0.07703336189907738
0.22551441526296095,0.12322077196338249
0.4629749283239691,0.3327267571212364
-0.24459881792058114,0.16491682515793873
0.1480811736588665,-0.0957209714669817
-0.3251355038835711,0.25309787147802987
0.14274488998619325,0.18670391862623084
-0.09503047660680355,0.187670644791239
0.35675036519401343,-0.06562635941697209
-0.06519897859893974,-0.18148365313548612
0.1472774658472375,-0.22939579463276652
-0.08551742985507689,0.010544288728486648
-0.06459435280599381,-0.4897744991523215
-0.3235069230473378,-0.4920352987032737
-0.6205848078202879,-0.15136934380496586
0.3260205336514552,0.1281750800015758
-0.15396548205058128,0.3140754327460003
0.5872277809601175,0.867075131173252
0.18531545142783154,0.1827421684995251
-0.16298934472163162,0.28531014685422285
0.04285421837974956,-0.30358848818410084
0.33202124344450334,0.039514191580208066
-0.012066627421914493,0.12901791289147543
0.21862912411166008,0.16591864952857682
-0.5041828157650932,-0.3228063359109332
-0.15408797491596718,-0.23180920165620386
0.18544436878096843,-0.1193131231729259
-0.4087094486940812,-0.21438531195438917
-0.04912113722424243,0.08110804345137071
-0.2712168533554846,0.2658710905303743
0.5531259867013555,-0.19533602972805536
0.11627487639143974,0.22620757262743646
0.12158325250374724,-0.05932675243643999
0.1662317171851703,-0.38027064527808163
0.06135833916530162,-0.1701816939266831
0.2320197665184123,-0.012193719108652563
-0.08141129420997746,-0.03350272642133597
-0.598498582437686,-0.2904809160916564
-0.40771551826884195,-0.27624053414721833
-0.3491393727524623,-0.32372497775074793
-0.4727720062323061,-0.22683125503409118
-0.5793679114454745,-0.29307508535992
-0.20422186089120306,-0.13139068455074923
0.15743482338961062,-0.007647411224930495
-0.13903853871877803,0.11098234991484505
0.08756385266352791,-0.21194499610051362
0.26801143893157764,-0.04477861403901079
0.13286924873393816,-0.08323552484231986
-0.35754474496095456,0.4519098726187325
0.03052177389204657,0.2573142361530348
0.16548238583174582,-0.19387202049462207
0.4910809462481729,0.054924229694106916
0.07839195242447439,0.2583545179567799
0.7435352650306419,0.47537725305000667
-0.40276957775665073,0.1611533464272763
-0.20364000707665003,-0.21623259282508445
0.0946419576909868,-0.20901577780434397
0.16555446212502428,-0.029718588310877734
0.37621867079269644,0.05104959613548728
0.03334591520972783,0.11593183650398088
-0.10347300128378521,0.4477783389192186
0.1240203519293224,0.11525642956257581
0.11431240799725129,-0.27864522372092054
0.16248162378183745,-0.1380179022534553
0.733709455105026,-0.42138469085012453
-0.25164689267064083,0.12162553852871207
0.1324627327226848,-0.14478321242427417
0.1228867460993914,0.0071823324098304105
-0.1283633199686223,-0.08581529024066616
-0.11797832709229861,0.3791189443696484
-0.07275283037424529,-0.05343559269855572
-0.12667185642321768,0.30475619188772674
-0.1786685704166073,-0.26152151464413387
0.10916488457800544,0.18407577293838268
0.17062177358138822,0.49492897049982715
0.06807967692497348,0.1869996909564516
0.326070045999389,0.10945772582451524
-0.15287993390695614,0.19189991682327956
-0.17095854433039895,-0.3723518945119708
-0.06076273468854899,0.06916189960530489
0.31050853765381164,0.13743547029027314
-0.1177746066067685,-0.02402860728746081
-0.9175202683955154,-0.24402530292971047
0.22244612708599837,0.08527045906787963
-0.07051288196174733,0.42716611037851254
-0.26465185876880015,-0.41045552695768084
-0.5532207284136509,-0.011226546169028401
-0.62123013174838,-0.2028470280592629
-0.2850796271738936,0.09446508253702296
-0.112562711874619,-0.029872400981007272
-0.25716124707471477,-0.04681138092089609
-0.048310381306551804,0.032580389812863944
-0.023054959047128662,0.1072713065056877
0.08418495511196518,0.14156893955367988
0.3235222067190392,-0.15222806890239704
-0.3676770898262659,0.0923291553647394
-0.19386888011156625,0.06709618597211067
0.4217952253166071,0.1109270606598504
-0.15104253371990906,0.01746041042223973
0.00995476173963781,-0.10298620612119022
-0.11070276439859816,0.1205094506716577
0.45779261497333457,0.10789212404067594
-0.012596029958988038,0.0425323696810601
-0.302445488036005,0.4492112792471442
-0.13213269786599446,0.30193483072410104
-0.29038099821225194,0.13351498465134817
-0.03336580594851725,0.007049394499284881
0.006473469671724449,0.20678084812099237
0.505009467853547,0.21441545426762407
-0.028622084213948344,-0.15168923167463472
0.24661931056499625,0.036842077779447535
0.006138174004815017,0.4124327406241517
-0.09327378066958758,-0.4262580094771572
0.20149823104285902,0.06541239840218092
-0.18360543823857012,0.06295470934600726
0.41135601445910264,-0.15549708156117661
0.42128940699617834,-0.01694346146937551
0.2326109816094629,-0.3030861453028056
0.2834720202891973,0.24686369558149174
-0.1697991794686211,0.46277624609140094
-0.1694421614472381,-0.42146000948665074
-0.579672177281905,-0.2428940113134368
-0.024941414926971398,0.46750246803796935
0.028460784344755387,0.021948243143886652
0.24800828867428107,0.1331674023315033
-0.1761250269172722,-0.27603511819548043
-0.042518450886230685,-0.31794275969631275
0.3778836669129042,0.27427328616008173
0.1174383990118595,0.4680934476175902
-0.11788326772770054,-0.022242597350206984
0.16745551430243413,-0.30028834453179915
-0.1677472532736753,0.058350312253964885
0.4710070142733141,0.28361072773377743
0.0596311425326919,-0.29960176163122826
0.06392035929242097,-0.17327390219264013
-0.11699715374910756,0.2121519063429589
-0.4336326595052357,-0.1642449780934284
-0.12387821702789391,0.2602077346426035
-0.20508747182405737,-0.29483125916471326
0.32618433286622767,0.1809637797213675
-0.07903108997886035,-0.1755900091421065
0.13634965918567082,0.11554066592664614
-0.3334074360339801,0.08666997661521376
0.021018449686592732,0.23510443218914057
-0.20079205028925812,-0.047561144129519894
-0.10221041593986763,0.061127031072140875
0.3650974881890177,0.45324840031920227
0.052210826616878314,0.49408489639551095
-0.1808607173993335,0.13913037896253136
0.19358272413452046,0.3104619360030547
-0.20069014896328577,-0.2633436827627822
0.09897827572786053,0.3630232378592595
-0.5993464896869583,-0.30715019263735127
-0.22772068954182262,-0.12044170379688868
0.1040370249741497,-0.052475152531205035
-0.2473553106891773,0.014947051435290846
-0.040705707092248314,0.0656694277496769
0.03341535719706854,-0.15531933518755356
0.024256562665142818,0.1263680094357411
0.031726179844196775,0.30763350837954434
-0.1738354440319323,-0.05231218701589869
-0.0808566748162965,0.14585008996394136
-0.03635000520819814,0.10251966608076957
-0.22574094095224673,0.10692518331419174
-0.23773281902211174,0.25213966402475313
-0.37067963679974636,0.4541957374683066
0.14336212498964057,-0.19221412673315424
-0.098529706372595,-0.1941802742601444
0.3270045885125292,-0.06756485765889506
0.12215117006155533,0.2279999257629401
-0.1764953851012551,0.23304733745908926
0.1082966979093696,0.10426261118984723
0.1929099888960508,0.08994910834081923
-0.059986588206696945,-0.16646408535473187
0.005885133306554828,0.00319331535688023
-0.0007730640579320916,0.4339274701353417
-0.08521694298134216,0.18392564560091895
-0.28828281292464214,-0.28695907139644933
-0.27477794620427004,-0.10125103488386301
0.2936254707849129,-0.12579884292425475
-0.05557556586751185,-0.31053567582068764
0.2854030452185913,0.31683710599015114
-0.37980675754967497,-0.2399161983681998
0.40708535025637804,-0.022139462750589978
-0.32878346075989745,-0.0012674678128000705
-0.38028190390396527,-0.1198311841449237
0.24541708364060472,0.2116842960937057
-0.5332145948853423,-0.18937834126562322
-0.2912152843105748,0.11987964819290166
-0.13508112355265672,-0.24359109357149195
-0.04650270363568578,-0.6098385076346795
-0.025359152442255343,-0.1477800215535668
-0.44488153450915124,0.020996928327190245
-0.1984591071971321,0.11538527056296494
0.19646340713257074,0.2746461098632627
-0.09324079746720329,-0.05532910393859702
-0.06513972682116044,-0.4378776149704945
-0.41336757376131633,0.1544728840645507
0.12833099901160894,0.006799476234517161
-0.0037592978332160083,0.190533451250178
-0.29234992651105635,0.02501349733111573
-0.03512805890625811,0.31218693988469826
0.25486263765142775,0.049155933946784254
-0.6791222639915165,-0.20316671544899131
-0.17060333836696717,0.011664333993326715
0.15064079848494596,-0.09896118789088174
-0.23813010437158727,-0.03006469672332113
-0.5237578949971002,-0.7193694622121896
0.18587871312593848,0.6278557561805035
0.03482170641088757,0.22856329326832975
0.28547203620398004,0.2849878877716993
-0.25452765260303206,0.08061202466804104
0.061077441892972845,0.18035096445136023
-0.2532681627837633,-0.2701756813314746
0.18906605833749723,-0.21442329953256278
-0.2960716561417857,-0.17107873152821118
-0.04355192492012797,-0.13579354107380398
0.26336178584608105,0.5902095150447213
-0.24303126209996706,0.1720300579779002
0.5667702511842805,0.3162117612668593
0.05793355555121964,-0.2771616497382122
-0.10083624818958944,0.055726299298719896
0.2572938914453628,0.1472653474549228
0.17028608114704946,0.1553002729670287
-0.2531537394402688,-0.11201682696536232
0.26775254990775393,-0.1667417900990456
-0.2816325939803236,-0.22062767363454405
0.24262097476385985,0.007319806345753782
-0.25214598927393417,-0.29925358448471795
-0.2398251602292524,-0.18741595577227102
0.18407209502884933,-0.0023696358234613466
0.0911657309105004,-0.09433488532848239
-0.15304326956267547,-0.08174792135084545
-0.6006642533069153,-0.7331757454921015
0.1481600220273244,-0.1263945909728709
0.43862084498446324,0.39790156503352897
-0.04450788490539056,0.1898032813205122
-0.06981209301732869,0.2912361200914773
0.5171808039705712,-0.0314174505750857
0.1051437131087771,0.3529666612813795
-0.08286522301780203,0.2002823889579943
0.0658216333682653,0.01727879822943205
0.19405176178700512,-0.26868332583103094
-0.5286186724049542,-0.18670268256225592
0.0038402290656778665,-0.07065374651600267
0.3541380579540289,0.16847415338962543
-0.046695616432154835,-0.0114474175925741
0.2079695819610683,0.1937353183039498
-0.37590504536184205,-0.11412204988192648
-0.2954744351416325,-0.28694077440478105
0.05249068350373599,0.044838979361826604
0.29048853515956075,0.16893164296379817
0.20048564880278458,0.3337953642207346
-0.037861753910097135,-0.07921455523266867
-0.2784900007114777,-0.17765299351007352
0.825035444393761,0.2466456231463397
-0.0011884094462168095,-0.21725240842698645
0.14597691288213316,-0.27374041983003905
-0.11790715672190598,-0.12166142878524407
-0.045237266997549125,0.3483397254384728
-0.1660038618467715,-0.07947245764257543
-0.14807569520736552,-0.26894923658031733
0.08483224181492652,-0.1400388458723344
-0.403228106354976,-0.18796828162016307
-0.06880500059449692,0.12546099246697565
0.02707798082341015,-0.22117763639334898
-0.1223945763629413,-0.07799722833125856
-0.17385455628845053,-0.023275783958085595
-0.261104605456858,-0.3026431227473073
0.2819891401690597,0.004560396211790061
-0.08342893706884738,-0.1939793674476403
-0.3507919843966389,-0.382087580245341
0.28489240680899597,0.17131746300137515
0.0724441989915872,-0.21168476885932475
-0.06933603441244081,-0.03866621643561742
0.043073984633349896,0.7606942790361353
0.2279713110475588,0.05877231275129585
-0.20509477490665198,-0.024567234785947425
0.11782417377147468,-0.27551640134576866
0.4638678099542374,0.06655704342487466
0.19336661477663242,-0.24441681908039342
-0.050202275120499774,0.08019960914173496
-0.1405446738442465,-0.15431690360666953
-0.1703145520699704,0.07670681572911077
-0.015591736938816903,0.09867367967899764
-0.39423547587501534,0.13051954118685008
0.14141759281833804,-0.26750660906906387
0.22640392718825997,-0.11081292298753394
0.3541940792545127,-0.005860496476401924
-0.10142971574642042,0.02174955159133248
-0.4528072874521059,-0.02369114404465467
0.16685016914970094,0.16088213881043592
0.3608859396761778,-0.11893336459406115
-0.05368741543752366,0.4399820456675828
-0.24904428466035397,0.1334805530082075
0.25442075445257467,-0.12611140732833556
-0.20798156582874103,-0.016819114486992897
-0.010466385890742754,-0.054773757561152395
-0.055643276523058234,-0.013737232807538104
0.3958561186361252,0.41053140209031785
0.2382777074294876,0.062265116113882336
0.13878897100705234,-0.03948945657472687
0.20646667874615268,0.41138920203976526
0.4070526404019267,0.4264049534503066
-0.3747075397932323,-0.08745339441563893
-0.11653372536146467,-0.31321901085057613
0.46330616215225406,0.15990806588129147
0.1276806471279293,-0.13775905979798914
-0.34796264162866847,-0.4434234823721977
-0.19883756702235011,0.08312578404120992
0.1803389821843364,-0.02873739038539673
0.14815978927504544,-0.1546292987191182
-0.19505190611881398,0.06190106377833023
0.22493700044300693,0.09949721420842171
-0.1524199429102472,0.17930377152929897
0.26368483131633236,0.12216698921261562
-0.07512613706429698,-0.010243838499134945
-0.32881781853990766,-0.12575955559418414
-0.16375784084491768,0.39118146921937763
-0.5388123665649227,-0.6073926049791116
0.06604967283939855,-0.038232409979331236
-0.023670523342745456,-0.2554597748134849
-0.040573425938070506,0.049186493932410105
-0.045877806312495856,0.05491137831684818
-0.08967696879330783,-0.09490702874692117
0.056508072875638825,-0.1677664437894837
0.02809286846048109,0.1499981945697516
-0.3755843203615691,0.03431232509722937
-0.1817098291041985,-0.4279970512043928
0.07658591691625499,-0.04983332455396348
0.22703582227268276,0.07478638334219329
0.2193875338306466,-0.07023756537807563
-0.14398885402554212,0.12416925236513421
-0.1725772719520586,-0.29136805081547906
0.002709405959184045,-0.5553953606120431
0.019784652221709588,-0.09953934651001455
0.5024793737124558,-0.02603241209566274
0.41763533665951785,0.7565144607483204
0.02533577761341415,0.2962792392274799
0.19129885619617512,0.20900580925893011
-0.15300516112084353,0.22323475477881685
-0.14969202731036446,-0.07869198311762379
-0.09041047539501601,-0.044695944065078035
0.38495905001410696,-0.005076668089874475
-0.2462709482670765,0.022394406960202416
-0.26500815829732005,0.34288326643855715
0.06198094306762918,-0.2851630414263217
-0.08340426500314709,0.1789098130273585
0.009791524369991846,0.1141923090057676
0.4934473903285033,-0.3312974352628549
0.2896466591551978,0.4306144590019476
0.03690862252134847,0.08012925345461272
-0.11200559711701587,0.05393858620624394
-0.08707936431349879,0.19570791892075032
0.049140083672298614,0.009352826003600809
-0.16492717708613758,0.06196459617557078
-0.2993965949106559,-0.3705096984228515
0.1339489845018784,-0.06719540496668214
0.1578992648832198,-0.5704241703101816
-0.2202352260315676,-0.024768364364502398
-0.015643500168528807,0.2187823248429582
0.15112964125892242,0.26578254454876493
0.050193821924759845,0.02396774844255748
0.07887485381768412,-0.14224450655192472
-0.10616339812986131,0.16863050236082144
-0.46405001252566586,-0.5269970315020548
0.4469290377111662,0.09312815790878029
-0.5364898129229257,-0.31877687434773067
-0.28421360097441645,-0.24530800381522483
-0.28690942073168557,-0.04073463685403988
0.10921868725737577,0.13960329963075882
0.17327453247376334,0.23347315679736502
-0.14411187313969043,0.20428745321037997
0.19145199260198398,0.14577598152756988
0.049270856244652876,-0.31901499502348124
0.009957539384942302,-0.1980327454092742
0.1257361217694384,-0.0462081464807058
0.15906736184355466,-0.005005915679285594
0.5089146048488533,-0.1395951147348775
0.006341234685885253,0.311647871082437
0.27347952932672087,0.40011050421652455
-0.32403772782813245,0.25804734226736104
-0.40413277558263994,-0.02650318813002327
0.03862129768893037,0.013333005783732104
-0.4808235879846989,0.28653058935881554
-0.11323371579764607,-0.26541593644862077
-0.25469463754076954,-0.3801889055470022
0.024039054590180277,-0.006660971649654401
0.37882219329814343,0.5025567493244284
0.2788478782642531,0.007663080392182732
-0.029236098755441968,0.16936637573121652
-0.4628745828441968,-0.0637146674657364
0.052273090552087335,0.08420941996576542
0.054857182581183474,-0.053341461072756044
-0.04157087020882245,-0.0784910304927688
0.263818206020698,-0.034391553308009984
-0.29584602534800036,0.048801277119896645
0.3120798372893019,0.09612196690648711
-0.11691095136816092,0.1306980029581551
-0.11467134539036715,-0.24566704294666133
-0.6094086614576565,-0.16595047614091288
-0.1485416367382333,-0.10314503351620932
-0.27449413613361134,-0.16081454121004507
0.08738595778818277,-0.07932860885124696
-0.37919301471228195,-0.04186266691120856
-0.6005447276372411,-0.18607638342293364
-0.18062011904326086,-0.19071224838834355
0.031882037472617905,0.5031793830355792
-0.17133076609524628,0.044806671721819465
-0.5345929303216996,-0.10839812617324154
-0.3393716996018468,-0.24999798677118662
-0.2636955631533549,-0.3357405629700542
0.5158375186656979,0.11001541270284669
0.6102589394483728,0.2860629035423937
-0.2580601363508253,-0.2542994776440219
0.008294319096116802,0.1507722919244665
0.05363562356409663,-0.014892465486294415
-0.45919298978805034,0.07645594042440584
0.0862108972766113,0.07677106541105
0.1576044621109372,-0.24278629914184902
-0.08085294637482611,-0.2780631537544118
-0.006613216184614442,-0.1806385316431837
0.07250895618426102,0.4785762418201055
0.0666452049960051,-0.15699843444502234
-0.039665556191572575,-0.3410198062640879
0.001162487221457318,-0.2540248928642034
-0.0034119567309759537,0.3686145699198068
-0.07024686408337291,-0.3316591427736412
0.5458265563237684,0.39628753481641865
-0.07069260319603499,-0.04629923545275843
0.28087328573173614,0.2445055421005033
-0.028355270428675073,-0.043276757331650775
-0.04667525484351743,-0.2145198562126907
-0.21532342082336545,-0.22177622403324773
-0.2722174489532862,0.3384316237441927
-0.03410235602609245,-0.3173574903567172
0.3021195836966717,0.200101741081164
-0.10241186764400469,-0.03455683095610156
-0.11866110464958839,-0.3467753576412533
0.210777939649636,-0.08515762541830542
-0.36651246669057214,0.14720755597451485
0.16163078333680303,0.4084130374954359
0.08919668910415102,-0.14303954214600023
-0.2832945314303888,-0.09809155421722737
0.05440059549902767,-0.15799866175169566
0.05320737788172219,-0.13253105871211637
0.39365250194006335,0.27091592559029504
-0.10689361770102593,-0.2855052436893043
0.19622269369888276,0.18796513940143098
0.1990657267238129,0.39101509168077603
0.30459099837564285,0.2811070014671112
-0.02962474713393197,0.010839782091096713
0.0010549853018368201,-0.006070319912934953
0.20341496977696366,-0.2387036424583148
-0.9534856417921775,0.057193573214833905
-0.07379703726718852,0.20829883634026441
0.2642331750975786,-0.2965856651877552
0.2609168694197725,-0.1762353087208418
0.09581300154018678,0.17880146832212473
0.2875667278780912,0.153136167452897
-0.1125110598075493,-0.3082167338086494
-0.5084351996357418,-0.005128075656754511
-0.036996796216091844,-0.15508791857999749
-0.21707068043599217,-0.1270340255920163
0.025787503679435626,0.11234182762781504
0.1566096570271999,-0.3957779294244505
0.2694525938513525,-0.18010521726636072
-0.27529005760115366,-0.44124830253288905
-0.09008371230715284,-0.29507743635747846
0.29070741583433934,-0.27273177063047144
0.3581259075304626,0.22126144188087093
-0.38396635396621936,-0.2344783682904165
0.30534521208213083,-0.09102700519670517
-0.15635880684390113,-0.28247756520191936
0.14520785442353865,0.26371159527661686
-0.219433792599375,-0.011955457743999302
0.018355263939259268,-0.2869729620008864
-0.21076874659495917,-0.19675033369712988
-0.12847241448606816,0.5137514741171035
0.07967554631955216,0.34381875155385466
-0.3589841357684659,-0.42328256398126607
0.6475529592318633,0.4338523635641914
-0.39146449996605026,-0.4546609626889925
0.07261602259991061,0.13095948928568799
-0.15400226440889608,-0.41628634555960486
-0.6245901195123923,0.10170398134748149
0.18108833946096273,-0.1064380179020524
0.20269572199538516,0.11647473382977808
0.14335737067745025,-0.06050228449115947
0.05929457389282822,-0.015547023861000124
-0.10664878658273988,0.2057403113278808
-0.09034794177564674,0.04518328115923525
-0.13000825029969143,-0.007158353992341484
-0.5696635915423965,0.3436497116081005
-0.3462731719598411,-0.31127685029875607
0.11281722374357649,0.2036891687164751
0.25290653121949147,0.011704791421331696
-0.19663487416542283,0.1923131636508827
-0.017494789881354167,0.29339314884843587
0.18461486477155423,0.17741213486519622
-0.06993420393588007,-0.3528131586453664
-0.11253809494576862,0.4847070717145011
-0.3580912410349122,0.3352905960977469
0.3074999645261172,-0.37477062606800343
-0.2660992258384693,0.2293363990242472
-0.11144469395468452,0.0030788480214987823
-0.130543166897732,-0.03379908727100558
-0.4699945736615785,0.3283009229380946
-0.20948327441680362,-0.2736912486616943
-0.07490151285445262,0.5760794294984829
-0.038922973142940125,-0.34161417709255265
-0.19186016607678832,0.025818167731845074
-0.3992765538399838,0.12431744596470881
-0.07599153666803445,-0.13878917361011037
0.15754056890465645,0.1538082177129328
-0.4869187939435607,0.19717637272953129
-0.13201328695398368,-0.03549271049770523
0.6066230361025349,0.006178560735639271
-0.09600032354409328,-0.04173965418083607
0.025979040275034053,0.2644911089307228
0.10293838232082456,-0.506953400300969
-0.059095898506966005,-0.03268560350320937
0.1289385607542906,-0.05767008865875383
-0.6070723508421119,-0.22369370797711358
-0.08030060451115459,0.09437941237096811
0.06679132213017681,0.19661777037223607
0.027753897616232835,0.051441669651054796
0.4517309920400758,0.3837338300738577
0.3092005734252725,-0.18422886664675714
-0.3839795266763089,0.08246345484590017
0.3220513220364385,-0.012008017997742471
-0.15118187424596466,-0.15518141638804553
0.10734974232072987,0.1700225864982696
-0.17766008812917222,-0.0790556975848337
-0.05383164558441159,0.2478042639854925
-0.4307540001337426,0.19212008726771604
0.16542505712776912,0.029082384232156124
-0.2648576359754489,0.5797517037320781
0.26309506697905816,-0.05498356168338913
-0.21701332600818452,-0.043793715588253554
-0.051578776616676925,0.15268160706644737
0.1218909283150724,0.24731162794468067
0.15081440108482635,0.4503831627853905
0.2296986938495434,0.01951361847329702
0.21514499417745253,0.25901530013104385
0.2992136608481004,0.1976205100869297
0.0964199755507876,0.2173600192032815
-0.4472820662180392,-0.08113661880071305
-0.35434139050464575,-0.061271984636139594
-0.25841787557094964,0.18639059927817028
0.08009732231152504,0.1371350353672411
-0.13396027534465343,0.1264771048071535
-0.10500894430431304,0.012244101283523098
0.1091039329500699,-0.2455613722333157
-0.356023671877021,0.05383090269310571
0.047258537416264866,-0.0730020445827654
-0.5623773089486092,-0.5222309428289834
0.14857183943919183,0.06658859047107978
-0.049245764990300235,-0.17109747272943784
-0.12781773164556925,0.2218795484282896
-0.08792254163636433,-0.11946639395928575
-0.32954137919518345,-0.11787442523370815
-0.26168402315708794,0.21987099043634536
0.46932058212474376,0.18901548392598969
-0.23708433604367085,-0.29079618927662654
0.021509757201296675,0.26374634764300514
-0.6228806536504367,-0.34489299144544117
0.47216755263247145,0.023586561218342073
0.23215006147495335,0.3486539538637127
0.3823382525607945,0.3110748325924479
0.09159504618299308,0.25294429534115964
0.15704218470649103,0.10042080831875953
0.06748116408647468,0.2779722801210276
-0.07859536968847358,0.4842406499693993
-0.3205607485753159,0.08414802704276882
-0.038688659912015165,0.124299232413419
0.25169252410848325,-0.22886649469567832
0.05375943128938657,0.3739236238187303
0.021474816574216318,-0.18791392630426182
-0.008418611616223613,-0.09490884956337052
-0.19034996450025254,-0.27479292875084804
0.11292390801083774,0.3134004349808727
-0.21544651178383725,-0.18186146097567676
-0.36394224096593697,0.03522322337637898
0.04168400159516239,0.2795574244946285
0.06133047102174481,0.1492110066852975
0.1401077898308893,-0.16540480301213992
0.007256517114014965,-0.16220225910605626
0.22685211181415774,-0.06724654657575596
0.34221204174297337,0.14034712880976563
0.030147012661983927,0.1307757784928145
-0.2223678172464749,-0.2227430791550187
-0.2944363825841999,-0.10648698573433388
0.24427465170817775,-0.545836831229592
-0.14821469071467583,-0.205836781946119
-0.15365951282593396,0.16254982902714746
-0.13153584491070344,0.3174185903156514
0.45636872985729054,0.08658232957289089
0.48696506054462924,0.0951335316603435
0.17884453140885082,0.3013662667163775
0.40633040574848084,0.09606400832075843
0.3267732543959743,-0.01471643091987344
-0.21096052270730337,0.15996419999646258
0.00823867252085289,-0.15213811008570388
-0.056734631288734336,0.12190328261108582
-0.012671058646162595,-0.4204685793686021
0.33412270197702126,0.20439706745294556
0.28062094049969943,-0.26025767532178773
-0.14300062027582963,-0.22030092263669934
0.2030626247718644,0.12867457485050246
-0.10117962879349676,0.1225284767172486
-0.4228541988514993,-0.007802778595574451
-0.5442263871146844,-0.2185808589758144
0.1474077067527114,-0.16841827463138448
-0.02803112513526774,0.31004786239595483
0.11063607515196537,0.20140989604742968
-0.021317766245332038,0.12612515543900685
0.4572156658538505,0.6761918139909808
-0.19791188607614874,-0.31252902946674743
-0.19902202099259855,0.16129333663933393
0.5012989455176389,0.654791397320649
-0.07027493208417802,-0.016635083367548802
-0.5905377279955383,-0.2007246012599359
0.046435773722822406,-0.033063458536618434
-0.3521496341684597,-0.41552159266821087
-0.16062611437630267,-0.3877737409161
0.21941797137275534,-0.08050094946264078
-0.24097098308133816,0.31120881380790977
-0.21822923393007682,0.2932848114871263
0.08373167362768273,0.17273177901431366
0.01717454992156474,0.24659260249031104
0.32571887107831365,-0.010399554635215393
0.08338892326622374,0.3568302204171578
0.030288442037597153,0.48519468157914636
0.21592599594919828,-0.010432339200063753
-0.149625014230648,-0.35884569582587966
0.0773800883332889,0.23635746839426527
-0.22434931154843038,-0.28048809826355814
-0.15153054053657594,-0.4505372733839729
0.09731265801742207,-0.11664293334038385
-0.36813582506676557,-0.1849243438987502
0.3981313171588729,0.07380833505479904
-0.438583354945361,-0.19460246453206018
-0.43724468949420303,-0.05334244101069486
-0.16617143019020886,0.09409500026563541
0.1758654289054231,0.2616865898984918
-0.12401406488575216,-0.05723643710201163
0.36356444383493575,0.5611180879585417
-0.31460615243698425,-0.12852543844189776
0.14917309383484953,-0.04914728558876429
0.5238485335066569,-0.08230380018774211
0.08647153861097286,-0.41480226435344825
-0.3535682463284264,0.10095734738415699
0.1037639555835944,0.2994855413728757
-0.3413580503587709,-0.12457164446319666
0.03024170162897734,-0.05023644307244432
-0.06742532498330694,0.15659929471934125
0.0754925698574111,-0.008296344315381385
-0.05152171803050995,-0.2167386233544131
-0.14384467639857434,0.19291820089761388
-0.08302773467368083,0.18450929099171515
-0.06900421215489527,-0.8145629903270254
0.3291055603976088,0.17827773843857928
-0.3232634199044504,-0.3260280691622618
-0.06087042775724117,0.053887534671125115
-0.3030262190400313,0.02447292735276781
0.6279269000112137,-0.036339274745394896
0.08487939490852946,0.12358201605186302
0.0010213311992567527,-0.49013272165401706
0.0006225592876530916,-0.09405779639664932
0.10099188133274821,0.5033011577800879
-0.17773623516609185,-0.32729621068678283
0.23738125803713792,0.24653543375827644
-0.47798430792389773,-0.20337383097444475
0.027688062132753603,0.4628334597726949
0.1332162768728636,0.5585033180014793
0.08197007853825221,0.10357466881824988
0.2924000400447784,-0.27606581277189285
-0.6108014989665262,0.4915374319175986
-0.052297135478435994,0.3853325305659702
-0.13565616782177053,0.3738299731096756
0.250551892235345,-0.12347145661994746
-0.11330624845445555,-0.4673018648163766
0.2577016945083486,-0.4079318142326876
-0.5582245057342137,-0.3767536249120512
0.05523668365587864,0.06479568671322104
-0.4526864639876181,-0.1487052826678197
-0.16828765473491242,-0.30934643764134306
-0.04964547583575808,0.155524318617854
0.2986341860548786,-0.18089226305279119
-0.20264424551098983,0.05782561290624151
-0.21796412026628012,0.018817649718195294
0.011123539147860306,0.9603137658210174
0.11355239568839587,-0.16086993684208176
-0.22541327474473374,0.020520470440902838
0.2944642098511871,0.16709629763516876
-0.12961796650195748,-0.16510239275573899
0.2454690125343324,-0.1789040056402622
0.09287828991642584,-0.376918982720337
-0.19440214698246916,0.1564465331653114
0.3304347703581173,-0.09585219752770587
0.05967366475251305,0.05032444751992492
0.029187626799045154,0.2967824094416711
-0.5270690891258726,0.01988420422445515
0.2201035089691493,0.1759679954750719
0.24878732249577298,0.6531010732498297
-0.3055360317535089,-0.1842188537358451
0.49013812420068037,-0.02927005311063775
-0.22945045686074714,-0.28275393818750216
0.26332236511282286,0.2886579472057788
0.5897311860779283,0.044419376669449714
-0.10460428930470014,0.15416504964967423
0.09431947911209347,-0.09186271698367124
0.09412003900904918,-0.1492276932367872
-0.10456221727196559,-0.1593003995475492
0.004467659706297755,-0.19227837430935496
-0.4767135218826118,-0.41483945494160684
-0.04632843012267877,-0.44533902663436886
0.22682160608718185,0.0879554989378006
0.02804670546413021,-0.0999710981848207
-0.16466755266277716,-0.20815524862599444
-0.3401485172279412,-0.06090942319549285
0.38884208360078754,0.05258936067864629
0.004459844306489119,-0.4073598174608738
-0.027209463707071193,-0.23642673163256497
-0.17133327273935323,-0.286861157748453
-0.004944833786122302,-0.47851390512005626
0.03244382348069973,-0.01830950567857449
-0.3846430635108127,-0.3194866232954934
-0.1719657297088716,-0.46604943001816085
-0.08938484508693773,0.0007319455773865622
-0.35219573609442945,0.18571620598512095
-0.04576195060445754,0.3490992299569398
0.222208507150954,0.24394600758247129
0.23698220299130535,-0.1589885620511501
-0.109355273416192,-0.11198234833271647
0.0985830627185432,0.09331147652518956
-0.049152825617088156,0.01846509760776044
0.05581474911594516,0.2952506027043403
0.27338790239453503,-0.2340717066984919
0.4047684630421701,0.16722392394883784
0.23373664222093413,-0.3544524943158541
-0.34695277858274065,-0.23888163284209588
0.2742483356167008,0.24689250628611328
-0.24982513216034657,-0.07468366830430849
-0.08279928298510766,0.2083365091653002
-0.03754496522594381,0.16089275757861984
0.07556083282574463,0.23684105824661192
0.40200278947348916,0.5937255020833127
0.12375716709296317,0.32885785653559996
0.17578589546584292,-0.28551719139320575
-0.2394494046084888,0.1824454702380532
0.07095090094655124,0.3727378200703631
-0.05478495819859553,0.1713733119969434
0.6803323308074085,0.3634271306558512
0.9468264228826504,0.051575303688499344
0.13870768430739752,-0.15500030458280267
0.6032977552945791,0.4706322162384351
0.07734696275413781,-0.07807675568079157
-0.10937399918569116,0.11168207607905088
0.2244795124077525,-0.026887900843236036
-0.054529488489002534,0.047466305998569915
-0.0323340364596917,0.21207352031444004
-0.08199100855335355,0.04529981472301506
0.017351787158570157,-0.021716566719025252
-0.07740696394570099,0.2995042109082756
0.22988714749762948,0.07123709292788225
-0.06377064703839104,-0.01644501534926959
0.022691472429499784,0.13626968105565887
0.20069227793575928,0.07031818693557795
0.006343334145385046,0.055137677800722165
-0.05682822603218253,-0.5908352021400011
0.1680760560866533,0.4088096045324105
-0.5071669406670968,-0.15763576096277132
-0.16468852164172484,0.27936503834399834
0.06983676467640883,0.05779018081698772
-0.22470578733538185,0.18858504875258836
-0.2099538400880456,-0.0028714092619762342
0.06917433608478313,0.25894340181382813
0.4618921469105881,0.5036810697254352
0.27490946655373905,-0.3326396971046657
0.5163493737557868,0.33878464601722963
-0.06805871784343488,0.10669419526193608
0.29801063662044197,0.2958699283203376
0.20311700579142944,-0.17542032932280957
0.3581494107180812,0.3425060708683098
0.21914540148783906,0.4200131333893831
-0.23347240035293157,-0.10600891139190484
-0.004412542308874925,0.2047899462381486
0.20629734907548533,-0.007662101442558821
0.06573228796905324,-0.1628825346228952
0.40763042062874616,-0.14428194485784815
0.06305030961570333,0.06169957265181784
0.09878875634662122,-0.03986009991365662
0.009153335952750854,0.0857971269231674
0.5566802993054834,0.06964720406400267
-0.029532670838254338,0.3908467373379726
-0.17017648997205229,0.07710575822314471
0.130311783256651,0.005976149602855331
0.17003931903558073,-0.01078828836098457
-0.2719199160167682,0.2092953615575378
-0.5754923179532039,-0.22045528305889983
0.29941130339786964,-0.2009801830018912
-0.10713709865859625,-0.2839534949565757
-0.18225795828758717,-0.18015655157146415
0.03870647777734847,-0.09580484872711761
0.4653586141327352,0.0011812067716038292
-0.31420848021962966,-0.02322559410895724
-0.10897898204510534,-0.17847221090851226
0.200956771985661,-0.3563537116169255
0.41440409040004766,0.10460905281962729
-0.019919073701137525,0.11025560959295633
0.22748800755009674,-0.37107141843106733
0.012702397971526239,-0.0788087018953308
0.23505023863962865,0.025736871113670633
0.13614965724449787,0.31599481120210743
0.19239436274824076,0.03846207126263903
-0.006397803328163527,0.103424667634313
0.12194558795665761,-0.12675914625391965
0.03310692911992143,0.12963879088243932
0.5512067500597408,0.27215227823117927
0.09872513050375602,0.14771605757549272
0.05896481048524184,0.1401761612005021
-0.19655779872577514,-0.004289245160160939
0.1693514114468923,-0.20872913914008184
-0.20313452579318975,-0.2517957015824394
0.217287012286715,-0.17025450204621437
-0.03126333227223243,-0.2733076532319208
-0.12892665481238644,0.12791695183901391
0.15413374004701588,0.5009065155334097
0.5301825133583328,0.2898297947035332
0.27331484052267363,0.055181432028837143
-0.031568169080739034,0.11599887463695087
0.24308367805084563,-0.070831257281638
0.3601022201638938,0.30437965870409645
-0.22273548967852888,0.12852639470213362
0.07390769788363775,-0.1655345030349087
0.06837778772029188,-0.2600466556734094
0.6679881047214656,-0.10964573108515353
-0.47573776164577547,-0.3346729468599849
0.05547059198193451,0.02693296925641337
-0.03662586851318444,-0.004875937848454614
0.058761606810388715,-0.07229602841173657
0.3339886734371784,0.6439855710515107
0.08161828640021562,0.03265169769277831
-0.07367767183335339,-0.03981128469634046
0.2871835707147854,0.30379836852733955
-0.03338722016960877,0.1450641990373762
-0.14350574913792427,0.11966701113845375
0.05442881901617427,0.13546156802828452
0.16123993921829255,-0.3027624226402547
-0.05551333606742446,0.02003737548210112
0.39489415636966363,0.23817897816416042
-0.02423413165007189,0.28265973884743534
-0.3101885706681014,-0.13572016971394596
0.09927579876278798,-0.2653287056954255
-0.09337358096238813,-0.18901156906627486
-0.24600364981539483,0.1069719581508411
-0.012791445777858066,-0.00043914066022742316
0.1920028343221097,0.0360659936548693
0.3359326517438394,0.24239666176540256
-0.22693075190332362,0.019029996275895626
-0.5352823720660581,-0.3910749558321265
-0.41414683180223893,-0.49944991567503955
-0.27052287386061186,0.20977159461794678
-0.17671836093546023,0.012068683893149868
-0.15278755147653805,0.3557538005122569
0.3561181871339144,0.06893329224660599
0.35089131077660485,0.24021299223697715
0.025902766262649406,-0.11053505125259029
0.1267363267008093,0.22922632547114813
0.14817530647942848,0.06283694625530305
0.05620614967199904,0.1858012653442472
0.168436542364574,-0.053073382397417185
0.0664138439827265,0.1293799986482903
0.13981010822582163,0.37531986013283014
0.19670424323202232,0.20989349374044183
0.2861704636344977,0.004444051510905028
0.07155035718134828,-0.12421675938910647
-0.00525525802559064,0.09449262281359817
0.4113149114776065,0.20974960872757592
-0.09052179609570682,-0.6495422479107414
0.27168018926673454,0.516507919233715
-0.06249207156389278,0.2088718012735773
0.07752312044063514,-0.1413679064829134
0.17220568106704884,-0.1678800819872718
-0.20042705030548955,0.6706910488646534
-0.05408120713722959,0.13422492854559906
0.007567214652811909,0.6906821704627265
0.033701091863034126,0.06456743860109834
-0.13577715881340593,-0.28262009766522483
-0.30577669690774023,0.09889692956356712
-0.18869411851788834,-0.06973336034577912
0.2170750713801465,0.11919469837132587
0.20144806171562785,0.08875155660718742
-0.3394470607331902,-0.0518444146097089
0.06972718442190871,-0.2427824894803531
-0.5980608641545279,-0.18740931617634962
-0.1931364599234035,-0.014256098606833106
-0.24042505059145747,0.07935204821320194
0.23672039438091572,0.0005469800893571555
-0.4692929359154876,-0.17827087503630878
-0.027979656789615972,0.023345512337848606
-0.04870808820985293,-0.01766194387450932
0.08637757498947539,-0.20336024953110185
0.2596056680030211,0.3041362885491382
0.11410799755620162,0.36522779859795385
0.04359780287472942,0.6036498509928419
-0.23051474328248783,0.07926956822885425
-0.19302288079424018,-0.18916495263300132
-0.4262801644114567,-0.17704754837369158
-0.19916931465095833,0.10111916966968328
0.059787586717595605,0.2406192264471268
-0.10643212539565472,-0.0519338677171868
-0.07779414034264288,0.23693065598123772
0.2954943231257885,-0.12285576470057552
-0.2436496652634017,-0.18854658812949893
-0.05499018279747152,-0.11901186668841977
0.13903805908003614,-0.25420957145730516
0.04113931297155271,0.1422314458122215
-0.6619179229567904,-0.2739474204191532
-0.06215273073810711,-0.4891588209486488
-0.5083799661531873,0.19100518185495524
0.19662577006171683,0.09417649480467505
-0.022108516334312628,-0.0469173471992794
0.2945198272367748,0.14456987650697475
-0.4500971058557801,-0.1578146301919311
0.018553305393576625,-0.33672087429474057
0.09179320070126713,-0.1533084814096558
0.2830481169029592,0.06846260651746788
0.04483565825408024,0.10278652775350751
-0.6439977740324369,-0.5842680448850174
-0.07498782997515238,-0.24036202081787875
0.29455236355900577,0.1790955715913478
-0.03733663206581043,-0.03211975740228417
0.10615121196161621,-0.45494259557603556
0.17634811146206644,-0.07856381822821538
-0.2108868443020068,-0.14945973970509055
-0.02211589803956054,0.17647082221315988
-0.08360560600557114,0.14810881939430084
0.38472984561043533,0.43540649052873237
0.45664196824509273,0.2418723171070338
-0.06242249094732539,0.0221632338716177
-0.004430534505484139,0.062410425091007346
-0.10881239794190255,0.2080294873996988
0.20836769991670434,0.19054190621706596
0.4871300500028632,-0.1042114973750327
0.19490964486357434,-0.148347737706207
0.09368695324554338,-0.18454510144657463
-0.14113937319328038,0.4462591218777399
0.0925497785809118,0.25179246032103453
0.4580837508937194,0.38201107438956944
-0.22195421753255928,-0.09405973549042562
-0.14394908423812125,-0.10093506080591663
-0.17592731918355436,0.04229972054117171
0.016734447688503316,0.004611610935556281
-0.16348714158655017,-0.3476544152144882
0.12162408983901536,0.18015716566642945
-0.05983620642740797,-0.0028984525720061045
-0.25344909340705624,0.35198421273100133
0.17649465720440347,0.06671797283287463
-0.010877741889163989,-0.3235748845975433
0.1738755746796799,0.06272701214860804
0.20199454098257516,-0.03804534174461875
0.016738717940962447,0.1652197653401771
0.17359571483171507,0.46494339556747316
-0.13476921075617168,-0.40261059782566255
0.24047365954042121,-0.2493125197053911
0.2327279563205847,0.2777076298366466
0.22228372248173095,0.01137450680177413
0.11226414922005644,0.0345416895387736
0.4382310627725556,-0.43706977027707994
0.049278637661841124,-0.056246860496031746
-0.1399827081809872,-0.13251079425517534
0.4092694146503164,0.1576303922309176
-0.14732265066423594,-0.07232225981713279
-0.3826690769834341,-0.6098964939426852
-0.13337781319096564,-0.3376878720516782
0.11147049749533261,-0.13692944765150353
0.06611432285361017,-0.08677980047993085
0.20640518943264427,-0.26428295579435684
0.1513504913081478,0.17469801313616581
0.4684184525741247,0.43237116196309083
-0.5275993238747084,0.45191448183802035
0.05555252725104302,-0.5297352544966804
-0.16561701151727698,-0.12728336770577064
-0.2621262791087865,0.07093603648780475
-0.2658535965267822,-0.2790440919967665
-0.019521615708109362,0.4853302817060201
0.08274930682910467,0.012679882032995603
0.16678675311667437,0.13201724905134335
0.04846524053143545,0.04762554748543677
0.42334336822162666,0.19759461700533285
0.3039555513959752,0.5262228004378597
-0.028639806883060795,0.3908808392462744
0.19974959714578008,-0.12515400501150117
0.011260001750624088,-0.1292694243017947
-0.2299605636942407,-0.339782238171569
-0.21346510982127917,0.11275793974211935
0.09243844331401681,-0.01468524360407801
0.13538165763199095,-0.35214010513338734
-0.08056781173022082,0.03551011599253645
0.275363150725098,-0.2319868053782375
-0.02234824490649141,0.3996396042622035
0.3903345735510785,-0.15740627795678191
0.519178539481127,0.35406846402249126
0.0048676057890068986,-0.4578698660956339
0.1339407603455509,0.018693982967474685
-0.10960029063256786,0.1836323970270677
-0.022103810210216443,-0.12053504335410643
0.0872975557679234,0.26588020346826774
-0.3404043664113602,-0.24366790808766672
0.06663112382469394,0.18827686172259195
0.01514766013402132,-0.01503963001742714
-0.6568617964579933,0.05857375222529364
0.11803529622393942,-0.039248033045438974
0.00878038495220181,0.21778686744468306
-0.18940607020656047,0.4275761546367706
-0.2367609362267694,0.1124948664537942
-0.18446622822078407,-0.22018293256852273
-0.28092100112023166,-0.06383893476681593
0.3185999860561259,-0.21747928638638
0.43221526770165397,0.21107178353971456
0.12663105064123775,-0.021797341046571907
0.01602268686555853,-0.3856256509522019
0.11330367265582361,0.15679797681814747
0.2608948115374224,-0.01646472867818213
0.03418920946596535,0.23983433148015895
-0.4208900297017893,-0.07118686410040848
0.5821057501036122,0.07091649511681067
-0.4728077834626484,-0.006897977401452166
-0.12614251144554234,-0.13933309388743714
-0.19294629520250173,-0.04906446225835196
-0.02236520498248463,0.09869435803480245
-0.12664118743090427,-0.021381460933576124
-0.12256698556695764,0.033942921456213485
0.04242189683698808,0.001284796996255944
0.08327756743934539,-0.2628181209889054
0.29026940683766417,0.1377975250419443
-0.3124808050021482,0.0041181343097503875
0.43955974806660386,0.16171095934077748
0.2021115667225133,-0.4206938029744041
0.632842354629879,0.0010810937850686429
-0.17117396055597697,-0.34236451271368434
0.30952989406952647,0.2907032690458208
0.045788874842743375,0.16544453658944053
0.2452095904035266,-0.023040332830210723
-0.058220972953693016,-0.3930130183331692
0.09562113306653558,-0.2890203186623312
0.21611305480070658,-0.03279508198799235
0.24982685426836004,-0.029124554525171466
-0.05786102226166316,0.04910629659050481
0.12135247042599727,-0.010097868740620033
-0.35195432961076734,-0.20126596951772924
0.08100508746924585,-0.2734949205670403
-0.0919454337082303,0.11525338717488952
0.19665335994271937,-0.1756227541271987
-0.1266585922917385,0.09540861039127821
0.20613536560342585,-0.5667232801615015
0.11259331265076629,-0.14877742809052516
-0.04482433457378468,-0.16205839497851865
0.29980396391610975,0.20566116455469596
-0.10025870096736818,0.2801030953557176
0.12937226439467636,0.15924755732103463
-0.03788154312542517,0.1505350987763095
-0.7034278684339895,-0.03514547692424362
0.4255362109259436,-0.08150837905123123
-0.3488759658522331,-0.4859061062838752
0.037539648919053925,-0.013146765693742115
-0.10432371026607591,-0.27264602079023187
0.44352818382690157,0.20491197555795887
0.790276191799236,0.12800621626492925
0.04822302791735891,0.5897948161954463
-0.3358760251332913,-0.14657736790262585
-0.012376053487622158,-0.05321798208433478
0.027512331516132776,0.6451649861781459
0.06998888813105406,-0.4991053629553911
-0.23911609587698962,-0.3474879217319912
0.21166762209988976,-0.09273127590552153
-0.2033651321650626,-0.3393367584803042
-0.4208231494577563,-0.3801922760920791
0.262624985600694,0.3602411872348007
-0.416131625787077,0.44640300653811654
-0.15957570425446863,0.12806525261431717
0.02617399886917199,-0.03557456293021074
-0.08785768899573652,-0.08899352029962783
-0.1868394878744921,0.019256468700207478
-0.43881363592484024,-0.36688881005424767
-0.12323347892427673,-0.03889622181087838
-0.2433143443053542,-0.25709719492192035
0.11468704267496597,-0.22662137886606212
0.059722809967419924,-0.012330158797353816
-0.04999902704484068,0.4306633981185792
0.04413302326167764,0.18986359333321254
-0.19136234631404045,0.2542987659285513
-0.09252777874019334,-0.014041598970410372
0.3414832080153657,0.35896854323358574
-0.24375049716237948,-0.028356657535724607
0.2294966451627469,0.10076796749021669
0.21338584436344352,0.07973614562624802
-0.06738381722881986,0.10077461337295673
-0.2722934409107418,0.2704711915787392
0.3807755613617682,-0.247343806467598
-0.26430921441732763,-0.3968393155286149
-0.1237512502899335,-0.12511353204243197
0.4923250802814823,-0.22881570129322287
0.1331438344144263,-0.08035528641101632
0.021725164357082865,-0.06934571846766278
-0.3118845644491991,0.053468013964104895
0.2355638366766863,-0.1956749828846012
0.19059955878444143,0.08705416146578736
-0.4729467109999834,-0.04079736823206961
-0.21568458587014566,-0.43253464779269796
-0.23594062253350562,0.083327306178262
-0.14969380863343398,-0.29297293753491077
-0.08112949191756548,-0.049915791122269335
0.36121056318149114,0.11926452470800056
-0.05664449161204016,-0.12760594412712378
-0.40616697946417113,-0.0421316177465215
-0.13122131494886446,0.4474961993159096
0.29286744816197596,-0.2011717803800997
0.1908685096781296,-0.2733418447852062
0.27498323957133325,-0.06106163667209943
0.05534509801375208,-0.09322165250726183
0.09613425604689907,0.19486461697643304
0.1612829234169294,-0.0597682646980413
0.24973468886096703,0.2711042204579101
0.5283246284051136,0.10701116956702372
-0.04382234517731729,-0.28188629983528635
-0.4077609359090188,0.09100452111848495
0.04787939486047682,-0.31626581668630055
0.029721780577890447,-0.21995444323976632
0.1624136460412436,0.08136651936705572
0.07373708955392623,-0.022453747171451915
0.2193090474506359,-0.0031787950023803384
0.011232416771097185,0.0773933804860666
0.3334446552587668,0.08893291314095104
-0.41545708391493824,-0.1460601530269386
-0.08704752920070234,0.016168772513391733
0.35005827645509463,0.2661441994266453
0.10803352090748276,0.06816931817960016
0.02644181532831422,-0.03408825327332401
0.1896623697262064,0.1035158078007319
-0.2748959454520708,-0.10161040290697029
-0.42845572492239786,-0.03246639301816206
-0.2307467073160199,0.09098338689743576
0.0756527029268008,0.07794552070135928
-0.022907783691441905,0.42151689646033486
-0.09403008500346487,0.33949426857114207
-0.0216161756019426,0.2678789751683369
-0.23503275640388224,-0.38725700511756866
-0.06065545930053452,-0.19421145366066409
0.10197805315393864,0.3733707361109743
-0.12316758795329644,0.09280736136017956
0.024949075134420073,-0.3676020702993579
-0.41262474842326413,0.13250831900886478
-0.009192999788943593,-0.23031296834558082
0.46242467898734024,0.09784180877589171
0.4907241675152486,-0.024675820152717232
0.08967309633246552,-0.1232683141518813
-0.040509059796434446,0.05459108710800044
-0.21218364233818207,-0.03313300351639787
0.20270892046029745,0.36803271593984926
0.2654139201469135,0.16692233000201465
-0.12200720678847338,0.23935162795038106
-0.03593897120826715,-0.024586921739156244
-0.06442219598192273,0.3952240969382673
0.3417869364085852,-0.006932263453493889
-0.36990620109651134,-0.09949881462490745
-0.16800752487158666,0.06540868986135448
-0.20281224606639484,0.44907182454434075
0.28288066502164344,0.15665994603946315
0.031789217105449144,-0.22138741642792933
-0.06524800414497946,-0.6938182608652337
-0.0905527398105397,0.5556232822868803
0.3082724084819949,-0.18459809572143
-0.25523136648362543,0.26451339729755824
0.07387263330610958,0.9212375440608707
-0.246259832234491,0.15602575284949902
-0.02000825904468388,0.149172173260092
-0.162950516392471,-0.25333483478957886
0.09919620177781242,-0.2959384673409147
0.07931666378038621,0.11393162396485845
-0.14970314364034837,0.17790201981839274
0.03169937843645476,0.35053166685848375
0.009843711060752833,0.28983862810695216
0.006794989972120053,0.41560488676916374
0.19832954391837965,-0.10520959304453033
-0.5044841527522149,0.03630516817206264
0.34028534118681125,0.10408513440491422
-0.24446589628266563,-0.494481203889323
0.19105501782171735,0.1333809959019377
-0.09476876668305341,-0.3947506849605267
0.0528541592171664,0.044792992338593594
0.24919102170081636,0.3167794562969188
0.4688124797928091,0.2971064599449765
0.18119750465439463,0.2141425698091249
0.2065895871417028,-0.12521180686621358
-0.4157553052624199,0.3119823632444305
0.0813039186867558,0.28478063820852934
-0.1103355356334323,0.1957307426477948
0.17644394094013577,-0.05906396460872444
-0.4321076476152592,-0.36526631871850745
-0.08146373325698003,0.03211132545503149
-0.2230746566074586,-0.24140285356940375
0.38644801138614493,-0.21925308998332563
-0.3014576727721757,-0.008296704184156138
0.3333134780422349,-0.07597176337156863
-0.09622919289230938,0.1940480377887642
-0.0037433543443890593,0.16292570176192836
-0.2093488466176611,-0.03766183252282314
0.010535341379925027,0.04433150125572081
-0.363344378638994,-0.3062100817912378
0.3436525115697518,-0.003422683221126996
0.27284861035102764,-0.18114613309567262
-0.12932063136254446,-0.004032375468757016
-0.04897524913988134,0.024824741085382226
0.16283891891585386,0.16311932701824075
-0.20326932641325496,-0.10203741196312781
-0.5145708284629796,-0.2737762413055222
-0.38652129411014846,-0.6069936336016793
0.061888696936268785,-0.2591202492228713
0.18248448821071972,0.14227400132365897
0.08282163479574225,-0.06468224680435991
0.1467643650821484,0.20066766240861778
-0.22402947505566703,0.3336298119324371
0.1078300040447142,-0.2251509724778365
-0.18843510733816854,0.009295698650901373
-0.6881346824899627,-0.25743160312389507
-0.06757504200035346,-0.05410859350689429
-0.09742683379673381,0.12056497309504137
0.21338418984302387,0.5530728198004501
0.17955095643652186,-0.22717856753800061
-0.0715059273485819,-0.1182014860678222
0.009140273073217998,-0.3067564542085076
0.014402306596778379,-0.4854855154515925
-0.21809935694082724,0.022776826614588592
0.07536295409553581,-0.04938679757553104
0.14146825706876892,-0.07716716754059195
-0.21934829821311538,-0.24303697808060518
0.23002653670121567,0.20208889665557325
-0.11174617050926955,-0.23721846674919034
-0.5794839337094089,0.39214766040492993
0.22328497882216009,0.035672841097714736
-0.1479248936563202,-0.28191932692248634
0.6299437146185841,0.4854543066973796
0.2093367799811275,0.0676646643711559
-0.047972067013360584,0.035572593377638274
-0.20983827173648048,-0.11917666021563479
-0.10985147619996949,0.27438289293635426
0.13467510652457362,-0.1233821130962373
-0.2529757448331515,-0.11173943095990477
0.15942907895217365,-0.15838551321565003
0.13118898554161337,0.4572333642344476
0.21904832354603648,-0.042742874712531305
0.2057236515419601,0.3072507329911795
-0.3437079945892628,-0.4022439684554331
-0.09514346431476482,-0.09654466920766323
-0.01395427616853335,-0.10887857522134199
0.14000941845788997,-0.08651242342478668
-0.498699175374835,-0.05560700432267985
-0.08242415192813375,0.07684739629150837
0.05318108543015865,0.20501726588570135
0.06981373482590651,0.16837233995706452
0.4987542635885608,0.33101632645485746
0.10326870432241898,0.06051209874997628
-0.2349267181217378,0.14287013673620777
0.36451982627666646,0.4012374510828609
-0.1811486722117526,0.33436835941298787
0.11659282217360424,0.24674342377751582
-0.13785328708527525,0.19997435150254422
0.031189170327644053,-0.16253525002387273
-0.28264970674527834,0.029279252899074217
-0.024856435434224545,-0.005722532695366259
0.29642491317045094,0.08159372058793328
0.06325808373412602,0.2888934467446617
0.019202506797814375,0.2825280197152887
-0.11129750367521214,-0.12922813613137846
0.21302777552071853,0.06284731249101243
-0.07612368097693804,-0.24699283473604125
-0.33942238149179654,0.17456855966153884
-0.24610672129701422,0.23924259245250806
-0.0971738990381198,-0.2330868906566872
-0.2712134565668197,-0.14445416390007546
0.17506769938882158,0.30432122688402674
-0.07940641261807434,0.01632630552857724
0.11065225835771644,0.2071568352518238
-0.24160036096030468,-0.12734939993503902
-0.4703330339854105,-0.4735242137525628
0.02770087038758347,0.08635597529410706
-0.12461386875155053,-0.012322384487616996
0.04211112376984306,0.36899057897348325
0.08711105593384405,0.24653626273933366
-0.196659616273609,0.24478921781379778
0.2105446275450591,0.2792633892560515
-0.09933849293019908,-0.22819699423073753
-0.49018744198635683,-0.08502268496421199
-0.3397550377229973,0.08229238798764615
0.13527843460741618,0.24057146501255167
-0.8986932150406479,-0.2388984081239433
-0.010336955834214807,-0.047178207328021915
-0.13451299252848656,-0.6306052454531881
0.35334178929336035,0.0875179687373265
-0.3161792585018169,0.12664946172932626
-0.34437355080054105,-0.16033428195710292
-0.061822725526025725,-0.007769940468443002
-0.3425609166062886,0.02149088112306837
-0.2446897384248918,0.2185768931267706
0.023812740984707658,-0.10523428038993006
0.019383470737692383,0.013017949762951491
0.0194834324859566,-0.13093941108386187
0.04522947769992475,-0.19576028750460908
0.3573293777618067,-0.5821116121606842
0.3928743757554713,0.6412059920459503
0.48496509257166026,0.1910692417566731
0.20128184065195537,0.3118751008516721
0.2032340714520887,0.5455808644833859
-0.34085284665173116,-0.30820654406179776
0.02462467377505698,0.3388640645714829
-0.4012007231526621,-0.0660017851785642
-0.1866377715530497,0.03326986553791729
-0.1188040767276116,-0.4431382498719496
0.03530092499710799,-0.13669312418215399
0.2909250229869625,0.1987606011016756
0.6821641242187231,0.06973528320573877
0.012264848066570994,-0.1103975977017585
0.2063049007616852,-0.48807749273563633
-0.485452362171442,-0.35541174661130265
0.3091799613795828,0.2261516324797962
0.003942016941059198,-0.41870815414682383
-0.5120253760670308,-0.42260855130633
0.3635482487820658,-0.2772979493330852
-0.041042286156271694,0.37877430425880676
-0.015226714154546656,0.22458883819572079
-0.07953993749018731,0.2926115392813332
-0.10352004174281856,-0.1650049097760922
-0.1785261669420386,0.04593937208224631
0.11336878532773717,0.010738735978096116
0.04553199774139055,-0.26835244902357724
-0.08376658028820938,0.07796129811207969
0.22831239171182927,-0.30812303081146786
-0.027405531981152614,-0.19508540487667259
-0.2450711379566711,-0.5024317787167237
0.6100510358603385,0.1704008472918578
0.07460982094677257,-0.1443885482786424
0.054233019234214676,-0.06416901763039363
-0.44623261682252213,-0.31913173260758565
-0.2086368805694298,-0.06789584888267342
-0.36809241873541915,0.11542336006837334
-0.18779143886648914,0.09304414352066612
0.055668518935696104,-0.03257543587909762
-0.15634752770717847,0.06489674719604024
0.4816082953519707,0.43492745122909326
0.23542804319802213,0.1284755334106668
0.008186697815178836,-0.08356576157308201
0.039872408414442624,-0.10965658524683917
-0.27116923841049856,-0.410247852481434
-0.08934511982868461,-0.22950632684815483
0.3574141191806115,0.5825751932266773
0.0371381780294167,-0.3911687939939814
-0.05356289495873675,-0.2121465134346405
0.5220335002922334,0.3985864217819668
-0.2753449639624434,-0.08447181057093107
0.2546866924117197,0.06109318343942464
-0.1911428379777646,-0.06673658195565678
-0.0008479872150068913,-0.22320814848395207
-0.31281429671660205,-0.26593344610516206
-0.21533116670284794,-0.3664190781457944
0.03587961441770453,0.19137831937583255
0.223873368178343,-0.25491230452764085
-0.17697043327273743,0.23876433330826477
0.0541219273925355,0.4060383777727261
-0.030972464884856266,0.12546482332621645
0.1876052327586324,0.5999354123408545
0.03425998734552344,0.1109032208889665
0.1497986311518702,0.4141859285745202
0.1314838069672314,0.12333978509540043
0.19983264492001548,-0.4425197674613503
-0.21808598745274088,0.19751834778561608
-0.22702136862410144,-0.001112815438231838
-0.27424695615657757,-0.2108550114887649
-0.2785618739853326,-0.23599207064840189
-0.39047725688420487,-0.03153969428752956
-0.3083971789818212,-0.37990537316073525
-0.28329958327501237,-0.07701974296535577
0.23960493556804846,0.27995776285098256
-0.43094247891225773,-0.24705160952042618
0.186758480993787,-0.02296956439578379
-0.08195124219180057,0.020484011592115572
-0.01354978729437859,0.001796331725306081
-0.00557924884179684,-0.27996306997982917
-0.4864174611327149,-0.2198310994674758
-0.08821114868161146,-0.2791435750747709
0.07042952449167583,-0.2712175962129824
-0.12410467883923897,0.49119392059240047
-0.14011727293717258,0.10072154658183845
0.19236546345250113,-0.5627925494737664
0.3979676024168882,-0.146437175294913
-0.3215835583021195,-0.2500535938524746
-0.06435798962399956,-0.10558355824625686
-0.3233380467180212,0.27720151185676234
-0.16366405613983778,0.5824190418764699
-0.14199827007545535,-0.06882044365554109
-0.32205560090207574,0.16463917170967104
-0.30749159715223406,-0.5179052587040499
0.2521389703187344,0.1995578517792688
0.19655834790822102,0.33657468505796106
-0.20563804565822902,0.1252701270955975
0.36304273365578354,-0.0026360867037714883
-0.5594876251220647,0.003986344189597914
0.06572369169535364,0.061295315694407514
0.037432286467884504,0.04312536976756058
0.3271043486105961,0.029778819272401485
0.08931598727593083,-0.3033035776677669
0.19916713161988514,-0.10293003108313338
-0.2725312902065911,-0.19513832337884926
-0.09376624450891352,-0.0531583290434107
-0.38730790010604327,-0.05875961306189381
-0.19688289353137303,0.26324689733640405
0.20655911112347652,-0.04285443254661024
-0.16065896545989025,-0.4535359836960206
-0.04771729199609912,0.07536402347537889
0.005455840551972258,0.16063789072528561
0.20603793329847234,-0.30182412582284646
-0.11312901929752184,-0.37376709431333544
0.1733442004529417,-0.20321778437394167
-0.015270318088411632,0.15060857491455415
0.027985920395601566,0.37547670059559446
-0.2208769556496432,-0.003039971684717046
0.3080072345653436,-0.04723610973702261
0.29092367147572556,-0.08565522650082644
-0.019102856265274363,0.2825763429802135
0.07882287339903693,0.05074774542409725
-0.009082543509062093,0.24287971440061754
-0.07919459573418561,-0.058005556320356616
0.27720113266627655,0.08199705626853379
-0.23003446167697136,-0.1789307980816536
0.20551727375801757,-0.3597143984469439
0.09003481794396154,0.5813870198709553
-0.17049913100563932,-0.39726113728381823
-0.34113640014872565,0.013990481843722945
-0.4005238493155194,-0.1390541177127284
0.054928265281678414,-0.48596293168659926
0.11457919785671689,0.20990697933629204
0.170453428102715,0.23197583249740952
0.48849165036159214,-0.10458879594665521
0.11326259756686663,-0.1876995134485377
-0.06877073732982644,0.15070724257439913
0.10452945402514455,0.2273671787523809
0.24357416755661895,0.2787886636960174
-0.37801322685444094,-0.12283918118384374
0.0295535734996595,0.23217100442466235
0.135473666982386,0.16833093480949457
0.017981474037698075,-0.10405814116620724
-0.1783088845090607,0.04463846537570669
0.34220001593414123,0.43944307104495567
-0.03489978956980459,-0.12635774797340377
-0.2173289388587861,0.17839618032706145
0.010345314924950806,-0.42404159874689074
-0.26817089574370756,-0.07218015329841825
-0.030758906758735376,-0.14477394667262342
-0.5631870395501875,-0.3653417520504665
-0.09035116340458449,-0.12896739469896965
-0.36515580062016373,-0.17447732370229196
-0.33770860589458795,-0.38781252487888085
0.19236998282828435,0.02878390784135998
-0.28838211244338374,-0.02044560607542952
-0.20246129254381393,-0.09068821407327696
0.3873384137807537,0.1620931104382364
0.07582485485438153,0.08428964809789988
-0.016152289400742453,-0.5764698257322213
0.1665556028153966,0.3428560071297725
-0.026842868429502693,-0.12009574821534318
-0.26624048364052744,-0.4468733134177252
0.01625639517877218,0.006899528151622177
0.07460828253458719,0.08108372773147628
-0.25099113432308634,0.060593398576686414
-0.24636941143948324,-0.03050135521185396
-0.04586387428213357,-0.30075957244882345
-0.39547925917339627,0.23583294527246362
-0.20861949172838223,0.24127654028087572
0.32196888006729124,0.24233572347458682
-0.20434861237012408,-0.4531101690869003
-0.2490902680044199,-0.41005851703815477
0.14417395358756718,0.07064834913252403
-0.16943921280799398,-0.2984841024233368
0.13195522803304174,0.30283654818132305
-0.6022171427165328,-0.11448801231699232
-0.2080536224328329,0.10059890283457683
-0.33261664929621065,0.04218536347731452
0.0013224610150067938,0.3287672796480799
0.03711228741135262,0.60143865372015
0.015857279408419852,0.056507745705885404
0.06035928140873693,0.0417468747849219
0.22083910881456284,-0.21728709918295241
0.15811072227539544,-0.08760707194811265
-0.30914636448944355,-0.08860930181483355
0.40427821198403496,0.7839037616572866
0.2053369809616012,0.07842222937588839
-0.17847830752004004,0.29864972109389765
-0.28221507381596733,-0.15266308617676105
0.17281466114406296,0.10276487708612092
-0.3254051169340618,0.26487483231843534
-0.18201578950097336,0.1102286368767927
0.06449199255200545,0.30628918035146424
0.14148205052285534,0.01613820675336657
0.2818064258381456,-0.0026191851204141075
0.18406832566872672,-0.5388564984153249
0.29240728463159193,0.07911895817511712
0.10242047566883149,-0.07284761517253524
-0.109818003170813,0.18258757479910684
-0.24173870488259028,0.2347846355481732
0.039225048607400205,0.09945889938532688
0.20253429220536293,-0.1866896615662566
0.02035137442170503,-0.158035757948403
-0.21710303114194862,-0.21170861968129878
0.16918806750039286,-0.0672906340719991
0.04730507629772133,-0.20880220745999448
-0.024107234307369396,0.13190088375625905
-0.45576470095191024,-0.4079487464506131
0.12835383603863168,-0.03894722872883072
0.15272526517689433,-0.053916378912943326
-0.057810111711137854,-0.048634155074738034
0.09515346334666938,-0.4270671037089218
0.09017288070774356,0.04356026177816423
0.36901878839987323,0.10394817886134367
0.08165383214703906,0.3116762064406369
0.24997165917598124,-0.23649223084094823
0.052138019654559116,-0.18213627912402697
-0.07719121015519782,-0.10353341845686882
-0.07535717021883082,0.4111757744744814
0.115300095557496,-0.17509960622044912
0.04954217093021457,-0.1791269902456412
0.14350073565205615,0.12517847228677
-0.6182575100459984,-0.04482626788054351
0.08912914424626711,0.28885991703840397
-0.13476475231201335,-0.06178429680202406
0.06197965696617719,0.1538166655407562
0.07907840585910757,0.2679794481057448
0.07990810265993625,-0.04294444865118787
0.1729570842855243,0.04373180741919842
-0.24276442123999228,-0.011497610656006612
-0.22417449967715752,-0.038974025194400415
0.29230101210337867,0.4804881057152104
0.18660361316628632,0.38559642954341716
-0.08824478547937907,0.39078646840519576
0.030023272691247393,-0.0536408683719519
-0.11674705344229344,-0.24557856871448933
0.06262829352163113,0.2611096815714335
0.30349065460833763,-0.021915719362334038
0.031189580330357566,-0.0027329196850188653
-0.07794969284758466,0.1674461523172351
-0.4021460701873369,-0.31476244137892934
-0.25200582593145104,0.14348142644535353
-0.2914965635307025,0.19699866861887785
0.041350225564100986,-0.11305472491457921
0.1545752933562733,-0.3375334449372782
-0.48358063424581965,-0.1154874872744791
0.018905058670490547,0.34720971369341147
0.13116382697239545,0.18860183712287934
0.03523325361834403,-0.14060766328436602
-0.3123334847299705,-0.0498667212266581
0.2670409101531835,0.1544501525770399
0.21842169881287074,0.3108851084527112
0.2696153854306522,-0.11047124739893911
0.3938205991605199,0.6908967948426978
-0.2381642133693663,0.42619944045702196
0.0651741960278524,-0.52073923769541
-0.1711247552286514,0.04929659831788667
0.07505835695186666,0.1285991389240354
0.04666105821051758,0.01086057987230154
-0.11930416769086652,-0.7173140249033578
-0.03435641309504195,-0.04025992901169208
0.4627107479188269,0.5578738060838309
-0.018744735250950786,0.130057050516236
0.40409311887532257,0.45445504099098627
0.12292007859316473,0.09525852471681742
-0.11780597448894783,0.10658168860893312
-0.23780064776214546,-0.132990954112748
0.4075218283473625,-0.10785526940068686
0.07973654030854857,0.02957893779699777
0.3750102760675813,0.07614241318343906
0.09425637955188693,-0.03738615895925189
0.3179441679554108,-0.20874435784707307
-0.14006455693352748,-0.19674909311919403
-0.1693138165169357,0.0333306229688326
0.22015786873728985,0.0639423219853704
0.2096487461949423,0.0028956750601766106
-0.24082862355348247,0.43247917561813554
0.13376295044280534,-0.31742733581597665
0.369488012542765,0.30524146328858615
0.3546538381003485,-0.16438973537690915
0.11800712016398972,0.01885615109724441
0.014670572745506644,0.24046127106415754
0.21006782420545173,-0.06851481280851932
-0.07139249260534519,0.18955593648605717
0.0635170548223666,-0.5257250699759306
0.04702072915145704,-0.04237798128974115
-0.0013601471636936026,0.6048083634242609
-0.16910675029348118,0.17547930898608144
-0.05649119575191202,0.1978846296150796
0.473666732544677,0.4198142684805723
0.4094831027704968,0.46515324582266704
-0.19152393719726377,-0.5869366890452073
-0.28952974120594477,-0.31715248701065013
0.08535987722154034,-0.34858299142027555
-0.14502339548969936,0.16443043539352617
-0.35364034803613403,0.2066672045812368
-0.16740846968220058,-0.21422779819059823
0.054054253841179484,-0.1909429940680732
0.10144748604157593,-0.21361395418792825
-0.03080947465820933,-0.41688592017209436
0.06577195656257265,-0.7008682759075815
0.20850483747552281,0.2018520550322073
0.3315320216173529,-0.09749156159207886
0.08262898501757503,0.013847372367494743
-0.2968798658094908,-0.1933974852449131
0.2888156440841711,0.3998199363131914
0.1449088839704276,-0.08956573101518311
0.09583128597432503,-0.15136675395961297
-0.24406720534824983,0.7573740979616029
-0.15703941201262192,0.09772501853067142
0.2909420134982907,-0.09902275075527957
-0.4962122241412236,-0.4129456242676483
0.15196836357174018,-0.08822775404570785
0.21339326905091993,-0.2178171796052566
0.13277773913476865,0.16429232599260857
-0.19037691827526346,-0.2812831153421615
-0.5202541182518784,-0.08666212764916617
0.3173299729930353,0.21188262704276326
-0.11054689925174087,0.05735391208755254
-0.1244379282057504,0.06563136595584637
0.19901171057499753,-0.047344485458607935
0.24075804781271265,-0.21085431759734705
-0.3658274626293433,0.07518661430271345
-0.28993047444491593,-0.17584169833442956
0.2039764297670729,-0.2878980909966235
0.04302234878627131,-0.019946250693950625
-0.1806591628893756,0.0035055349708192473
0.09526190134826715,-0.4912235115306857
-0.07247729010981618,0.10475801145198524
0.042800659258034286,-0.1584864328021558
0.00661651507865539,-0.10525537887400814
0.002936677400787491,0.09877474976301245
-0.32213847594115935,0.231294106566887
-0.0907530094006611,-0.1683783468108317
0.005109103240020367,0.27538761195096934
0.37671339337648224,0.2331446263107576
-0.022584656277660497,0.3422874229743368
0.26872848091869406,-0.017097892463241705
0.4914795142114911,0.2532722613395247
0.7080530143265167,-0.07346280218691138
0.1988378570309902,0.570644319943983
0.17929906490081585,0.011956516996516725
-0.07870922986411077,-0.14806482917129765
-0.1377391607267202,-0.16735314339551027
0.2067980172764605,0.15019066159961333
0.03722637788742803,-0.22988071505728958
0.16291437988724244,0.17069913529749525
-0.1347019381891265,0.4815353788960975
0.09141056651966921,-0.08668039899240342
-0.037190735747694305,-0.46049369901678766
-0.44456546049896306,-0.28713958778769966
0.0334861230620538,0.04737724220555145
0.29324237413240145,0.09123182440077598
0.27311794075760065,0.5013892230991488
0.36291917115343975,0.011957884279853287
0.19339881274703297,0.2590294673569253
0.24812758880532174,-0.18585967621434976
-0.30501159141571393,0.1789554751602543
-0.20577098461529056,-0.34021738530397905
0.07205186903042599,-0.10039041468958927
0.042471684537289695,0.4923769696367957
0.29657653090824193,0.31964215722726447
-0.43828867461830157,-0.383036091927869
0.06181954441685712,-0.2349888536889801
-0.5612494731747886,-0.11043180276631484
0.0661279623239527,-0.036555365674154655
-0.1100251927999455,0.1769315408856816
0.2489174839240606,0.5220895388790421
0.15295069400297862,-0.10005812608160555
0.32425727165370394,0.09169370192448228
0.08265434557044601,-0.27944441515284424
0.15746185160309484,-0.13383534320044269
0.1151625462447465,0.32207542823252394
-0.09653289293211001,0.24556571731275748
0.08596520140852028,0.10948630679903916
-0.3168258654363776,-0.23266161800312568
-0.23765732581530977,-0.28327274550286646
0.1531613656399649,0.08848827909348748
0.2497893573470189,0.057100213812235165
0.06190722095005071,0.057360411100306825
-0.4469016364954114,-0.13187970392400078
0.06665998922614177,-0.2599303030568967
-0.06838649864960372,-0.21143359912713583
0.04144800323875183,-0.10207129352587009
-0.06119793764264958,0.14832564388475206
0.19318599356499042,-0.031157443894191027
0.4397984542830963,0.32111257914256774
-0.30568504086851833,0.2919674967446405
-0.1546694564204781,0.03476256652914186
0.47080246600333636,0.31607335049181046
0.25699134380520433,0.6213773433833595
-0.47359316434001625,-0.08028410998821839
-0.04738998257031878,0.25772865021639574
-0.2727597399951232,0.07038921836741908
0.19312557706314887,-0.06163503881173029
-0.1622878665269135,-0.2909918311727652
-0.06807863537937149,-0.2679473671890842
0.0066369208025514265,-0.23188665808864592
-0.14246527103531678,0.03758623763927035
0.26295652493215305,0.2707434582588505
-0.5079213215351154,-0.23743549878194548
-0.15115371600616215,-0.4751766257040359
0.11654075743409398,0.04149431323359859
-0.2131546294059416,-0.20910856555109658
0.32059603642804246,-0.475258984591046
0.14028437372916366,0.14038612750821863
0.04188280655871687,0.042247461990312374
-0.07244639422811527,-0.14261875560660145
0.1543182786733979,0.008263806085534698
0.12791984227327013,0.10271576076916657
-0.0034726488574056288,-0.11496829816471167
-0.1871680960180742,-0.5428433627176644
-0.06628653291312486,-0.08712626392400327
0.2661635313311391,0.22939136361564855
-0.24895621152070646,-0.25182206684287545
-0.18184728171582323,0.055622426940737525
-0.11641083953113518,-0.04069523615978237
0.39249590645949417,0.04261370737112864
-0.3916034492668389,-0.4392232771789617
-0.13266720560171621,-0.13145472492713414
-0.2844132339978194,-0.2843514937040343
0.1092661643088865,-0.09863406143207103
-0.2556732958381085,-0.08124470523283335
0.2780107909613578,-0.3919414435300822
-0.08171502482292427,0.4377501871440505
0.07637034193678968,-0.10694321429919448
0.06852234262827427,-0.155300427900025
0.2585387311281685,0.33249468807946647
0.10491855191390086,0.123158085424747
-0.05241285346497896,0.12690553590408576
0.03751224148524181,-0.034148093053029134
-0.12624047760302082,0.32799413006099176
0.34388205294276386,-0.16818436459536154
0.26736111344034846,0.44178538329775846
-0.17122680874353477,-0.13144493785736897
-0.473656443117907,-0.5402159407677957
0.2977147625219097,-0.026849495464965636
-0.12414177126139671,-0.08457194264744879
0.25766801746779416,0.10688945272741715
-0.30028569277331996,-0.14683299091623286
-0.20512991925754848,0.11117335291776255
0.07262420575199688,0.049150482576309086
0.1119517338384985,0.1334546427042823
-0.38848953124465,0.4517040062021547
0.03980100775476796,-0.4864177737008771
-0.08022946673067594,0.20248062443536152
0.07719594271940634,0.2218233981363606
0.251112221102662,-0.2503055738062147
0.1388057476032643,0.2815120877730836
0.00824433056413657,0.1274048112783076
0.09534078386217276,0.2602090431261876
-0.04337336596052852,-0.05884864390308984
-0.02781913364798998,-0.186216457427229
0.596382995698663,0.1507808339584649
0.16115589524455617,0.22634986217167022
0.052216356047793046,0.24414030085665614
-0.24558488737721879,-0.0651497571422978
-0.24944923274865008,-0.053596256941249726
0.28458533798128827,0.3246891717966772
-0.24298676507411696,-0.19327731098006715
0.13337727176491407,-0.10394547756577352
0.09925834788621683,0.29284326190637144
-0.0864594487173388,-0.44394823172964404
-0.25925931687726034,-0.2670392045341001
-0.20052069206204295,-0.1780235884312429
0.46610446686476525,0.07664449118027661
-0.29892056387327703,0.5252448755210344
0.025410212264727335,0.051450214138012096
-0.31834117769157344,-0.04245566788754176
-0.22916963810652508,-0.2336057568230655
-0.10367998443393336,0.09303909483808474
0.3300915283306147,0.3446779864757922
0.03808352352691612,0.04542170065106949
0.28140980193358367,0.15494828164037913
-0.42205389197112353,-0.1928027096120265
-0.013152999092199698,-0.013054352697270528
-0.1983982928578106,-0.14926210535560017
0.1793409783880539,0.03805851992660744
-0.2478556502871744,-0.11073594593114386
0.19150471778849262,-0.09178128199137599
0.11041129450391242,0.4177123117926814
-0.1327725948364941,0.2856655614070238
-0.3782073605025866,-0.5928256738632144
-0.1586422657940918,-0.027961938334862872
-0.19186265803511368,-0.2602609710639934
-0.0654977421737474,-0.06605453170746156
0.12997407276498393,0.21014550377418997
-0.0016773682314039989,-0.11846697219596926
0.39196412057655644,0.20916046601032107
0.2625189045120157,0.7261104597084667
0.4518603547050405,0.3460376258576503
0.4306724645773422,0.05796262810392719
0.030120096509615526,0.23397337796662823
0.33801888947677056,0.17685056915927203
0.07782228347176183,-0.07663729391304244
0.33429938014622806,0.13118861277476782
0.43375190418328996,0.5047249088141549
-0.14557290848892343,0.024059386519091525
-0.12367154396404995,-0.457012630295131
-0.44324695255293367,0.25005523345624703
-0.1811346037983015,0.04794749978564183
0.3060043135619702,0.022829624016882044
-0.03866847544736062,0.31291153505606406
0.24238164768621612,0.0946084637282596
0.37205498000885623,-0.0345586921155436
-0.09910584892566361,-0.0011988113267233872
-0.4280979495695471,-0.3237436573061598
0.28646671154239267,-0.22504118116729682
0.26940236582037524,0.49337713349033785
-0.16061639014961207,-0.1763234575453285
-0.28938503692450374,0.17428687212218033
-0.19150383459439294,0.009992232721679276
0.6099537040080264,0.751760302999538
0.3034448997676255,-0.08418360446932985
0.020228075536942218,-0.26327501452657126
-0.3058084434248158,-0.15119147793430573
0.08595022463952696,-0.25686978431680957
0.07592644381480407,-0.0892791654223487
0.08428232674317804,-0.05198928281552941
-0.2061125067755675,0.004122495747007771
0.10260811092524248,0.06414796182025763
0.403654210454924,0.38501519240843285
0.08122254647360536,0.062241233229696595
0.01103724158649078,-0.05168635394208285
-0.1486232934661444,0.27993230176367434
-0.15403912666458403,-0.030904290752088275
0.07853491790618004,0.09129337653569218
-0.20110666268250835,-0.09909769594464166
-0.16791823058999106,-0.01992813772708544
0.0780499183241223,-0.007963823970246597
0.3822062613074274,0.5299904776617592
-0.03527911381474606,-0.19890962491308667
0.032750099018806725,-0.1369373572634669
0.3434677142938877,-0.21864623177875173
0.06453691163424517,0.09436455844285659
-0.3346255300699034,-0.3037102777731942
0.029352053738819914,-0.02868963866305641
0.15469904651525052,0.14010761236955366
0.10974924072469194,-0.27792387031874305
-0.11970477728305469,-0.18968143712385402
-0.44516517285881213,0.28905016973968334
0.35478532015094705,-0.1587241593525373
0.21178045757180852,0.13375943016884145
0.07176467286339316,0.2415653527120346
-0.10173894683593973,0.3542241433201922
0.017504167322539593,-0.5457825735223568
0.3052321868476592,0.04015023999219495
-0.07328238490398552,0.23154544986112371
-0.4386784601149774,-0.22260576315664932
-0.043556214246680755,-0.17765971449499132
0.084905563731587,-0.2104255734636507
0.17466575179019783,-0.0145189052099926
0.04787735042371133,-0.09378296293819123
0.0024632949932387707,-0.2758011735625721
-0.009950999447212701,-0.2498541493340624
0.13427923009138917,0.20946284023522624
-0.2850228006686349,0.22173381691758504
-0.004112937343891034,-0.0921021309094163
0.04018757423166758,0.15401261650220732
-0.03659951392676804,0.2567256288170913
0.43224312244429774,0.1350745339616003
0.11534359097826441,0.23629159456735893
0.3657985910425053,-0.056863751884774015
0.18294103507129153,0.18291124329159
0.1829652026575445,0.29604734986774517
-0.29848298047308264,-0.40152746012546026
0.20829360440758574,0.12982507967391685
0.1266081923096364,-0.02693527565221308
0.08677281320978411,-0.04958131958879037
-0.25450789363863974,-0.17202287265702018
-0.31862267347930995,-0.352765230721822
-0.3064182190695869,0.0725013495662518
-0.2972216052588211,-0.6612636437699485
0.24494624211333502,-0.007805859939105224
0.514973668087271,0.3634248308683672
0.2835098820613516,0.41736909483022105
0.29150372550026044,-0.08050634602090842
0.27497893112992217,-0.026006686293193512
-0.12709396603604928,0.0026550552825229997
0.04249269631844235,-0.07682416193758164
-0.09887297017117003,-0.3430130288989486
-0.2554408853847837,-0.05367634882732178
-0.03724284037673397,0.19135275821855763
-0.21934060868587033,-0.07802556953042047
0.11910479504921945,0.35070789515295075
-0.01422025304874066,-0.16967516125708546
-0.13770571267563605,0.024142270933839104
0.04475949644838323,0.3202146177220879
0.15344569079414627,-0.18528434062429128
0.11680877714598689,0.27822268694439645
-0.10777459572637725,0.07177460392803646
0.03192334366901379,0.381599872332331
0.598290014612161,0.3149321556227393
0.15120791084737614,-0.03326136695339188
0.03609872498618571,0.18631986068851794
-0.10390762747445609,0.29204302478971583
-0.41013541778037005,0.0015937396429845888
-0.06756075886584002,-0.21289619435452273
-0.06986592187277152,0.14380014618452636
0.2007569050602823,-0.35641459009046794
-0.13235566761882744,0.11452654045022956
0.004917722370092689,-0.04161479786268362
0.30991424611939483,-0.09287616227523963
0.1981482562646189,0.060308387591363644
0.4571868337895158,-0.1473105034683262
-0.05900874855581224,-0.20235627059320377
-0.12392008795257914,0.34723623081754945
-0.43518652476793573,-0.22538232937671387
0.3755687225596598,-0.2961186048543813
0.10647145512326041,-0.3326339304220325
0.2545279333367447,0.3448146346681199
-0.14577330997134239,-0.8115688210464866
-0.06508018639699258,-0.06070268917009432
0.24412205083323352,0.08375557399160005
-0.05756981488747746,-0.7802338541136234
0.29902881968186645,0.12582394593147622
-0.17898866203523925,0.08816224434440277
0.008248379127242978,0.026203205457370777
-0.27189499840879766,-0.6163058435951128
-0.03207459200796378,-0.2017590504753307
-0.020539709730810447,-0.16315491162512163
-0.10771001919532672,-0.49086181944553886
-0.3467507599564768,-0.6923516551159652
0.1101733914481073,-0.19474541363216968
0.09983647787445665,0.05931339359471233
0.3448434436678111,-0.11238025709735112
0.17362884419093322,0.5080313128411048
-0.43973840863403085,-0.38098663444254827
0.13478028689468513,0.10226004624770604
-0.07163640878958547,0.12307539001629923
0.08888851472000275,0.0226431329327572
0.09300203323068283,-0.28303752121034065
0.10936543878650588,0.04325227248141266
-0.14732169047013285,0.08250485338136526
-0.35916342994240297,-0.5093819969279711
-0.16558656483801173,-0.17320582524517433
-0.22295457929132667,-0.1516366329440797
0.39625671882187563,-0.1832586151283889
-0.05348761149271285,-0.1308400118427664
-0.03396677925559259,0.4505318571953179
0.04539861115125269,0.5322422978374793
0.32635776990777227,-0.0368077047487586
0.3048510534935884,0.28579307705217766
0.3049998410177133,-0.22405609218799644
0.2674041406435337,0.004267453271196172
-0.3112955579804078,0.04988116689407695
0.20792617709212033,0.23052255566955362
-0.044446697456830137,0.09790863111358777
0.34596796643663247,0.23278693748478924
-0.0064615008450778265,0.012508468158569432
0.10372985672816067,-0.2519976259618822
0.10875948620138787,0.027008189106860044
0.05549524244153203,0.12204973232200186
0.24110143840727516,0.07159429108574822
-0.05829953744870889,-0.057839922072848535
0.19252981459879484,0.09118525976245191
-0.2831273382112802,0.035600823585106973
-0.08622541148315926,-0.053946728867658916
0.04317785191431208,-0.038583964599590924
-0.23987121552033258,0.11280775010583388
0.18566200114257056,0.05054095503838084
-0.14453624422327785,-0.20395207388312972
0.07770573641592181,0.26194829469317166
-0.06917361968801239,-0.12087192562148358
0.14077354927083136,0.1674053964223149
0.1739673268198655,-0.34641114474058526
-0.45574729354171467,0.07027537816707877
-0.46067346962949146,0.15844559870436292
-0.12097095305615756,0.34001268968850407
0.20500840315564992,0.4904084088156675
-0.043009060441085455,0.06533454627402639
-0.24564700850072396,0.028928634459790166
0.14916248999185874,0.15979680900158202
-0.15964418634279984,-0.5124325217384296
0.042451761491998065,0.11333290798866084
0.14347199347205708,-0.1112384055571713
-0.050215582964637365,-0.10030079394197698
0.4863085145879635,-0.017659491684654742
0.01309559390519437,-0.03546798545278642
-0.008642097730984646,-0.10246596235923904
-0.315895539729424,0.03770996555185974
0.08150724450453856,0.032507326630019526
0.022997282195011477,-0.1458845945197634
-0.3884771122674381,0.063240377396105
0.22466437166430567,-0.32014286651982565
0.3257100553897927,0.1254494663546612
-0.11943094114308683,0.3459364691463146
0.23651124777540727,-0.33807581724004043
-0.09771490400061232,0.09241417586981758
-0.07556835216704008,0.20829910012779876
-0.06135368342887834,0.32472418309287954
0.38466328234205854,0.17989512210012276
0.18565335618313733,-0.09739149592169856
0.2400933605157866,0.4891298229924865
0.3538013556109875,-0.2269506985962959
0.08277892342402815,-0.2346592869848466
0.09431657663814759,0.23492054991036845
-0.20610901742786888,0.19278356066673932
0.13185072108822918,0.27872667648894484
0.062351019392478564,0.3325334074674608
-0.1868836744047913,0.14579187544614625
-0.1660650366990265,0.3601669144224939
0.01644625820114099,0.07493383482034392
0.0779306787162982,-0.2792247131333835
0.05037603467804724,-0.27069299771694316
-0.31552674877009357,0.23351026343675824
-0.12604299840794234,-0.36862340483894
0.10879865823988573,0.3168459270668754
-0.003148453094503755,-0.23794147268162863
0.002267207040729056,-0.057259087994139785
-0.2783470461090214,-0.030484747336217564
0.03836842026329021,0.01198585740464332
0.27898884786163647,0.0733479873724305
0.21718548183070288,0.08265696143003494
0.29326467684482405,0.27793101209050997
0.11738643642808241,0.10607262736649084
-0.18583933225308422,-0.21318472562032273
0.21422440196122816,0.5678764032858659
-0.0907221040247603,0.1929418469589499
-0.08397866284252843,0.2110694344660257
-0.17605284391683507,-0.1228252154856595
-0.13113188317439958,-0.09726706446569891
-0.163468773284276,0.03689427744195776
0.059151945014483065,-0.14391645738872444
-0.20225994038492315,-0.21444394807194941
-0.2210684377804359,-0.17703694627807642
0.21573414689627232,-0.05880634498476468
0.09760068047715008,0.1225088676274836
-0.26973507355661164,-0.15994509035111318
0.10668177479196773,0.0009796115405183374
0.23358216188155703,-0.018596351770916467
0.24658565993994774,-0.3462957915235478
-0.08766124600178653,0.02323282305609403
-0.5761768889174946,0.06809670198919174
0.09703530793910563,0.22562203023889665
-0.26474255527021434,-0.36056329345925536
0.4202940042829733,0.11103553934990358
-0.42196486997146115,0.05726693309535866
0.3925546901508631,0.5559782362578058
-0.35354768512334567,-0.14539101587758246
-0.2289643785475998,-0.33277231453570216
0.21010110167421606,0.3262184804004704
-0.1489593381765844,-0.2895050168459058
0.6450495182985536,0.03890253490874045
-0.4255120293023198,0.18283340443961432
0.049642438197346817,-0.30145841564466985
0.43079080562769895,-0.3098614605584677
-0.20968654872237016,-0.17932907744566592
0.08960297466693105,-0.14842376738836063
0.1419854920968848,-0.20871694557891374
-0.06908866384725974,-0.15932121538227628
0.1565952462962976,0.20773903253388268
0.35848782632449794,-0.07531427974770391
0.09395796721985945,0.26400373617319
-0.15407307793421113,0.41062848970072063
-0.30106621468745187,-0.32237217417793906
-0.10761316416352021,-0.04983709809421948
-0.03927372472474298,0.19597457688922748
0.3371985580744458,0.23137250608448115
-0.17826239336169825,0.2665796035809579
-0.2328729820039998,0.19823394694718907
0.29979199803593065,-0.050272404273287524
0.16509056222118487,-0.045526918443921385
0.15527106335913654,0.34099216672130417
0.11790387961874055,0.36103213712079446
-0.13645858211655992,-0.039684796332611356
-0.0717450826656346,-0.4133060108220304
-0.08375525047248195,-0.23089272155458068
0.32873586760957374,-0.05391727060548202
-0.6824673730445412,0.010017647288352137
-0.21408379363123434,-0.16120253295156142
-0.16003973056378204,0.12815001787796604
-0.372800368349278,-0.32694753403881316
0.08250803242972944,-0.3399467876682962
0.2920967037175136,-0.30586669810229217
0.27129951126327634,0.007679629504564942
0.29601736099572024,-0.041200849351978444
-0.05218736078014401,-0.35814089008988376
0.3066686659963179,-0.3412280905261378
0.31015574534511436,0.3330779705897924
-0.11178323725633779,-0.30431284500451844
0.03517839737962557,0.15153130239315096
-0.17047015195073448,0.03668441453433721
-0.2827533161791527,-0.7199433134460782
-0.17138343744261994,-0.28259897836406617
-0.22767845017168478,-0.11491469641571851
0.15739731305874663,-0.23643499503539023
-0.028597559184133977,-0.0011444733330891166
-0.34800034259744833,-0.11174219917059693
0.3345608689741695,0.1427832036948104
0.1759511471893718,0.047322302557214084
-0.23518334495926455,0.13266504943976073
-0.1207101909974288,-0.3630663561968611
0.09611241958294685,0.255173576752959
-0.05774218298115589,0.15197417618815215
0.1112339410418481,0.14530801145376768
0.35690158001867306,-0.08831628610829177
0.4236650467613144,0.3242208662658444
0.18082250633744182,-0.19231718292244698
-0.14506124716715904,0.36701884508048627
0.03695339540099874,0.028603958995837484
0.07376662608847236,0.333147482234774
0.14227066256027818,0.12984326650881708
-0.07995865242621826,0.08210150172899183
0.5834170321376758,-0.05821592417368484
0.09729103842205725,-0.15879586492862763
-0.31912148422797554,-0.35338275634381916
0.13265961019783598,0.0247038228338571
-0.08273922635653096,-0.06400926330430719
-0.21410377003456788,-0.19718049411849342
0.5106189896053486,-0.19923352668900832
0.2038896703313073,0.09052703425268596
0.010720615433816846,0.2850019480911066
-0.015057110090187344,0.24074272831154025
-0.3056297208069553,0.17128133393369555
0.0373461704835524,-0.18749162334052924
0.3808664335896832,0.6084237891077702
0.1531020188288455,0.19711803261385202
-0.12317159986032215,0.1177256304711942
-0.11035919977646254,-0.03266242764115761
-0.09604096326765077,0.19020225026869425
0.13283677698519347,0.27939755319110254
0.011348469612903056,0.1560893213633387
0.002080457727080724,-0.03662674371992888
-0.31585258675410144,0.028768767107162956
-0.47981480588808695,0.049703379743511016
0.1114676640117091,0.24295843393633137
-0.06085999011120826,0.235347735904759
-0.008998830608305012,0.13551624885454921
0.028363170680643354,0.3029600689803813
-0.1902765968817618,-0.1564741666944856
-0.10478363494608317,-0.30516704707601877
0.22919851157570112,0.2298379241992601
-0.27207857091621074,0.08728246148267207
-0.07517361603737889,-0.2301780294872902
-0.2044482687285298,-0.45413052706298085
0.12453713532426822,-0.20476378619009813
0.44674092320645437,-0.16022708947519568
-0.012198525840786723,0.3931641000264771
-0.2448254976991981,-0.09104568360843646
-0.20804667312261463,-0.1064541619961121
0.05123769039933672,0.02066281848227426
0.16099417802000318,0.22846261828592587
-0.36989574255167923,-0.23876722067361358
0.032666222334904106,0.10886815169267877
0.2599033647021891,-0.11922716801098716
-0.2948544804196434,-0.0892304660019984
0.11045723391961272,-0.02300648622330849
-0.2014407289072498,0.11849119200595705
0.02994073306288202,-0.09237648875868085
0.14859960941557523,0.09393731514312624
0.10800783918279162,0.29005556785784276
0.2596949576653584,0.07713580239268103
0.3733965926982979,-0.322701477362186
0.14481319194139633,-0.10286873902953413
0.7100168710986837,-0.13566267995374062
0.6128911428868179,0.3008724781197067
0.055389374425308384,0.2608989146005973
-0.00561056589896626,-0.4256126427336297
-0.24196462590402784,-0.1523059192327495
-0.10740950528420877,-0.14845696149443102
0.07101543005356199,-0.1802084284839268
-0.06603323794962275,-0.0010424444675785263
0.33168529587003254,0.25991205366772424
0.23262578388463137,-0.22872229671764133
-0.34349536509148704,0.012554357623574538
0.3202963499663446,-0.3838977184509531
-0.3344143451936852,0.2250413473227148
0.12337731311977028,-0.051651352227016785
-0.07328565335209819,-0.6096067548858703
0.3365260028995457,0.5444849119752438
0.3868490232040025,-0.08979148307030353
0.19730240189701156,0.2140957783639917
-0.27387213360417034,-0.2873411997161022
0.08177807189635604,-0.3468116232903763
0.13736380890791763,0.06851541142199441
-0.3452057483227293,-0.21145182604487744
0.06220922178607645,0.40780113457692535
-0.049898388511957936,-0.11203554433435281
-0.04470088925988742,0.20742462981046175
0.2898037672806427,0.11949306657960453
-0.05023274052470495,-0.04162085218066484
-0.1192290893582566,-0.18444666962168144
0.293903801723678,-0.1100570711913742
-0.13085688533887704,-0.4423146631939783
-0.20964065050677677,-0.036959375468482575
0.2482475881524256,0.3826902367141785
-0.03235303302437857,0.022019197012186627
0.22452428533446875,-0.605183387060238
0.23952657205606762,0.09252662437976863
-0.3163383049237692,-0.021844029608525824
-0.04560343465537812,-0.10310787009782144
-0.06654150936619242,0.3001400990417067
0.14810283522256093,0.29577486918779966
0.353044068617214,0.3796416521174924
-0.5644794138100375,-0.42385259375932927
-0.3678507469822263,-0.09475062593534087
0.38158477706503324,0.22925455175451945
0.2906898302620984,0.10883624874407136
0.08651582096863673,0.2522572942039967
0.10563253046761226,-0.3003905384220859
0.3523055529995999,0.05440271158170774
-0.21998270703009334,0.09547620391353044
0.0017140225235539165,0.09258122683978219
-0.10661918159952583,-0.2039296467888692
0.1853034750837674,0.4825387330248142
-0.1186362672890787,0.08426990620028028
0.6228594456733384,-0.04852426729429471
-0.33459874511099796,-0.37192825685691155
-0.13358555290299648,-0.6477822205395012
0.24081311351499457,-0.00230851503335437
-0.009410003034783506,-0.10039470699269328
-0.3213420596843316,-0.0625225306939389
-0.2545767542306124,-0.2819847277951813
0.266779472988536,0.6583172784865813
0.43392421641402046,0.34732060652959174
-0.02617784658633868,0.23632845739337457
-0.18256087491210843,0.018002851624858356
0.23606443474362673,-0.015300166694642911
0.4794249098697139,-0.03137838533290206
0.07030259565642667,0.1559100960673871
-0.3517566171710804,-0.17430823302113355
0.10413002626564265,0.26761961525430217
-0.26320032963395734,-0.117524840323934
-0.4367169020948999,-0.1013983377079347
-0.3775265820150641,0.08706298169251096
-0.05791858408838216,0.10436827689134033
-0.1680128331987516,0.06533713061133757
-0.03238763990733896,0.26644719546649676
-0.04636985024505159,0.0654094799198231
0.011912805843039264,-0.07933761714513729
-0.1390077159834651,0.2456482067680482
0.20308666086354377,-0.27008381826737926
-0.04245694703428834,0.19677240214079875
-0.26686133809003404,0.06592733780190996
0.08001939621882354,-0.3140152064479254
0.16426680858600554,0.10361905672340901
0.129961115537274,-0.08643489166092795
0.13543908733754806,-0.041018594787731205
0.042036788216637644,-0.19511485983707805
-0.16744193204926708,-0.46647396382438866
0.046792132446047935,0.34412623409105236
-0.013250957320532053,-0.2765095409728219
-0.3867094286114876,0.25715299174355133
0.05454457223816627,0.15659351904470326
0.11652991424244971,0.5852080086344968
0.22471742430548394,-0.05037339317337986
-0.22634520041737705,-0.35519143361938377
-0.0820134597847105,-0.32132739217934003
0.3816911376310409,-0.10823374918471847
0.07314017768944248,0.04025618729488156
0.10124665493019827,0.12155292569139942
0.16102776345560402,0.1435114802967509
0.008247441438567968,-3.411577453768952e-05
-0.17494367277206901,0.04123987588260851
0.17367666257084277,0.13980823465107242
0.42437508348616415,-0.019957693466285325
-0.23354550471737406,0.09996360734262794
-0.07139706251317025,-0.2001128466884504
-0.020608506695111353,0.010249912585168913
0.3048496501807702,0.3185388766227331
-0.18870469520348185,-0.18417430914599123
-0.11802270743113616,0.08915657916614043
0.1379257998538148,-0.1520208987899013
0.26752864269371235,0.2951207184371476
-0.48300736556767615,-0.5165717523906365
0.12115734430393336,0.06890853392097994
-0.3282193846349497,-0.06384246733460767
-0.21139315244385062,-0.10690538268838742
0.20641056967858482,0.01220811115046147
0.3277834554579571,-0.3776529149845934
0.025154725885146764,0.17839099976890244
-0.024427963239713774,-0.02437163329040902
-0.4856172422576378,-0.114628958801397
0.09349257678101969,0.29636359626339454
0.015635718881124708,0.08856932089065753
0.21792923312698187,-0.30890191502715403
0.1095313347926834,-0.300259530585362
0.03886346217218808,-0.04560980684640599
0.3569561805764855,-0.12114291457169761
-0.21187451894921835,0.07077603282550991
0.12799942223788224,-0.08429071668856981
-0.36317727728017835,0.11233780653227902
-0.1414532865543486,-0.19102973932903514
-0.012387191321080184,-0.13260545527605125
-0.023449874735927946,0.2527894109708553
0.0879965865385184,-0.008436855254696021
-0.7665390445945214,-0.5837871425035427
0.2558540875953569,-0.07567488997573664
-0.042827159886895144,-0.4457757930268155
0.06188630179918773,-0.32428960058074485
0.3608007505557556,0.08681514416431978
-0.15798722440975285,-0.5478592884215595
-0.10918821915276049,0.05039044180621577
-0.03839095293080346,-0.3561043607004236
-0.16965013537534582,0.17818229627282572
0.18448529271646794,0.018908016348326284
-0.19866883288858467,0.4808993064868286
-0.15487562359641394,-0.0424991948781721
-0.08243265952492798,0.3778054241416964
0.04732738921115734,-0.09294473720726969
-0.16859369204544816,-0.27172347144336373
-0.15204336878605307,0.1737031233535334
0.28421571986421723,-0.12350301723787842
-0.3038336356492688,0.1568923996575015
0.02776319796557604,-0.4518191801089912
-0.23089569450410666,0.017610095296831486
0.13831530998259733,0.1253848932405588
0.020768648417621112,-0.39898779293126957
0.1914282006015608,0.007198240666419442
-0.2840626368530842,0.07851187403930947
-0.12779284675314576,0.5771552430252158
-0.06003377899087933,-0.12080059486938502
-0.16604060932401496,-0.22677291150854514
-0.199791270208347,-0.3242003023967261
-0.5445328236931011,0.08277010374640235
-0.29777909908800615,0.3530690177204162
0.18987637389471113,0.11808332511814668
-0.22575894879278832,-0.3679148720606651
0.08269209160984471,0.2545347636756133
0.03749476090600705,0.0074109503112584066
0.2526111186744373,0.6497715961985285
-0.29174886245177867,0.03658503969751984
0.025932513666652175,0.16829518440680294
-0.4650037378776101,-0.14040238643380493
-0.021258923141409244,-0.24721568286225998
0.17084148511266103,0.32412300486514967
-0.233209481944291,0.04326190155797799
0.2900740867734021,-0.020313190567106825
0.18213705580385425,0.1761676850980033
-0.17722245210730614,-0.06008316720283432
-0.269637318641551,-0.2281270559944475
0.054107516707029325,0.31586013139274266
-0.0020340226508819936,0.25483445864198123
-0.229704312754637,-0.053065920743508764
0.07969013248445944,0.11018217824313642
0.43717044811474204,0.03498438451609164
0.4127484630825882,0.346703165938053
-0.4348869935979677,0.014175673633918926
-0.2139969261794581,-0.27649214961015106
-0.0909623494959003,-0.06874589392646598
0.22395345343157638,0.3902660206713672
-0.06811422298672841,0.2550856061162019
0.27387814658654264,-0.19289888147678363
0.229448378310335,0.6657290657620945
0.19652472388360068,-0.47534556929670496
0.45323407409263405,-0.0943313233881048
0.035241433058466644,-0.016864446441051555
0.528951736796833,-0.4531777967767806
-0.14365388615053182,0.3014417199849709
-0.11690300585583274,0.38495624460405453
0.17225877117576516,0.2321867289080219
0.2715235122714356,-0.22842296456720423
-0.30838582906827394,-0.15495768306012514
-0.4194339049529695,-0.11413876955292004
-0.04176830750742649,0.003977784779304006
-0.3108461815400374,-0.5353980739506238
0.13590110311051706,0.13737658599998653
-0.08755959928922588,-0.18787063220923042
-0.023000101304996377,0.14084666191045567
-0.24588505774278602,0.22797220143392846
0.20881331320588012,-0.3643808451435381
-0.32228976993306013,-0.15762428158570263
-0.5720629064466811,-0.21950376219682885
0.24063827563059292,0.10994670912494729
-0.3851906703212344,-0.08081977180987443
-0.20345727401206418,0.29724284303912085
0.17851316183371374,-0.2833415677063686
-0.5337296274052358,0.30143093758472517
-0.3385838084697615,-0.044466443219188384
-0.3335706849691076,-0.5014481313102357
0.4324411432074995,-0.10524511613999682
-0.03958154828005784,0.2508273408015728
-0.15213814069223727,-0.3201534961756055
0.27605337308432826,-0.07632221269930768
-0.18211199816558765,-0.3468958208954144
0.47308649166934447,0.2740585447443853
-0.43144832777784126,-0.25550633838995573
0.25981803022559546,0.687149356474076
-0.2422231191632346,-0.14192327645913952
0.3415064076082555,0.3259544926520072
0.09216920990075797,0.2913696416137346
0.04269268059759277,0.5048674404421409
0.11393834996242029,0.021944388677054717
-0.06310395035381938,0.0867160685031886
0.0349088768237486,-0.08538873470628887
0.4321657577410675,-0.22204425672984265
0.04970536455056617,0.029798089040205884
0.23684739734409183,-0.020634706726964717
-0.2447003816299638,-0.038219013264232125
-0.2919284685818157,0.16328035330743415
0.0063277343100171125,-0.2405848271590779
-0.5134660535335495,-0.03031438069333627
-0.014864812737684965,-0.19837355025649292
0.11739935770282532,0.2207359192937117
0.017670508297859586,-0.26974689040994393
0.0458717103309422,-0.20979756737610342
0.13674072434550574,-0.10110390066373012
-0.06009048824252478,0.0875964289321052
0.06290153936558956,0.21414821389415867
0.014865819593014327,-0.11531448677772917
-0.38699165423245413,-0.164699193141922
0.10416792774122241,-0.26723335539428544
0.5070287260236309,0.09677049684704353
-0.43727339904870083,-0.27609332940918313
-0.2555588513811534,-0.161174233103212
-0.4107390826416283,-0.01255534355705526
-0.13096272182299445,0.002625954170890129
-0.0707877612147651,-0.06209310952958061
-0.0821657043402566,-0.45046717775416567
0.13755621667199772,-0.2129445772154842
-0.012191968339293183,-0.25465504790160326
0.367957026133742,0.23875714420047908
-0.05018617693098157,0.037653224134251706
0.10316366867294051,-0.21276986410367782
0.04875344772964244,-0.179733502189797
0.1528278999135747,-0.2871934973433369
0.4327715835998512,-0.3418426061613621
0.13515576774466445,0.07131787904158884
-0.2403679821694937,0.2684359816534217
0.02464616404358567,0.3611110293381074
-0.08791226106046934,0.011824811549092953
0.2812775949710458,0.02307643807325978
0.005934025236729875,0.4132145268190665
-0.04908860128096586,0.01810864201080293
-0.12208717080103773,-0.1550152313373052
0.0875773404588192,-0.022662957551546795
0.20043841292499262,-0.20359123200356788
0.3951084500493593,0.03536690736412251
0.23411157571658375,-0.0581769764947631
0.2787475624145085,-0.02400341344526312
0.14751660252382123,-0.43304451483058876
-0.028657934534137064,-0.02722104093777989
0.08718410768514526,-0.4174185130305792
0.2239998733504144,0.11970555277128495
-0.08006640877926567,0.2639941858065455
-0.08878720128863418,-0.05784489514513094
-0.033889656513603546,-0.2466175037866713
-0.335290088708593,-0.05762100381782444
0.16003153294339553,-0.03858034855433994
0.057745433646743706,-0.00597136051853659
-0.173957208172186,0.09080659519609059
-0.2012067494930449,-0.21088499895440854
-0.020330218954238838,0.17599265461104946
-0.17520289606498604,-0.4745213354605166
-0.7074677539323455,-0.19288016280955025
-0.23663591839327375,0.11672653113224565
-0.22135507421985823,0.21442674776057538
0.10901638461493916,0.15453212186053056
-0.39997993268668874,-0.011633677983163986
-0.24734453370132867,-0.152412173706324
0.40781085780833154,0.3894646902411753
-0.0481178191432476,0.21433869521666088
-0.22136778792166897,-0.360428755989635
0.45756051708512635,0.22491434577209812
0.11339328839131389,0.03486543617476693
0.03868533456966809,0.015948344118112415
0.27210003596333365,0.13578548403921656
0.025505542153122777,-0.4854856557687394
0.10690883817861874,0.09613135227223854
-0.44103665514182383,0.20340331066478456
-0.018887720044945704,-0.5743620891397476
-0.028418643352982748,-0.09210751895343826
0.577658044321234,-0.10997192262093407
-0.11680942805411389,-0.08575952479934738
-0.00751801304411212,-0.36582023708561523
-0.005626751689177751,-0.37300519992510683
0.05215679189014387,0.1264171674908496
0.4617161170955251,0.37793504253492854
0.10492394708018633,-0.16239237742176799
-0.007770103501960198,0.42524310658450054
-0.11988048921208148,0.038273864477165645
0.10361986748386183,0.2498281089475643
-0.3381308826275294,-0.03143613609572079
-0.16321025488647822,0.06987953078625432
0.32668270008700484,-0.057127033190353456
0.392559710470742,-0.01112516098524945
0.5526738745087894,0.1989016223247137
0.04256852736263461,0.2025536258008016
0.2778079583657386,-0.008371876543608225
-0.42238249128890387,0.023655205943900436
-0.23703619044851368,-0.30949760660673414
-0.31339854265303113,-0.3858816638438195
0.3675904593736926,-0.32821631309259264
0.00010095975172048017,-0.11774083708880204
0.1750837086879289,0.1791415453010535
-0.07845423964508517,-0.43906043907371356
0.05352281007010561,-0.23084972388961092
-0.12209649290599664,0.2792497824787105
0.16190151444766554,-0.194655505233653
-0.15437997338739967,-0.07751991763236085
0.11751182397422788,-0.11856129887428193
-0.047737068506405335,-0.007747185844436018
0.2996238271694037,0.3071874922209725
0.45075238733749823,-0.018333593436424152
-0.2494908687402642,0.29167583247800866
-0.015781204664716216,0.09503260446537667
-0.05445030341259756,-0.34752523922328776
0.7029442588419813,0.027989697270560686
-0.41339905497651014,-0.38790842991301683
-0.27694021993238654,-0.2475208489146396
0.16656047481428382,0.5626089219843994
-0.5084552675768242,-0.030977943703059167
-0.12053443472582097,-0.0773616245100729
-0.08603489490120265,-0.21147527016411363
0.055157136885500536,0.2135012559489808
0.030775295812876108,-0.12782519569806064
0.13989771067784776,-0.31196334700631767
0.14012666018957376,-0.1883128460579076
0.050239090585400284,-0.019326817406360563
-0.24579520519265136,-0.08518298558451376
-0.1481311172757461,-0.03383118120589782
-0.42616698816735565,-0.4853988604713413
0.10260936051287016,-0.18097599733613887
0.06464379038375848,0.23115496838992175
-0.03152676737738827,-0.40767099103389937
0.14452177152797593,0.22856538866661189
0.6343794766407487,0.2530382612254816
0.17458008884354087,-0.07963470574177135
0.24884631620813905,-0.15459961303922828
-0.17593494686944094,-0.02145872626231056
0.060374663804168505,0.10312106883817734
0.292885113503707,0.05298372940664032
-0.13060626668547531,-0.39963681099752585
0.06738865665329409,0.286114838130066
-0.2390023675093008,0.05804217944543733
0.30190201915936626,0.32408659829204806
-0.10205057746170217,-0.015107366081116867
-0.12397078842684243,0.20518970006106643
-0.2529622335147981,0.05195065990980253
0.11529355596671058,-0.08757082399284566
0.3881496964107919,0.37292687140015
0.18339650846038655,0.24633211152720721
-0.017793455775392958,0.17561294532607485
-0.275455727534549,-0.38345952180444737
0.044108909025441144,0.03453472395234373
0.1299131594204168,0.35098710441593534
0.3125354287985768,0.5045887161708532
0.2394274777871101,0.04715755859781563
0.14949178757868992,0.6673187799036271
0.011173911309847583,0.17965524573138048
0.1804657149168041,-0.08160436474840571
-0.4972954868802776,0.06616535199951346
-0.24016444468499823,0.24944572516062916
-0.06554216214472156,-0.4718420777896899
-0.33186265379512814,-0.24324592937240774
0.09909176040893596,0.12956489247220632
-0.24109680784942816,-0.216651615319699
-0.44583404639105784,0.12180198546700044
-0.18513188115163043,-0.11264610706268387
-0.06620005339605961,0.2522746517982704
-0.10610287658820827,0.4526717550269231
0.4202021116398033,0.262741609901107
0.33805136619191567,0.14054433686290174
-0.21489531836991882,-0.36965449775762416
0.48455418154719065,0.621331629958742
0.4383827833065512,0.0437333696530666
-0.21929516029305282,0.09912126966394373
0.006704062571563815,0.1145728315132273
-0.12980527676748368,-0.36929486300258857
0.16541229732641213,-0.15384960491398517
0.15907389972976088,-0.12961840541306235
-0.10209544603666137,0.02082096088541503
-0.03967469006654311,0.11261612933523624
0.10694919895392452,-0.026457827601363178
0.25610993859258113,0.12441291541772433
0.40794118841455884,0.13374806105410184
-0.06300036457234541,-0.23309396932317153
-0.11042365067255146,-0.3303279896738603
0.11945071690241589,-0.06448302516072128
-0.33928897962784277,-0.18271485926510256
-0.14762297651287115,-0.12114825638036648
-0.2365971888911256,0.0134834082835109
-0.14248999109846913,0.04771229677192641
0.07788603639869468,0.30804250662348254
-0.11973481689019458,0.2541367913940688
0.490686186557821,-0.19808271475190414
-0.0997937608046158,-0.14392032488413048
0.1308641491556733,-0.19638271839442722
0.327876647637054,-0.10402117971685522
0.46165849337397347,0.19585543413243398
0.1418956518405467,0.11036154227064941
-0.039779504644177316,-0.4365733783932875
0.04895917502432999,0.09703343000998778
0.04806469733623216,0.24043819146025563
-0.33499111796494374,-0.08114011596269795
0.1508073157348463,-0.43810027087726683
0.3135035843012167,-0.07777910939414308
-0.03629281453276283,0.23245583358820973
-0.10909357634766594,-0.032203562001777604
0.4310830337835914,0.20611080044975613
-0.5406438886636091,0.24826438942463258
-0.06744553161903304,0.19101157902387886
0.6673275495072465,0.4476290883422103
-0.3458508136835432,-0.20658575308034877
-0.2466272707627686,0.19672360726464966
-0.23098705348364001,-0.04220477015288227
0.3139474731941914,0.05217555187328141
0.013202839328823927,0.4399302161375055
-0.29619641657759327,0.2839875270211604
-0.20748941788858757,0.09804418905938411
0.2548372032060513,-0.29216478250552036
0.6866937266877527,0.47955290815813745
-0.09514251919504466,0.0018256597820063597
-0.3372163801560903,-0.16147048390208446
0.2948656738979811,0.09960719992242813
0.13338141786538665,0.405451658387661
0.031064119287588655,-0.0808725215888002
-0.31081094847775004,-0.13697095045784619
-0.06237538923164364,0.05252004672071301
-0.15778465361458546,0.16900268710909608
-0.05603001507429608,-0.4660038758529853
-0.023299763791451367,0.054228079717012774
-0.24358175757680112,0.10853917691603555
0.4527173124395823,-0.005359721161319022
0.01755227408348353,0.3693210447708984
0.46024818463315126,0.019846924723556987
-0.3343252455836009,-0.04523692901060592
0.3319503977796296,0.46152477764525696
0.2694062165448762,0.34551210065034976
0.15839169965982283,0.08240238719627538
-0.020350103828952065,-0.4865516415233583
0.0353945201255124,-0.17811160873205076
-0.08050432315332888,0.24755706452625034
0.05474939661027441,0.05078974540027804
-0.15257449749323654,0.06140635314550303
0.06934932496307979,0.5426234572455636
0.0932948253916045,-0.08434856171544207
-0.2188242708120371,-0.16321478824012858
0.3220838004328436,0.21008251124726737
-0.10071341114448118,-0.2861537987834439
-0.028275352654455414,0.26792375195431234
-0.1381234979525955,0.29624923787643087
0.02485478430623229,-0.09135136237188425
0.017184281395848586,-0.0020463119571454552
0.5418487138863469,-0.13205806772490003
-0.22516499406742327,0.20671636530369553
0.10270049197047033,0.037360913169308764
0.05467636698301241,0.5124494408633209
0.2546728091314618,-0.2907826954414859
0.29944073459356413,-0.09603975119842974
-0.021308013957150908,0.42963512662594067
0.4156466753246479,0.02577696785493513
0.3540358533736953,-0.0860607682362416
0.14516150720347681,0.23793581459429092
-0.4115586372046481,0.124657432600764
-0.08841813556096964,-0.10841382415657946
0.05205269285199563,-0.08251396755604713
-0.6006704137135136,-0.4276280550981152
0.12630543332456115,-0.09440220418273963
-0.05524048534949308,0.12825371655717013
-0.27640640223985014,-0.14958096588136124
-0.17978331200476205,0.1406294957900375
0.08689931079475108,-0.0416410327433456
0.27717866470056957,0.30891506447825806
0.28882927501685574,0.18989206855206542
0.057777151633022314,-0.08157720556284734
0.16025768855716202,0.2632889516746561
0.270619361798474,-0.010838072300009913
0.022196565276864578,0.1854873207061135
-0.19470991516393052,-0.19080290526336438
-0.40241038888877384,-0.25599586974604255
-0.15258973189505515,-0.4725038799831783
0.10285932513395632,0.20387950253571882
0.39105158074283203,-0.04798736241836496
-0.030600970377070703,-0.15954299585811338
0.42034319644986246,-0.3382631159648291
0.022153520384927673,0.12155799824873216
-0.22583378163370954,0.3366803647985846
0.31360700766144944,0.1910839416258686
-0.016718166423528098,-0.38089681943648535
-0.27089187730360836,-0.17579700554378572
0.152227168032707,-0.15967412583315982
-0.2634937876620009,0.07936260639768639
0.14710818121222716,-0.4216234952398326
-0.022795501146146223,-0.21115160175255276
-0.12805374600962266,0.17123850060209989
-0.032160144520881756,0.008492348303784555
0.15541667224945327,-0.48884865797452326
-0.006526762901047077,0.03712156588754419
0.3113460332587008,0.05878297369268249
0.5174344729195602,0.20371119958384704
-0.1122727426772032,0.45183386027867084
-0.06313050600141759,0.18257136235425708
-0.2705564931631697,-0.6086801359751893
-0.2774336589657997,-0.04766577828200165
-0.27178941465256756,-0.6535358063581883
0.0036360027547354865,-0.11356706439432653
0.3333635655116016,0.40869895476619866
0.2628677969252582,0.15247288196522363
0.15603069716411055,-0.002163219024698562
0.5722741389055733,-0.25761397150151555
0.026084051253894923,-0.0096758577489889
-0.5501029842532198,-0.42167499263822655
-0.016682247086481493,0.08989675861684981
-0.34524665630256723,-0.22961928080724114
0.12229884062173434,-0.3222796019502348
0.6096399003027452,-0.07888480202732244
0.5473692355710209,0.22991347830608963
0.6652938970365615,-0.20495800530871955
-0.2811344042511028,0.035308767754491356
-0.08116297887144264,0.10134242247539327
0.18147014167204187,-0.11809680368505286
-0.013462546570243022,-0.2276679576128755
0.19617669959121312,-0.19571557894155997
-0.06558821201123266,-0.12146982627603828
0.004020661070108537,-0.1750570389224548
-0.3018392300595615,-0.1421801205086618
0.37586573979674387,-0.2953548177328729
-0.1487598724499016,0.14116665653925825
-0.11191790572427493,-0.28090397464429884
0.22980456663395243,0.017115727416473932
0.1917582000245249,-0.16582408386484387
0.34204680969322543,0.2860890774102989
0.46765198212892795,0.16437309805015668
0.29397464286710706,-0.1546021391159613
-0.2866117179543459,0.3956399786411482
0.13585132737412706,-0.04616956713016151
0.0746082939317267,0.33220597911004884
-0.17904013315587544,-0.011286412041894546
-0.0860588423749155,-0.26673679189907434
0.0459181583969302,-0.1202769848917595
-0.21809071110387487,-0.2976365797403945
0.05545101906009539,0.041321974665200545
-0.1568770152846965,-0.34199287998553857
0.0982576305474311,-0.1447512723962188
-0.3200863586009775,-0.12207006783491883
0.5561849509301693,0.2904936177362241
-0.05748479033973487,0.36128372944177634
0.35890990740125606,0.0012104338350366476
0.23170525226374844,0.21062482193741922
-0.05537206509328977,-0.20510450308289477
-0.19667320554788031,-0.05310465833278874
-0.02111879702427068,-0.0873825747891229
-0.17241843591165357,-0.3213487218947216
-0.2774568406121002,-0.06398929010964127
-0.2396936394435356,-0.17484573158882533
0.17741942259846954,-0.17893097940018454
-0.6211868018525786,0.044682809930937525
0.3251276004203962,-0.24355726469936084
0.07020282078493918,-0.14535069697329292
0.3410406033602732,0.18986787205736644
-0.20496417180943644,-0.4711545470715484
0.028922283390638456,-0.18205305912337258
-0.3333768242302114,0.11582431109622213
-0.24882205584148726,-0.06970117255306939
0.1441848144674806,-0.21973555087717964
-0.028934968185073386,-0.1620153002586134
0.09274584653926661,0.044227360863737054
0.00834470733576486,0.037924009980840265
0.3533157559853785,0.5145935308642725
-0.1172080919148248,0.3223341679430337
-0.007037255620491461,0.10620610520085863
0.45672429191029756,0.24076330086142847
0.22565742249409082,-0.23850652156288094
-0.19404526723793464,0.03170523676498774
0.19507308618305122,0.20627532126926398
0.23256212654565278,0.027863338822895427
0.14058663574061234,-0.07143302085436343
-0.7948662139390549,-0.12203687840098966
0.02392158228812252,0.06785570195674802
-0.25678238008270005,0.25342274294627837
-0.0967096024682513,-0.15642177501567997
-0.13107014203336667,0.2541339202560082
0.5764608035358546,0.09650182635904929
0.14820960040214617,0.01626963962545839
-0.12551453977623905,0.02423065215030635
0.1581322066416748,-0.2470832319014362
0.3561321387364725,-0.09427215767858457
-0.16720970904283491,-0.41495697263949377
-0.028933022089740832,-0.39758699944623677
0.022307399498191233,-0.096089483461573
0.6322501074092959,0.353238286083523
-0.20705389005533648,-0.3909182055689753
0.5696242241206547,0.2702935527257204
0.02924772054659963,-0.05478731088707262
0.15932648580942588,0.1157325616645996
-0.12609570153833943,0.13619599799240897
0.05665538387095071,-0.18875205729491462
0.5918176506387178,0.28236766574815403
0.16538022531380253,0.05378291473950164
0.11990243051419845,-0.13053330961727416
0.137601034145363,-0.13595579168039693
-0.24517987887925463,0.22519778974742083
-0.29408951351948426,-0.012803587656672805
0.10354411584143616,-0.06610795932472734
-0.7335126477533281,-0.5577083292146349
-0.2899649965768873,-0.14727248331996254
0.43435195620727013,0.2804484754123429
0.7857572500854899,0.496696402399293
-0.042070404547853935,-0.1298001582585886
-0.08803614954436374,0.01257288488860878
0.00023785088647514446,-0.10522146162628827
-0.08952218954960049,-0.3020867082541147
0.11793929151138459,0.26210899049362807
0.0671672515981153,-0.2489237870190059
-0.05094870401510453,0.13689970060780032
-0.24956182252190778,-0.08573300500384469
0.08575437080779844,-0.18120129805896432
0.07422313121008219,0.26717495793691437
0.07681989327766028,0.35671797086801244
-0.2657348318069834,-0.04776184485046077
0.14276586002382008,0.10606423251326506
0.5104213506428276,0.19654341079959486
0.10974658408701089,-0.027877038262890116
0.3435717707832133,-0.058615884912700936
-0.10583259509718308,0.5330162989274063
-0.22916128065457453,-0.24312412886577978
0.3946343155826613,0.08996602045611633
0.2680541593797252,-0.27307497772245254
0.21038179866007506,0.020026986672941904
0.41337962249401194,0.2123275319533082
-0.3373277771935133,-0.04887615091830345
-0.39886031335599087,-0.12565342014302464
0.23381038057352305,0.2608092679339225
0.3275438076190581,0.21745867848064412
0.4569835128999853,0.1339518270952198
0.272401354417679,-0.2134604378963108
-0.19294856216339817,-0.022731749860872077
-0.358018374515505,0.2629708719597009
0.45883459751856664,0.5461100319833117
0.1810301567418571,-0.5079609955818968
-0.003049299285095378,-0.18781855226954364
0.10995889341904604,0.3637707418296555
-0.2801973538620068,-0.2949097779697281
0.15248749113365662,-0.04647388948219563
-0.3310146108299914,-0.049275131302684454
-0.0019359654540291166,0.11712046294549346
-0.25669008857015785,-0.10493150966606822
-0.0781110972831359,0.49420333563488306
-0.20222173374796776,0.09967491953415185
0.7984469976233263,0.5317147117594357
-0.20517486797301512,-0.0017723654895311506
-0.30450899532637676,-0.30234281811644637
0.5949385015859123,0.004154376105735173
0.21996748904395313,0.029331184148112036
0.052986479825268114,0.24083603777248902
0.03633072222734665,-0.041592299379107266
0.07588719059777334,0.026840585514944566
-0.08840097065248867,-0.36664722547683726
-0.10756800981386103,0.12027865589034982
-0.40899535774871276,-0.0004859101695583271
0.2474905652005779,0.03558752514204536
-0.03836425453187766,0.026011454884637002
0.09450426815904268,0.4977602891680869
0.13454034735160264,0.07451943089835028
-0.007323310670516793,-0.1161463855967826
0.13488213270680366,0.24553392258962348
-0.12870031431315504,0.11161220621964062
-0.007737353307327466,-0.08778851542005615
-0.17336472304581604,0.10088178955679246
0.048538091766521345,0.005616655554343604
0.39681737287011076,0.3515122023911741
0.013734314057757888,-0.12048294034347103
0.2467200902545041,-0.5305363194588619
0.08152555908739827,0.11365453393244442
-0.30338247524104134,-0.4839372101095962
0.031081429468380734,0.09914858630346139
0.1236339572726437,-0.6132662944686599
-0.21429553532740492,0.10552306534038798
0.20541061802913868,-0.5791700075060939
-0.09845387806732683,0.054516357600752144
0.3322833669707648,-0.16543578796703226
0.17492242428599614,0.035920476244825555
-0.1483289240438864,-0.05595919143717058
0.017357750075933997,0.18249962947947643
-0.045938526247391635,-0.36636758861106306
-0.341287220819577,-0.009114582682828273
-0.09775400005046825,-0.18086576398719595
-0.012140982826216463,-0.27085095194288145
-0.4046172331942284,-0.3832162447437011
0.24560623165518747,0.1882533361939176
-0.11616531020975882,0.00013868950783391834
-0.015891396961626777,0.05503727505178126
-0.10289721576736276,0.06154487654761302
-0.22887278370579384,-0.1258029525163611
-0.06709121094696398,0.017757062253505245
-0.0771839589434275,-0.021392140783246687
0.3721200039658972,0.5312245140976831
-0.26227474922684424,-0.5655797555857839
0.4819527174700248,-0.10260905212390238
-0.16863396228181293,-0.029616893161091964
-0.2202286480884975,-0.22490102400825837
-0.15507077970937744,-0.015479308659436109
-0.26151874669620484,-0.40567332188370914
-0.08252143682087792,0.031280542473696396
-0.08946605678949077,0.08524477733608596
0.1598882749758803,-0.32272867221203405
0.12409814735613502,0.32979013999497403
0.36220652336509845,-0.42976756428261853
0.30448793281485387,-0.43402737091800175
0.002791697683072895,-0.1064192750095819
0.0398314898618488,-0.05352329051823792
-0.12406535382279613,-0.050945632683789516
0.2065108906632409,-0.18260405586821865
0.05420209368122059,-0.006350451632618722
0.17814490992922813,0.4014944931026865
0.20783766992981276,0.06542711587647475
0.20182282527828688,0.004164876318003408
0.02941149999419901,0.12042229960850911
0.12123583869007865,-0.0029167208667910133
0.33112654221886023,-0.2764907536316626
0.09542961683515164,0.38860868669891413
0.34721147623228454,0.11869704281133045
0.04085301728189616,-0.5926192184927205
-0.4700333777432926,0.10390567010656374
0.4729529463467785,0.07659165938123907
-0.22880997994344082,0.0037052899577344482
-0.28244057550529456,0.2949061163741671
-0.16614541191033336,0.10582616807547107
-0.15542965242866735,-0.06477674848172699
0.22450260779401776,-0.050625152234927
0.24828486730422977,0.15284145336082955
0.3298940814212953,0.26737500179894813
0.19313647694805441,0.058501442345928745
-0.009225953368276316,0.15307910678429273
-0.449626358859938,0.04611536565654946
-0.039981843231188564,-0.1199627741568634
0.5766586774363088,0.7946384144347506
0.3105525551011772,0.14066926285913284
0.1477013737479407,0.433634346184275
-0.007023558536838091,-0.1565335624771659
-0.08982406495158998,0.12429198225147273
0.11676249869024438,0.1784102481422992
0.30700293957471786,0.30754960829117
-0.07824626424317689,-0.318496197599976
-0.08408571707243426,-0.2582366518310976
-0.35779589981559423,-0.5067907870620245
-0.0011996416483039537,0.17524452109962357
0.2555523860132756,-0.2612712692226765
-0.09145093371673214,0.20269490862954664
0.03833704212986492,-0.2838290350178019
-0.3643980059017518,0.04075243272557652
0.11960233246517483,-0.37862211642787436
0.19227919090341272,-0.05550944189234653
0.09923373495712211,0.1373901090458249
0.02723902167821216,-0.21157732273469249
0.2315744643767034,-0.28362562930900415
-0.10896411678860396,0.22151202287452143
-0.23170713936694212,-0.33954871239975093
-0.14347145927371882,0.43461376331838925
0.21216497157289252,0.3397063212506543
0.05144986777686266,-0.20173296370453622
0.2390009732596306,-0.5524084091606902
-0.23729134834488355,0.14922306313609568
-0.046981769022490405,-0.08995999993759785
0.4156431155057188,-0.08799090550861008
-0.025864615583483443,0.25367561244461856
0.2637572676667202,-0.0074013358417823
-0.25901921592398724,-0.5045444091932154
-0.4303695385002851,-0.2512815721187826
-0.13539114934972307,-0.20773593119873313
-0.042100210091685256,-0.34917157050539765
0.10428114643403037,0.19925372665670799
-0.259890292371269,0.12634310605739424
0.15372893437233026,0.006986385396689862
0.25421277388108243,0.3795929177965003
-0.583391881312396,-0.27531759201522304
0.2409574698113842,-0.4763850876657741
0.24443508967732144,0.4451355356506491
-0.16895765341077348,0.24072603633659487
-0.0906085018865533,-0.05651421059605286
-0.2871657063848488,-0.44459619829682967
-0.0025115252110805867,0.06037270672332306
0.1518362083849423,-0.051555330504579854
0.003566435636202468,0.060382305703498056
-0.10922954790243496,-0.03610293454830565
0.4506204198711214,0.36493250188433773
0.4487252321956148,0.1609958883423452
-0.01588397830554822,0.007795433128097683
-0.06381780755391091,0.037786509136135606
0.47379070683928654,0.318029171918184
-0.25553698421558485,-0.24278194775742576
0.2359677785448264,0.23182009296447473
0.1120252347936057,-0.1420184117218157
0.5553461983410276,0.32149233590736076
0.07742332932181206,0.05465730215838646
0.3547308250094446,-0.17428838146854825
-0.12251547074497307,-0.5264067644840673
0.015637231570830867,0.4767005297869162
0.4936239164511051,0.06863046479621909
0.0907329493105146,-0.08629305327754615
-0.24576051884896224,0.13310788827411774
-0.20859224362745296,-0.34388291713304614
-0.5574189160176781,-0.35453566944886916
0.03891142189323227,-0.09031253491674493
-0.4857333789308964,-0.17581922642418646
-0.2990437970695651,-0.03231878966115043
0.013608346223911617,0.039024504325429345
-0.19524341416619248,-0.04136633045679744
-0.391783136959135,-0.39232761642675806
0.2470617997035773,0.43103860875420646
-0.01903554590635296,0.13923242978682185
0.12430090039978778,0.25653401095924033
0.027014807033493408,0.1497367567727822
-0.008009839890258504,-0.3097901431697533
0.12568202475609222,-0.46895133578572845
0.25523149180443994,-0.5245495099226551
0.019303324114726923,0.021019626412006494
0.15320451064108412,-0.2543056934777696
-0.16177864049227791,0.2514388842299464
-0.09843149712227692,-0.01573390343314871
-0.16569442109747326,-0.16987726005495543
0.09966830587623123,0.05285490247504177
0.20501977328352564,0.2631308720512909
0.02083461511433158,0.11779082086306901
-0.19675122978483653,0.14753222334698135
0.005343748578127002,-0.4048882822011023
0.15750019161198325,-0.03379121596862598
0.252055395088239,-0.16029430777049747
0.391456051820761,-0.021921297794797834
-0.018198733751445338,0.2870840310093031
0.038788789399075645,-0.3163160557543805
-0.07005120010369033,-0.07558731530478043
-0.33743148446516835,-0.5372386488406261
-0.7433779091519512,0.09699268295225047
-0.04349309294605923,-0.19356261672372535
0.014004132023181522,-0.2996347885717728
-0.1760435209972073,-0.2010610490044121
0.05538369937966093,-0.10221487525544318
0.38788852947652597,-0.11408141004191842
-0.31167410451033223,0.11129024898309799
-0.3000563741849406,-0.08351169198029336
-0.1528339936110112,0.24655387634888437
-0.10956684811229134,0.3703507570318346
0.013323716006397786,-0.25232703588577365
0.3661463281565602,-0.09544658798136246
-0.1975840689044007,0.03826958114777784
0.29160691264730304,0.14193445851527667
-0.24403064303417718,-0.12837628119634661
0.14575906288518645,0.17963400987549524
0.3001689969955844,0.19502110755451654
0.12619678455865943,0.12510740435358883
-0.3462783383474133,0.22345842100856833
-0.19686028639683362,0.07690928763003724
-0.0998465969157267,-0.24860018201873443
-0.2203629103247946,0.14032606115932406
-0.17550503511296942,-0.21216471992482408
0.10319448910877851,0.04627354243843304
0.12663834067993884,0.28076365653118196
0.27240731417668906,-0.011152123004016638
0.10476753568646349,0.27584801653884594
-0.13083856784178224,0.08668879951345831
0.27613077288104054,0.04493410844880752
0.14905057679923975,0.2617263046983512
-0.20226517126866078,-0.28617002322269414
0.21181416817595322,0.48454503567093166
0.4685185984176745,0.11463899865620665
-0.14745958063914807,-0.1537250734448898
-0.16050306350752133,0.4296109307367493
0.3609126624072162,-0.06273446605608975
-0.24695639411769799,0.01422735861200219
0.40875883015918385,-0.25898880422808385
-0.23194827331357068,0.22246977961582304
-0.0777709034752299,0.20359764775482125
-0.2440948960821633,0.1179086472284159
0.022255885166348466,-0.40802021858081294
-0.26005918924821947,-0.26430583413916353
-0.3944151601149563,0.25553139089908206
-0.037609618535398896,-0.17139607912999566
-0.2688085384813289,-0.044525533400723766
0.35622121351951697,0.18214594557435534
0.0077725889555918274,-0.07107886921812753
0.128757283729829,-0.3075268332212966
0.2323024728493568,0.8519857536832025
-0.18075552147105997,-0.4547687957198462
-0.19553847313457925,0.04763197233576056
-0.30299079675795393,-0.24514959942393857
0.0014313095668992174,0.17661464079977607
-0.17749249250015395,0.3568640606447295
0.05065471428374514,-0.2628753566768471
0.446607037944301,-0.3934103605809103
-0.19201668191093785,0.2864988034326593
0.15445016059334737,0.342845073992094
-0.15592086413028505,0.004497637120088312
0.12367124399476664,-0.3215512942097703
0.07709742718715282,-0.041004315859460315
-0.07488083615561422,-0.11581386803035879
-0.44465133879490476,0.2242956999477165
0.3319999750218187,0.2159064099005785
0.4802124549927705,0.11144358033929161
-0.07387351116266017,0.018897758892891078
-0.10500857323436018,-0.41443938076787235
-0.32535597691057566,-0.08552736805315443
-0.2518061159742449,-0.03038730350841996
-0.07564864161694743,0.10736424020072487
0.11836032061523238,-0.2639790460830161
0.3663891026813659,-0.06768925666103441
0.06908196707720693,-0.07298969053395905
-0.0451437766562483,0.16903131365691967
-0.28615587286451655,0.07440282906261515
-0.15346848063923885,0.5314072357255725
-0.11303387207506568,-0.15240724566501804
-0.1237752088549372,-0.040973039297071606
-0.0884246478331164,0.6538499736973011
0.055104543915346776,0.050290184520320136
-0.27155000565114534,-0.11538266888700548
0.04087108856502408,0.25911663020461323
-0.055810029397495325,-0.12752177655506622
-0.2746320747310009,0.19377975623359353
-0.12279577184847114,-0.2529949511528967
0.3119356902724287,0.044901181614739945
-0.11217610629892784,0.14296466501673935
0.19109475063734577,0.02905924358875406
-0.38819658571612453,0.08500193033337164
0.2565400531997556,0.23838859688779043
0.23532043392087632,0.29495610962380514
0.05427956112479948,-0.2375888951001112
-0.02109005259235369,-0.02276037129552713
0.030344066508486298,-0.18218328440382572
-0.439163975495648,-0.13813036942346343
-0.21093704910011452,-0.11371936075522654
-0.218468562433006,0.014653610146844572
-0.029276970459508108,-0.46080837576913375
0.5706201042159348,0.47120972083004575
0.11083306488314433,-0.3477976086067102
0.08754255146521496,0.3326275540555667
-0.548974203218581,0.4361320939422438
0.233492872389641,0.06820765640180326
0.36749665806841364,0.24979471738592068
-0.26459059205123014,0.16585479419942034
-0.0829121893857281,0.07473082900121522
-0.11977010407557281,-0.4384076020430336
-0.3061880422270006,-0.33594852358166527
-0.40875217833515465,-0.12318788123649248
-0.11668672547411131,0.06399328715615288
0.015316229970519154,0.23620782365794593
0.2827000596514053,0.524644878011259
-0.16477477778840277,-0.10806111458360718
-0.017801239696517403,-0.3411751448082613
0.2094095585622951,-0.15474674716136402
0.0018160826832962023,-0.321130058757991
-0.3196266651192491,-0.42040401288433105
-0.038895235638993844,-0.25324841742953735
0.2202602643256284,0.1824862668123614
0.2212488545821279,0.6621895182263989
0.31016980108640846,-0.0737132825786935
-0.17350301212583114,0.0375066100676681
0.08861171613479323,0.0014181006853355507
-0.12079153091142873,-0.011082219884436377
-0.43230704397366215,-0.47976841938823256
-0.10792047027171045,-0.17063342250648758
0.041777882870220114,0.05645101053319918
0.3466759279691599,-0.3331096774896075
0.14611122718520544,-0.1538599197433814
-0.06225762291168114,-0.49934607721524393
0.06357530466280115,0.10803618322807312
-0.0017409509582547728,0.2720231334120173
0.25749193616032506,-0.034165923432673995
0.03756296478594622,0.12264686059492254
-0.28838916305839496,-0.2551099845428985
0.1929746488139594,0.17573980635698103
0.0897040238704097,0.16377298983730534
0.022712731104521513,-0.8034252279527343
-0.15448600940751558,-0.5621851705055412
0.2834596834255488,-0.04251886955400206
-0.07734298276134915,0.285893047110306
-0.7060268996433523,0.03037009225125487
-0.11825612018118788,0.14557498926266063
0.24514580103887365,0.39512097254311557
-0.2541416617073929,-0.4502689454178293
-0.19012581095911896,-0.43661150640409596
-0.13412439550701033,0.002037162974371134
0.17217224237551293,-0.14500784386742982
-0.16352503039188448,0.09797320916393719
0.13726584684234489,-0.35305146053464853
-0.14187322827055615,-0.02247419453915769
0.10632312892117386,-0.005814065008184429
-0.6190117999950586,-0.0788218089457447
-0.5359193443037655,-0.4623378789938136
0.16650356185383836,0.19490801706144623
-0.20238782029284272,0.19189330713005526
0.21453563456885438,0.15072665469839008
-0.1022421791458816,-0.10391466163702973
-0.05429988232455277,-0.2083575433521003
-0.031125288978403685,0.0056659263112475156
0.3272695637185474,0.06596234379670236
-0.43320837083822705,-0.13948998846252939
-0.03270939946010921,0.13954615722735372
-0.0652670223761923,-0.3078340156680638
0.3851724193799947,0.37668726497501437
-0.4602271542108304,-0.21019389488122273
0.07568127533478243,0.01604413173460718
0.15875173435979206,0.10836331038297303
-0.26154830352748026,0.2142367471617375
0.12406388572710451,-0.010546984519515894
0.1141730502072573,0.017875456397183565
-0.071367060978445,-0.2389013399140769
0.19827890932191614,-0.17958265532332887
0.22372749395180128,-0.1668492145138488
0.034705022222948294,-0.1357551149609182
0.19507717116693418,0.22390752627874327
-0.08859886581068285,0.14644166358290225
-0.1261450882250235,-0.22995176231354106
-0.2817931091879958,-0.00267155786177122
0.018679962066701406,-0.12520215014200314
-0.06390517031033253,-0.047821279551647534
0.2682250173766913,0.31306139488741497
0.17797884777256748,0.028186249558346914
-0.006775801044818394,-0.06326781184359197
-0.11920749624263668,-0.134278449631571
0.13694141838525678,0.19086055164210766
-0.19174747328875597,-0.02948236618544859
0.12166300829099931,-0.23329767189188783
0.31942448092464837,0.23093193117156877
0.10462284460181089,-0.00032611305786570474
0.12975122482410842,-0.2840410981958743
0.023036646782465815,0.260690275954915
-0.049056677556296426,-0.3178000220745741
0.20843759118749575,-0.018261439099510366
0.2659731976041195,0.9048940439482158
0.4627813611111531,0.44691128807100033
-0.3883295412357022,0.18411663132851533
0.3837304267637971,0.09875832091346563
0.4644801299309403,0.3415867300278493
-0.13499767152300354,-0.43139645820112515
0.40540017748913293,-0.13268891441394956
-0.2707165939458445,-0.10454316400570461
0.275265496811649,-0.22853145854529505
0.40233644449341616,0.40350655679342956
-0.09099531091258015,0.3147581956159028
-0.06670270959290592,-0.20549268241206475
-0.35258499385422837,-0.38492126631551704
0.17267036613010422,0.2203889751652024
0.22256749231533304,0.3115525779071482
0.5763414040677689,0.40992230200783436
0.12781443336315654,-0.05034661627259036
-0.30627664931020565,-0.18556572171568908
0.36493870832608066,-0.5289047990874262
0.06813877613274524,-0.30778197261342227
0.5400155383368505,-0.03856424544026212
-0.1895763553212193,0.3606581680215074
0.038784006658479135,-0.01504122597068717
-0.077620434876759,0.12726506508122684
-0.35085077409650134,-0.02427162983426398
0.16144796671308018,-0.04576158203527897
-0.27198766403406327,-0.40718703259142297
-0.09415274419710752,-0.08029652527671673
0.425475087299297,-0.44022638052902063
0.3155480759418527,-0.254190999550536
0.05322517937406832,-0.04794833722711384
-0.6167002774046152,0.006541729329428701
-0.2909880233380774,0.08578128795327654
0.15558229350665834,-0.03845899797264384
-0.1507840485094932,-0.33947638592447826
0.10649093351296314,0.03384732080844653
0.1515753854297231,0.28049137881769914
0.03974346014962404,-0.1131541900397344
0.09285358711020734,-0.010840302226545138
0.08272168744775821,0.21183262144906828
-0.22883551691969273,0.17950491407969144
0.29899389795523973,0.7292152272875606
-0.15666410192615313,0.04972264514591862
0.012397573792719713,-0.16293348086674772
0.32697218981597004,-0.16371696228848862
-0.15169384270447867,-0.5591275585628644
-0.2994043478518769,-0.23040063996031315
0.3906007132492029,0.40460931870507816
-0.04024590059516206,-0.21779693447212675
0.19385372056492922,-0.03239012095820375
0.02448514873854171,0.08125835687912594
0.42835814216380164,-0.03813748106742299
-0.09813230633219755,-0.18018838636691936
0.055717102271723794,0.25180281683132466
-0.20072915982325665,-0.2883795909926445
-0.2999518911682861,-0.14336900417406104
-0.42901271098337834,-0.23590409276976532
-0.24537941948335384,-0.5477463566307126
0.14209471010309607,-0.07159461874444696
-0.035305134499076476,0.022477977700412318
0.035641026145745706,-0.13181818727719494
0.37601291043611423,0.18105685429981364
0.5027037889775491,0.37186566122662595
0.1740033216057381,0.3155444442813443
0.3292808405840256,0.12518898502309525
-0.48979482042864103,0.5058049278281932
-0.02914410196526317,0.1103675145802675
-0.37121466528558617,0.009966945062474879
0.09865354534413444,-0.051525107180070605
0.06143338055103461,0.37485612493585907
0.23089289240062544,-0.23596414735995833
-0.33805857636816916,-0.5352399694799953
-0.030805243576814315,0.11061635914844622
-0.09200567687810973,-0.05439130925202784
-0.14976986735874145,0.0590498307913316
0.2775226073343925,0.4966410588315956
-0.0280234887009053,0.5180541341642496
-0.16062021319050812,0.31234579112713245
0.15110321609270433,0.10152475697395247
-0.07645614107948502,-0.05200785072556431
0.01151812421151915,0.5943393153281583
-0.05886450918688643,0.13085329167078602
0.3481858046197398,0.0851166125218781
-0.08047796929188265,-0.27691897125077863
-0.24317321416735907,0.011492146263345673
0.36359193474043006,0.039810539324931435
-0.4574510943909417,-0.6667349090063492
0.3462627381591997,0.7583338734298403
0.09257218837835846,0.03473980056908674
-0.1791299994589938,0.16126318886490876
0.3582441177158294,0.4388741992995111
-0.29014644562951675,0.0223409796851211
-0.18430161056305602,0.01240380506195925
-0.10371375711780426,-0.05907800374283431
-0.1061676051463026,0.12356679716299188
0.18765281814831233,-0.023263216022578147
-0.0967459550053423,-0.28475511099854633
-0.14647602413494093,-0.22731811920835354
0.03953935784889635,-0.3558595489792282
0.30378218539323154,0.13354980992188747
-0.0031314475634847167,-0.04826280410196302
-0.14541144813899787,0.022262280619270665
-0.2473017618441863,0.26315003498800255
0.004126670939454109,-0.18343405246155062
0.3407435676214274,-0.1929955377592275
0.169625166988234,0.051456749034671595
0.22142275830627414,-0.5510190025698177
0.12241036749612802,0.17107099790586147
-0.19056296398192343,0.005030118909484309
0.2104456707582532,0.1531352638828003
0.08350640326507698,0.001600459892484753
-0.36260472313214814,-0.1293986560341123
-0.08949088603554624,0.02379047359737317
0.1355217166116434,-0.2519478278886118
0.11926764208774655,0.16510678077750615
-0.3717114830176798,0.10068416568789067
0.13936166330096844,-0.2714012007076215
0.05922187381578182,-0.26632096136754274
-0.10443669133272314,0.0265791081485447
-0.0663872135435754,-0.0053382949971984145
-0.21426982022522095,-0.20645425701918152
0.07651454490815938,-0.20743153628287225
0.324600119722289,0.09954989908043423
0.39640604576243266,0.12498745131868884
0.08945565844469154,0.06527029749728806
-0.1952365498419388,0.08629132325193706
0.08193877972617047,0.01836355352930239
0.0069633368715324665,0.1340005163117795
-0.04661134534534224,0.22734989555838012
-0.011480572928308709,-0.24758769905507874
-0.5433253059233022,0.21251537970377415
-0.4363267934073409,-0.05023842830917932
0.37155410915661813,0.33240490694096825
-0.44100539280430423,-0.0889468293668862
0.055974830202661766,0.3053934835452816
0.3278433735366614,0.0374443672096635
-0.1194926375282596,0.32493808428674253
-0.26022209639393185,0.2534579504054996
-0.1290738013012108,-0.44480460365983676
0.23966700525837434,0.0655564095684433
-0.4779688560333295,0.45201855583138867
-0.15534917928309064,-0.501189006304614
-0.43495492500978306,-0.22396647151780247
-0.28637335297292865,0.19499417583132758
-0.21330450417103095,-0.036821085596137476
0.16252829393304097,-0.08091296780449707
-0.0373084538331202,-0.5766992235834456
-0.1463762136957896,-0.12622625672911
0.10042758555624062,-0.041894766588890436
0.03539795647656007,-0.021984127670419795
-0.1563092966866317,0.06099310641289975
-0.30478433180336345,-0.25424821805648307
0.3742950665888666,0.29191983899390284
0.1581818344552276,0.08918236220708226
-0.05958966844672805,-0.197377803220791
0.31255772175715574,0.2720770468533848
-0.04881371128170718,-0.04212052017453792
0.1122784033514111,-0.24367418071032385
0.4711733213899,0.5747575997214868
0.41779888230010725,0.43041540730545974
-0.23236382575436948,-0.17385103532665075
-0.24565093452729603,0.011994111679794311
0.3090018464824766,-0.26375773177223716
-0.10986424663227876,0.20710433045207566
-0.16946780300471112,0.146773754623214
0.040536296591815124,-0.12347926647269222
0.20917939502109878,-0.08831405879221134
0.07654777684854772,-0.24676042300252432
0.06659481729365486,0.4185687108493745
-0.22466652267050094,0.08917911442946726
-0.2797668839911578,-0.1071380470703233
0.05690425514552334,0.14571398446516434
0.006535439718921703,0.2592806738068679
-0.3002979316452736,-0.14917207300289292
-0.1596793519705491,0.02293059089179042
0.46629931072167474,0.2264506195399283
-0.06472323823017836,-0.4124262363026533
0.1390055366346827,0.2858833895037734
-0.02910117598913633,-0.011701713287583591
-0.2465314586886211,0.09871063306207645
0.31024721331306737,-0.27285991572185625
-0.030856463042036816,-0.22999802613018222
0.006008109833736687,-0.3010636116723834
0.17776785713921464,0.055052242712686564
0.0801715537584711,-0.003895992410919234
-0.12956657563496793,0.16850451520981227
0.08154606989010825,-0.11766379464862033
0.0032100446224921655,0.21953452607745083
0.18867025545050162,0.048911161713321334
-0.1307694829496476,-0.22182689610114217
-0.24012116921664958,-0.05355974759385437
-0.07824158173183061,0.13174076138710475
-0.09388816545107805,0.13616232433464515
-0.44217414232218466,0.06895848560824717
-0.003388847138354666,0.6489826171873847
-0.10233768838072052,-0.08822062631252714
-0.45342504090290914,-0.4497959935513497
-0.22848781886623606,0.03629065414445686
0.1215479646007802,0.2082793923394107
-0.04670730936314457,-0.47062652175030284
0.19373598823028554,-0.19244036221692448
0.2962632230439628,0.22681177281358342
0.0010958843295252759,0.07102893292307733
-0.3144274479637253,-0.028002404336352288
0.3270041771039467,0.5591499471715144
0.13970952281276508,0.225542752916895
0.26230386511779413,0.4301276140341399
-0.18717128224726157,-0.6351454529724899
0.1787236250626908,0.12292233306978761
-0.08563465804373413,0.08762653505669447
-0.0015701704784945951,0.17290139647122643
-0.091245930307993,-0.48803022943629193
0.42099369566190414,0.38618967353277234
-0.4729937537869533,0.2069627394762751
-0.005934632955576763,-0.17851043186719917
0.010287862836443134,0.39775153139045216
0.17380407596610142,0.1476816205317375
0.07951443616695829,-0.33293007666550256
-0.035031547245974265,-0.06492497992200885
-0.12167894920713976,0.12175908182006877
0.38306959719607886,0.3133618505631776
-0.3232409644898037,0.2278595723198877
-0.4205701620490881,-0.04545422513385222
0.09765924133213714,-0.1255230115594883
-0.10067138815093614,-0.18315761244310122
0.4032393732049261,-0.05581531119562143
0.12166469844584557,0.00906687040263201
0.04816320898369099,0.07017034305013818
-0.009080870031841987,-0.2768811929724349
-0.12162125949907507,0.07432802371376601
0.04907192223813879,-0.15160436088824605
0.060618802287151795,0.26440976521240045
0.046801054143801805,-0.3143528673590419
0.4148155152109737,-0.26811212993982586
-0.7147029156817704,-0.3135735273206488
0.25417032377347604,-0.03917964527624037
0.3515275254416009,0.03287341317510062
-0.13289700037486663,0.1376037631376058
0.07107393023264504,-0.08394867937874723
-0.023012840893560815,0.09149136768008412
0.06873445519816399,-0.3687129570791172
-0.4423012701798627,-0.37610538878697547
0.0542695040127829,-0.22135442252123108
0.05815310647446881,-0.18043043077041188
-0.04379120992420592,0.2986571719714706
0.08155089247958205,-0.1511494590417559
-0.6374475235717386,0.18835131683104717
0.13746881253332882,-0.17586451652325516
0.09472732467465685,0.2806212489979621
-0.1779662334446937,0.00038661452585725837
0.06283302882588751,-0.13387284391891024
-0.08197634035429248,-0.31472522254523944
-0.5000381285991744,0.011850150240649381
-0.09339768511976064,0.21286552365867628
0.2613163064377195,0.3210988023236653
0.08113423040098953,0.18654156043309808
0.3191590714933835,0.014688565072682633
-0.043499938446178305,0.34871954467202343
0.08339378173452915,0.219087155831826
-0.1930639941183845,-0.37080300789321113
-0.3808462669875309,-0.49062735192495244
0.3893729599712989,-0.3769287572159813
-0.30300978598456935,-0.20626040004006635
-0.20166966611709886,-0.19824577689116024
0.553425577314844,0.10479451997451257
0.05748333504874776,-0.0647999708695004
-0.06861505624095764,-0.24581014845317573
0.15492080651543708,0.10184950813172476
-0.11234336108672056,-0.04789405337029222
0.13866243908332163,-0.4983520242165472
-0.19958712295263506,0.13831766042240307
-0.21508198787235214,0.043003572581684406
0.07504522266269925,-0.04728444682145362
-0.38274495727266417,-0.03506707021268947
0.060984809407667984,0.08690208033995184
-0.03733219881338276,-0.08149707510802431
-0.252781801670278,0.09207824040490553
-0.3431911977242388,0.20337807383272521
-0.5043378851460122,-0.46066313264911646
-0.059864843983211326,0.00418305248957533
0.2213354926068396,0.09914608627722528
-0.4105218058032912,-0.1507063725528432
0.08944531000561093,-0.19320391561589895
0.06099453242588214,0.27673658294036846
0.8000548976225591,0.3521195980411615
-0.14028815531172648,0.13091780971664768
0.08530092571200523,0.07111999749574585
0.12520016708757814,-0.006488974230612406
0.5060675831451936,0.28299535565351785
-0.42620735844860963,-0.23794314351707233
0.2861563614532554,-0.044922754352123076
-0.282394470924412,0.2473432247133516
0.22136923766853955,0.09942235528347665
0.3138574891538049,0.036407680999537735
-0.044284221551274976,0.07623055313883548
-0.4611454744255858,-0.20506028309110472
0.15097711917080103,-0.21204813744746415
-0.13563006873734276,-0.24365127353464613
0.03276600486350796,0.1361685796124231
0.36075052961986337,0.12240404082702928
-0.14005283437050947,0.11210023808255068
0.2498840128216823,0.6283119060598155
0.08003657509947654,0.3910880261343283
0.049661577856722844,0.013414565797645151
0.07372276585009693,-0.027101247571275286
0.5667522171150304,0.21745220323406486
0.17423881851193324,0.20926633829869773
0.18543843571958035,-0.03635922034959997
-0.0065662688718468665,-0.08021650176744657
0.09172936199910982,0.34227170285024033
-0.02524703684980586,-0.4308528176961447
-0.04638474382712152,0.11624410633653003
0.07741169669772402,0.2156511426090567
0.20683540838660194,0.19614086301231218
0.13356208618129345,-0.17421702339183476
0.07221695333956972,-0.21298932822798336
-0.31438662929044486,-0.14056957872625073
-0.6066370467348645,-0.3145207951636463
-0.08310096007173115,-0.0010908910378182788
-0.15667113649719125,0.1877845496726042
-0.2834675942295045,-0.4655502207327915
0.42329412909881026,-0.15704379541977753
-0.08189952787087236,-0.18545938030750003
-0.28633375661739086,-0.19182287852531285
0.42771959323903613,0.08509055481950938
0.032962637550959344,0.5942200983479369
-0.028528573661766903,-0.29476282074693616
-0.036014326886352005,-0.1756025890553291
0.013252558656039625,0.5774373971900452
0.17981592030748272,-0.006330033532031879
0.28803438816398724,0.7487280693403651
-0.009627325564322945,-0.29880363842553487
0.08211511046169692,0.31772972105137004
0.01945230323316174,0.27447724664565937
-0.3037598654484127,-0.4024369320408988
0.2452917560744925,-0.017338718586487452
0.2676333777993707,-0.10070026411847856
0.22864529295067462,0.249945309771365
0.014437286811388434,0.01199715020625408
0.10875339417811589,0.25628443600235395
0.2241557640275561,0.4044171631475445
-0.3209078161800107,-0.14754001566007582
-0.15482319234960384,-0.021712062246613116
-0.24701498228648153,-0.1016709382357039
-0.3436674297445258,-0.751287112061103
-0.045808235739804117,-0.3815652321814979
-0.32892387928232936,-0.17281283399320024
-0.3535868560891862,0.015604013347110474
0.22992343795826659,0.023651013522534566
0.08841983971831173,-0.2320423712697979
-0.1918684561593762,-0.6041709056759329
0.09913761578274854,-0.14722795731153315
-0.04049117738836454,-0.34575120553101685
-0.07742740959331201,-0.19326055342149878
-0.18765121761686726,-0.08139367912958025
0.15122168168741668,0.11361503980891052
0.055101287303045095,0.37557271676817805
-0.23248173547272777,-0.3046277384897932
0.00013055189145322067,-0.33637060822345755
0.2458742207557349,0.21964605773970886
-0.04291017486887048,-0.1806636636676731
0.09531887899469872,-0.2209215684551374
-0.13562039506926254,-0.18989801063576783
-0.006389116101953135,0.057117271074552535
-0.04126168184587401,0.13204629056510814
-0.1824019418295539,-0.2161479077975725
-0.014080898232105295,-0.2202821997720153
0.14136710202216907,-0.36407043415952495
0.0626908320918523,-0.48037013632533077
0.29132058841924696,0.4357105121134008
-0.47453976130143344,-0.13215442809625516
0.46107882524865684,0.214462312636975
0.09155791118537158,-0.2801698715824956
-0.14629453808505155,0.028341762333314965
-0.4152907732735546,0.05686604328554526
0.003289835791586626,-0.17165857585894126
0.22906005392676193,0.10415294748046279
0.07082869461328148,0.03653384034927384
-0.13320820166814926,0.00833688065564219
-0.17832850829492838,0.29817484918277837
0.2988926020513571,-0.12235739188536549
-0.3728098391339769,0.638038284754151
0.16570657064426955,-0.17654715534695162
-0.4248262664039231,-0.12061052086609918
-0.01372145689036122,-0.03781885857162065
-0.3567915614747374,0.04472327337949244
0.2078291671266921,0.25684219923040835
0.21423312056540186,-0.06474058919861694
0.04790722590414184,0.28681377031306704
0.16082688197877357,-0.04723114140217436
0.4526864992813424,-0.05352334227073402
0.17809581165312022,0.2635276569782865
-0.2327473344236208,-0.15390878630125746
-0.27127864943399865,0.41971282136825505
0.48497125205913005,-0.10870939181893895
0.0572081273658097,0.053979751863497044
-0.30740064348288804,0.22680281430228963
-0.0036943244009675254,0.0111784239242267
0.015877190543070737,0.04379903313737584
-0.17786708895178988,-0.05034753297036374
0.060448585964161396,-0.04439892036413927
-0.19314576988382792,0.1463474529390225
-0.1267051490516334,-0.04028879492222674
-0.5235806707296944,-0.18777523705049473
0.38247458361053727,-0.07246271830530632
0.05786037446571929,0.19350323392697721
-0.14491221390712966,0.0696771859151082
-0.15950195749438972,-0.24288479153830728
-0.37257255968868624,-0.3169336786118902
0.4362926123297,0.1445905553374795
-0.16571959169206116,0.3675478822664667
0.2235255599710404,0.20948974779897656
-0.2310045906448562,-0.11392121530915035
0.10167685236130314,0.49615454848827184
-0.05071286295516443,0.3034544147504199
0.05124269426565078,0.5865654516293217
-0.16908694330641713,-0.12056712116399845
-0.06425721480625449,-0.1425354596452654
-0.2587112342578075,0.14154414917665106
-0.20351809940981774,-0.2571204140587988
0.14431535017433872,0.15045940855532464
0.16122926136651525,0.20577922640363985
0.20581161722538305,0.33378691102973695
-0.3359474705974406,-0.002097997469095049
-0.0836512585365226,0.04026704802335075
0.014381672897275835,0.07823410452563806
-0.45272323638174067,0.3852785225679843
-0.06748775570248379,0.08543565508198016
-0.4109618095982153,0.09363552028673769
-0.057088176048356996,-0.3766625629219729
0.1908654948984729,0.2240094301478688
0.24236308804269768,0.19186477346030323
0.44800940558404795,-0.01553529547347559
-0.11024672205454414,0.30085824272356887
-0.33225043744795396,-0.32326256236436585
-0.08881085223552647,0.052153380864880014
-0.2614217168706553,-0.1698593027671864
0.3068711097106061,0.41152788963326975
0.08318638086794544,-0.5794108081980773
-0.5561959375759715,-0.39151742485619384
0.21931866136486378,0.056026881831256634
-0.47590480318967343,0.17599728828921218
0.15401613728879765,-0.11587747664042627
-0.018734559467978095,0.078674252737364
-0.34002616049534323,0.016265497140352136
0.20710997243861945,0.4522019226310981
-0.17326354829912605,-0.33812941960893195
0.11875648760688001,-0.08176880636236289
-0.07388666047112968,-0.39666206305285673
-0.19532363608668513,-0.3630197576108737
0.05092572530267654,0.2854059220778748
-0.0022962507257308024,-0.08629496686089794
0.0671071993825785,0.16099908756719178
-0.3291480478814741,0.3109113990029443
-0.0665229156482201,0.16016186004322017
-0.035787484929033796,-0.11822141160141672
0.43072326182555676,0.04085067910109398
-0.24707279227424028,-0.017463697083933194
0.030401219119157885,0.18714304214889976
-0.24192345757742456,0.05676934420073282
-0.4263202044371431,0.03798253901882095
-0.29716744973612963,0.20634728257263224
-0.21186763790398525,0.19233937452265074
-0.10734228830540105,0.3986531515492632
-0.548423772195318,0.034140446842814524
-0.0028841488579132066,-0.15632066791383478
0.04416873161737195,-0.03144513893103943
-0.049356138018774476,0.06846936583139722
0.14236435143382276,-0.47531341814136857
-0.2133727252247971,0.1410222184955758
-0.008204474775255188,0.12291575344582684
0.5219318649127789,0.08140601069868385
0.08636399857635545,-0.0909586837126991
-0.10591950381336426,0.3738511375918561
-0.16295153279034866,-0.08855170274504327
0.04010941818809337,0.2307711623854492
-0.0719961106217869,-0.2694326537675134
-0.3709419976767892,-0.009817424095697441
-0.013115827501609462,-0.18882026566831686
-0.20963355758159694,-0.1924532910672462
-0.1109214365732682,-0.5491301495150462
-0.16231758569994145,0.5440078524465817
0.07987657108432013,-0.14842094378504794
-0.1319084429202337,-0.39000315963869675
0.1837317672054621,-0.020324675522442118
-0.015059244286870532,-0.3030825060320004
0.05962379865220269,0.3896929539438286
-0.08597239540469288,0.02634766842760067
0.40013982008283555,0.47071497742702484
-0.11351385970212852,0.1691254304332467
-0.33618610677710353,-0.1401830789799987
0.30570744868435445,0.20161081600814798
0.1751329640130244,-0.3182466143852093
-0.4876604684327156,0.1689992659871437
-0.30725444156422776,-0.22213193022727873
-0.3820007839914892,-0.5310785423182963
0.48094525231391905,0.20544077075327383
-0.013683261343182472,0.204636918734834
0.030120368439197912,0.18973672044722242
0.1295198435484789,-0.08745004631346068
-0.331545604191914,0.0728798620860088
0.08031949647229465,0.3444526121848876
-0.05435125489344217,0.20875483227354846
0.04939252901165455,0.14357903327110358
0.11325618211659395,-0.0388429235999316
-0.004373483968539628,0.4598918642611284
-0.2092141084683035,-0.10691657866434674
0.09551111907681686,-0.08186168965918053
0.8146474907715695,0.23765357390527028
-0.3789848615925331,0.1738651552781937
0.26504580201277583,0.11355128960586729
-0.017023100200085847,-0.0053680351725337765
-0.6850690575225558,-0.3206788301628831
-0.08726764118703477,0.19117503242219813
-0.10982751753450108,0.2042877643323396
-0.07383810460552136,0.2962768562116488
0.3066883149843561,-0.16271022371339575
-0.13006943311901142,0.13562872292022263
0.05046539131108083,-0.20745268225349406
0.14447944949397787,-0.4090990645994521
0.4383161468526884,-0.14649918267290074
-0.07546128364534234,0.07784163417622667
-0.7139641477648622,-0.2004751447826362
0.13745894917375714,0.11369640188517408
-0.0243975888584013,-0.10522971821736302
0.1295357782110579,0.23418029096512608
-0.15129712606017814,0.2137525574127045
0.0037231226187993682,-0.04772182960585747
0.08853293562907083,0.22769935157565785
-0.24305057728178922,-0.19768184274124276
0.09505038529678468,0.1928400961437344
0.08654023429548183,0.016866617692636105
0.24904165928508418,0.06608716751760965
0.0933579162723239,0.17817605277528162
0.2298973530831595,0.20026413250920538
0.2078999533813067,-0.03218003973027681
0.19887248293174434,0.026069412215645536
-0.06203059054816065,0.12853225732925871
-0.27829975118250855,-0.34496322124076845
0.3040599445559974,0.2365539345116455
-0.2331836913725309,-0.3133400291178925
-0.2720192138851886,-0.11577585638133131
-0.2383034691877807,0.06410454063781405
-0.18876255867089675,-0.17912818296965743
0.17098024296606054,-0.06517122093545379
0.07750145772573849,-0.08575522417037008
0.14022425864916507,0.27902230193585853
-0.2210235254713209,-0.12860575089582346
0.09775363567230273,0.01277396012056288
0.28770464473512436,0.43679471502670597
-0.22379234303041742,-0.060037832524405844
-0.3539336311988403,-0.08681160720905584
0.3662663280329937,0.05338621895173635
0.10847106463962472,0.12706130752214087
0.6107343697265003,0.26317336352278636
-0.07996564802593883,0.2353842025597716
0.3460745370432989,-0.06812594896942871
-0.05581430597950223,-0.14890501503564643
-0.6427807049787669,-0.2005225896785019
-0.29067821776075925,-0.5087705988356962
-0.008957542986536582,-0.018527402714371307
-0.17879822908753115,-0.3568601789793377
0.1893882956186372,0.055026869024320524
-0.01196742182404287,-0.23810640369015168
0.19017927001755489,0.5433350003279036
0.20018970641712056,-0.15461350864118165
-0.03667911054266378,-0.001196826474534722
0.20518952664094225,0.0838012483055832
-0.49923784795636306,0.10977001581356245
-0.3351875980796732,0.2905387223494614
-0.05021673030185628,-0.060658713977013126
-0.12361886869114165,-0.17903620602920745
0.33554636152436224,0.31094111345534536
0.07435076272087728,0.2035259384605545
0.23985683790934417,0.04882935591958356
-0.21382398389339044,0.06569594251699037
-0.4007096084000571,-0.39187560642868513
-0.22653282196420127,-0.2603057712652399
0.07011647214835752,0.30328373611011233
-0.13191482909238408,-0.09118357786269272
-0.1882717640673403,0.21209934433207442
-0.05749079761358725,-0.5337720254054779
-0.12558604607642135,0.05163249817192703
0.06335938877038483,0.19674927966252342
0.13382438640926508,0.001263203043959428
0.08060363404416929,0.23564779724654758
0.17181567036589293,0.33606068740304224
0.08079423137406687,0.15532222389081457
-0.502131687706543,0.5046027098892278
0.182722396827516,0.1237841205663154
-0.11399361117903427,-0.09030023085443077
-0.15832659539816796,-0.13370083323052412
-0.25081820164043,-0.04474079346449455
-0.21342897930463764,-0.2769734392597528
0.26584865605395475,-0.11924568835906496
0.22741273417060068,0.21008975124966264
0.1590845458787499,-0.07823450725517182
0.07506939707500256,0.09241097316338133
-0.14844267572970482,-0.11817020926386447
0.27338146250591455,0.03365115307857319
0.2093520343864787,-0.23996121662922246
-0.08360337548241084,0.15435960424555462
-0.12557719447854057,-0.052055427949500216
0.1370715151676803,0.03527032703896669
-0.033853877361497954,-0.22590428367847656
-0.14208333427819808,0.18265278973826274
-0.2747816578621013,0.030014036916902454
-0.13321187302111698,-0.12843393659450447
0.14102299403486165,-0.14204342729461175
-0.12098745818842017,0.2810861519815281
-0.023724916618768434,-0.32919284453873454
0.03871747667227876,0.24655707657561438
0.1309859442449892,-0.13931659757464815
0.002462988397357021,-0.07682571977727129
-0.48604608144594413,-0.05713131295865765
-0.26124442146719506,0.21946795957813672
0.010771286557343423,0.1878483620827706
-0.10999115357614536,0.10182524843990132
-0.2241755496985654,0.06469540404503671
0.4689675402165644,0.11801531829051468
-0.13120557947026518,-0.3463849920912207
-0.14442394632325353,0.18870574927928185
0.3841563601821031,-0.12727043910021674
0.25596930624459824,0.2911302500117223
0.0071821972798585595,-0.583618409515102
0.2727988062100159,0.13341042107225967
-0.16777176496660118,-0.45689163519555953
0.042716737380104494,0.11642713282799767
0.09570641135464997,0.2819972371628256
-0.38967966781672,-0.18480141962409793
-0.19940971655333578,0.021419381496387606
-0.12949919225089557,-0.168267702023355
-0.28756125961319806,0.07398100586997229
-0.20120003091168479,-0.3193027899986116
0.02914456475863923,0.11454175761435585
0.05625839384792098,0.15809589420453515
0.13171133568155977,-0.0922328728808337
-0.07588995505882183,-0.3964695379713755
-0.09429279962094925,-0.4315212316685802
0.193107482635301,0.25080761872245083
0.3078752432068173,-0.15039999371928553
-0.16833630796733481,-0.07592740948810749
0.45074738036388107,0.41578302472907835
-0.2901772692828541,-0.2581408962788964
0.6679231187638529,0.5230968653429103
-0.05456350821000543,0.17708191361204553
0.26545642583805623,0.0822073182807753
0.04951621356613743,0.20211312474741322
0.19730317118006022,0.31503571682448117
-0.1282453811022316,0.2715512684271637
-0.09813673538874307,-0.0698400072476234
0.2516909634769167,0.14795879893462857
-0.00290874446457264,0.44803062852933995
0.30437986242337245,-0.41456464347067773
0.21766488397352585,0.22298979636435562
0.007897043372461705,-0.09728346606515172
0.2768572873436772,-0.11437188020068693
-0.22122181578953848,-0.08622733541463123
-0.000926675589916579,0.10721945010279425
-0.18621817460646914,-0.047686926387162785
0.1578379265880777,-0.09147315940741453
-0.12488375172836914,0.13856838804127175
0.061066278243426975,-0.54300046586472
-0.0327400276835767,0.21355217790025544
0.02306283477868443,-0.27890210866342063
0.2335032082709775,0.020422957065956298
0.11594789571763064,0.03881320279597585
0.13803451636006167,0.016511591935895496
0.3823384473403176,0.09846866045518077
0.1602142779440959,0.2342942391395811
0.09838755583931348,0.12721707388849712
-0.03157768085589199,0.10882593294842334
-0.011620261304473028,-0.2121095033242755
-0.07520429803848439,-0.05528103001376606
0.20772075211923324,0.2722480005013
-0.16297705134345192,-0.13736588682376544
-0.24274379062087487,-0.2605665904653575
0.21741474037662978,0.2890261699424649
0.22319919458118528,-0.14851441314509237
0.023362709875778567,0.3014211528725174
-0.222729079132987,-0.0032195081091600515
0.7922674444585234,0.07046071482987863
0.12657941901210568,0.1294854822227619
0.025517009778904226,-0.23977792466003076
-0.14775017575291227,-0.27143075058568883
0.3014461853544926,-0.21410286136490075
-0.19384318617222457,-0.33313407950353086
-0.3335243936074307,-0.118775972884749
-0.158544941932783,0.03145617203765093
0.08466790388575936,0.2989352548334868
0.5456564257926232,0.29978488998704916
0.04901365353348468,0.2621499274875347
-0.08377793605019171,-0.08053459456633921
0.2268642681738689,-0.2715607620175188
-0.11569839108673903,0.07552634267871429
-0.1903159160702486,-0.26219330287057974
0.08229456383130486,-0.011445727790467515
-0.25557292385190405,-0.14239365640538162
0.23676710107253657,0.4583041696503974
-0.051303084397669486,0.05796724530703208
0.062067614758856325,0.16607755017054893
-0.2134058710742492,-0.08797392094970667
0.1821420949988754,0.12221720761718713
-0.056941403192185096,-0.03554011667448497
0.3204989537665755,0.09477999243719433
-0.12973583885626758,-0.09172694780865955
0.09292822500934245,0.37562031949714736
0.046724861207972354,0.012832520078201194
-0.03539423568150561,0.1679474414972765
0.14653174041380915,-0.01000727220314856
0.17628397651312674,-0.2318480518098844
0.3333853307361318,0.04165063154130788
0.19070989841394828,0.34493870295657547
0.23701210603502987,0.3619916281972724
0.23837974016961092,0.12067242724632955
0.01603380918383691,0.26222820222610027
-0.051188578741981336,0.09672635696040187
0.11285005944600307,-0.02907804665182583
0.10576166413166553,0.3404830216010148
0.516941842972395,0.2899485261858172
-0.19696643119628804,-0.208646991268867
-0.039725607015464175,0.10990059322553083
-0.30958079154044277,0.1447418001967176
-0.027969085673197492,0.1257358948943636
-0.08110051017488587,0.08441704882500098
0.25978117658227745,0.12114437321678481
-0.03033003511960473,0.01054594351641119
0.0794395555650263,-0.11826771536866411
-0.015957628210717414,0.01944740259101821
0.22668532975874858,0.2047350561645994
0.13992182241722875,0.1091315481376458
0.10451687292511062,-0.004567008445467968
0.3138778828885552,0.3967504674080098
0.014243213205562507,0.1514460084468887
0.1921626542886188,0.11399048903030169
-0.16605624049526208,-0.15913673975721415
0.2985621683754611,0.6935208978530033
-0.1270152210506877,-0.14881999560138015
0.36760352237529226,0.06803275818199742
-0.08076329168631617,-0.0527376445638267
-0.17436458497374624,-0.2581344629803793
0.05423535994648942,0.09925530766917141
0.35237619946422133,0.205248899366887
-0.22867415163835972,0.3344343088103689
0.20299792709668799,0.16938257338502763
0.07937308617989464,0.3912432313082367
-0.29062299505713796,-0.1641893926285712
0.05691394477521535,0.2018888637582267
-0.023437211044141173,0.11011052868411901
0.12835785515833303,-0.23923939338094682
0.08234080019706777,0.17549981605976764
-0.15700516194692074,-0.33608186653562977
0.25309646228613786,0.23099818169289876
-0.10679795337097871,-0.36167206848556543
-0.2904710902521304,-0.11638125985723122
0.15374148558508932,0.1444242750593066
0.03413929739879785,-0.0013199608898238533
0.048009367385746085,-0.26705693367985833
0.17142914893434386,0.27005210688250686
-0.2841607563392634,0.15573279559543476
0.16808100563019623,0.2238749478896762
-0.7537220610820805,-0.15926261653602167
0.24309317079775022,0.4476697623611568
0.009514785129810797,0.2169766800743191
0.13373394777357145,0.11127559730578356
-0.09552931819673365,-0.3037736869776665
-0.014169728778968035,0.13863053907197143
-0.8144473369094457,-0.4643704334962505
0.010010591928262553,0.22276244561347502
-0.047987617937214046,-0.17372626809083838
-0.321289719670719,-0.6218326828449393
-0.3087492647293169,-0.031579294037408924
-0.008719358731819027,-0.11223310061818598
0.03352878930831301,0.11415302611566451
0.22774280118234383,0.24076814836949742
-0.09355983176513642,-0.13437074388859652
-0.02268643424122528,0.47204378850324863
-0.04096657008000323,-0.14815486455192006
-0.1386238269536004,-0.17925585713300465
-0.12930199220830388,0.6005413997071812
0.0065109159661560145,0.09685439620545196
0.44520688948120346,-0.2293443757557327
0.25111771963067453,-0.2099959258197885
0.11809019257469934,0.08282677439413376
0.003793992434913496,0.259117118238057
-0.0020133497805213283,0.4225806098116247
-0.13316947136240365,-0.04870629869520903
-0.5539860630972681,-0.47059913909416023
0.07891893366463551,-0.26712649030738245
-0.21133844863122075,-0.01607283085922498
0.4207606836953413,-0.2599912317480453
-0.11931811480676133,0.16815008738950213
-0.1934064523022289,-0.16378497091842933
0.00011652038080203817,-0.25600843986800886
0.08748754063267858,-0.33629203465537993
-0.010461336788411319,0.207276194770861
-0.002846193633098722,-0.20172867154913732
0.10456445285758721,-0.11620409544571457
0.11144128626344708,0.3504079526795524
-0.27477351885520473,0.25613983621318637
0.21810115964769647,0.3113699456525773
-0.09118005730689718,0.055366899013952066
-0.24650444644491995,-0.17357330253365874
0.6772252391418208,-0.2669585921177599
-0.1109867454695801,0.35958801277079405
0.14560783567360897,-0.13027665712100403
0.08217693611185381,0.0002634065612260398
-0.07328709995062148,0.2988638785455116
0.08935940691845809,-0.468110633875058
0.3043618490173948,-0.028609661906215975
0.2547393515010945,-0.28378497612633274
0.17617280379120837,-0.04826886553630614
0.40364834273315126,0.11363793820588815
-0.11868104195838576,0.3014215922944601
-0.4431812211249582,-0.10192551659310438
0.1435968938908449,0.11422237014701386
-0.17606289197784475,-0.42050997542791335
-0.15167572361338377,0.3241682295625442
0.37717453213176255,-0.19947723407968346
0.23822198256677596,-0.06427706697169888
0.34163266675380133,-0.06479663226456626
0.5716592546640107,-0.04058109151181505
-0.4041708990459379,-0.32260514423188574
0.23143796344545753,-0.02894162077836144
0.07835419505281097,-0.19030356481367341
0.06997914689438756,0.07924129967270638
-0.05481665282072468,-0.10829552079960489
0.042821506423916876,0.2103259472229769
-0.08230086593199293,-0.06388956665416576
0.5842750003727062,-0.2599844956679448
-0.03986405179185903,0.2774512729952684
-0.024060655930234157,-0.34999728076673503
0.16086297004126154,0.3039372502310007
0.23746983524304152,0.254603476235094
0.42236758782478884,-0.4236114245433891
-0.10631059429421855,-0.17410415919503072
0.10254287916646705,0.025790384337776178
-0.1007261723923501,-0.25381045508939837
0.25112225906502084,0.28521781419727976
0.25870452192831916,0.060653408011870115
-0.058443340524032904,-0.18909008676280953
-0.34786642955631775,0.705352433586109
0.024941271128255803,0.02660589489243422
-0.22889007527657318,-0.07920885010058808
-0.17614978248234378,-0.08464679768105213
-0.11560234963845163,0.08401042625913167
0.07236713884759122,-0.03743383814814014
-0.04890338446860388,-0.07263924319448507
0.4771567653888055,0.3898797141323213
0.26746033107917117,-0.009179446742554538
0.05816812863301899,-0.11275205062199112
-0.18496561037727435,0.347389887040615
0.05664442207684431,0.031266874608571624
-0.06367912637767782,0.10303044091701968
-0.07387631698410752,-0.17304931884603456
0.10157514598689264,-0.20706280443123914
-0.0898415850597609,-0.32445013858499056
-0.13801238545244535,-0.39044581298375364
-0.2498609864842237,-0.4503953224955789
-0.24274437857717393,0.07503716833043295
0.3355509729141522,0.19022716460675873
-0.09354238246057381,-0.24149553071303723
0.28163176688725805,-0.08130791396475205
-0.1419036799122534,-0.045984474571443563
-0.06283563753579072,-0.7682504864186919
0.048763621815921705,-0.11096719547845774
0.1422901427575165,0.021626634075001292
0.4676637440107778,0.23835392593877128
-0.2980509819971582,-0.22035279256811036
-0.039985472699113615,-0.011673829735667336
-0.003946179533376238,0.22868849318103673
-0.09370406863622191,0.4264435387761212
-0.26978146049629587,-0.023841213550716858
0.0005208906041206052,-0.1530887643558195
0.15083447905554087,-0.3696379485733364
-0.17028674510640948,-0.11509663868249632
-0.010037813126958232,0.3380365991295226
0.5688028116184524,0.27666966610465665
0.12679465941002244,0.16237742240942754
-0.45681116277794515,-0.15515423068407824
0.002351179118614642,0.2226324685028084
0.2348869203068472,-0.12194006304993227
0.37071322237546495,0.32376658746791614
-0.03177946692450264,0.07871891002168449
-0.024652045862207837,-0.2773853667501473
-0.183203281392772,-0.46936956839497646
-0.06264549330591831,0.39058013722348595
-0.26431825846017515,-0.08880190383165114
-0.1445788515328436,-0.2696899032723933
-0.06967323075456756,0.08047586399268428
0.3948787649499744,0.18782016086107078
0.12917217934522932,0.1380132386488315
0.19039128413364123,-0.229541826095712
-0.28702741765842715,-0.4908484273794291
0.44088434850073743,0.3725818513119511
-0.033860398311484324,0.13603419926281848
-0.07066605211703297,-0.43263490960949574
0.23930062139673042,0.2105344264705043
0.028395681987402097,-0.0019524784737332294
0.5483595614906488,0.5335153762989965
0.022286098306912444,-0.6324620079286845
0.44667218317729224,0.3024123111869647
-0.10519055238894973,-0.318702366005763
0.5077806532986714,0.2163595323386579
-0.14469632817138414,-0.12064488795140042
-0.1912051742059379,-0.6313781140346019
0.18512905884569003,0.06241108115790658
-0.20726973375379143,-0.13351116131622287
-0.014036829589042975,-0.195357776444468
0.12072758920994921,-0.22935732309060508
-0.3571917987633104,-0.30103079692826873
-0.007342857522752798,-0.08231016580393186
-0.2453908565954855,0.25291113502984325
-0.22076869109022548,-0.18974367962328262
-0.39898046105076934,0.21593305024943252
-0.4726942225709066,-0.12426466307109767
0.14434865090903926,-0.003905806060059302
0.12972558589899674,0.3270239117491473
-0.3448490270549734,-0.033781299316450304
-0.028831715843050457,0.05013444832722712
-0.15398320381514843,-0.06014354568306133
0.28210941867223416,-0.24400533732663793
0.04441986437430393,-0.2974423644708786
0.07459526028710711,-0.08777962213419979
-0.05732509020183108,-0.08236738523049768
-0.24834861216898643,-0.0012798947628208698
-0.5321793445614127,-0.17176301429592555
0.41448499678031625,-0.1321155319049927
-0.03922906039014276,-0.36190211740270145
0.11976629151462286,0.06019918420306229
-0.16284266368053468,0.09649274794662577
-0.39804801380634497,-0.4067469008120003
0.19268304996250354,0.0655798624102267
0.031770515126560483,0.012154625292016797
-0.23379923635055258,-0.4186155574291771
-0.2051139865523456,0.019021349241838084
0.07273564282081142,-0.15087798342355596
-0.550723373844256,-0.03855657632328651
0.16909153522174983,-0.17985733037067955
-0.35107489626444627,0.03403861921128023
-0.34789670537842043,0.13669346002867025
-0.049843258820771535,0.16326342260284868
0.06605579052566604,0.0037772558661428915
0.1977518559359075,-0.37719709320610767
0.3156033413981807,-0.02494528036870695
0.17094167076824898,0.44966613300178876
-0.025475119620283652,-0.017245348858368387
0.0018176540653299996,0.15861171830190118
-0.0698496258984958,0.29609358404453495
-0.557431772926552,-0.7796993375531064
-0.08692299961665671,0.037351421561003524
-0.015232452811269205,0.380117965065947
-0.06734574302766336,0.12954744452733646
-0.49834597091707605,-0.18432464700651666
0.3975958288256683,-0.08385054431152186
-0.2367955348153265,-0.06691254365913012
0.19326543825916176,0.03898491646208009
-0.30667281947050495,-0.21819497781672637
-0.04959136082489508,-0.2859078889386398
0.38867264116338,-0.05819781022327444
0.4177542101911464,0.4999223677665298
0.21613015133329438,0.010367466276337868
-0.17101226054483698,-0.019080669084987213
0.13144701536842726,0.06789544850773858
-0.07796047258693062,0.17951088350749297
0.15805294164027012,-0.28453692429559424
0.06845931349179395,0.3199007182075056
-0.37389530841510943,-0.2554544082221335
-0.17197283710982272,0.40068212073438564
-0.3616229754602695,-0.16158843276145668
0.08256829715471267,-0.14649878193286892
0.36772271156547964,0.042751468830531145
-0.2180496954642733,-0.30646504611880643
0.11908306419812201,0.12024686086150521
0.053880615764349445,0.19722967374130573
-0.11712726909907491,-0.4874563193297864
-0.08975827853483719,-0.11940772269690143
0.09420818808281643,0.3719309862946932
-0.041688156715725476,0.15227181700445408
-0.18456303708854876,-0.2833323703065534
-0.12859469687100175,-0.6842169499837538
-0.42992999655355374,0.1546003335196045
0.10548004027465127,-0.021426610456338722
-0.040603174335090385,0.23840336358802797
0.0257766746658745,-0.19921536241192334
-0.31460097507205,-0.1151503251146202
-0.07192824291538143,0.19848097604769585
0.09407603204983254,-0.10239030333457252
-0.42814294451435675,-0.06511886055033125
0.3672873377794629,-0.12972131266017273
0.15268360890818047,-0.05638363408476984
-0.4454382246347024,0.24283858174760922
0.34626414616407314,0.10134836578130785
0.28479574239659206,-0.06850562862991917
-0.5159488372425365,-0.030147838595777413
0.0533858351057501,0.5152638441896119
0.2199548033529696,-0.1749551292159193
-0.22266537722330978,0.1828500345347059
0.5600526773500211,0.2355358507998951
0.2883837114051787,-0.2567726427507061
0.2942043227455419,0.4829100138474361
0.06643186810478469,-0.07816073831493564
0.01768970671449125,0.10532320761122636
-0.1577061933190391,0.2550481848564309
-0.000489390771933292,-0.1896431086151775
-0.12186131628600318,-0.12055980059644743
0.16665488988157534,-0.24744888634765363
0.10939176915440103,0.2817435405865698
0.27710279821587136,0.006569522631371796
0.17199833031805806,-0.04445067877196311
-0.2930566146441194,-0.04798727573678501
0.13573922623990706,0.2719437426701787
0.3468904127334641,-0.3815172667577595
-0.03633021983905057,0.032592207750899674
0.020872361849293346,-0.24547550421662506
-0.031211163920008504,0.27819564198589863
0.30367998343954167,0.09831773795021163
-0.023709164624514986,0.18892023341709183
-0.0883168136836967,0.11632301635846079
-0.08678079363283772,0.2914313304522201
-0.10317179204581343,-0.03868446660441767
-0.11962536446332976,-0.1990461967845934
-0.14705867434330308,0.10789796480913408
-0.18183282205530824,0.23235102601543545
0.28266988239466173,0.2726336989906665
-0.0653162251274482,-0.20984509611819033
0.38513549150160686,-0.03626161434125966
-0.04924532239298277,0.03344435747189435
-0.0012136904897514427,0.29081211727098255
0.030207813447031343,-0.4043437574472057
0.18180604209829848,-0.11650916369706459
-0.40973435923526247,0.067790077607637
-0.3030622759921428,0.16636422341784182
-0.15420189323980105,0.0391466898676664
0.027389445106907485,-0.017921668157766947
0.3484327951395025,-0.26038072594538686
0.44611770593559624,0.2883069469494243
0.2760671871578425,0.2050806639448611
-0.03143574021532265,0.13725064562239675
-0.15710736477279386,0.09047614779444615
0.062083489370311704,0.18903033625471968
-0.14742297341787836,-0.07808626869463527
-0.1125911287016162,0.17930466234285256
0.2486410758012614,-0.021954005777124055
-0.1645396933004391,-0.5591392401088018
0.22143296422875539,0.051826798253472944
-0.20636731449421522,-0.2074984887848931
0.0889388126478198,-0.3552937524940977
-0.33257694249185094,-0.2073149701319867
-0.18431986012688753,0.24986551039166743
0.022352076298749163,0.03245625332621585
-0.18080503255670388,0.11910517107536016
0.17831186199116092,-0.27999349561101644
0.008175796669474265,-0.1611809052640413
-0.26947701910058564,-0.2857096599407525
-0.49018615544731187,-0.40355866460225814
0.09826372014116827,-0.3582186269048989
-0.2835406119011821,0.4143712329783482
-0.2531831034148834,-0.04836977404515388
0.07247637680819836,-0.002507654277641755
0.5255121456416594,0.22683656724751033
-0.25341996723637855,-0.046449384375084654
0.03420509049157931,0.2387673276241531
-0.06938506535857139,-0.3420896132278369
-0.31636315542703375,0.00719152004161786
0.11420765882181813,-0.10749447861611222
0.06690461913210843,-0.028192653947853363
0.06591411583526136,-0.04289483379832554
-0.4674653786136849,-0.3754572929487035
-0.055546773741425845,0.03504241439980587
-0.15779870921514544,0.1385261781796987
0.22701458851380765,0.1039664534455385
-0.23108985486981437,0.0020683439626875658
-0.4245689597659006,0.12344705179027889
-0.2912235655534517,-0.1911209482405705
-0.025122547934433605,0.14756628958717893
-0.18440444386621438,0.11210673105670159
-0.17499752127087428,0.3809833658610545
0.12932355403034104,0.053360937352048075
0.1940362534622737,0.35045586993099653
0.1891043616812424,0.21356325188971792
0.24792874376478163,-0.11484407045626881
-0.28581118446790243,-0.1669708677941401
-0.1996000375275684,-0.16982618953344972
-0.7461815593497194,-0.38858383840080757
-0.05228048880836527,0.11356639567422068
0.4363826099789764,-0.05962258352993966
-0.0910721920923213,0.08047476242663247
0.22634297431038594,-0.10060163781553448
-0.4389853935747369,-0.01922662868490716
-0.13342917247101277,0.10118568148566574
-0.2017045233910992,0.07530417682710402
0.05425929719264887,-0.026188703008680893
-0.16614423124170524,-0.05766821177059861
-0.0942907226239427,0.14204433135188616
-0.053089241225051674,-0.3476895548083622
0.26252541109516003,0.1008927961330395
-0.04214824596039309,-0.024344859943710096
-0.3175995674703797,0.230918596203048
0.31418469758930845,0.2493459069157157
0.03636413720246247,-0.21598695621847538
-0.11082940213101314,-0.32821915348058966
0.003681608031333033,-0.22651108721326296
0.15605248943919248,0.3439451348786083
-0.35506712013638797,-0.28210688271148177
0.44127514231792786,0.20008372897340057
-0.27377317420123093,-0.4631004666304831
-0.44656580847556704,-0.26765832876510876
0.05394317635462861,-0.1888458766000793
0.6830674392872466,0.12154696990417667
-0.1615714764418629,-0.14752348737551849
-0.20502852251134984,0.33605444308074744
-0.4895182184376469,-0.49834941798576077
0.3514018837188442,0.3203039420098589
-0.18913951899728176,-0.3423459847178463
-0.006182740431804002,0.11863120625042299
-0.013468047782662074,-0.24058000134870305
-0.13382064519197395,-0.4233987504393813
-0.05358691951738149,0.1546871970416
0.15824864470710595,0.3707968728102459
-0.187045865446483,-0.22518266528879305
-0.05665917876810098,-0.028595911849223173
-0.43142358157161326,-0.05697538418366339
-0.41839761042848184,0.3775663474281628
0.0899084495618004,-0.2735710803935608
-0.08695113003719435,-0.24894270904291677
-0.0807423366534547,0.053098479203243426
0.10418109257471171,0.336839912100803
-0.006777959304133331,-0.0691329415838523
-0.11976158309588333,-0.11750971949331171
-0.25333015498962475,0.08636993865773228
0.12647200948605666,-0.14602380941512516
-0.025988578426236537,0.04656290470471042
-0.002582618347296608,0.03820086394379251
0.09159594992994179,-0.24109185960719232
0.031188517319707714,0.07504571324913759
0.06665317711405684,0.007959904140231832
0.18856298846039132,-0.3464954999942012
0.12416202464572214,0.46224617776621757
0.007592293543769756,0.5519283507342128
-0.03392645379276586,0.03968438802124332
-0.050484750509416365,0.2894490269381655
0.06204318388202794,0.15890826691754317
-0.30133464795358017,-0.18888655702768217
0.23993498307079153,0.27652103740232825
0.37598977385427496,0.0030094101188435926
-0.24078359325122325,-0.1161687022983784
0.29086267448021236,-0.023062903218062678
-0.04614894411330048,0.03633042435848339
0.1939333664816181,0.3780096023610155
0.0551614363341083,-0.22124084863587407
0.011441979862655592,-0.48766519856351886
-0.6214476705226162,0.010705855491409934
0.2535960585319187,-0.037748958746431055
0.3176670976816964,-0.027896187397942272
-0.29814820829160016,0.11651962526174663
-0.3570813243185338,-0.17624329338509706
0.3121422243899912,0.3158774256275928
0.340914353062784,-0.21063641752566434
0.2657480397002895,-0.07993381152932139
-0.0681225767189611,-0.22922779309566305
0.21440823694353764,0.09162952487754242
-0.12655189176207943,0.08530797149140912
-0.040238695101997755,0.08649930613063163
-0.2206990668839144,-0.19319261800028906
0.17226828772069133,-0.26658897906899925
-0.08174358862339931,0.41882076768798865
0.08540160878975914,0.5131447809985911
-0.02193413421437768,-0.04648516038791095
-0.349191102129719,-0.10583784522547024
-0.008416133275945441,-0.00712943572664134
-0.31259093550819944,-0.01724175284563269
-0.036443178250443874,0.548437176727064
0.4051989421176939,0.043176144103972504
0.181467610706199,-0.1396657961390464
0.1624254601534288,-0.6323561032595421
0.12481452549227504,0.08053206571738183
0.3174460546631025,0.1454310322221531
0.38369079550991825,-0.08334467517776453
-0.12228821735684717,0.09036908912827878
0.09571481850198561,0.6502918145037897
0.2661384662674031,-0.0740425161160499
-0.02651911561002672,-0.06665338433136433
0.4480195678069583,0.005452897853765833
-0.0682865420589509,-0.1255731119920618
0.02780469417632099,0.22986122263563788
0.11114791518946662,-0.026648730255394062
-0.30091549696849923,-0.17987524987953116
0.23154241283302704,-0.10852935921899973
-0.040095236542141074,-0.3108985344368669
0.2558192158817654,-0.057272632297700854
-0.03303350411855798,0.07895295075778523
0.03538338958642124,0.2946085471800937
0.10994848767513478,0.032631884431039246
0.45854167084082487,0.16922064562280126
0.013853501301198945,-0.260650231358354
0.20733792661992995,-0.42152560962062496
-0.03780896764726304,-0.0009916176960338716
0.35610983414971625,-0.06926101826551372
-0.3132857455592638,0.045788625850560705
-0.2828228659418008,-0.20251940231792875
-0.029959951032096303,0.033546475409310446
0.28167285164240446,0.019158879402409092
0.15669459210888986,0.3829282396697224
0.22676164086138037,-0.15451329293713786
0.2419963885115235,0.3335525917499784
0.040168201463395045,-0.018694561603550108
-0.265299375763392,-0.5558271248223741
0.07157160683104377,-0.2769922163939482
0.07251182721027084,0.044573921338556186
-0.040221301315974234,-0.04343701373235155
-0.3682175042738372,0.08661547634726315
-0.013893920733086637,-0.29957749657745064
0.2626440056530594,-0.12173487770862643
-0.1685717125801797,-0.07610472448334195
-0.2117859207101947,-0.337825723882691
0.013975053976948643,-0.20607839962988672
-0.14790029475990604,0.05213056826361197
0.1392253736012484,-0.4351607987637507
-0.014191417677257345,-0.22671423759918183
-0.10846293421699206,0.3183698742306679
-0.024223657970000114,0.31888793766040185
0.2523831791035173,0.4562652394087498
-0.162178416631108,0.1495104577676122
0.12937119834625752,-0.30586495030431465
0.11400483087189156,0.1581743630629866
-0.06292084203211464,0.036600692396770884
-0.04223912944283782,0.0122746724925902
0.20999421451753564,-0.05107712889280839
-0.032706293847212686,-0.1659000561775961
0.004844347417281975,0.5161659123340572
-0.24701123595439883,0.32279575663989646
0.019696016964813105,-0.3924209460020677
0.07378904684047059,-0.32690442902120204
0.644905559179989,0.23500850185625333
0.32380277151286724,-0.01158075623997863
-0.06433968553956333,0.2517511775378684
0.062175035606507785,-0.06649926744252271
-0.10976062864880447,0.16829315287116642
-0.08310917316327525,-0.2070020041054377
0.11174619357769425,0.018287766389360947
-0.28615631783632145,-0.047470404135408796
-0.006728975651784245,-0.05394173238977309
-0.2502601675907873,-0.0986273497715997
0.16917487869967746,0.055535608837604805
0.16072776137432795,0.08418235479177451
0.40294895596141267,0.11406721778910231
0.2385249893718982,0.30864669324491406
-0.15724330410575116,-0.23215826535922351
-0.16256769270765167,0.07493563993460496
0.06672059307333175,0.024604954633493298
0.23989593726724023,0.13719663875484717
0.04890980937105068,0.1879834170953448
0.14460949242751286,0.19260784190197255
-0.45654612521234456,0.05275283816638029
0.22055196273780542,0.20725058967266813
0.06374236385287867,-0.3998593580809452
0.10672818904429247,0.3347594277293333
-0.09940174019850201,-0.18840117208298635
-0.08169956119892235,-0.12354575372231244
-0.052734981255164286,0.016276654336654692
-0.4297413889657371,0.36259981819470744
0.10667940337104755,0.36938138430851764
0.23349975204411735,-0.2816556307248118
0.2343963229751248,0.13971102593038742
0.23756330615776403,0.10311441720551798
0.05127728636769395,-0.1789870436614139
0.4749346050835794,-0.07649631658947907
0.2635383208892119,0.32500450747754106
0.009639963298285058,-0.015582324270891365
0.023303056183892872,0.20076788510801222
-0.1476902148044523,-0.09081684422686016
-0.08776842444874998,0.0706026002818297
-0.019783174560166074,-0.3338848916075934
0.08762260166694864,-0.030504172069109846
0.22562637666830523,0.1470097673425094
-0.4058339743098762,0.09405245105112481
0.17047587541980122,-0.11683875266076732
0.12177348393866871,-0.32875334044275667
0.2659854819749822,-0.02921710235243359
0.3481850263595764,-0.21443329219019786
0.06553525854325905,0.37171223090355193
0.09985929385317358,0.13066195426903682
-0.02577266771980989,0.5374871293529926
-0.3266422108896026,0.3994479045521895
0.2867040042068635,0.3979161379341457
-0.36926538004802567,-0.3720501011911289
0.13811917972986,-0.07536362833082867
-0.19936021101507018,0.1230594501107898
0.1855271957507831,0.32781711350032183
-0.06824927462238506,0.07880566043707488
-0.223599148332831,-0.20835171009526282
-0.19310330014970098,-0.19864624216109275
-0.06685536327571193,-0.25807726126259295
-0.31069358592590873,-0.07244566341861271
0.30678116128509986,-0.27434418970837404
0.21392153698274932,-0.3776785531497027
0.31245832020895303,0.07982709694212202
-0.17992262105797108,-0.04816641500850137
-0.5216352194628879,-0.4244742147734459
-0.02660119623736951,0.13759488925760568
-0.40416042161206056,-0.25453721141134156
0.3275097297064126,0.030949457171021048
0.19988035408103644,0.38766894907275673
0.22354137780875116,0.1595734099607502
-0.14893740167297065,0.23241564693921063
0.14434965261517255,-0.027774471692346606
0.334628687728678,0.011261303960393699
-0.02282330475123609,0.11442017298944522
-0.2969115850540155,-0.02762800132817741
0.22105966777706615,0.22667191423757965
0.26192492597370676,-0.14665174065428527
0.26118438937948324,0.36728468339142945
-0.07188981377122297,-0.07661516228405571
-0.3413758096001762,-0.07772296249824788
-0.034537736673694225,0.21532177544434433
0.28925777232478533,-0.1457876526069146
-0.19118411920233092,0.3854023912925652
-0.10459763619401401,0.05412531712873622
0.285530095075734,-0.0637811598312197
-0.04309085820452794,0.20245680102416092
-0.05422735839587453,0.12681732426622475
0.5522123397106572,0.11509416811257185
0.38206825845078846,0.36620192627418974
0.498177617320281,0.17629891916668797
0.05549585354592158,0.2208722524043053
0.03188793160208084,-0.5367285440824705
0.02407906069122468,0.05405627302093322
0.40950228251936954,0.18542078247276467
0.1535412444700224,-0.17205146030980814
-0.003042818590695535,0.13708896935754022
0.3579098313477419,-0.17121992151415832
0.29303557963151927,-0.11635810172254085
-0.05475910317352147,0.1659208539703375
0.0015136002566204778,0.25636033583832113
0.1138943822163817,0.31295973417340467
0.6470306019482179,-0.019187067766365945
-0.06332523517902228,-0.10993486434403885
0.0199098243397732,-0.02897827582280232
0.1409448205333747,0.3751928604287487
-0.04314567040809273,-0.22333204527938397
0.3786865369745785,0.4839989599347289
0.3905511650908987,0.11329468864800409
-0.3130853255799683,-0.17386970745890387
0.15205345534174003,-0.09917628075539492
0.10777888168502424,0.48042500649431497
-0.013155263520448735,0.09885769106514035
-0.21341953966000993,0.026700277838278795
0.038377509803119256,-0.09077354413643418
0.27756325148939104,-0.3880799138687835
-0.04503848703597719,0.09217050066961353
-0.061116575714183004,0.31723103970531336
-0.12461502249819004,0.6579859214167656
-0.483661577840561,-0.268049394286688
-0.23181602446763427,0.012758583368189132
0.12757773940530134,0.2611000967136831
-0.16360509279671104,-0.19189806032912332
-0.08885588288830168,-0.11386448366190377
-0.3188230687903924,0.019990837420048046
-0.03406901916983863,0.011742445739660054
0.09392829793869477,-0.18915684829633767
-0.20889720136550385,0.05050508890833697
0.17915971697676009,0.054664063226280375
0.1953953634112703,-0.25621926012524937
0.6854292252850572,-0.24301630178349634
0.031687930187886466,-0.08499362158300151
0.1260513364010536,0.16744048501979852
0.43606952869710197,-0.027500488561749005
-0.29882682640541675,-0.0064435165060481156
-0.004764339777764108,-0.13063486478688174
-0.24537342277302276,-0.10068864201853933
0.3798803945793301,-0.17456252964289354
-0.03240187967396538,-0.19018640055988908
0.08029668483851823,-0.11101395691608984
0.9151514345155887,0.4444164354314699
-0.05792156932389276,-0.30355814384262403
-0.28900604101231925,-0.29993154675643957
-0.23525870487565737,0.2891538730298187
0.3802960377574528,0.214964385636729
-0.16535379268898664,0.5515304740540377
-0.09501994903399885,-0.033240232221597145
0.16667262742695307,0.02650330320211724
-0.2631550086090282,-0.16102449794809548
-0.013171329052460283,0.028754393613088524
-0.22593888886262686,0.3105801932363759
0.30550435636251594,0.02860875784505057
0.37443047981412064,0.33860915845215384
0.0941336053836505,0.050537819075532134
0.14745300823089716,-0.08574135620116852
-0.21599045336754538,-0.10317242648175498
0.1676254060723599,0.05690531164513191
-0.07724825204862386,-0.40315315670870455
-0.22130506848599868,-0.2674981766074667
-0.18464731618436683,-0.19103212729858118
0.07923490605444465,-0.24193983709087558
-0.03395914130222314,0.15666990416792057
0.05588446012363756,-0.19359185846009055
-0.06476450857135807,0.1991745253997462
-0.32570667001003034,0.1313587221674164
-0.07636283563827118,-0.16841292041366585
0.2283731874708815,0.09876612527099018
0.013247689760810753,0.29386425015639916
-0.17308160685432633,0.04109858951335389
-0.4525900669817679,-0.047426279673584176
-0.35680956013792053,-0.1426199954078769
0.08080611486985502,0.08231099362359377
0.1712139850591447,0.07156805413073998
-0.14541766580782217,-0.006944686736512313
-0.08458873264042839,0.15582975834026855
-0.328399650596786,-0.032861039711075755
-0.3870884169129269,0.2301375928196892
0.07832770634037317,-0.289027400151302
0.19686270119917904,-0.3112567203553594
-0.13751214496025932,-0.5352716490876246
-0.1870941234527801,0.04954040931813045
-0.2647847162200114,0.1515261454709831
-0.3120616105315147,0.4744275456110278
-0.5472967097735962,-0.03710783887900992
-0.16723804007849025,0.5845603445769286
0.08604459200194113,0.21680150562287118
0.02484988931549943,0.04767109880984028
0.034032393755905936,-0.24506911010086982
-0.43863124039878887,0.3181553572036367
-0.3307426818003254,-0.14045088592814836
0.5720393486376855,0.397078331956447
-0.03860589756236428,0.3151592310870527
0.4300552462881799,-0.2943949826788321
-0.2004153798862993,-0.7312992936613963
0.2108024560653006,0.27072531587484155
-0.06508100826629834,0.003390558548872401
-0.176127009402321,0.04502130142948209
0.31035523052124964,-0.0689775266872561
0.0002773803614976046,0.02325290815619032
0.0642161820790021,0.17439980381662934
0.055421730822477214,0.44927864692170266
0.08886351881203075,0.33298365510999234
0.05539906100530569,0.2073045684839063
0.17481680385542725,-0.3865956640241458
0.08686037621251448,0.07833799186920139
0.20748542387316657,-0.3525780584014869
0.530204726934012,0.3052085545172241
-0.47958183317539127,0.046612354056305316
0.307878815951834,0.0939203181504378
-0.2460351384843597,0.12113247660431699
0.06696580811437261,-0.1387724500970803
-0.07865435150667703,-0.25986299467300517
0.303286001602537,-0.0730813132744449
0.09939015148072175,0.17312705296350098
-0.08185850050789385,0.01060162616174976
0.30522310476555414,-0.0044161140776502765
0.3205238526984474,-0.2929915956254335
-0.24313131690534706,-0.3856810669632187
-0.11348909411292075,0.2753717188183134
0.20471318014376944,0.27345747100613343
0.45500790254345064,0.34446496780348684
-0.5667042857082611,-0.24870113852029904
-0.18694311362438057,0.07125586435611524
-0.04491399221961781,0.3149797554487277
0.3047746698661384,0.003808198196462726
-0.19467914227837727,-0.34849618245905484
0.06678087107028774,-0.07069235948102771
-0.40253860182873735,-0.15135685204927804
0.00994099979376053,0.47277239194651166
-0.18740083702489385,0.3641374337026981
0.002789385369005124,-0.006037974542057446
0.15439064626368426,0.022400485379278787
-0.17011460844823975,-0.5241981046042986
0.03487136462987109,0.1743063054055515
-0.5543173861197762,-0.01238643498473702
0.3848930121112196,-0.12335367540991356
0.027939538505174045,-0.24287823099008418
0.4310407825339371,0.16795231262648036
-0.3027208968944009,-0.3079691356333208
-0.38258524814666617,-0.13740992317538492
0.1135761202119594,-0.0034821603774192597
0.8707806010706073,0.12862627646064503
0.20084773850251564,-0.1576388635589434
0.07654523406408653,0.07154249451011727
-0.34824619046536237,-0.11166620028587637
-0.020470685676321106,0.039435869618202314
-0.16881337838949967,-0.09208815086216003
-0.41959433231549675,0.21407222604687984
0.3304172140616056,0.05867880299758868
0.3025346202679789,0.22213625645772558
0.20196782465521096,-0.2525465259905356
0.1982385476964307,-0.03036498521311426
-0.019951946822095834,-0.18782724515905433
-0.010705560976463,0.0030146465221291556
0.30101108706804064,0.33611459204109634
0.3276077187180921,0.2507014918817411
-0.02312773307751507,-0.00611348967256002
0.11015741557004508,-0.13323125699837401
-0.29076830519546454,0.05026221105605088
0.032363231680243645,-0.024845433748742877
-0.41801845549937316,-0.01900331651838399
0.015340003784585563,-0.07800757456521643
-0.1974875372909705,0.21875258206741216
0.10647212688358357,0.5099283552302489
-0.3757647495635029,0.2074196222663978
-0.29583570026285,-0.5098524607271514
-0.1856302859183967,0.12930659032690636
0.11491568468504726,0.1252167973797292
0.24386872869118117,0.4138812869540126
0.39541689633962845,0.5092182161562246
0.0032103458133407843,0.14625192174477572
-0.1560574440564054,-0.4936578793897616
-0.24768231742650942,-0.2587971779229698
0.16349814675112317,0.0741044501128316
-0.17568357494560274,0.31666341762826544
0.158333524368164,0.013565094153491998
0.23385951687424342,0.23380274749517335
0.2874736310971452,-0.43012892877449554
-0.09495460139045561,-0.20127114617557088
-0.30118240270330293,0.35445648056583356
-0.21793605156896334,0.1563378235962936
0.16605619798626758,0.09909180024177684
-0.3781347712102066,-0.25732526486669244
-0.10304796759812589,0.4278625908206917
0.266514251820672,0.11506448738175015
-0.36155056787715373,0.16329833321309364
-0.20368838066578324,0.1892135834400538
-0.06399307388792672,-0.048608614215160106
-0.2381035138122337,0.3873649986129122
-0.19324064322876733,0.3264679268402726
-0.2855829658605338,0.3840843254063559
-0.1261869681767805,-0.532194545428021
0.15807249364077702,-0.14728016455138754
0.23287263660616245,-0.31272171147152467
0.40814531332663545,0.5943200573552099
0.0007810286815035336,0.14390094991408225
-0.3474417421859118,-0.4582522272916488
-0.2214383875501541,-0.18623450909250105
0.02489725257801801,0.4321077324574833
-0.20793145605312588,0.21005574565074464
0.18245988708521674,-0.022333002489662745
0.1468539115474099,-0.007564560904939267
0.1879064322873825,-0.1812891864078762
-0.024057540099173366,0.25814211036110807
-0.13533551989750042,0.18811647228757322
0.060357295673366236,0.30358852246679996
0.4499780221048671,0.14820447804417755
-0.4054610489997695,-0.01681722225547602
0.001703684404083139,0.04388658285247746
0.43013158937922885,0.3527486526500842
-0.16639222281516028,0.04195401200705893
0.22687371950516366,0.027514101134942914
0.22226247567023097,0.11674185235773434
-0.04355427175999715,-0.466184181879436
0.24813987225412873,-0.0029229829706046762
0.17548421326703323,0.04780010324550565
-0.14810489977975783,0.27843524925213115
-0.061444745352581105,0.39449798891092397
0.222671177293862,-0.019564343659718306
0.33488626228579305,0.15999714717219393
-0.2808338491565565,0.30678006652500506
0.1862939422005252,0.25985609034786533
0.2204265199959491,0.04122253564576555
0.027759051203543748,0.4287516640401895
-0.5658713415537775,-0.26872174995356163
-0.4464256968480732,-0.1719535828868468
0.0007215492203649917,-0.1530598314191195
0.036037265225730156,0.1880322255551434
-0.3401074940165948,-0.28826319422729707
-0.2267172280262825,-0.007511162147479289
0.28096455957164157,-0.14395272224428182
0.2041802034652132,0.12147621276499145
0.3243996357383648,0.321538986171581
0.30731777983063163,0.17017542582547956
-0.10881043030939522,0.2007680765054048
-0.4950172349694555,-0.22498656805171258
0.5211687946944953,0.04432910520743974
0.0619545383219002,0.2995001512955293
-0.23991414907095643,0.28420810776284877
0.3360715333816735,0.049957015459597555
0.293629626780071,0.37771601381840225
0.07497779107054367,0.4492361600508412
-0.04642471334887319,0.47637403152860575
0.5204400980676037,0.04943342554744103
0.28849070552676886,0.08984227228817183
0.04200426005606512,0.28844413760142396
0.543383659210183,0.08920041535215027
-0.26507484189144703,-0.08510440287458668
-0.34981531225142243,0.2057834582657091
0.15687249231008998,0.22203905663008056
-0.22125783070901836,0.47036163945444365
0.24486665820472395,0.37549207155244957
-0.01799195986478306,0.2930052448588533
0.0618274833419619,0.13975886941803708
0.15007701725917563,-0.461608015559769
-0.3395994744650271,0.30774997684204347
0.13406996277599026,0.14593556242550076
0.41874695111571314,0.3869085901298478
0.008295032965503301,0.17422896980250835
0.10567344448665048,0.0208735765774695
-0.020495555633100116,0.18723391997548486
0.2266014310989503,0.24668484070349855
0.058977677534076824,0.1423373105946338
-0.08255315720097148,0.25800103788709294
-0.18005836918832221,-0.5684623595336219
-0.06812441054116561,0.1594807336472205
-0.12085562744848638,0.14776843451213584
0.07164648564601687,0.00877379568425543
0.2966626476082242,-0.37228769120964966
-0.02046058120063078,0.008401139059907534
0.28163229952084823,0.1760085679167128
0.1201872371170418,-0.49098339663162804
-0.022204241445744777,-0.1500726422528384
0.015120858101550257,0.38504750340559435
0.39124127545007636,-0.4435706377543839
0.30812405424368305,-0.02294184136396492
0.03867556872286515,-0.19847487747027756
0.0807045854781312,-0.058012119136170985
-0.3576435534570153,-0.10377439838134976
0.3376768275037972,0.24107659319556704
-0.05015924532513292,0.2858100099447893
0.2800623830061961,-0.3728183294013724
0.019734081299895977,0.062678681268571
-0.2858235077782208,-0.4074469333205289
-0.10189685713997959,0.10908405339933853
0.5039232966899198,0.30713406314485275
0.030289802682598857,0.061072498395216473
-0.003314987936659601,-0.08584252715808179
0.09235401326989792,-0.0932859967658712
-0.0366279807353185,-0.17488060690865637
0.6595362254669768,0.7175349510942517
0.041650182620601,-0.4947875474786175
-0.23709043982227107,-0.002646185421412501
0.41351399958202995,-0.2824425778690358
-0.3523701882228807,-0.030693502426597706
0.10029113948934443,0.26233009097100246
0.40826753889643835,0.3493711598481089
-0.7113261342765873,-0.24299936934762315
0.07141635811138969,0.7483959608510395
-0.003538295652096396,0.23111301411625887
0.13231094415428504,0.1889015321995556
0.17877712815664118,-0.0736533120926898
0.6311566405247248,0.5814276866155569
-0.04026192287560156,-0.32148248788875533
-0.12346432720794852,0.5703341433807673
0.1689211571821907,0.15505628005656907
-0.4783087857193408,0.2676023041392487
0.02182337888294122,0.07724058174659693
0.20721036777341909,0.26730700799926077
-0.13810083305429652,-0.09607868332527228
-0.05849271131944323,-0.0031792994844252885
0.1039332191853788,0.030720077744493555
-0.14781924419981038,0.2835038350676345
0.039776868212502973,-0.069144763715129
0.2654038549010044,0.05249554066602229
-0.15099861209380253,0.09897847179971188
0.06324989944775039,-0.07029837437405305
0.0032217415626489337,-0.2029918822464835
-0.06208037665834673,-0.05144129833203001
-0.09306890974186334,0.33983318006175917
0.2646305009168712,0.33709711653197966
-0.1232921970250558,0.08356262894352101
0.04945606719954702,0.3191193324322773
-0.13209558379258565,0.08335387692124752
-0.28860155647187713,0.11340992959874598
0.022900163562692262,0.6139211282611292
-0.1428945467863627,-0.22832759035921724
0.3373917111149888,0.1614527423357537
-0.09914217007133724,0.030048133812072372
-0.09209522723705083,0.2891441687493367
-0.22156350214748155,-0.2776391134231974
0.16192804097713215,0.4149515961084374
0.11492333085577378,0.1860457720036937
-0.12182922186175463,-0.4354906554754918
0.09694914179653497,0.15441377262227696
0.15024829229509962,0.09265597061945242
0.4791367077251124,-0.073951227050999
-0.19762571677332172,0.06423963217968548
-0.1867307285306411,-0.19917737422216192
-0.29568362130099846,-0.14848301266087416
0.28035416200948476,0.09582860410048707
0.33253148404878574,0.08435642505525635
-0.17175165716193846,0.07052704128459991
0.22278756458233545,-0.1067355928444801
0.11052606420328831,0.03159993892084956
0.28080664767082325,0.09696937330044096
0.09453793814399729,-0.08024394454489585
-0.3589559179723239,0.4220773382810829
-0.0683048058176762,-0.1953581665184275
-0.12563955643307073,-0.020928032847550748
-0.2806858680045122,-0.43363422022194625
-0.1709563221983276,-0.4396801384983046
-0.3211915227763939,0.05805103439907082
-0.26144468905517615,-0.12435879946067704
-0.01246251752620431,-0.15461493743159319
0.029344554491645837,0.1346174619898476
0.6845571747734375,0.4306342064301526
0.13195936845220693,0.00869765672167114
0.2080634256209689,0.190559453638744
0.04611289322453421,0.03871460795162161
0.25882248683171616,-0.09465523053538476
0.3908881237907616,-0.006796395893115707
-0.3644665130079858,0.15172576897287224
0.07660556683268434,0.08547073829406075
-0.25053217469208633,0.09999331315844039
0.06000354756743189,0.3005590656956721
0.16611245666583263,0.310168325494772
-0.23744772809699047,0.22343862556599794
-0.029818511518586867,0.4013650397126135
-0.20311923502317994,-0.18993676306192928
-0.4170266104220367,0.12052404234450023
-0.38927175251907326,-0.143256249569161
0.17860411954632277,-0.2872305690621079
0.10094413634548627,-0.20216098576578895
-0.12143753525826166,-0.2043370899767295
0.2512158687167526,-0.4684506020042961
0.119617880700278,-0.11750033877537358
-0.44681543139558755,-0.0518522998205594
-0.037242625033894465,-0.47484457512948347
-0.05787275989636712,0.21710517021842501
0.19074836496658637,0.007730094167493668
-0.1258091759747461,0.11685216485402343
0.2661488214986003,-0.05334711596861309
0.24621858526505444,-0.003088456763366115
0.14125243824410819,-0.3217055481798941
-0.06735285894911595,0.19318357553317314
-0.004046114535140708,0.06598837296240691
-0.15946836572637846,-0.42020646266444717
-0.5290591826914132,-0.2724610601710232
-0.32357689019500213,0.2781505622213157
0.020364493127960893,0.16319705430580814
-0.07689482947252133,-0.21007740582999282
0.18196798504087433,0.08274013165472197
0.2607100826774501,0.2692537459518137
0.16395209078350598,0.2749365593569725
0.17052966043529263,0.10962912312936442
0.2814719233354572,0.15982043759431083
-0.19054593756346266,-0.4056791617576186
-0.11336534269904484,0.2677147603678193
-0.30731658304284293,-0.0539623862958665
0.2795021249299022,-0.09502950801381115
0.06604266393017795,-0.5021424500440929
0.1782443518784479,0.601118663609451
0.2435689405394087,-0.17766623380271024
0.16798972684124971,0.03981340691651544
0.08549169351001294,-0.19773612512512195
0.15233686926100531,0.24444530973784317
0.28443067614305306,0.026573561162678356
0.11329713262079641,0.6513894404749441
0.20767676610170532,-0.10387061084380879
0.2094558471117707,-0.5251350866650059
-0.18361603509735955,0.20585783205931468
-0.04517118100322487,-0.20242845706050283
-0.16825593694126414,0.2764137957807919
0.3616997803399402,0.4850046227849172
0.37838910039451845,-0.113184378031256
-0.1367203173082546,-0.26557121098960845
0.13458318780869905,0.02278545763409845
-0.174773947475689,0.2641749110112376
-0.701903878162559,0.05261466688910782
0.42716424365955624,-0.06087591593548529
-0.2768025081153708,-0.18962964525122625
0.20098212767734353,-0.20437179490310378
-0.17785874974662882,-0.6189502265002944
-0.19033142075674153,0.06141868468488915
0.21741808945858357,-0.4609109378987384
0.20844910391637866,0.1414501709986215
0.07096015998526224,0.057216293482645994
0.008411777714914331,-0.15012174943486484
0.03880122217882096,0.20273027805046928
-0.5855190484556676,-0.40747764396961317
-0.14069979107815164,-0.07326578048599332
0.5292005716497307,0.33106526268082787
-0.054480248447348945,0.30074821159122134
-0.03151012051868933,0.08537617268565503
0.10081184733798094,-0.5263785358331123
0.003743745836040329,0.22157796698483545
-0.5643334715918208,-0.0468205565026554
0.04043885005075728,-0.07394118124592286
0.009714618567083852,0.37281560065982666
-0.022575905600010257,-0.04737582734390079
0.11452290184477124,-0.41469326328773043
0.021188610309593996,-0.5561048816510352
-0.2046719401675905,0.2944276919491698
-0.24187847053463354,0.10775286407826702
0.21302716192214868,0.3752313078918495
0.22479500548438552,0.25011176215458236
-0.4645108733310779,0.08726072959134593
0.003848438467358523,0.5980999287490804
-0.24441403683183519,-0.11302523383074717
-0.0063069190137749935,-0.3175972153214424
0.1378720807913756,0.32036315794162007
0.1949337623661427,0.25004104536931504
0.13534239783059204,0.05883311805788642
-0.40052415372683736,0.12076438202726658
0.08388886458316139,0.34186856086493944
-0.24777854663073448,0.21033813566281623
-0.18574111279179564,-0.39353528453691694
0.224133385632391,-0.2668862968753141
-0.029052249016621293,0.23673864517664384
-0.3177320659819013,-0.17371213663430168
-0.02529693717033131,-0.17717910858870248
-0.03728383895249476,-0.5632103811146411
-0.14290843215682453,-0.06216258137098505
-0.29903648199622634,-0.4969172571231294
-0.08582451048164055,-0.17512185190987964
0.11394137451133288,0.4974248636334026
-0.1714418838372394,-0.020024791124503026
-0.022853770179848375,0.23361843580356056
-0.023159144894216475,-0.483536960271758
-0.07766533448829513,0.15654061229014607
-0.06632648393185768,-0.09427159833561045
-0.07787436195122273,0.2493151055710954
-0.23508145734566566,-0.10029641167191304
-0.22125096051127835,-0.12334112080629077
0.11308245600318896,0.1825199104748964
0.3627284099086578,-0.029823293786476492
-0.09862497514782669,0.3923510995083153
0.030197650241804416,0.24222501026818966
-0.05562552203665646,-0.2078915442114783
0.401797156451678,0.1530448387440153
-0.07820628732075194,-0.11961189420079965
0.3258401909162063,-0.03866656641030108
-0.2639363502034982,-0.44348032925114705
0.16453146491853193,-0.15734515777304334
-0.04169238821063427,0.09880765829283233
0.3983381986200157,0.14933588720736907
0.2942886478025478,0.5675084470460163
-0.26380962261285623,-0.2030157885812499
0.1862036700562381,-0.05536250283013793
0.1533741683124572,-0.09153219690483456
-0.45633610998191415,-0.07874479505173067
0.04609797816273846,-0.17498999214890432
0.07695820493876543,-0.2238475072731648
0.12019471858479314,-0.014919516904589565
-0.10866777925692006,-0.2705868672517195
-0.1856514820136377,-0.054057577006466705
-0.2524389432720011,0.008269906860831549
-0.3901376774083713,0.06188367703109895
0.3626239424307925,0.1504491986527063
-0.22548535720441898,0.20839988562974887
0.2564622830450719,-0.18681195077994772
-0.25298128095175426,0.026606666133707397
-0.21793754678857122,0.22550846973671437
0.013616593139182828,-0.27385547751572353
0.025388507810454854,0.20531709004238033
-0.48037991018055604,-0.1614451531937553
0.6187122244557833,-0.177895599232547
0.053378916257904634,-0.23771025783961153
0.3628772884450413,0.20819664870613466
-0.07326141953740502,-0.21386345456012318
-0.2034369716798566,0.06697318608455063
-0.033162525144346304,0.0748412437440815
-0.4453388459879395,-0.719074538407467
-0.2502734898054019,0.029455391314236197
-0.022226144634024385,-0.4100534349272318
-0.06249446491413224,0.14048418359386805
0.3901898212972182,0.16755469831571762
-0.5587251871425202,-0.17007359777918496
0.08858459775003083,0.32514921844660916
0.12334941482212411,-0.25298758282752093
0.047074212414766746,-0.09049304239075066
-0.27303923294834076,0.17504773951201286
-0.08627124665188017,-0.18592317548469753
-0.03354916562264156,-0.2824329491344274
0.26724222243956297,0.13725054187630045
-0.0012927649970813334,-0.25093631283032297
0.28388826562826325,0.15869386342059447
0.34407424475558923,0.28355984847961035
0.3226468310329738,0.37786184370313397
0.32874444649433987,0.3534690097159413
0.07754163973779196,-0.12556257379593078
0.14163577543972034,-0.1582741135024276
0.10040483858106133,0.08805816832831201
-0.011582930146341265,-0.20379844770476727
-0.15753916456150413,-0.19934390496412502
-0.3327327701729844,0.3039240079980089
0.31735500271170536,-0.06772604479962609
0.015279884564049282,-0.14717454101931382
-0.25806158035625276,-0.09810265043488771
0.040498207321644324,-0.2492933500320771
-0.20122652241568403,-0.1398837099774697
0.018638344546998233,0.014164745989666301
0.1151269663635831,0.1416923151311183
-0.12662622707156135,-0.4396972376276387
0.04075166334959759,0.09990179838312259
-0.02100890217852615,0.023251078784279677
-0.15044006707779342,0.368882920842411
-0.1844083707465142,0.10412164521468557
0.15440386955542038,0.11489307729109045
-0.22876631133415315,0.27799693426047467
0.2804755524543725,0.09309911084979307
-0.018680209578056533,0.0818947820208878
0.20769540653301874,0.33031158957541856
-0.1637518114385635,0.24721773995173335
0.24484761631668928,0.23636699286491364
0.05601037016439838,0.25548006010008933
-0.742987217476973,-0.12942539413939266
0.2658818220190831,0.25040106004878565
0.4536475506649296,0.041852218050019006
0.3379401921208113,0.2796115244276748
0.4010854132252983,0.10984378769756084
-0.12634071926368817,-0.21597726583010912
0.108742994715082,0.051320069980146904
0.17175466449104979,-0.2310622078887427
-0.002140151105646702,-0.015400691399834847
-0.3169909116267491,-0.07428760647052914
-0.12207596826666092,0.20597419479686305
-0.03584165669182756,-0.28498283743302383
0.06290423631454302,0.019347897619725583
-0.3551707566439935,0.26170547847362197
0.37959046247230666,0.129992106963303
0.22289593711475705,-0.14373704674751736
0.30074510436859897,0.43205740296340284
-0.039247459659375344,0.052033066379608264
0.35711941102690287,-0.09131894079232722
0.24328366153397243,-0.03067744966361208
0.1496496214749151,-0.18146190669358778
0.4987283827281698,-0.310785454016869
-0.3621620153652201,0.08151780910087708
0.08364645203444493,-0.10355682379688928
-0.09961570196943799,-0.014119009915803383
0.08006150892557092,-0.2636024816640453
-0.24150049691338035,-0.37203315626068534
-0.05449851442749443,-0.3120316470347098
-0.19509540162731132,-0.33806976595529936
-0.07181198763681014,-0.025665556223208225
-0.10921490402461077,-0.08558851747929506
-0.25513038270999544,0.18618445628086894
-0.015759761149508368,-0.08422098534251556
0.2124774402058586,0.052212235156297346
0.21373080922965468,0.2584269602304509
-0.0686217443947792,0.3140185628159006
0.10549921275398612,-0.02604347078980624
-0.2632127996883592,-0.21767298388399212
0.06746646571154445,0.18017014140909482
0.1351318983120331,0.059124385605465825
0.07378662660230886,0.12101556523000034
-0.12797642129122808,0.008175581881493421
-0.09084757691534937,0.24107074774443582
0.5013447053903721,0.183775252957414
-0.2788032217912279,-0.07126503899843338
0.2035694109800943,0.005177935657505674
-0.26721712383545826,0.3560508978482011
0.3924707150311843,-0.11991597595589455
0.6714494339731545,0.37668695279088366
-0.0575968290167717,-0.3534769742292495
0.016884717957477154,0.22226660481411656
-0.08530711320220623,0.1288074597396122
0.10858602210141503,-0.05995701055888724
0.054903770523492525,-0.019403093528425754
-0.33592745699809573,-0.17516636133211633
-0.42815738181746077,-0.25210950374835706
0.2545482206337977,0.1254777453821665
0.29654969319637986,0.20126304466751357
0.5785240796295396,-0.16137737626362395
-0.10877430182396036,0.3123859148468917
-0.6510378219538451,-0.2532252019421667
-0.21557115954165562,-0.043939696852004204
-0.03511247174260127,0.03478122384083509
0.2691875268892472,0.4564970248246323
0.006010927823936991,0.3699725734176596
0.12892665761450853,-0.35043019464032854
0.06137173534084911,-0.16854908094016813
0.013561791586080495,-0.0278478847991974
0.21685048083678002,0.08240478666680331
-0.6001331309729915,-0.2972420955153323
-0.25712915867818587,-0.194961992581842
-0.27447140387328756,-0.05155577975368537
-0.2216886955475633,-0.1311639804483364
0.0500735641214075,-0.21070595508102136
0.006894236733854737,0.16986856570746076
-0.6808160745911294,0.007683394881008484
-0.1260263898070201,-0.06838380840089067
0.2943717302677891,-0.27953470256664803
-0.04221592502384139,0.13199691411699063
0.30426037516150123,0.11468825215030765
-0.28588770531055513,-0.3447103746146772
0.032004322134867674,0.4619981811489786
-0.28794980131863385,-0.3166791890995379
-0.011605529675474333,0.33449171772769704
-0.3064608670589147,-0.2913958479383621
0.15113541405147948,-0.26780767653420084
0.16197865465159778,-0.10510438250677367
-0.27482616031947454,0.06753251432453905
-0.13277849744723744,0.09972366468369706
2.281060021624494e-05,-0.1982513443510366
0.05475593986868191,-0.1751231297939681
-0.19637930318927396,-0.03523994884252148
-0.580131173453578,-0.19087576674669082
-0.5511400634532446,-0.21367781368799313
-0.30452353253570424,-0.10457586961084712
0.07446892606684076,0.0005338352388132893
0.1268278779750697,0.5217826875544215
-0.3271115534772712,0.12091193643419866
0.020241534243503376,0.1921063721009076
0.1300576579102747,-0.03881937698531448
-0.057817226960784514,0.020555621606576934
-0.22398962954225998,-0.3645761411766889
0.06894715753536561,0.08912209262267425
0.14479224735352514,0.35824797066379266
0.018317539628802948,0.014359237521333864
0.09203827610173489,-0.21360810487941798
-0.14185154455888427,-0.36466202196837916
-0.1133159411241898,-0.2595436604852066
-0.033036412745509114,0.342298857680896
-0.02486755653531252,-0.02232882629096267
-0.07939009172556177,0.444197682104222
-0.5492807556329367,-0.15798650782287862
0.44785230730178877,0.007628658990108069
0.246229805575206,-0.46199837211339423
-0.30179517793734045,-0.11989363240227624
0.21629654238778084,0.3290954328924336
0.16601273680328685,-0.0448530246466161
-0.09913423120243445,0.11910491758803861
0.3691075628543188,-0.2521281864688449
-0.03013013062632156,-0.0847700393620692
0.16187633037438245,0.6356464182940768
-0.08532890107992275,-0.17500183925261736
-0.43001915664487333,-0.2768846006152277
0.04891069422623646,0.07415668233753814
0.24032139215308151,0.047967814033141216
-0.07614364783883379,0.07987113523802748
-0.06884945177865956,0.2523631106962644
0.03681887299739365,0.5163996867089032
-0.14768345663438748,-0.04921532693367055
-0.002438366486545357,-0.04650089972928042
0.05676343826627437,0.07032695804351934
0.37765101637903803,0.01413564196574805
-0.18244678756990962,-0.04558639927519657
-0.19975901816425837,0.050291862676214744
0.14918923641594697,-0.04880154102326505
0.11802280352689698,0.026101278045332445
-0.23447801045123184,-0.474341903178256
-0.1936144455992407,-0.02066200927515625
0.3377734475784425,0.6712741411745856
0.13036510928203546,-0.1331630045996177
-0.3445060751150245,-0.7273055369069198
-0.05913278074841107,0.23189793522876898
0.2718111245441567,0.12592851502848865
-0.16924627477668472,0.03951777616908529
-0.3771964246216655,0.5433220427264084
0.08298719248035313,-0.23962044010176242
-0.09569993219960268,-0.39257083857235225
-0.10766586323855402,0.08747711602289218
0.025563936111707746,-0.10270002576320783
-0.07007235728030595,-0.30422387859936606
0.17182098148654265,0.10570018099894178
-0.2893766303642576,0.19026450445566814
0.04168996371122929,-0.07470998687018655
-0.07517265914101975,-0.22327447073251042
0.16276022737214496,0.1287176971618163
0.22335685236654987,0.3442187511494116
-0.07487510605399678,-0.005043596393925672
-0.03670881996604393,-0.2782208823448734
-0.16179859170835267,0.17633591945769445
-0.18461659879320275,-0.25189697015618706
0.35474767328944584,-0.05245533065800542
0.035352114677233974,0.2156220299054093
0.12333756621692128,0.056945397281294566
0.16890877601549975,0.07663557444143135
-0.01327680968308606,-0.025909537697653973
-0.2992508179428217,-0.30533700374770023
0.281356253872588,-0.12789349770074934
-0.22647845569369027,-0.16738823636902897
0.026832593251167748,0.11347404036585353
0.3903361073000704,0.24565116866735923
0.3938025165687671,0.6082846209520052
0.09243946987585895,-0.017336805157488148
0.02799649642764281,-0.2559755808308814
0.16235050763439035,-0.17905154194731326
-0.20845451612967378,-0.026789973406652064
0.12047839556880656,0.06786373538990896
-0.1485104300763114,-0.5927807664493483
0.048987717023012765,0.023890611813380445
-0.12205844886743611,0.11941960561750566
-0.21102178857263562,-0.26212287551061875
0.0005047942602780188,0.20364449588145855
0.2890055503394302,0.07596141694546524
-0.012794208612141702,-0.3605344827014239
-0.4289189482014758,-0.16312637441946554
0.03292534500677796,0.3251948203351325
-0.19392561952476095,-0.36519816320525433
-0.0007703851459422345,-0.07400666841572952
0.3480679571437122,-0.024062272492629155
-0.07616656788680858,0.011357727559091747
-0.13182856933510417,-0.4064656304514202
-0.015783278512812353,-0.004748651335536335
-0.025893218408948277,-0.02380465338913688
0.13174396549313347,0.10839588410037349
0.14767547546321946,-0.20450828741701568
0.015772961538590466,-0.11397804094911686
0.0875070719599969,0.47512401487791683
0.10116210924381452,-0.08409684014598166
0.2664438083332944,-0.2155702892186051
-0.20449096303039177,0.09987700911138168
-0.1047527926179067,0.3674769849100921
-0.10119555844665891,0.21303882148496908
0.083794265724357,0.16476285309180055
0.014903821016540612,-0.3895782682952066
0.2841476829932643,-0.13493491833206198
0.18479198953826015,-0.030220211372598303
0.03288459224200464,0.12154974458049601
-0.22721133406029176,-0.0101316885707628
0.29576206668385935,-0.20166146343506466
-0.040878114425593644,-0.17719223283296104
0.29400110430987453,0.44210052903404945
0.2940643818995923,0.7286700945561317
0.027291493198946703,-0.04631465572961245
0.17385371472095032,-0.6868331477814096
0.12024931589999163,0.12705600723802726
0.304116969815563,0.1135406444374223
-0.20107707085742973,-0.2638251247950181
0.038682983448758375,0.5416570529353292
-0.32453848406438457,-0.15364284610498916
0.2827012969295307,-0.09018605818004667
-0.16982138101690036,-0.04710589043996158
0.023639436035950406,0.07697492749650066
-0.14609850545230363,-0.43303528651301215
-0.18104260089107782,0.07574683413432677
0.03322851353531904,0.14866899344415202
0.1872631288164341,0.21768219938368832
0.04224322132015122,-0.1591047163856591
-0.33414220832222175,-0.0511060196349161
-0.10077992759764076,-0.21794352843945553
-0.3667169268352206,0.023590313794723993
0.35890565117211815,-0.17383209570280114
0.0726593556922549,-0.1059059870259231
0.07618637912150117,0.14128531037516376
0.23311583900774907,0.2421547498600296
-0.0968014078334374,0.2854436000964209
-0.023612642258736227,0.1892044743386104
-0.08048926353966518,-0.2801940508047449
0.10345242603690433,-0.041842055957565565
0.06871087691560038,0.02603100386941308
0.008592625122430855,-0.043361761848362046
0.1839502243049598,0.28965392815784075
-0.1842826940870195,-0.5126034776148213
-0.09912746641364106,0.08154701368071848
-0.43203066587568606,-0.6243114510742622
0.08312404649382032,-0.18074330854217596
-0.09291169689401488,0.002227525165870814
0.028962547186599106,0.3245163800146389
0.18754975621384354,-0.0615394563492863
-0.16554524181839902,-0.13685818416524403
-0.07798391888611436,0.43939436862426007
-0.28124412514411834,0.22293352581414586
0.009955690340603354,0.23754399212972957
0.18682247970977273,-0.29260422339425785
-0.06696721544339455,0.32410109403597875
0.5691006183255126,0.09050607924812372
0.32114714522499077,0.05131440101026124
0.4602400263634256,0.21965928466291534
0.13259322155130604,-0.037812298098773345
-0.06550459870450757,-0.05208624127402548
0.6351369508088349,0.0835842931217527
-0.016353656704231744,-0.45289258780598235
-0.046040140180836964,0.1957355075152888
-0.4404164425385837,-0.20550531086568324
-0.18030902068687685,-0.10479766709994366
-0.009894571828347775,0.11240062733052679
0.305698215027449,0.3734433728573252
-0.14253781262342388,0.027952303452745277
0.10728839618844598,-0.3411957196313735
0.04051203103034235,0.24364882783840436
0.2386333899380065,-0.26132610014592
0.25368356087930594,-0.23673698316355915
0.3746205980929832,0.028277871664209572
-0.28758611615106705,-0.538501834235401
0.3776929941267896,-0.026188849810797436
-0.2995963592505373,-0.013821583654688727
-0.019594412486175796,0.16611181621827165
0.04087547823480734,0.07804373430393967
-0.1308058803126643,-0.4532172021416646
-0.02225920840171629,0.33757166375857256
-0.01230068476312209,-0.36665708582137824
-0.2527638957583819,-0.10849132210921553
-0.0977611591642999,-0.2405653485403657
0.1363053995296308,0.13139149663863456
0.08309184160178121,-0.06468822214189224
-0.3793067413607284,0.31123282284233583
-0.20946629474491382,-0.35628392897553096
0.17511190896190082,-0.24561617014150208
0.25973470742736915,0.2806848330258622
0.16129601356814666,-0.06322813897299051
0.0743925088435082,0.06303830787439105
-0.09728505780518744,-0.47791031548286006
-0.3189946072999016,-0.04449911113590121
0.19623122699124118,-0.0018810009369705158
-0.33861895812531806,-0.02894678076133997
0.16794273898046838,-0.24353751334503507
0.045087956522658006,0.27541464886620476
0.14945494954308022,0.1918601454771288
-0.17803044351436184,0.10955207111694971
0.07824326569837153,0.15913574369424127
0.2528156171104722,0.19972725126175603
-0.23905203624365354,0.2661543795187098
-0.20174553069087825,-0.14719897567615164
-0.18693383021642135,-0.04990940083053829
-0.0786097475682425,0.20279482767048201
-0.13873183331699698,0.19246064186529158
0.18533358259015864,0.061895414658966044
-0.08859170052741931,-0.1538439971575659
-0.01984403905457214,0.05998948173561307
0.22134989958083257,0.34487311135722015
0.3399074484356225,0.16769076976407196
-0.04020310748269698,0.1778005602254134
-0.04619249200369821,0.07482353259784547
-0.1035850786344738,0.069927236127867
-0.6451147575289895,0.29829659048929225
0.2038887319730698,-0.5543723036810345
0.011503526391843488,0.3545049047131828
-0.2992460904752104,0.1103621117628366
-0.016875576134364488,-0.13750006409832696
-0.01100665314540443,0.09204219328739255
-0.15467564186393476,-0.22253599229477536
-0.18903375952207802,-0.13176665173153146
0.10104928619651177,0.148024082277835
-0.1984149280231673,-0.12136647598955634
-0.09277180994977575,0.23070819459397274
-0.11357966964164853,-0.40441135398867917
-0.14937717880125226,0.0007595754183151058
-0.20175451646174428,-0.07032918290494375
-0.024376673578360666,-0.1264879503670339
0.17262028131214313,-0.359158165886592
0.28078565296702424,-0.13151167251000612
-0.20786728386448486,0.2540151701477558
-0.08712420510311071,-0.25345249448226764
0.45190033044486244,0.13710235791255623
0.1861795057262371,0.09694530363416903
0.32007953714432774,0.1323503343418724
0.143555494125349,-0.174352606784485
0.1610110187965315,0.21312889644400074
-0.0458167317625543,-0.26932759851179433
0.3594415532890961,-0.14157576406566574
0.23936219549224463,0.3702901198621538
0.13158088099748716,-0.20817955535225802
0.05728916484932642,-0.12968068320990278
-0.19125625346936861,0.20564522549222952
-0.007958718294482697,-0.4363595181062254
-0.6409924733419359,-0.02609261748304385
0.28733112290346674,0.25934624829937514
-0.3006373145152311,0.04913184048072382
-0.19260292069604482,0.09824189242551391
0.25775931842847283,0.2716021746331326
0.30959780170966084,-0.5111565024365885
0.2309437901532562,-0.073686084465589
-0.056640258413972494,0.010735809555116221
0.07044119698721783,-0.02386591496872322
-0.11292363767926074,-0.24009782254982973
-0.01165551001989792,-0.31480020573530754
-0.149489403493215,-0.04437667810589407
-0.1388454807182321,0.08868953295106817
0.3357151132245283,0.2665238273891013
0.14058850633412442,-0.23099876077617648
0.2785405884526947,-0.24297154084444386
0.05494799041481555,-0.30650789254102195
-0.35514446505949426,-0.35936113602067055
0.4672637677736001,-0.21654822096422194
0.3029987553175279,0.24910443252044498
0.29801992296702345,0.17790725617613787
-0.4343112581685264,-0.2703251363081213
-0.3395647691223594,0.011133639712732986
0.24634882957822848,0.31162414138222594
0.09360565606210729,-0.11239021476785335
-0.07080621634263963,0.15090698577792663
0.2994518474603323,-0.012048876711254918
0.07562378497325274,0.11900508066464789
0.05903486789983829,0.24486455542109062
0.2941724738745861,0.33121336957093594
-0.043748546757456215,-0.006881974984134398
0.059048268252601684,0.09169564105893618
0.032308120776693997,-0.1328438532254646
0.17506352525812488,0.1811745218381505
-0.1947886860654018,-0.03140676183548124
-0.03228985559719517,0.26695953804111455
-0.26925772820627264,-0.16441443500419448
-0.2820403573865713,-0.1184655400831286
0.23329250504308077,0.25297076183663786
0.031630275728352746,-0.17218612805157765
0.4335073109932466,0.12105934676651041
-0.14162428008439434,-0.1940015511747609
-0.5514661783772771,-0.27391426367838556
0.023435216664943012,0.2733486406069861
0.0285674586660372,-0.10638990743430994
-0.5397081802513628,-0.3064051231511728
0.06807150610820582,-0.251916177165207
-0.24200007931623374,-0.1347280211984911
-0.02489683965201028,-0.44216924418016695
-0.26028363645743446,-0.23047381697981223
-0.26772128235802495,0.4230039775213494
-0.28315266199561634,-0.3265400853279545
0.47069470345384556,0.11656274261457111
-0.21885295255706055,-0.3829709810705951
0.20484741728917294,0.012140732320083558
-0.20189189828314466,0.13110156012362542
0.31534330871195276,-0.3192432772248377
0.5256005012550459,0.09988209533135518
-0.058576245110243466,-0.13788068690299782
0.440326562065515,-0.12531901051055183
0.03754597058533067,-0.08621432378383896
-0.11543653356275152,-0.12999429971538454
0.13880647234705817,0.3190228704671908
-0.04368435955487215,0.008463713291277599
-0.34890159381246,-0.7776812118191718
0.23182111570769165,0.2504392333386821
-0.14835122962573571,-0.2979671359186707
-0.24408851961554862,-0.2351991077535749
0.00018121503966079326,-0.46831699719381525
-0.3065073398102993,0.24693442464579168
-0.29759418587680647,-0.039139083221056366
0.34694596159018337,0.3715005552943637
0.09380799619127006,0.16595877179516338
0.16580494133360657,-0.21615397690648244
-0.025322195470070856,0.14033543698178363
0.14768590542691298,-0.20058860921174268
0.06640741260070723,0.5352379677175381
0.08385144021884491,-0.21112229941347638
-0.0517738413884084,-0.07368995816234482
-0.012985133966692628,0.07963225078407977
0.04242922639800418,0.4734626603940061
-0.0481176780352718,-0.254202373170225
0.23791981937445617,-0.27648839665126057
0.26039312795794545,0.00611512016899755
-0.2484606659207764,0.1142700244958344
0.1693213586501979,0.16459694064731126
-0.28545345082562024,-0.5937534647297951
0.2322610758375541,0.2893304205885641
0.19410662959183822,0.020230148595456073
0.16334682622717672,0.20126016324668994
-0.3656874333985043,0.024983461583402405
0.09718557577733127,-0.15539374860957
0.09770838453505039,0.5196955821443877
0.0742948996158969,-0.07189296878626236
-0.033986846000578115,0.30783494442091597
0.20723090877557407,0.19490840401229168
0.36949291021661324,-0.2531614261662041
-0.29383316030704987,-0.18591207470522558
0.09707063925915009,0.1175628751260621
-0.5366807761858111,-0.2274242532860964
0.4845527387658993,0.5935763819998395
0.033110480683773494,0.32791956516650533
0.3593316661240343,-0.26128810027647825
-0.04549987943118004,-0.0629856076761682
-0.4436700325567251,-0.008207549948431857
-0.4392647488003357,-0.23283790944788685
0.17953102129105,0.5174487707682864
-0.35260646215556063,-0.0024247044747886526
0.43091266421232705,-0.05153963206119636
-0.033173554781003936,0.13109049675221127
0.16094554830221316,0.08354989166584917
0.042059306212670455,-0.2419992548979957
-0.5731937545807171,0.4839542246106687
-0.14264172845271916,-0.04459458038818713
0.3994945740866859,-0.2964848610513687
0.20805784814020148,0.014528218883411798
-0.1308170211789707,0.06929899309253214
-0.10006594897682677,-0.1861257216132586
0.11097812401945535,0.3546851393856027
-0.4375076432657176,-0.35614328372890386
-0.37199506524767834,-0.2480938085910153
0.12077630050965701,-0.11596753714965471
-0.08952933426618394,0.25735075178422945
-0.4296831153597029,0.007175280334873795
0.056229676433993486,-0.10517499326773361
0.042808606365107284,0.18973043442547996
0.0877708103845394,0.5791406500597873
0.000819585113581323,0.10431064964966001
-0.07829279785902879,-0.00813621769890341
-0.14325230016056228,0.09366130819253471
0.021834836672500517,-0.05703705809461085
-0.797919760818489,0.4204917594773112
0.03535147156282185,0.045218809603216496
-0.3361842582796809,-0.1979911732018047
0.04017258314821411,0.1615663923164692
0.40878824782614126,0.3624540204736581
-0.10257611194765731,0.018350727751365953
0.08896188565338486,0.04349598253524353
-0.37593781691939226,-0.08619607856197102
-0.049193497938221094,-0.43250095353606444
0.39423527868671326,0.19221436318442853
0.28655364769629266,-0.1597378336555832
-0.3494925395895277,-0.1066366344319337
-0.11803654544257024,-0.09516465080166729
0.6646792360157833,0.3558248978458373
0.28256521435238524,0.2624673008847934
0.198255836887884,-0.04721239094610311
0.588795063704407,0.198620923117989
0.14415801129976355,-0.09461518289661094
-0.23046659885442383,-0.34870874448821726
-0.34392405647851615,-0.47245543102953785
-0.09552366625538497,0.056643099862531646
-0.1214468137890849,-0.05135090831934533
0.3825062738991358,-0.06189263546338307
-0.0058202366035698975,0.2961325033914649
-0.19128494932672355,-0.5498263727228192
-0.052573382987694824,0.04470661131421916
-0.21231135528821893,-0.20276361083362876
-0.24262021746684895,0.05059427351983663
0.611556356751271,0.3807362187203014
0.2668461174202164,-0.0758340867229887
-0.2364659503687957,0.285027536091805
0.1977046949117381,-0.02518483875771795
0.33539191245474,0.3125649873861417
-0.16100828933961375,0.2327236443210527
-0.008174344656367231,0.2527547241138638
-0.36358671678771776,0.023936051591670598
-0.123971409320045,0.11053336869471254
-0.18951936006343828,-0.02372888844703079
0.16443193644054724,0.02435639979731746
-0.14304408057332377,0.3455257585778003
-0.19862395398812524,-0.0575982690004159
-0.1756354878947063,0.19672700635655063
-0.1719401540243783,0.3263167562415788
0.10774283925619771,-0.4434686535131559
-0.10529052991226993,-0.017859172515773954
-0.03291223327009601,-0.07096507789615678
-0.3483656777824671,-0.3320609654534239
-0.42217642848930415,-0.05537610978904001
-0.07076895723158387,0.15773075224077293
-0.09373146754593946,-0.0014657679533100856
0.09407621198304728,0.0875251658541647
0.2659024529352709,-0.2865751063613421
0.29149124045288544,-0.16317333830918404
0.03000040901173112,0.05584382207132048
-0.27623863360674644,-0.27413995905423666
-0.3681196990506034,-0.37941205822952784
-0.1515111742344178,-0.10573419144391
0.15652958334266948,0.037054874098195904
0.021187087474398642,-0.1267676866347627
-0.04989101113076374,-0.24687369751807867
-0.054006323379801144,-0.31253604065590185
-0.07101965041973528,-0.09994919226688641
-0.3703525149728407,-0.17597500444718225
-0.11309813353191936,-0.2941826486596852
-0.7955443121764976,-0.05496422732397684
-0.31235977921005204,-0.014963514822001738
0.5010210137525657,-0.00947655280333989
-0.46982444005285484,-0.011835567424899164
0.07211051513765833,-0.05351555341128593
0.21517316112980284,-0.3159884605915663
0.3731314582233192,-0.0879618363820546
0.31041955737056115,0.009940807387071947
-0.09615647926400644,0.04000977391580581
0.04457146179210392,0.34282434421754976
-0.18588113032503056,0.16719585682464716
-0.06250150611293318,-0.22447069039757797
0.043781780177056064,-0.17515819728950943
0.01525410660066475,-0.20590527825905428
-0.36160094855022884,-0.11629443343132159
-0.3468412237522043,0.010854104288230313
0.1974293004486875,0.17979059718700996
0.012935054993945608,-0.16873375059154042
0.26325972444440354,0.47705739304423905
0.359751047474728,-0.392408480052651
-0.2560187262493695,0.032226083408856715
0.20389798352793026,0.3841751518588962
0.050774729186733085,0.2018829519260787
0.008836712694071061,-0.0925655886644015
-0.15165816499270865,-0.10954932827631145
0.01500778389859567,0.22271511738324024
0.008251943058037716,0.08647716267071924
0.2099456647976568,0.16443022843762
0.06374656731789326,0.2838808434633385
0.21559753669618562,-0.42511316687766687
0.36980130276200524,-0.020043013911689334
0.2063305574012928,-0.3597258356539064
-0.045359252961378126,0.07680208213546552
-0.10597005776166954,0.15700892509747594
-0.044265541834101245,-0.13618045438342544
0.19832384447455811,0.2213519680312314
9.359367379654658e-06,-0.03874463094071492
0.3796620174045959,0.1367513028585228
0.15532627794603598,0.08164058731290966
-0.5303923795996802,-0.47488189411274717
0.052775603753145404,0.1393206306059039
-0.10471234106047785,0.054272197454210594
0.2208526575580923,-0.17532308720268833
0.23953832074303105,0.5710968017768941
-0.036370825195804035,0.18513462282656293
0.054686996667163194,0.0070367993317723915
0.07585262867046251,-0.1777748697997726
-0.12031138530857252,-0.07224203625472797
0.28266131053780663,0.4814005211974991
0.21721754115310513,-0.28390630293933766
0.29884727021322943,0.20508749786268124
0.1119470843066182,0.14883589358465055
-0.23912152653398866,-0.5573957072320869
-0.1795412391794346,-0.13021821168193953
0.46423471893180074,0.5944805250642657
-0.3012299564560055,-0.22672779188123326
-0.21116532881105032,-0.05758901617119372
-0.37027381421325944,0.14107405618037536
0.1731019609304594,0.15125249210161765
-0.1302737859446652,-0.15708882826285903
-0.13390582908111226,0.19140722171258986
-0.26882422080558543,0.2494517930639614
-0.1433402028543097,-0.3925866237954363
0.10624967801902921,0.1265183012228598
0.04747333015937842,-0.07520425901613657
-0.14270048319835077,0.20534519731216067
0.30962904447069656,0.4648275013347752
0.2616694512403153,-0.3070492392157536
-0.15120021244896428,-0.07145097574658127
0.15614833219444502,-0.3142211968847999
-0.15444252522121465,0.14906165503020966
0.008772466524466655,-0.4308033486451432
0.024466301968762327,0.10152905830207244
0.0680556678888544,0.013469989018631444
-0.17418013542738545,0.10201291792657133
-0.19033287637863291,0.2699118826086879
0.3141006150474426,0.22945405173934294
-0.08218411235654825,-0.00010615535985894168
-0.08893880882893886,-0.33365928406106615
-0.26809260057545403,-0.14931175673451744
0.300102230567314,-0.03906172251475236
-0.22913732291147712,-0.5355044901247181
0.1019926514272392,0.41311132011688656
0.3754883787148522,-0.08058482401481872
0.6835879981796952,-0.02550894098932547
-0.25065451894893975,-0.1589273193973042
0.12446157068013364,-0.33538191460299416
-0.1980158128133864,0.1414864889337044
0.18483336354124597,-0.13481313351750376
0.013438177410046786,-0.24211512386647016
-0.35584942332898667,-0.4073075525429914
-0.021695631761177652,-0.1964010185008552
-0.4158919046576003,0.10229168569919972
-0.2391895477534667,0.2952288064496337
-0.14293103161214338,-0.02746007191689404
-0.17444487427333724,-0.004417019721325567
-0.21832566903545686,0.008008484701405565
0.4023537933523795,0.2732582838981686
-0.11731975642580172,0.20903538510546393
0.18798265522362595,0.2878833325068063
0.028093231762785796,-0.12457520552996176
-0.0573825821179505,-0.22239331075436408
0.17144031011562397,0.10126046412927678
0.11928989261284806,0.006764212577959345
0.07665976220178894,0.10180797700863248
-0.3580912803747878,-0.5493624834747228
0.0505803895640251,-0.48149401912644696
0.3243375950834651,0.21111082936179687
-0.09865784610897009,-0.03290974333672843
-0.11199385118405458,-0.2341501434278872
0.21528101656720572,0.1840810837615307
0.03417636951780768,0.018573103495719324
0.19192060888849252,0.14387130235287113
0.07815262443925662,0.12966627918343432
0.1971253949800867,0.11771247579960142
-0.2701317144484157,-0.3078721576415691
-0.17955820310494483,0.15563085398924056
0.4156688972515249,0.07882421426635963
-0.16305985443476043,-0.47947431075455593
-0.19360732348070447,-0.4443357320609291
-0.23511252994118756,-0.19378940872475123
-0.03562931670925546,-0.1925248270153289
0.046032797327550584,0.05488932275920412
0.2933457543828082,0.3028526197893917
0.1716449433465151,0.09483910387864436
0.05507395508346739,0.12586132587123192
0.09257487801668646,0.37951938332247226
-0.07196694730849373,-0.43597830511249425
-0.07667480383988058,0.10705157561908832
-0.22162927204257893,0.00979413315983774
0.31906565049868785,0.30308331429432667
0.5633833241084601,0.22785380186197648
0.11287951473132833,0.12729740912421947
0.26165275818075623,-0.3759547641731157
0.24929948912684077,-0.06427553472732689
-0.3117822942857441,-0.251231296733629
-0.20181325964743282,-0.17367879988798693
0.6032515477764109,-0.3616314836892277
-0.2222770657107817,-0.2709104865164183
0.11314715500881758,0.1565589784173458
-0.2940452981486072,-0.20355668391304788
0.12674785128881638,0.03382215109264865
-0.2608112226624039,0.04579644848735583
-0.3503751347727794,0.30229207201797836
-0.10408754676043169,-0.18751902364699607
0.04359215218865796,0.08667454655173522
-0.28571210668907987,-0.13383234598946295
0.14437517335338687,0.1289674020574448
-0.4046201433857833,0.11258655218408302
-0.3661876098349941,-0.19975503156633834
-0.6168054167397111,-0.16789375236210133
0.20476202211756034,0.15108763845065964
-0.14474790389087058,-0.08310274663399163
-0.25982122185932827,-0.14054612911189318
0.4423336594347799,0.47965983718490685
0.0035049711780201997,0.24292246909784287
0.08115557649976574,-0.08550091613968866
-0.14208203944945116,-0.005181109434143912
0.06432663668658785,-0.09129233638917217
-0.21582125202474514,-0.30124941726650994
0.05599552322769497,0.3459238415774419
-0.05845493312802999,-0.34416060155495826
-0.12010696730981504,-0.3814293202885016
0.15879422570697038,0.328499331869294
0.28365287404051287,-0.08125527559710567
-0.3880994274932765,-0.10541843952286616
-0.34539819759926976,-0.003707982704154677
0.16187153632664322,-0.2869789027665849
-0.30746373446870623,-0.2594951633051771
0.4915549963876599,0.2914161638294999
0.11909743975296107,0.12750078058485226
-0.4515373941806539,-0.08364001853763532
0.03076950383734831,0.3672066820280046
-0.014783577367641593,-0.35689682952240553
-0.21731772379141073,0.5067685505935807
0.17122004128128365,0.028725704947797887
-0.18708247425382865,0.19000952351131944
-0.13330463113544647,0.15457477280817872
0.05844932410712942,0.34656655628743654
-0.06244773843283747,-0.18374654539064605
0.2818349813746782,0.1357493166925219
-0.4730466797664243,0.19541305185908878
-0.36891689438676717,-0.05436324206090185
0.21538259301551485,0.22877989413757457
0.0578412398948926,0.11011934910029836
0.5459859661372894,0.3244248501725273
0.25139264853722393,-0.17488948556314213
0.21997683691586564,0.33002134553817936
-0.08205712575770054,0.08204734460007133
-0.23569004592914747,-0.18419174513141975
-0.16802527803103265,0.32650257617968154
-0.39818016254948163,-0.14259044044185776
0.47326938840610466,0.16387654366015125
0.30271452678577626,0.504527579275422
0.0605260582993686,0.06440041341180544
0.5588437840274968,-0.00477192827636485
0.19834301417046507,0.021788364428167874
0.0004063274113984402,0.07602882192457457
0.18875226137756007,0.1096243193091745
-0.1876476098254974,-0.03508375629331713
0.17204047368902395,0.05338787048559262
0.05473256124992561,0.0926307071437623
0.14902701232914592,0.07822881794623156
0.016635345939294718,0.03380660531823402
0.4778975266221858,0.1199700779261548
-0.5662197371022154,-0.6634339248024582
0.2104373242669297,0.08780697730659595
-0.37034591220922336,-0.05895020409105846
0.30573117293440694,-0.3125569839013889
-0.21032384196746864,0.10013504664890789
0.32133612618271096,0.1656088667025974
0.023513421024894243,-0.1418523958209123
0.11511671498209061,-0.31922393905482277
0.06911019003170034,0.01847924260681718
0.31644484746282286,0.32752406101425224
-0.028381810026318063,0.010991465366665612
0.14571540361069482,-0.013884285013687308
0.5195087950901341,0.18072357404945866
0.06725166060485346,0.18315012838549014
0.09896446862963951,0.013194981108947125
-0.4969783161926462,0.15821273547745665
-0.21897973086914013,-0.2462033410838887
-0.7384188861420129,-0.5182933068259363
-0.1019049005849873,-0.09058474957082663
-0.7815964840221956,0.035759503980805754
0.5550920109090904,-0.0987378827495478
0.23127759723657013,-0.05438082090180879
-0.5708848725295605,-0.1060934046717252
-0.03601254283125009,0.4058085835366224
-0.28586666241676895,0.060373857482218046
0.2605639762228645,0.16636489407504393
0.07332400908369167,0.19216212185700482
0.5863465784043222,0.25748025794328255
-0.46836865412797263,-0.14211463334740632
0.0046824402083584125,0.13606035476573788
0.22064041156992523,-0.09644254197739346
0.5841481187954151,-0.20597872030274395
0.38682384692772465,0.4134094495642674
0.05628516758744452,0.08576280963632722
0.056872720055431036,0.011669295016247068
-0.2749211026338959,-0.6542808414315398
0.20596779468703338,-0.10784054717992726
-0.07054262438119378,-0.4427226451074118
-0.024451499302636175,-0.3920341779182782
-0.42979800611774954,-0.1748006207396817
0.049625472995715736,-0.736895787344584
0.44799735473403773,0.3111320779392885
-0.27656347194144504,0.17844182919333548
0.3786847960739094,0.03825422339114851
-0.3786281195425342,-0.12393047413575103
-0.07782636697909304,-0.39647508519965713
-0.03590818010089668,0.41872902493600833
-0.3375826583804016,-0.5876745259849295
0.04308273188426677,-0.30184126928398997
-0.5640616087374715,-0.48231730706147197
0.03234358659127624,0.2702648301976017
0.08362111654748661,0.09055993198607518
0.23345256567086486,0.5068079999718406
-0.2736766013388742,-0.06801040969305869
0.02556516489112789,-0.13439296521323157
0.08305267985143694,0.6051896774384795
0.15094947658489477,-0.13088513229973453
0.34915628216144934,-0.20952062745757502
-0.27772997702520025,0.10902509485403286
0.01976439561706559,-0.3699712462014544
-0.38937745378742056,-0.20034276404652446
0.252032289302013,-0.21180809317778684
0.35463054814417294,-0.46640088399439006
0.021446178768732393,-0.27906230960709505
0.1985683306004015,0.18154926137428393
-0.2486639186507322,-0.3307296910050933
-0.23766709345841616,0.22473900662129204
0.35487092089473776,-0.8100826226939466
0.15323905096530072,0.06076838480167994
-0.37098045099149285,0.08361408349113239
0.2432628890207107,0.2275913769852439
0.18469718981875188,-0.09422937576887506
-0.24690409661952137,-0.019818697085541886
-0.0428971640884108,-0.25359626697388826
0.2303857923906184,0.4101512190816019
0.16304480562054816,0.24618827603409957
-0.25775032283458577,0.05791536919728826
0.14484727906179784,0.6902717612141864
-0.3057932107296772,-0.13256866684283194
0.17773994488524925,0.05224867346104136
0.08863728774762329,-0.3732756493063764
0.2135112175702776,0.5393841008493385
-0.158674816815834,-0.3931977523260816
-0.24837198808634733,0.2505513660109073
0.405160427346434,0.04098178294612073
0.3617396134544186,0.4278353366858035
-0.22348626913580574,0.12258869807135016
0.27580159464882875,0.25404967432227027
0.008485913315321583,-0.1292390105452359
-0.36999784289992366,-0.12395402321975926
0.06292407033319602,0.13154802941055005
-0.4530505447608242,-0.29487439408780236
0.23315292479888816,0.18078247999649588
-0.19634272139044154,-0.035885765961077974
0.4830906176825915,0.33232069884531096
0.0009109134029733579,-0.21023736380635297
0.14923028731928895,-0.42531778913335766
-0.006693404976804518,-0.17236822491471815
-0.04651176024611608,0.19943604968554624
0.23644795157866466,-0.3540729343785186
0.11590769030110315,-0.18837689207665537
-0.168584377176361,0.03335760701288882
-0.3571598744840189,0.36718726657624234
-0.010683821365151164,0.09733410556869825
-0.339583326879088,-0.5376975667235506
0.3151268394500725,0.06256605820435568
0.2119947417501232,0.05078315421444848
-0.19440544286891098,-0.12577751246296037
-0.22562441453602208,0.17968323598773653
-0.07925162877762335,-0.06767512607306883
-0.23513785068019308,0.22953115130590926
-0.20173910525533986,0.10232711621522858
-0.4619319329754152,-0.1349597474849691
-0.0025269824102916133,-0.15105660220412154
0.5291278449645588,-0.056536538499603245
-0.1497668094305514,0.4197717125804218
-0.23495128900258408,-0.21914701993416444
0.3414441533662308,0.18427915613393286
0.12124906335187,-0.08882161844903604
0.4210525368070401,-0.07823269504026484
0.2084513191056975,-0.09942157893797042
-0.2767731204790981,0.3099893251546252
-0.34284462689344597,-0.4107039545641008
0.3063607072900563,0.023535725556518828
-0.5144191526364865,-0.14577158484451813
-0.05834952742536905,0.3927084090326731
0.12803303551689535,0.17294194769279278
0.12445413121432106,0.1971582856704329
-0.07293278980902548,-0.04409181725769477
0.03417214422055359,-0.1485322511557921
-0.06538237421714603,0.05767361916336807
0.1742062244208315,0.1416275954627189
-0.6071223144932079,0.1074798860176066
0.016181588806453928,-0.2337106170835932
0.2818579763631589,0.29166228762298063
-0.3058929550538575,-0.16322065149884304
-0.27805196489482903,-0.07806286652619193
0.1856494166342404,0.2534939938278242
-0.14797736464545252,0.08757507219496567
-0.051416049130281964,0.35848911036855124
-0.10731517667442157,0.46732747839061367
-0.12688895656734847,0.20345511690149448
-0.1644312076794777,-0.33205424812507206
-0.038038949752711805,0.30681745740059657
-0.08398502723745095,0.15900131888987562
-0.17900960066682864,0.07662693227874655
0.02353784067646522,0.29723752962267974
-0.3898027243571836,0.07399235062107667
-0.3248401308552301,0.03147254043908332
0.05420374842443106,-0.30751629828556926
-0.4818620687291903,-0.5013983786413652
-0.17088276373345285,-0.1179361920482131
0.015945328338446644,-0.3157207076825138
0.10146083715193577,-0.3221239299743826
0.09059342865597346,0.0421876295412606
-0.5503035112183289,0.00973000115484351
-0.07408777129270305,0.18485859050118333
-0.08418952963981637,0.2741431304284191
0.4081576766525174,0.03217358858613574
-0.012054284581284788,-0.4227137066816304
-0.023343751623387136,0.07184081719191283
0.0335725424712234,0.15384055553494874
-0.32527965355171884,-0.08927881625775964
0.015324131587886668,-0.19630439517726203
0.011504375250848737,0.25557636739985173
-0.1045786178227807,-0.2254197930474071
0.4086556839110362,-0.07264248841659345
-0.3730029888233266,0.5767192138189994
0.37948650635972675,0.051261119180964966
-0.09046268696537318,-0.00929481148020015
-0.062338109366197235,-0.16481253867915718
0.6560110524175484,0.07777921037209089
-0.0012691231594546706,-0.18524136787985573
0.5218811684232261,-0.3222912613628097
0.21172505100416888,0.20605540090603885
-0.12188069251012644,-0.12274947990471737
0.5464326521546502,-0.260500062233418
0.098285302112289,0.21841303821987082
0.07982857621379179,-0.1440959667653814
0.10818706059258651,-0.12446260596049417
0.08458417599437731,-0.28410122738076377
-0.17152631326942794,-0.18803762152103728
-0.0917095582318267,0.21996300037215158
0.07627639709810505,0.12792768526127385
-0.3951438363940754,-0.14980479886043538
0.43530672678850946,0.213598835345985
0.059956073464088246,0.3763447915235797
-0.11046900593659499,-0.5678885505906851
-0.3751757020766931,-0.022484387534324947
0.16795022577006996,0.14927974668186728
0.2602909313744181,0.10350198792379346
-0.18656205228011663,-0.31667193962377477
-0.07063829752005749,-0.016794458955411252
-0.2325973482898068,0.3828865211821853
0.24030222454402533,-0.016174006555511756
-0.013723612605358803,0.4442224257142759
0.1788996390964345,0.044667982157433304
0.2575431089232668,0.47990243987195247
0.11392878588776272,0.1389218247624768
0.43067249248315403,0.578702444613061
0.0863865831904817,-0.0802393743960936
-0.06154746429299702,0.21841151417064184
-0.17303168730503493,-0.06046252108081199
-0.12378738490054185,-0.33708322383249284
-0.31772115725777866,-0.11709807327404899
0.0074721740342916475,-0.5883653100564218
-0.06327689999639532,0.3154958198696412
-0.013496305550223462,-0.44564256444487493
-0.39244287128835204,0.6102178975629976
-0.11437824436371358,0.2250417022022013
-0.2503744589004613,-0.5608397227734513
0.1451270654681301,0.35797999119072205
0.16185824682200992,0.16744635863650928
0.08983239089280098,0.07860219613480166
-0.10446315156849426,-0.4012677227647869
0.04311366379251041,-0.23362195096402674
0.30225702058462633,0.049215610952678006
0.07527514806978484,0.06945709329552903
0.03489303101952053,-0.49053865724031465
0.45715976049947,0.2959865730871461
0.2928883216854507,-0.09839589892901963
-0.7209390054101342,0.0889570279058548
0.4491566866446141,0.18386827663781286
-0.5861143935955793,-0.2534568548329113
-0.37162982473622913,0.2679670990167741
0.029346737928354263,-0.24300582405314852
0.08905236471318494,0.2500172643903039
-0.22821493998546138,-0.21819920631097733
0.40510860569292123,-0.08975747983160946
0.382174758390995,-0.09860857002438637
-0.13437220797191202,0.20034184949195813
-0.05592136093401062,0.14813977108398768
0.18236151228671035,0.2304655186451385
-0.3550582567080907,0.009612620713124933
0.09453248110393361,0.22539263081321168
-0.14653691609168126,0.26551594725332917
0.025142352861160965,-0.5787901868048625
0.2043957672175863,-0.08965727276715958
-0.1442541336007787,-0.0672225758958789
-0.4472981836329044,-0.4698415799170337
-0.3166839847831614,0.25492537353421035
0.47747626315148733,0.40683620958623495
-0.13258792452295606,-0.27341385991977607
0.14871324309295034,-0.10976116104887104
-0.0593606132604012,-0.02167909880102937
-0.06404347825332816,-0.24925340062455034
-0.4277342991562772,-0.3151476388065539
-0.044297687544091524,-0.021667164131092848
0.5463875920044754,0.04757325422689113
-0.03160813067990549,-0.12118609059127243
-0.37573867034357644,0.08457204873883227
-0.11831930330708355,-0.06369889672589028
-0.21555964064434502,0.10047316760591982
0.1526988323264018,0.1660490338902087
0.4063597714157192,0.017470356334358065
-0.03620936603634637,0.17325952880694104
0.0038022936234510694,0.17364993282219918
0.24142258205528933,-0.05247450050039806
-0.05492216954419613,-0.3004734314630158
0.2156215702375366,-0.19544954292519767
-0.24127797097741208,-0.11209680835594792
0.09789830428329922,0.36302391307829873
0.2853990943937892,0.05564001941223333
-0.1288689181512312,0.1521093238868703
0.3007663547628291,0.09835133274917866
-0.2702376305085017,-0.12524171843164184
0.3411390562648308,0.21288444460953776
-0.5315814292640791,0.22607947322058594
0.05450637661201334,-0.08180876005659803
0.23736326545284545,-0.03646901379092548
0.25520609920800164,0.006258027253823689
-0.5451311977409243,-0.15215363272653937
-0.30506581695224905,-0.022574995419524596
-0.054173263158510794,0.0846482316733444
0.38383770402513767,0.29691882136329634
-0.013361358629686997,0.22176336520185064
-0.04955581505775983,-0.3627692109536788
0.046645088407330115,0.2232382287357056
-0.22308078049725202,-0.2723647493327642
-0.21787345658028887,-0.15999054579788416
0.08089833255834607,-0.28594531266886586
0.16390211880579916,0.08419095885033076
0.5869131964558949,0.4322984556461933
-0.3293143191632433,-0.10070959190396324
0.043335076360084636,0.4133677525165557
-0.055188283607408156,-0.17021065551976447
0.3898312377562709,0.023485300876333135
-0.2355216889314474,-0.14669102424722372
-0.17144014983147923,0.05086753455366841
0.3516492547310424,0.018449928829727017
-0.19514145434609903,-0.45595962793438133
-0.2001727514714644,-0.2790936540756736
-0.024679893331882377,-0.5553332536321112
0.3190038224452902,0.4213248034791463
0.018844644077924542,0.031234260500276168
-0.013988204942405684,0.004274539806122151
-0.04133057288370688,-0.2769011170189582
-0.15980816259652114,-0.009669028694575395
0.11439169797037757,-0.20627720021780385
0.03877101182451388,-0.12641011483868178
-0.18924613751974576,0.1148050350002441
0.5823457099308059,0.20165375229022628
-0.14955654717225383,0.22563919442556019
-0.2819853574599422,-0.04249722158684387
-0.1640915406089635,-0.20724506935769457
-0.12963988015937322,-0.039572063112460684
0.01916335147263062,0.10153966026865997
-0.08082140579051304,-0.02807502832699399
-0.12220520043513276,-0.10849422313718331
0.05608715550087576,-0.0922555599984225
-0.3488157497164346,-0.11058597382826264
-0.17131267370370776,0.10438752625071371
-0.15723073549156164,0.06536539839637934
0.08593684554243314,-0.21410300903157364
-0.15762789926044427,0.5226520640461957
-0.021171385288376036,0.07815434946828968
0.0014533670499178942,-0.17725596741760316
0.01738089257583377,0.0823718367031369
-0.10423310740635916,-0.01832936382649384
0.30982828340036495,0.12727874708916526
-0.4453680496492148,-0.041607441953824514
0.153982956203662,-0.06579269195795139
-0.3105529618913864,0.3368453440508004
-0.01241832393865241,-0.24771284094012472
0.46904635740424533,0.0367859625978945
-0.2904900380911341,0.20757069723809737
0.15609831397948584,0.2320209343461991
0.036919250675771224,0.03464513803603541
-0.10601718288236306,-0.06200850608986246
-0.06730907356480935,0.6170421879393847
0.1645285450833118,0.1376560744325699
-0.04638751485557973,-0.13712399798744399
-0.020057758176963206,0.00942402760406789
-0.0035919223078921857,-0.06445322087141815
0.25027658683975995,-0.2596325601404376
0.2972665466452354,-0.4937517102072606
0.15592177024155324,0.4202065043969396
-0.13455284931778752,-0.4338074928387858
0.6311525982457424,0.1564803264646147
0.22169455753851938,-0.06524949111864757
0.30552363394133036,0.21705249292978251
0.32739288862995863,0.07307579148820594
0.15790892465680553,-0.1261091069884609
0.1764418403751059,0.058303416611571485
0.09292811051850294,0.16563986197423855
-0.07769215804645781,-0.017667808290165034
-0.06177950690621993,-0.12093800634747752
-0.0795957418999086,0.21190003302411717
0.014308553078205995,0.31175591897033167
-0.1577102941155717,0.09899908056270695
-0.24845433642442463,0.13700109357035883
-0.12360094022838151,0.031726454393892704
-0.21531808966835705,-0.06221036901214901
-0.14097952471807393,-0.01267585848029468
0.25900466053922316,0.06482733882833636
0.3097064713737457,-0.1797063854556069
-0.18276259197896283,0.25386502902176605
-0.055359140654247414,0.6434752327664073
0.4156946018058811,0.00966808905484448
0.0939273331589325,0.05065876659993101
-0.4563215728849533,-0.27499300859122394
-0.6061429766971982,-0.29677477593994134
-0.0999674575846535,0.13741095765485392
0.1848558137370179,0.12565122324858422
0.651512555535891,-0.07658288555729845
-0.08456936591525743,0.26938888276002365
0.19909818795566692,-0.06561299075668806
-0.11520887896713276,-0.4094336186427689
0.029657299392855174,-0.020869398147495746
-0.03758225810645495,-0.1877299504185505
0.09363667361203525,-0.05710565780408045
-0.03050947757152083,-0.18491050507689752
-0.49024511374108043,0.20346424986048625
-0.371120571173175,-0.1954626160531617
-0.1299224467802363,-0.12665555584670163
-0.22885242133295378,-0.3296983798874952
-0.6425406085283031,-0.24176712154271396
-0.09871498174237096,-0.18259600285701721
-0.2104986143971025,-0.030173211493668924
-0.17448596455047155,-0.3747214445053995
0.3321372200395088,0.18081046884621807
0.013405333794644309,0.2768284118869577
0.15105241288137014,0.23022448060074754
0.476550496482561,0.010141425743264241
0.10849995976804379,0.009367500997170129
0.3215987361925809,-0.2301393855838544
-0.2866956671498356,0.31834801929250006
-0.06470942305659366,0.14544574927109688
0.11622499734540113,0.2418896653121036
-0.02817260001464282,-0.2775179016609124
-0.25181018535165434,-0.15319432324302096
-0.156692514729659,-0.33514820628308206
0.009085354630089111,-0.2921253700781302
0.010977595352475085,0.05475283787952977
0.052753788165964266,0.400453549970191
-0.25979346641124357,0.2762897083088819
-0.009702019017029896,0.07174567806248706
-0.03880730622576284,-0.5693382879321234
-0.34418293726380667,-0.1880746745475833
-0.36396926650580996,0.10354832529645153
-0.18457391998266517,-0.011407933054063367
-0.7149657268397294,-0.012248817583867266
-0.9490045996940787,0.0446196021092772
0.14140526320668428,0.2296076325663473
0.10060532772830005,0.234829042052229
-0.4866667736201558,-0.08842189809308257
0.056030819377709394,-0.07232220806502082
-0.3694980930644344,0.3223676932629422
0.27220987956003967,0.20943548536649706
-0.29276446015936664,0.31825513286082663
-0.11733424260636648,0.2508090173101557
0.5356660316032429,0.09761577293817857
-0.030123576213027938,0.3158309372278803
-0.01471504275855769,-0.012807050170269885
-0.08839999921300704,0.09317791715742378
-0.40585615220279825,0.2094806795736869
-0.12466902459221155,-0.12778848506859883
0.018710775292340706,-0.07036360386705841
0.30140897071395334,-0.2772540677507507
-0.19570143369047865,-0.3055905892945012
-0.11392767596348664,0.28394891237434144
0.09455896628502054,0.1611959530247371
-0.03885468122983901,0.16219996507632306
-0.46766983640581145,-0.24692299481423538
-0.21138842415347278,0.0032085886164070054
-0.46490707866630265,0.13131278011453548
-0.11988132877186347,-0.31934008983195794
0.2505209200603937,-0.2716327571771172
-0.20086589911117358,-0.11635009057847197
-0.16779484403391015,-0.024443546670597976
-0.060781800175569875,0.14218631633021683
-0.049397869837262125,-0.1688237149808679
-0.2901318303066169,0.08197943510595594
-0.3283858287785053,-0.2232696188025131
-0.2966541258341168,-0.0015908323522143913
0.21286744395800045,-0.30934031367872944
-0.30779505096724646,0.38964835255147123
0.04125535970025128,0.47189218619184237
-0.06080074114115729,0.12212351491828335
0.42066944681623436,-0.05556544753970398
-0.11352815896798052,-0.10755528128738762
-0.023925018521987914,0.32851508868784624
-0.4871052477875911,-0.2003260617130019
-0.14435411955043068,0.03711896954135352
0.2898851589737041,0.042567413043292215
0.09433860048427387,-0.36743436102366744
-0.12769649319963233,0.3227003040575521
-0.08364833426047914,-0.1802773466178094
0.20652170443803347,0.16891682147331427
0.042307021129490245,-0.09784932537729198
-0.055377403241176154,-0.15637043392981545
-0.31197707309342215,-0.4755189362612038
0.26381384261887947,-0.15847625686505803
-0.15420764160745976,0.2522679128664725
-0.2956508785385504,-0.05215368725841393
0.15677925039914814,0.42831784041618265
-0.24406757271460558,-0.24070083059217492
-0.29280642809943763,-0.1899878739172462
0.00833922786062101,-0.2573824569160348
0.11541569190921805,0.2030425715066562
-0.2551354941109082,-0.11971946121924856
0.2708010324581241,0.007986543409670194
-0.28432209380852896,-0.15943900661997326
-0.3889462490494292,-0.4222131970619454
-0.0011369094770807373,-0.34593857978303966
-0.07828775904906231,-0.2704523725790558
-0.17451466911754188,-0.11558769876098907
-0.2150176525123326,0.11153592562980004
-0.0028665071608409104,-0.17209386721425945
0.12841625522804886,-0.42855218755849495
0.0655130161042302,-0.5368930441132095
-0.18364584756988298,-0.005257042652886905
-0.16897054062978464,-0.12927056352346564
-0.19519267170712445,0.0634947767690855
-0.1772315903022049,-0.10620291471933756
0.02051891902937238,0.2574980517917342
-0.004287207852767395,-0.4580322893832968
0.15958015949032675,-0.3076805693961004
-0.09656844948129105,-0.05773425552106522
0.0250037462356474,-0.09203429890505585
0.1533807449624426,0.12232121299219542
-0.4392793607420451,-0.21749071960112754
-0.4769096011551223,-0.17720778481149882
0.1476580182334562,-0.4216107362469914
-0.25813326292157973,-0.16203725257391863
-0.5306863197568591,-0.10621227130023703
-0.4496049358431731,-0.18072461459198447
-0.022415563087629677,-0.3959507384232052
-0.11292045315382208,0.18359199718072025
-0.27558885311037207,0.049737204108900035
0.00400455301527994,0.008354907344215451
-0.26265780413417295,0.0006658252760986192
0.014838599839478033,0.11096728050700357
-0.25385904990311137,0.04036158306879057
0.13728146865426324,0.2669764260984897
-0.19309945432284342,-0.33426851998511314
-0.01855934394622417,0.0328904740353306
0.1627868179060448,0.18121477367047514
-0.18876720064471844,-0.014756590911820864
0.017001792114168433,-0.16092919763709854
0.17968225081032055,-0.06474773253089548
-0.02875403508112504,0.3439809005165768
-0.06373887840192449,-0.04987080133316392
0.07578623018370584,-0.22651826878512352
-0.1376104171320769,0.21425135703438128
0.17187726668231199,0.00550373457027512
0.3469179529933233,-0.051584026255477616
-0.1512999315946964,0.15190014759085277
-0.14282809193364887,-0.40821234638155945
-0.22595280938322873,0.02022341293056638
0.1594564774145161,-0.250225562226751
-0.07526027978341276,0.16152199602523537
-0.17676469311544726,-0.40902851495253206
-0.1513698442833612,-0.12707317953548014
0.2804907577835902,0.036424095470959796
0.3703803944967553,-0.044149179021113906
-0.41855693725309007,-0.3812707810151682
0.07691223460710854,0.11052264450312078
-0.4449965257830598,0.13336678245721842
0.019088971030973494,0.15890548459566897
-0.18037606853189833,0.05109409574360394
0.06848348405481622,-0.20777416409427218
-0.5726881775940218,-0.02878050768045699
0.025566318564739766,0.08653132246375023
0.26100763573603125,-0.2958138376248348
0.32864095753300465,0.2953274078342258
-0.08496272881327971,0.17610992908726647
0.10467850039580738,0.22947060559698435
-0.17257006606708705,0.21010476765480585
-0.02173528764936974,0.22947919414812612
0.1864704996354326,0.26750109856509646
-0.02746581005727399,-0.04095134852978998
0.060770811500888866,0.09726943844792171
-0.006029972279457817,-0.4312098497929901
-0.056770335272366246,0.24614817626667748
0.004417726237821708,0.07122411521165203
0.09652548078283385,-0.18628169908269238
0.2210402576162675,-0.1552582317578134
-0.08385013587030783,-0.3773886375549207
0.1463184533998439,-0.07623317932423186
-0.292983661205263,-0.24525239559411252
-0.12443437237057917,-0.26370849666954754
-0.18560484283080894,-0.3182825794565574
0.08255756432448619,0.28715359697454385
0.0390034890000469,-0.438789803189791
-0.2548681837857943,0.21186011516548792
0.18577755681339764,-0.17541577996386393
-0.16038456114531424,-0.09586275277864725
0.12990991198586802,0.269280188526542
-0.032289585990314326,0.41079429203032425
0.4284680999060154,-0.19934072011845716
0.356458466689046,0.3087825577605817
-0.48152719925364224,-0.25197322125263827
-0.34279848536839963,-0.04644532513153684
0.3105203765098396,0.1540409258029227
0.10187817850047716,-0.06009247883117031
0.07264615109014595,0.25338250926728695
0.11312846395054826,-0.06155059389753274
-0.488411908609481,-0.2078510423186061
0.16798940106331164,0.2292341169245495
-0.053819908207042376,-0.22176323717809407
0.15359639934375074,-0.07923550708882034
0.2632402868797287,-0.33885291240130344
0.1782971983441139,-0.11223681065681376
-0.20019660121612545,0.05196930577036714
0.15622445896912063,0.6209213603878622
0.020560039311190728,0.4404894060438922
-0.30759491528725114,-0.4372622444577958
0.5524554347695854,0.16588042274743553
-0.21583539792627185,0.00312832579932064
0.04573169961647981,0.06857817606319036
-0.24823555799237765,0.004651396998322701
0.023191111040318263,0.019094733574050567
-0.05039598825224938,-0.19387628659474526
-0.20076248682755563,-0.09907141389631466
0.053444657296785034,0.14133335588761126
0.42480048161206885,0.35850184810170127
-0.07543492679095928,-0.06711023684780806
-0.1942150008940391,0.23630686135282492
-0.03606132739290418,0.2814675929521049
0.21137226106846935,0.31478428971974654
0.30418307892689,0.2276518318159716
-0.03161891380185456,0.028233953751235594
-0.7204036436828505,0.013332263168179401
0.11672864777804422,0.2058717017008786
0.049115663797642345,0.21774359893047326
-0.12458582765911028,-0.13741995897897138
0.11924864107277275,-0.6545866535713764
0.04885043041534225,-0.02111660611997935
-0.19250989184186965,0.23182786654469595
-0.321821100359424,0.06840797613169602
0.2007700229550203,0.0370290999755926
0.09665414262772164,0.3192886383078307
-0.37378937353653613,-0.282497827415985
0.3565758533758302,0.5668925241573927
-0.24657358539878135,-0.25707875338436215
-0.07192535880708453,-0.08509706855356067
0.12168525140273662,-0.2941095702389632
-0.3274933462250917,0.06346185167205164
-0.14851798515457854,-0.03739213221172413
0.05324641865435646,-0.05835432916674786
0.0351587954995124,0.2669046928784249
0.2921467271695566,0.1943366854959135
-0.06909217031236527,0.36924897311248955
-0.5075966874433123,0.39552504767174446
0.1690472180511388,-0.07646941982701574
-0.1696756345638667,-0.051771622592805606
0.17889904336846466,0.16272506920968086
0.3733232874506343,-0.2343166209968263
-0.15958047027985883,-0.32260000493126784
0.2602808787695235,-0.016669326123641928
-0.016679192505253577,0.6298014506200126
-0.02030892285298515,0.010182968940547035
-0.2648271794947768,0.6980071067320436
0.21674701603441243,-0.24938244199975973
-0.10497911258321943,0.035608129483289154
0.04201406233760136,-0.2874237701764956
0.149298144238575,0.06426428821469518
-0.10463216088584176,0.08620192747536813
-0.31553973825104087,0.08393133887543373
-0.32939272448048806,0.2296657189864261
-0.09920061661917716,-0.0029798263033576893
-0.021787938934056283,-0.3060904594779069
0.34053754385276086,0.12347993168348499
0.03207048110894524,-0.30277146291028023
-0.04100205821212677,0.12772344018342083
-0.1274205108369958,-0.18255968207244821
-0.42072244406332704,-0.2825192055495255
-0.2407087704882858,-0.04696362380821647
-0.13681764538057536,0.02393189130601272
-0.03325421759310038,0.28809650873846215
0.06211082798759918,-0.008725515813778529
-0.027970898551037942,0.0986660151819468
-0.5341233377679181,0.05562914869182039
0.3950429891406,0.3519195688660066
-0.2234537054300571,0.28018739746580573
-0.052077185782712095,-0.19692051460751892
-0.22788686991996263,0.09036350708262116
0.04114835489823305,-0.27582470156260025
0.2390513918014671,0.27603046932813463
0.02807658494747651,0.13377519859511752
-0.04316997948970049,-0.21997755243198
0.033211022967188614,0.20560512914550683
-0.07359837216525365,0.12072345522446216
-0.16105747035926546,0.019987316484304067
-0.01442725180755817,0.04235737072600107
0.0007847600838445338,0.010741314891330254
-0.0585779590936991,0.4137937375599995
-0.6051017293439823,0.003935688686411572
0.08225321306609427,-0.07135540494207136
-0.2870029096172253,0.036249113083533
0.13177005267580916,0.1149098339720108
-0.13057895803126354,0.2342667142539288
-0.4010575361974266,-0.1614053372870918
-0.17571197296032673,0.4887547031455696
0.10692867718637737,-0.17792609039992766
0.2792732870538536,0.3321779761469725
-0.5545895236185883,-0.6963399300237623
-0.12960096736447027,0.031228281258163564
-0.10460889294235089,0.13885090605993305
-0.08378570378155449,-0.050965903882138695
0.13265827922130685,-0.050180059925340595
0.20287152485882148,-0.04968142649520284
0.19685312023180915,-0.06111348325046282
-0.3807316861420307,-0.24271033560231692
-0.06438771422735257,0.08280909588254302
0.008461666491436122,-0.04656545188858768
-0.028300492795990777,0.2454213059764485
0.12524467584311455,-0.047388319113979775
-0.015336887113232197,-0.03084505086684564
-0.24883650246610453,-0.06021066429492086
0.08634147790358,0.11794869364008255
-0.07706160688943314,-0.18103373385445193
0.1751762763841356,-0.15956396317542068
0.07524075311668639,0.17969558972522406
0.029172391023668462,0.11124377884136923
0.16187347907127397,0.14907474254763137
0.00977572924473405,0.31356234912174613
0.3655545619194991,0.21697079560243293
-0.2298861125629922,0.20342122539629898
0.3339976322970701,0.6037869555721541
-0.003432527490399806,-0.3411636628069876
0.10656122972963272,0.2346125712484608
0.02389555033752089,0.20857417077850451
-0.24994839773849997,-0.021206050028315507
-0.30096696599840833,-0.27214641903662484
0.09853037913794968,-0.17146945841599756
-0.6790117507542786,0.14302723720314223
0.0734532834413548,-0.05447143689740223
0.07282448751413954,-0.005364137189846092
0.22623176266369732,0.12480443824689945
0.06573776475745195,-0.06980343557724919
-0.011547910547141415,-0.3258363733195661
0.10549751893769252,-0.03336164916994006
0.48049322731195143,-0.19382252493315508
0.2572280847207091,0.14157664514160406
-0.23550318672552834,-0.06427895631918706
0.2930197330548327,0.22569312505546177
-0.09447013564277337,-0.18861264733910324
0.1930230748535049,0.16385656451859637
-0.14853568390555777,-0.5615246944030635
0.013823502155585575,-0.20196007167451607
-0.0074828626390765,0.41032569879658376
-0.19601213652000024,-0.040515547032126856
0.015296454691031934,0.26890321927479105
-0.18303979716006014,-0.1992526584622123
0.026337887793133438,0.04986222069442438
-0.0549228750454785,-0.07023356686664993
-0.0035974936672816473,-0.37094158953084794
-0.03003700905682747,-0.19032747755629958
0.06855521346984736,0.19806506541300237
-0.15946361772047016,-0.07600334658748492
0.03063879044819981,-0.11072281698314665
0.037289453138509156,-0.06637171769206626
0.11321456825473139,-0.013961375355477281
-0.3425465860710308,0.08732690239462894
-0.016414367236343493,-0.2789315742135357
-0.10027383942820879,0.012067868075987588
-0.015941165072409898,0.24645413556849471
-0.037324393799395755,-0.026872566424718147
0.05910395254468174,-0.04686681844015934
0.021699605238967926,0.32499144521516793
-0.22381592284013066,-0.2267655147207057
-0.05137928620710311,0.12150482840228044
0.0911567315489152,-0.25153620422222545
0.3803265810493897,0.08517007618260133
-0.07215685815882183,0.009227997866639035
0.33702471069464435,0.04906751141110854
0.13381580517711042,0.3215539204349857
0.2806918258455843,0.04547471164461956
0.14038512329365552,-0.15464357134891363
-0.30434585153425003,-0.06111853918987944
0.133081635986515,-0.4462059582908448
-0.09024745974068417,-0.4223678688485265
-0.08849972228535141,0.007697801620758655
-0.0933989586094785,0.02832920956600191
0.05663876858535233,-0.07257687775574728
-0.07840606821984954,0.42301526032418446
0.030166644632196454,-0.09480265914924038
-0.012288938268652032,0.21164276300194215
0.16487445666311706,0.22429540038764056
-0.32927334635283634,-0.15199210509992392
0.1089639991896125,-0.21548664357959685
0.043884566439555454,0.2576616877591971
-0.20331195712865735,-0.12998458880707142
-0.15200480334997235,-0.33110406878356086
-0.003758442675355091,0.09786355698309622
0.012169339286321811,-0.16809630611787557
0.1385417957103731,0.08299010566681435
0.16771107156895526,0.2197178880185262
-0.08993517115270894,0.357887959876313
0.2222033069081515,0.07523384467139288
-0.0007568354661892699,-0.24037570783178833
0.4300559942633906,0.32073071985620494
0.28510841463608155,-0.039514288573186146
0.041671154733151604,-0.07451344994262257
-0.22449576152995213,0.05359575964939216
-0.39659753783802093,0.28704977316097474
-0.29735364355734706,-0.4156780566773808
-0.32941371385050605,-0.2736320654865991
-0.00298407943701031,-0.06754188897417072
-0.34273527899106154,-0.13270089758473003
-0.10352902175936735,0.11309001302766461
-0.4090749272419607,0.0958593326262387
0.25893486748996597,0.012593883758119
0.05365418248031687,-0.24881051110590036
0.37035015151213674,0.12304544992699373
-0.010418913364910224,-0.020489338931178738
-0.019908553441748196,-0.10149021176676135
-0.03622782229478742,0.08776603628098732
-0.056583291944569465,-0.5234014279284577
-0.15805779984736604,0.0672888598618745
0.28092168559357983,0.44317273191800083
-0.4551224427349451,0.0008061170430631343
-0.135642282460034,0.013325763948054408
-0.0889514114746908,-0.10419928853839666
-0.24716047273434485,-0.019243690870848013
0.08689559356806531,0.6412429225646153
0.1236953792128527,-0.3901761205865743
0.38378454528034955,0.3344132557048267
-0.37259283250069014,-0.30776110224656167
-0.43665183234155214,-0.09280199516033796
0.17681413793466036,0.09091144587405872
0.09437129287812439,0.3655052845927177
-0.1168358327885362,0.1638449298588354
0.3649600699952595,-0.1958742164612734
0.5166948101408312,0.3155237721103037
-0.22907409141251814,-0.33389816496500263
-0.14863518740387183,-0.07870832829916018
0.28044782429774856,0.20147971243281648
0.2659415184750837,0.4942002488917128
0.32789361893580293,0.33003505593543625
-0.024314562575936095,-0.03522474799423494
0.0010761609389635697,-0.21532946565069977
0.37495426074527033,-0.3525310875874856
0.5481412881657053,0.014575024044936566
0.21477560456566755,-0.4083995258442444
0.1358554917301223,-0.005935327375983057
-0.010072473304105493,0.12353319409255785
0.09250878095540432,0.2563528091884806
0.017704226754492115,0.11119200658266469
-0.3143095802136988,-0.20422766136490034
0.25699538747517303,-0.169499286267415
-0.18081945920543563,-0.36226441946052823
0.0749793840632217,0.24470587242642838
-0.06196499552126872,0.1426862386374185
-0.024952224230960728,-0.2854234674585522
0.06824564362053255,-0.11360611141840714
0.05027804425184165,0.28499277442591886
0.09685366683030923,-0.05521720996057948
-0.16903465063638717,0.06580587937776748
-0.15568942141934647,0.25144786619098264
-0.5192771886429253,-0.02565870952556801
0.14096773377604535,-0.33830715104229525
0.07058642124321358,0.006161703364734704
-0.03988710948411823,-0.2608968224182144
-0.3694227902692386,-0.08766819673098081
0.21740756065554656,0.06743772062424476
-0.028473110366140846,-0.10548238016271687
-0.16314736710663555,0.0997400757154122
0.16420377408098893,-0.09442287647150466
0.09254233561126238,-0.06378144693707077
-0.1418741230995158,0.15035458621044712
0.5371395552237656,-0.11038828490582105
0.05744487708870469,0.07101432585023182
-0.1837006666331122,-0.5129256568478865
-0.11585987612140601,0.38394233280540657
-0.31419720950175684,-0.10378686005827395
-0.18617924659236834,-0.03245342040542651
-0.03230192081169458,0.022156258834364086
0.05584114625082714,-0.19152806113982299
0.12604429089623498,0.17903364459194787
-0.21290263052526265,-0.03193902627002914
0.3377755026717537,0.11735923065973128
0.3074435015184316,0.0638603590718154
-0.061976443916113406,-0.0830426231263408
-0.06232526731708261,-0.14131339017139818
0.11116369150222834,-6.855109463625647e-05
0.05691401067005975,0.06686942296302921
0.15955621719800925,-0.21843943182163525
0.1710864534875546,0.07230714698548697
0.10134456274764082,-0.42606304190316646
-0.8341658190418137,-0.3800512117052482
-0.16401568231998362,-0.0844909057298957
0.4816650884532239,-0.0834509500082803
0.13255831402254223,0.07186423225668731
-0.26508294892344175,-0.3508296566744816
-0.1153066402953266,0.2291975750593239
-0.5314005762890979,0.002024105000878844
0.2071206901941832,-0.1523205792342973
-0.21445435846966018,-0.0022775223125048455
-0.21941532760726165,-0.20267330041694961
-0.10311416211315252,-0.4971263750745158
0.23733655974459347,-0.4152912995101837
-0.08888084298040388,0.2068634934738883
-0.20156006898330264,-0.09349566670263855
0.1072828066620901,0.09651445229646823
0.37847794102669857,0.2596274744595191
-0.311055102657028,-0.4205368794117909
-0.5462309418254168,-0.4544548250135998
-0.4320535086161081,0.1735100731853605
-0.46672764435228675,-0.37526757912997544
-0.19895643214005937,0.2178711911763177
0.18113450051895094,0.5644275693439575
-0.1731425152576569,0.011638821783114298
0.5078755823109166,-0.17284366071820623
-0.24668902090180309,-0.043619829653269916
-0.13277347359446234,-0.46193597368066086
0.08226983338139432,-0.14521304942502686
-0.48366478840552324,-0.018237656491176996
0.22123532522225575,0.007946350840387069
-0.15235577672095454,-0.30526132769462894
-0.11939486618385019,0.15547868735787018
-0.18522784203802017,-0.03460346834397781
-0.13788174391645486,-0.005431261860010297
0.3064230763141406,0.1286655730078364
-0.021672026823821834,0.2809093552106827
-0.47478893129310096,-0.04485391126988949
-0.10192931860024118,0.26101382293496883
0.04201870145036252,0.1666439875970752
-0.1552129045378388,-0.361737292411744
0.09076144902129099,-0.18151356443954483
0.05352963900497517,-0.27661017112259384
0.01179986853338626,-0.07100543112164083
-0.5700811340519668,-0.4860984174978726
-0.31950907169292636,0.30638280008653995
-0.16563853374579374,-0.6934501555727139
-0.29234558708049124,-0.12610129762161862
0.07868115402902727,0.031313530844695146
-0.1411000659048763,-0.191152362019099
0.07399909905885484,-0.14899095015043962
0.46405503437883866,-0.30903879551603325
-0.3278722987417157,-0.5922798817008222
-0.3792201460631157,-0.3413045571860167
0.4132741210171373,0.02554741999133263
0.23553706321490556,0.06813828437810661
0.001376935477026424,0.0958629505886166
-0.3423671215144707,0.2987271693733937
0.3088257501760803,0.13786463132423818
-0.09148100804172428,-0.2638254887840929
0.47180948853495025,-0.058890567008207016
-0.21299231656928908,-0.08982454623741677
0.20464379517085898,0.005500323115863534
0.32471622259913596,0.19142064263601027
0.13139340173010258,0.32960434703201213
0.012322415975970183,0.10979630819001511
-0.028291179314566154,-0.1308948087962432
-0.05876564110346965,-0.3813397714679824
-0.5948506901230186,-0.37044224844392876
-0.2610312750335937,-0.17785015547925936
0.38525449093981606,-0.17176860992510587
0.3741586073537008,-0.1404498385810785
0.05712751958672444,-0.16867475390547398
-0.11758049500697594,-0.0894077576888085
-0.07293186410645956,-0.23996054574794615
0.2508817083610506,0.05027607614059402
-0.2358739970690021,-0.15230465010553054
0.2874737268100715,0.38536493892086904
0.09175855292741564,-0.0467169925306164
-0.40814254337034295,0.3129211789193147
0.04785642127281522,0.14919680236567814
0.34899835303045357,0.10139095123761155
0.22678776285624955,0.12310478376265802
-0.09445299131278038,-0.081151571761042
0.0866035077698046,-0.23185281702769012
0.016662351602016578,0.22813397643585343
-0.1984619246038196,0.32029386390968284
-0.21640350794290072,-0.14737382640199317
0.05645658362960452,0.0473268376511544
-0.07709845741970642,-0.22989854937678642
-0.2367499164236214,-0.07036503142558628
-0.028737135421571594,0.17970334714734548
0.304147299726555,0.2826346767562397
0.020098880105877806,-0.38097174689455215
-0.18350190284071205,-0.41745446283349846
-0.16609119110341294,0.47094853055684327
-0.06653964072399843,0.19399196321716058
-0.3652203931686255,-0.08170062670074109
-0.22266100388660323,-0.06478702535251654
0.5250913859149114,0.20423335367545709
0.04548150308228972,-0.3920542781379372
0.27934220973603985,-0.053868594477733706
-0.10735099344236551,-0.2312610467905584
-0.2884611768327806,-0.09118803257478685
0.22102346927913652,-0.4939724964564199
-0.12411529098799362,-0.021053212975593257
0.1660095752949223,-0.07036971160891277
0.14598755012519365,-0.37719929163087446
0.29799268008738494,0.19215293974345504
0.3870850617925749,0.04222281416331692
0.1285638616382413,0.3300024357544172
0.297611567572711,0.12300694028251441
0.18082612633886355,0.12716130555646252
-0.07278236036595831,-0.07861962703584327
0.2913845366606715,-0.28518931102990974
0.42774833125949985,-0.08284997107465557
0.08539462515519604,-0.2837973531766759
-0.3830244630753605,0.05446537601022599
-0.15893176174089396,0.008836385710675772
0.24820380659563548,0.2752833385520935
-0.0832348477218932,0.1433802810409498
-0.10401395240335305,0.03704673641248338
0.3531349517692149,-0.1503551429970786
-0.06702878230017953,-0.25276763574110317
-0.07099994199578794,-0.2726962015912822
0.1644053521670384,0.07820865314901167
0.22995724821796018,0.21892162288824338
-0.29169936467978275,0.37062696344483564
0.36692818684193784,-0.007038132280387723
0.518028829677858,0.11690970889275934
0.057602792654375,0.21414010090862703
0.3845255924376254,0.199137258097569
0.11459432072224875,0.19461228032589026
0.04712886067575557,-0.3835912828817759
-0.7021127207296716,-0.24217617007934425
0.12786451667518622,-0.2616621847184832
-0.032012495483401765,0.39818171265660995
0.02519118913066564,-0.05753778203551198
0.08412220923111757,0.059603755276528884
-0.44772615273344885,-0.4677475611105203
0.2871053327936462,-0.3752429613795811
-0.22964435719994622,-0.3103348438285474
-0.09500296001820124,0.391935538999878
0.1774892711506464,-0.36209018979437896
0.05763027542452803,0.22888544374679798
-0.11075710668861351,0.11343770830639757
-0.08755925387841297,-0.3276420966247286
0.4423871841674195,0.09744361204652517
0.14354492407367714,0.5333845280049497
-0.24913321420591614,-0.018795319772655382
0.20732630698460924,0.16537224025853653
0.07291100611696358,0.2086791194999523
0.011655261778757219,0.16316377333845392
0.07574420929233194,-0.22303683666973553
-0.057336751327241586,-0.21434549797762376
0.3983895320886488,0.35987757168156354
-0.018507661377000575,0.016115339677912545
0.11673514867095022,0.2854119361036208
-0.6219585994539508,0.08677540134120776
0.2898244362912698,0.6578017989804842
-0.37741825308370225,-0.09383616585716839
-0.26659378961388863,0.16438958740095294
0.11531206425920253,-0.2685759974966647
0.4631237329704304,-0.013446936566448171
0.5776522576803084,0.07970916901139533
0.11918997523057522,-0.0850733136714343
-0.04534799490423463,-0.3002120475035362
-0.3485301969880967,0.15167308661446266
0.07748585864573276,-0.6727149726280999
-0.05629732407192555,0.015241461833391532
-0.10165413588587252,-0.1553655973990163
-0.14609393527365394,-0.009547977978459925
-0.029092290591778616,0.2202423843882217
-0.20924857192888277,-0.14494217092209635
-0.12684601220103353,-0.21000005559643709
-0.39530679025950594,-0.5145530725472399
0.1342718768795055,-0.1897948865299498
-0.10956299736730932,-0.10124438712039963
0.2697768239971254,0.3540221494452515
0.2183856286242385,0.4359245854134485
0.14305604232751998,0.2813169843967745
0.23057734067860464,-0.2005619603753646
0.16274248673467154,0.4077369650037098
-0.056976566215344526,0.2881361359205226
-0.04397397250275649,-0.01644635835342619
0.21079913776645656,-0.0990984193803371
0.11382303156653023,0.42403590881007364
-0.4875350992533308,-0.05428836218339499
-0.27972335822134603,0.17319517171263812
-0.09819593250380387,0.003517852372679291
0.022554921201442195,-0.6153498607285038
-0.09755320688797581,-0.18525204246008986
0.36351116591178934,0.022923054682000874
-0.28398225196500737,-0.18297080685989203
-0.07098010252794078,-0.2538511736271882
-0.03451187812987897,0.3878202702372805
0.12127079980645775,0.07994837871099048
0.16069292223271245,0.3735450248658398
0.33844819046743596,0.07110438754733013
-0.1574452174409111,-0.1601713343632603
-0.11716906816458371,-0.041397918999313374
0.11816573349959189,0.0649626810338205
0.03736802849175578,-0.22177305269360012
0.4254788930158507,-0.26457409517072866
0.3662312152431937,0.4537563849364695
0.05849279697698317,-0.1707283399958202
0.2265318523219253,-0.25702318393277046
-0.04726474658922365,0.4705796091308631
-0.44779352220071383,-0.6746847540465758
0.227865560326138,0.030868000047439694
0.35902233857680566,-0.014737142881833311
0.16808868313422437,0.2931500175835647
-0.0008391619106915561,0.16557032784228082
0.007911805544382446,0.37084290809707937
0.1941382471998956,0.2600708571904777
-0.2860196679731724,-0.2662678103140847
-0.09419545995262328,0.17860342787267894
0.15454876677786694,-0.1746875750376672
-0.21128323109645716,0.12463465307286721
0.01675778008762318,-0.2529713533295585
-0.32156421167978283,-0.0945170561613358
0.2970111793224467,0.0684077951058432
-0.08428757144409499,-0.030813908439787836
0.006588941891949582,0.21325666016044217
0.05328499179291898,-0.1291578271917909
-0.3043905893762047,-0.1732252428211932
0.3862072002487188,0.0862864699656749
0.2215395505304348,0.15869685766102878
-0.22009649999341663,0.21103213202802762
-0.06692274485293263,-0.0764986408876444
-0.10426805758549203,0.11713132967880237
-0.32181440204877787,-0.12506401996195332
-0.30784917169403486,-0.08309975215322768
-0.37103645400595703,-0.046158811518385606
0.29314704475745684,-0.15329506727672826
-0.24353090322411566,0.12274357273895654
0.031369352141938166,-0.3501714047337167
-0.14280955498326278,-0.20539724170201676
0.20260619632600982,0.23755809175066464
0.12877200529867197,0.11961723440725006
-0.1177423899490953,-0.14699760671367812
-0.32936011104191104,0.1140851641878126
-0.010777458702677021,-0.014628115291186145
-0.21044322591870346,-0.1982965935991669
0.05558850497332849,-0.21540744401657366
0.2394866310060823,-0.3601230286075263
-0.00750254482059571,0.01710807927444662
0.20830888694383368,0.17390327405058217
0.10890438991398291,0.12125532629595911
0.07304334111868631,0.05621459919309983
-0.24840653810510874,-0.30137043866768926
0.014756612717814805,0.3682989052576316
-0.2252607289623495,-0.36854324976729813
0.5727339309656465,0.22766298479171396
0.12531822382748095,-0.6219896761525383
-0.17498465112756645,0.22319521679043397
0.14263172539882565,0.15570773583321798
-0.2900379014818461,-0.09406366041821554
-0.2336600956794185,-0.21337230643527413
0.0027660360024846127,-0.028745618778548036
-0.29171169174977896,0.10995274887812055
-0.3316900371623151,-0.2538990573540098
0.1958060264691681,0.005751865650816292
0.15722248047448315,0.24312821435818147
0.2429264138437862,-0.06045656358775189
-0.17585341947811436,-0.04940632475754237
-0.3170691120394307,0.1168936684812225
0.015787947669220793,0.16462163105002206
-0.20552858814048086,-0.08705487896069215
-0.2833756878261022,-0.11071536999544568
-0.1537864595377927,-0.07943939112704115
-0.3388517216152485,-0.12870712982651505
0.04146283330284019,0.006726880030915937
0.12547641834468956,-0.13878773179697496
0.15690331249977188,-0.054691146467001066
0.09446319552208637,-0.2728036629569526
-0.10414162573682727,0.2429568968834768
0.16702443244099907,-0.2871004914278145
-0.12498127317079379,0.0647160394136194
-0.013940675884711954,-0.05611834853049595
0.09413927006964418,0.03713106334298901
0.517119360395153,-0.035172064503702166
0.48908736318741014,-0.25320037738319107
-0.03776171610215824,0.12870906235427884
-0.2029343020537497,0.44615825662183484
-0.41637937810616,-0.37154678605307756
0.12132047827251581,0.6180321153033753
-0.01395308347449877,0.09401385090735323
-0.14123710468178324,-0.04182242869736096
0.09912134016335744,0.4938433926945532
-0.037880368151640836,-0.085059608430977
-0.019687689275375272,0.09294278868776519
-0.2924405259888413,-0.042066068504280255
-0.12307930971164718,-0.12838484004811748
-0.33131337979562736,-0.04954936147526434
-0.06433982336971303,0.14629726328034298
0.3645241422559757,0.23880778897762317
-0.08016347260637298,0.1845344808969417
0.2057951136779817,0.08393000468417422
0.03569922534156271,0.06935790772867646
0.4067937264206808,-0.06312093287238162
-0.04813390065250105,0.2133995547939684
0.019805543230689213,0.18204713146233883
-0.08360005072957681,-0.15199589330903765
-0.22607350860323402,-0.007320045082096849
0.10329532006362292,0.05872051766669994
-0.08245075485417698,-0.21464334245627545
0.134027092473175,-0.29722222476422416
-0.15646010748113884,-0.4562276271087425
0.2352343488686022,-0.06734995498077283
0.022903172044239927,-0.19983090021467595
0.43741905257603897,-0.34880195857433527
-0.13119641357760095,-0.3343565207194115
-0.16810925758914683,0.15988635821040628
0.05419253491497479,-0.191584338635341
-0.23371410342471252,0.2759497109992261
-0.3360040708659841,-0.10060234350891492
0.3548453911475051,0.1663951819412713
-0.303129509936965,-0.14795258717904194
-0.3535106855231522,-0.32071090351451464
0.20521840988060183,-0.42038758068502535
0.017602958554690264,-0.23249284581570398
0.02156948960045287,0.2138375717078294
0.18560872633040845,-0.20879101619920862
0.13330862211326167,-0.19156275902471712
-0.0445695733398833,0.33321425011516687
-0.2638821894680467,0.3198296979365523
0.1527373705602303,0.34086329629585044
-0.4599381695878484,0.029541385630123422
0.1584618781237162,-0.06320804035332593
-0.43507230550170006,-0.2513014474623434
0.16800892223722388,0.20848042747093767
0.38346729897454657,-0.1556129080642408
-0.2091827093267508,-0.3470870506125099
0.05248029155078099,0.2570272064359268
0.16758757349123737,0.27460504268376873
-0.17404940231586108,0.08606920441142103
0.2503186894492242,-0.4881377872670693
-0.5699461595808997,-0.29685856995935345
0.1262877288463541,0.11362757698085647
-0.40641101410162167,0.23251846059311393
0.1644149350919997,-0.13606807028775617
-0.09899355007581806,-0.02984703684571713
-0.04766799911808531,0.032250923299982706
0.2518616085902721,0.1746926802725557
-0.08835749379727027,0.2363334998565733
0.5335296064717725,0.20307320619464916
0.1852602569133066,0.15319340396024633
0.09156125840470793,0.02818736005583211
-0.03491417580859293,0.07958108670261187
-0.42437147017035876,-0.26535427000890505
0.15813999730678693,-0.06567742243792613
0.8131757360384309,-0.07955520308599047
-0.03367677237342054,-0.17053666894648145
-0.21269129670857984,-0.19542700067425117
0.006045884110646768,-0.019996877898873482
0.45264434782853274,-0.4857711611405076
-0.020163330355721012,-0.07000625829386292
0.4625863263964008,-0.21971369942256624
-0.06424015693296402,0.07708346658679445
0.07113160069027033,0.08622168580353826
-0.024922533302600476,0.016295808584258525
0.32956465723692935,0.5454031080633975
0.03283564770295966,0.1602224383244922
0.21940765996073225,-0.4295169361377544
-0.22188106567002533,0.23308409564969296
0.5431613855466956,0.001150757190096229
0.20377656985308112,0.018704651157047718
-0.12355084336281213,0.22440124456346466
-0.4305225654801061,-0.012498421025307625
-0.3331241628583314,0.22692823799400483
-0.22046992898742648,-0.1947070465526022
-0.5227471035724824,-0.2794052974815438
-0.2737008775989966,0.03582412102885326
-0.28610701580066655,-0.04092257464951023
-0.13246681381311143,-0.17337176619493083
0.06489246127661849,-0.06497923506561055
0.1481178645141122,0.20438636543025088
0.16649287513545719,-0.39032806847003537
-0.05949585822567768,-0.0387344617454514
0.024676939342304097,0.09484516313853358
-0.31644113826848597,-0.08291513039104403
-0.2895927657932783,-0.2562128511143519
0.23454342345728776,0.06874860134598836
0.14443961597529004,0.04990865868201463
0.12715538170211163,-0.14176832885378557
-0.02590784679855633,0.2050609245911214
-0.06778029041642264,-0.6036446360661297
-0.11686931214687918,-0.15229328289164212
-0.4007880155203317,0.08580803828777449
0.2183858082534989,-0.17376200316973925
-0.0626660995677184,-0.17794761400528855
-0.05803559475606489,-0.02196703094283158
0.1767203643976256,-0.4168330632517396
-0.08559237492994344,0.1265722914617011
0.2627086987043354,-0.05948014844090888
-0.045853804323971945,0.2890884897572807
0.05836810948244973,-0.20833873796692812
-0.14641140171857667,-0.09241089781388548
-0.07396950798027528,-0.5492434405886396
0.022111650633656006,0.29733057575231214
-0.25978199274055536,-0.04986472030280387
0.1728289240914578,-0.3197008321355167
0.09303153583876589,0.31295094359125536
-0.3654881388877479,-0.11867569125784933
-0.11035427961991723,-0.12324761146342142
-0.17141234948553752,0.07354829106028828
0.3989719095478253,-0.2059034143627092
-0.17297760084343192,-0.02115689184437968
0.35923054634822915,0.3454218357589941
-0.06607390892845656,0.1937899293438747
0.09167228646838128,0.46997638751060417
-0.33230357935676297,0.1449748746693699
0.06725865687171748,-0.12455546553749065
-0.14855264509647229,-0.2184695971777301
-0.07236689406444745,-0.005159208592559876
0.15739717762379762,0.36263184092998296
0.5630899674664817,-0.2610865355648777
-0.24015462242341395,0.030830708903442847
0.2724863037347436,-0.028178046468022917
-0.13101694790483592,0.21152652074549044
-0.00013607309112622414,-0.3748171983948633
-0.05823097746583108,0.2051685159072108
0.20467287007456722,0.05809589303282468
0.27406996166844394,-0.025017249968191654
-0.07662655732792502,0.08074051998505047
-0.2800139024296282,-0.02395604431811866
0.10240339473617059,-0.04964585761257993
0.19855124010692107,0.1767209683159963
0.024675060632724052,-0.09713756275505823
-0.24528596130816432,-0.000314901701032324
0.20060723513121304,-0.5213168311579787
-0.15438180227262233,-0.10182998662131161
-0.04265968262245574,0.2547800609223659
-0.30615531750411973,-0.12347538090276139
0.2580363258241067,0.09228092093368394
-0.22734291738778506,0.006864965206673811
0.5063119237396168,-0.13213793913173238
-0.2924730647683064,-0.0516840679453046
-0.1115500841409576,-0.010075456778966173
0.19349271081214525,0.09816346066386106
-0.40338553153155254,0.15276426655036118
0.2950072274905157,0.18223052803282663
0.18298182262145446,-0.36520124944086174
0.07121480199985009,-0.35216834924493273
0.3958560789162031,0.09316809754722583
-0.5095508976269527,-0.39886049263937834
0.25725345029499286,0.14370562965576889
0.058518304200379456,-0.07038146266939228
-0.25132050556064317,-0.10016734597255646
-0.3365897335834305,0.23529786445788664
-0.05859424275482368,0.45382969730829587
-0.02863516710586936,0.0652487486198795
0.26404238993510154,0.018321041288139987
0.16627945562756116,0.360683671195487
-0.015481007375322832,0.6068850452184343
-0.05367644391793058,0.381709434907198
0.06390875860764153,-0.49617252583622007
-0.5297970095798599,-0.24865357681423106
0.03148944648269116,0.18650820753422306
-0.4976246612253368,-0.2314941377049301
0.4049246181375769,0.14730145221405894
0.006308007053044593,-0.25798101853284994
-0.22146586928270406,0.394352672344752
0.10048999634086984,0.31062108240883013
-0.14222245298499794,0.10487089991366441
-0.20516242457783854,0.04658426952089438
-0.08391124430761507,0.15588068434827587
-0.2681903072624658,0.009886400682992463
-0.36341157875416846,-0.06615125284902826
0.2924848087725548,-0.03532470466395921
-0.19723495115874926,-0.006307730501965228
0.2582649644422484,-0.12611888863260945
-0.1811702970787456,0.3986966137490858
0.10430502438193275,0.11606845823844085
0.05227964527284374,0.04549271186035556
-0.33398578866716117,-0.5214052765707696
0.20953691633855978,-0.1035082188808517
0.2476015348534358,0.2562334723592513
-0.27927967762313105,-0.29238978637821683
0.06925709566111143,0.09075326934872546
-0.3364433615090627,-0.07226730747787409
0.032183927424239346,-0.21406050521634637
-0.32651218320637326,0.06856753886102125
-0.03733370570107422,0.19549269191227733
0.13306847945292277,-0.014087017454631603
-0.2608262680767927,-0.2652240477861117
0.16629804845476248,-0.012357780746544651
-0.11425090914461077,0.11365156503369728
0.23720548040087158,0.38224280758904455
0.4981518454624791,0.5110432395336162
-0.06806294209672045,-0.023412859068991116
-0.4579662534902916,-0.06425117759962846
-0.1715115239913735,-0.11518475308685436
-0.3604995354579333,0.26282358568839187
-0.18458755278991676,-0.22994792233952474
-0.2609077885191447,0.1077954105408236
-0.13443903004828603,0.3752394180168859
-0.23106904047597288,-0.4041679885251125
-0.5317935405636164,-0.44991452695590756
-0.18604582408541048,0.017010815743303487
-0.6914066462401919,-0.5345229981609497
-0.20544270456435348,0.02476335037498658
0.07767806133313529,-0.0830610849632885
-0.037624807525016166,0.23580074496092274
0.706270381143866,0.3203540990543632
0.2660084246422609,-0.2605845728989459
0.12590307813894316,0.19161697423665006
0.21299608012170693,-0.08005175547007164
0.24958854622728335,0.17723291203294197
0.02351729668035194,0.07787641552658274
0.2418516789130791,0.023746224401459542
-0.12746370012487723,-0.6884852102872492
0.4517610692375041,-0.09415386577462032
0.1772453149352818,0.006680249696200211
0.001469519938580475,-0.041797440288457076
0.1014734713499989,-0.05230491172811743
-0.030606427447226442,0.26342582412771853
-0.09615064579445122,-0.1500396784573804
-0.4540843043126587,-0.5493826082153811
-0.06928290167841392,0.2937089534770043
-0.13463040701131487,-0.04281069608491589
0.06384691814348745,0.3429881963054032
0.19584862230501188,0.09576408597321197
0.2284636259152514,-0.20731431453091698
-0.09799131795201331,0.14829861840386388
-0.20008442374412147,-0.27752977452197414
-0.12512136217178593,-0.07629134351949594
-0.08972294093634829,0.020119139747900413
-0.16278488723721987,0.07333146303968356
-0.22607205963466015,-0.4316465989403008
-0.06701794842248066,0.139839180982039
0.10782074155816603,-0.05397759771051014
0.1432671490117328,0.09470884336388516
0.1594431885000554,-0.44715454571520874
-0.5234140768504272,0.044427093298965784
0.12407366517869359,0.26131947320279625
-0.49290947424006964,-0.12079426267564657
-0.11407025985753978,0.15770379291087272
0.12584043214578913,-0.17169532969462373
-0.5318835834118235,-0.23800708392367964
-0.07078174577499062,0.45379420355974903
-0.14303256269559803,0.21815735851279072
0.4539759385562939,-0.0948281271290224
0.23233864139983262,0.30185164323931457
-0.31353378879596416,0.48509807582748415
-0.1508115601490555,0.7188411494638783
-0.13564084775780155,-0.20854740753970735
-0.11213572541244349,-0.07381133566865283
-0.020179430303376714,0.07011498735505498
0.3357105035840993,0.1848806638266109
-0.08916087855494566,0.33472512602907256
0.5304830208738064,0.2742872033886998
-0.057193771110890385,-0.06354299728062858
0.1092524354215579,-0.10540602584012446
0.24141406233835264,-0.005535485712522417
0.18813732340532247,0.5203743992915554
-0.2617878380672566,0.09250631913487452
0.18366168028313953,0.2427524580117462
-0.12128700975009342,-0.4615661008306351
0.021645536533405615,0.31370383967479165
-0.22672418639152703,-0.0249364571484727
-0.5534387444880735,-0.5607261027491508
0.04476026403288237,0.31332781705154517
-0.0348252594636502,0.05501008843847947
-0.19115485390305192,-0.06439841988521579
0.3104868026065227,0.13471499331336054
0.5035976066346229,0.09112807873895391
0.27797015580897017,-0.09457850528893758
-0.035721267391577334,0.30448684501328566
0.056053655786256096,0.06111180851443959
-0.5602455671648843,-0.11812991070771578
0.12415388792360817,0.345561062258806
-0.11016639373176201,0.11451070307490144
0.4355882832585559,-0.08843365713263297
0.39358578225307256,0.282711851744793
-0.004073849583077288,-0.37516925299120957
0.05571987607731894,-0.062244988275920614
0.2242703628556179,-0.2035358399739196
0.144870527961292,0.24882396227124184
-0.24771938595982987,-0.07282696876005926
0.06459143564885476,0.04371273913886145
0.040446201397008955,0.015776005712512614
-0.00031619608007485216,-0.032498329869107966
0.04713347622653346,0.2513135611240494
-0.17190858698682362,-0.22968163291344743
0.32337082239466275,0.11221089461589262
0.2867415986530297,-0.022368705440672664
-0.10696968488768761,-0.17448771233309582
0.42460837219726616,0.19091819386119874
0.4416904127814981,0.6251114499315021
0.2445066899671575,0.16894424216064471
0.006869702609734334,0.10317424778006383
0.12370261377020439,0.06109226658480113
0.1791402471862157,0.02011346981307762
-0.07785332890588585,-0.29604690485683427
0.06735764194560093,0.08530117012960306
0.11618213199773204,-0.16793151728884104
0.0913000619050539,0.10816327175657096
0.23600343612228103,0.1796840312676049
-0.06677475790112426,-0.23685911316269703
-0.1896623647420956,-0.07571343395625015
0.40325837304527445,0.31525751210706343
0.048904455275033294,0.0012224838398152394
-0.2390123353605629,-0.13158227484403737
-0.37680718186102674,-0.30347857720414045
-0.11897007721008153,0.12278298733573687
-0.1920840037222161,-0.40077786639116786
0.36543814108248857,-0.27931797190663815
0.09335762744247023,-0.4125269645445866
0.27252442066069504,-0.23337843277755974
0.2417552031862898,0.19278725641020428
0.20300380712081117,0.29354826509247367
0.20055741760424403,-0.21618021182911926
-0.35036626032272067,-0.2525082518679016
0.21708100072059008,-0.09018541192587864
-0.11873957235017102,0.18945633411955773
0.02573465415607516,-0.17176256067377274
-0.3092052692829888,0.09712215015579412
-0.18340570121436583,0.07513701225982443
-0.18272531969909508,0.11934880162649283
-0.5000707048413776,-0.21594287095138068
-0.06682737188148145,0.33316261516914
-0.3282730772352722,0.1088397117211829
0.09018758022901308,-0.2626260736535207
0.024516025568589644,-0.03298057693620523
-0.2880395793315837,-0.033098056223661236
0.16799218754969894,-0.16598858104212477
0.10868090901292705,-0.30846295047244293
-0.45630562254702506,-0.3347499175546103
0.346173953720768,-0.26133112473832315
0.14284550015335212,-0.03487481909009613
-0.04847152997920221,0.00010175294208236439
-0.16842062700649754,0.17792556766886164
0.31402901226837815,-0.18942017055862562
0.36342716364293043,0.09316613875842833
-0.257581037037951,-0.17632825282733983
-0.3391747457810644,-0.11864016820001413
-0.02272595567253513,-0.0006607746749845729
0.013142978896862648,-0.0032710620127150585
-0.0411963549254681,-0.2943065731325376
-0.3454492866840828,-0.48546455037972924
0.6980678566344001,0.23167177141902712
-0.17099172979608734,-0.2485739497274147
-0.2891069272721542,-0.17271346350838393
0.4144195720207892,-0.06562185466994719
0.12408427729407472,0.16455009395115522
0.1566170756852889,-0.25526587978021925
-0.11931851257857193,0.3725485793182795
-0.08905147953129448,-0.1804976800621935
0.05629157518558049,-0.3360322898559743
-0.39996432642180085,0.061632182397363726
0.15921119788605118,0.1452776994854826
-0.1231689237921868,-0.06752000136265257
-0.024241496293973055,-0.44481323618233326
0.08799587869860924,-0.009756942176301972
-0.3807530292160575,-0.37839331569494356
-0.04843558488342829,0.4672797027339706
0.10895076106283338,-0.164977788842491
0.1839407603682982,0.18852289839516112
0.3282428504198902,0.42768571917798637
0.35177293460930126,-0.06177852231724891
0.1284631784381807,0.3181216119329848
-0.3634134657451772,-0.03859351747420256
-0.38821774128261693,-0.5129639172466545
0.4402548317708977,0.37704039381252236
-0.05487005484414221,-0.021027965837315633
0.35017667455483065,0.057323087974502994
-0.11582964958893567,-0.2846287495001325
0.7096765934231252,0.4118459885655229
0.04587888802935183,-0.06441996728753041
-0.2332325925658595,0.16795242543634525
0.016963552478624043,0.31682091343732227
-0.4359588886944115,0.016060616310941286
-0.03870137564699158,0.232235328292273
-0.140493293920502,0.08516414194850433
0.10631295273160422,0.16883141142595612
0.07723433363575227,0.3368911861708716
-0.184738906340959,0.32542016298741233
0.3959854244401235,0.09291343479522313
0.15789032626459756,-0.20300128502383233
-0.03977119169263838,0.057111266940793846
0.17921143103517603,-0.30284716120413
0.22771805064944114,-0.20923460172515274
0.3080597434672031,-0.0742040075918795
0.17512942617747118,-0.03856796357198648
0.0024932515767832086,-0.050806541760224484
-0.4368905107328291,-0.5802944650787065
0.09970829191329039,-0.12764896668035286
-0.13571417835910524,-0.2680688933174105
-0.03829957658425692,0.48238560126360613
-0.286382349846628,0.060248520758232275
0.08088177234926197,-0.015038998123169101
-0.10355032215828897,0.021840551214372343
-0.23957524662455493,-0.26298085574130564
-0.8035681692947502,-0.5296213450980881
-0.2844147968773174,-0.12368875359729892
-0.17704058214308452,0.34990960905396556
0.6410200155975394,0.19752014888178157
-0.8363155671855313,-0.06648560007607439
0.4068906913805512,0.5833073527382078
-0.13942705400896072,0.4257228551583853
-0.4008045173205856,0.10421424609971364
-0.0016061797498240174,0.41266749314897394
0.3956155429077621,-0.017176188100024355
-0.22819278983808342,-0.5413833420722312
-0.3587332003117555,-0.08190201397460248
0.49077092973875874,0.09146033744401058
-0.058594659988614364,0.09261428623073759
-0.5136985812583572,-0.36843702918094506
0.04762267782537181,0.2041073823001672
0.2540266642648353,0.3248041118688219
0.41625569509636684,-0.013510016287382801
-0.21655889465743883,-0.1410235687950403
-0.2903159294087679,-0.1969755243885117
-0.034471451840134074,-0.2830447200233366
0.07611229606712798,0.0701733580455388
-0.051199208046825595,-0.3076338199965113
0.3115203480116107,0.295249288262692
0.5996936941458956,0.0945630127957438
0.27801064814573656,0.28701341489852655
0.15460890234797264,-0.20699309630096654
0.10356740162235566,0.4587618609923162
-0.6468585967721041,-0.15259875647522314
0.16579140607039825,0.06505666127915892
-0.21820768141789113,-0.16996908899527144
0.4853296602009421,0.4419863985667653
0.507076555476943,0.586011900572035
-0.5249927136184186,-0.007219503180570331
0.05074901013144878,-0.1711209907643799
0.1166200104919012,-0.2757940439555648
-0.23570398071902815,-0.9109940078765612
-0.12639245286861236,-0.10054625121649156
-0.15151805701963364,-0.3070388702863615
0.3095611798444314,0.4744515046552788
-0.13768562944003818,-0.02375909402146674
0.13559069115728664,0.11461927577679103
-0.19633302635519034,-0.11758723295024963
-0.24842443534123018,-0.1271324415070146
0.2815390765663537,-0.3975882744006268
0.3388946316333056,-0.07194068054098643
-0.08042651947522794,-0.22779572554905592
-0.012143785514782325,-0.3606682227882799
-0.1608999228432237,-0.24354136284608488
0.16002022375766017,-0.19494453592374336
-0.20558761148414506,-0.014141103001221435
-0.20854660125838845,-0.12482356634658391
0.2384610095230589,0.4489700903275129
0.17498099847507545,-0.18086080181888087
0.3278256534289621,-0.39341399811903355
0.0070494762302557995,0.022005795525278638
0.06995940408044675,0.754682094081907
0.2509108963777583,0.12250206514993543
-0.349730027004358,-0.26724601045516655
0.45119727513247604,0.37688665800069027
-0.1274429076456459,0.014173157700383018
-0.38182767050968625,-0.1152998750738133
-0.2753582627194809,-0.2000851606272622
-0.19565289005820846,0.33524513683529117
-0.11409700929499388,-0.2231549439401416
-0.24958686384874937,-0.003658276895545501
0.4107990150672936,0.32975831495710545
0.037090858319964976,0.540706956696285
0.1534134573018009,0.27887017653637963
-0.009224126510418065,-0.22044543688727106
0.15984434905985645,0.2536822165760075
-0.014316278079941602,0.1881738087918928
0.2933165023855144,0.46451071478308986
0.0969500577306411,-0.0799213319462268
0.1203879192323268,0.18537538696534198
-0.21015193523822823,-0.06717223510245397
0.13206065024158592,0.09849024535009378
-0.051872569961221554,0.1648729255027273
0.2510415631248009,0.25044781010434675
-0.10400936491064022,-0.14919118084760197
0.4037656695505677,-0.43468933752462424
0.20398449418676487,-0.05170977704950764
0.07721237453180478,0.23217160486868063
0.0576864487677291,-0.3535002696051784
-0.07731806912429698,-0.034086858573880774
-0.27943033013154644,-0.26155187708057
-0.051568914643424994,-0.5860208180054569
0.2515180827638669,0.11269381607354739
-0.7815227672427407,-0.3942535150567963
-0.06437495550928647,-0.07720325198645996
0.115169544250898,-0.27728518461890367
-0.34541702196970375,-0.11493904945053211
-0.07794454919535533,0.1803517660457102
-0.03485991220904143,-0.5344455867064745
0.00787240646226084,-0.06234244624318432
-0.031791894502517654,0.19238911729162975
-0.4837211268145336,-0.28862234641912465
0.2407611696496503,0.08584289314852336
-0.1303613339538059,0.14210911202504334
-0.34932786640761326,-0.052058657003007984
0.011135702054373442,0.07667230746093162
0.20348993455584943,0.0031556578325523557
0.1869950721649865,0.35729347919451965
0.36647013321936134,0.023706315987465865
0.405755326463073,-0.053359805411280804
0.005446873854031231,-0.6250197087831031
-0.03158245477725774,-0.034413427788301254
0.20833972150253222,0.4177670734140836
-0.23602374659655903,-0.36667391034285296
0.2943020847999431,0.08065810818391872
-0.1932774612364347,0.22366843508096917
0.006931346081991478,0.22642777651785884
0.20050765547521002,-0.254199053360726
0.0037619935443355436,-0.4690037889205012
0.052645313697136376,0.17013487726409263
0.0506152927882264,0.2042752978647714
-0.474852428076365,-0.2505004281093088
0.06333280570817422,-0.16842472560907598
-0.1773905564360356,0.09516649215703839
0.36932102069899514,0.11034544312972451
-0.5823273280040601,-0.0589386043871221
0.021720972670131712,0.10453955248244315
0.22232694954588295,-0.4466045785754815
-0.08484713955554747,-0.177255447913986
-0.070058132777282,0.4393302254178738
-0.16509369554347125,-0.5021156492520052
0.3731416964027322,0.4673878604227699
-0.08479561439361968,-0.059746174185624286
-0.2953318265524383,-0.17974165307675952
-0.5272848687098473,0.021017495732334652
0.6112385486353257,0.32061372810442457
0.008799152428791939,-0.39865139667924593
0.414241044521515,0.6471496998855637
0.42130399149083986,0.2317356051819267
0.03984355283389668,0.3762521112234527
0.342097960440788,-0.008238142500718875
0.1141703826505924,0.3622562242929885
0.2051969339412571,0.045732253946257115
0.03991553494798696,0.1017190231419711
-0.33806824348383296,-0.2998701157347206
-0.20076057611113338,-0.12213622614056682
-0.032458377213756044,0.0064243117331380375
-0.015811394144988083,0.2362780233758489
-0.139773684074464,-0.14302440718984133
0.8518579462183404,-0.002310178276120009
0.2666639150389223,0.29948911801113864
-0.1669888362834068,-0.02826035670396095
-0.2613389295203749,0.3390315451958648
-0.015343442583776557,-0.2075138981362188
0.14556765720757026,-0.34192122464415037
-0.14841727903125798,-0.021990490799109644
-0.2580457514588784,-0.111216906303102
0.44560868134624393,-0.13758392410690712
-0.2298794705869513,-0.5849270794341016
0.4851212786498176,0.45017308000067313
0.3272352336897247,0.4113748841405373
0.0001774090503318284,-0.2520119405068732
0.03765847785248527,-0.3822547899022124
-0.10071723499987541,0.1894459234559136
0.29389229722794236,-0.10635534232323514
-0.0038324970855645574,0.05383404329665654
0.31218385682432936,-0.37475788358764833
0.326657800656191,-0.20725450305259174
0.35466647044311017,0.26359583137518494
0.03699697120155526,-0.140701321417748
-0.31760851129221207,-0.009892456290208034
0.17727086670705428,-0.29712829748162484
-0.20617155271965895,-0.38622894770516236
0.20243580392436974,-0.4198705118755087
-0.0016666322277739613,0.09967946581940426
0.40994455934485063,0.23592274080555467
0.2684689965653576,0.20171295930119298
-0.28788067214281,-0.4369235276826062
0.1869147261369086,0.2756507901189219
0.14410217611973827,-0.24491803060458253
-0.16604537707956052,-0.017966397527072027
0.10885891479101027,0.19342224726442853
0.06833299603292863,-0.2991406930200644
0.19225758397405732,0.08767856054671483
0.191892114553805,-0.36882416460080486
0.12265139886733781,0.014018611195900038
0.13260322036550218,0.2312294224197656
-0.24975763122422603,-0.2009732829489532
-0.03485613352787459,0.30866674841475894
0.2839709803595623,0.3601685071185719
0.5276728109025602,-0.04049401608914633
0.015715711706416953,-0.07926837814468504
-0.013747532572231555,0.19113575570791236
-0.09863971502718619,0.395213679392436
0.166294579059854,-0.008873234497857905
-0.09974407581094709,-0.4104613448274212
-0.18931275835113073,-0.16494712775492312
-0.38899885898010117,-0.18375290196259983
0.25864838264231077,0.03986657788531597
0.03927688715563625,0.38161803851217024
0.14491273794075,0.1928600788534638
-0.21656783538883462,0.13983829785934715
0.31082325813172423,0.10524440349705433
-0.36118032202450867,-0.2907185204559778
-0.0026802982345784307,-0.21715850371763593
-0.27158473817792994,-0.2846197857321493
0.21328598457277093,0.006302263004987039
-0.02953194173541748,0.04829350536573926
-0.049838753677873625,-0.20147012813155532
-0.07490086524671812,-0.17800569794081963
-0.059039789320457496,0.32635793085073683
0.008372866676738247,-0.004778246224074967
0.1372007590882236,-0.08991144127011937
-0.11991645700420474,-0.10006797139671826
0.08740064170866718,0.158885493240728
-0.2030191059890953,0.3758277244206315
-0.19181354846569226,-0.39393355540678404
-0.543268196626799,-0.2689785769338324
0.5698536883997832,0.12838054157844608
-0.08695304312869222,0.06669476532284446
0.026570076846364088,0.1101439207977993
-0.0569491775852713,0.3447207174298989
-0.22653200904791765,0.21299585569298846
0.17993261365790084,-0.1056752819016132
-0.22081627180855828,0.018950770668267173
-0.0009936311285651755,-0.05256817472575582
0.35293009907216305,0.14263841795962123
-0.1251400429616313,0.143624256672559
0.24280344527367426,-0.09500800225860077
-0.4340327938069839,-0.4484193041064114
-0.3082273869020995,0.05053323941474798
-0.5181564456031216,-0.09208492550870648
0.05727210423007264,0.3595249812926917
0.14492353895038387,-0.07231339317419694
-0.03945473571472842,0.15629683867296837
0.21518722101696183,0.09181451594105919
-0.05598474891544411,-0.008028516417458966
0.15238447382410178,0.18318793201107422
0.018884155497856624,-0.06969500731136699
0.28550447539607277,0.10232718785515296
-0.48545394476061543,-0.14279855709483377
0.18425365110521139,-0.16895237121444817
0.19893670420132528,-0.3864822074464756
0.19384198723899937,-0.1985005108236522
-0.17571910438235538,0.05354498738630705
-0.4043853619248809,-0.051095612907613094
-0.044697730215287106,-0.06184222384455059
0.3688468963733992,0.19610733799724114
0.17705198727035468,0.16867042463388085
0.10368542499716009,-0.034722308280918796
-0.2788498203084966,-0.08390663842251977
0.025013660974223823,0.15662526921978662
0.07932402731323314,0.2586612588045476
-0.1006106565351086,0.6113483781228123
0.07800151998069205,-0.23392097366206444
0.10036234611967604,0.08805362046600906
0.056863959245273876,-0.060812061998168083
-0.3960200343709392,0.68623087254169
0.02169095248014718,0.07777514993305615
-0.07980529048771257,-0.2824746882219592
0.01548667036184937,-0.35806742136719244
-0.19503489298197269,-0.06736823472002185
-0.1453620384356915,-0.30253538105764666
0.036874699194535725,-0.14962118559054763
-0.31307049325207603,-0.24372117686485895
-0.2439679331665333,0.08557113403222731
-0.2858651471397962,-0.06799355121370025
-0.12937300409951122,0.17140446023268385
0.27030909238134776,0.31169512140864203
-0.14200454958292302,0.10079127575242683
-0.07715465694694831,-0.3646646187500297
0.18410702740366391,0.3744303482196578
-0.24006068594956836,0.06514266970269995
0.49275674831352917,0.1608120750109045
-0.08620290463333553,-0.3049399050707501
0.0866811153586439,0.22056458220187683
-0.20076522285018827,-0.07307447303338456
0.09081608840717686,-0.5229066518853235
-0.43402521338692734,0.008036744995440551
0.48651546504488463,0.30683206143967967
0.4574786218229882,-0.06789947179829475
0.12162087442339652,-0.07642724904855255
-0.15107516760129308,-0.14799740162233044
0.20066680290810843,0.30751674213363067
-0.3815405211436736,-0.28360241630456623
-0.06331468673423002,0.12651026531074555
0.46460369026783005,-0.3222616490381517
0.3988985059491957,0.003828161780420444
0.25736275881989257,0.40195304996552395
0.3750124570503071,0.29312324427831243
-0.2017793257497741,-0.11270114699182916
0.11639815706134773,0.12551016616009683
-0.31021305280587835,0.10158757578829919
-0.20002084520373267,0.09662574316533938
0.39297901311617506,0.3388556996029472
0.2919265701429098,-0.05447655634523024
0.33376870348148746,0.3115401909334332
0.5643934938493208,-0.05294949602565051
0.07671469816972605,-0.10742401037613021
-0.16963928260756905,-0.1268344726037245
-0.1776658738203368,-0.18380902710601368
-0.06132978380305963,-0.022584042559828918
-0.02176280427439519,-0.04111635633193831
0.029999109599467555,-0.2212341916581135
-0.3081721579816946,0.2392396682770975
-0.2570221764587721,0.15175964403409953
0.45585033383436946,0.0010709151098215366
0.021489610511999435,0.487059893848464
0.03975482909539805,0.0038135494854240268
0.39796025260449663,-0.5753968142983306
0.11870262330409131,-0.0003095231119076214
-0.2547314621430113,0.1213782114842891
0.04696197786528227,-0.25065442900744
0.028765850140894077,0.03598611822885459
0.10816795778793724,-0.19151238505004745
-0.2213148920759149,-0.3102188664996978
0.44502431539866205,0.19671894240384538
0.07165336806585935,-0.0789927568978815
-0.34792728220977903,-0.0675090903368309
0.012256104937788935,0.3560330658781989
0.002561488360875484,0.4080060742970157
0.12326462291997259,0.06851708319654631
0.015653444510354837,-0.13543945676973274
0.3121333476185046,0.3618174217794267
-0.03163039650654231,-0.07553261368888778
-0.3570618007094485,-0.21762813473823084
-0.13218295419479473,-0.29934678684510246
-0.6149890981712663,0.20217861468049367
0.4927359017139519,0.2598879688856287
-0.1858914684507001,-0.13322056800046278
-0.3783532704335324,-0.05653319321225729
-0.17262568583637428,0.27453751032884466
-0.24441400607993635,-0.027607534475004466
0.3327250113215162,0.38295020407920266
0.11934271475597406,-0.08138939000896228
0.1241903942994564,-0.4207180514764677
0.2676406502857957,-0.08716574023112215
0.4042699698207937,-0.08682959829068052
0.5074414057337076,0.5046170521055982
-0.28949883010882055,-0.22751774221099166
-0.0902800363957713,-0.14141407906839892
0.04784281631897281,-0.16483011000088185
-0.386814359716935,0.12359367032302442
0.18531640846897773,0.036285655055371215
-0.3120370959266484,-0.19295430964356688
-0.14113455365430158,0.4479970075504642
-0.03200776326335086,0.032025877634450466
0.548759897357103,0.029702408217349374
0.49915418649092563,0.6754314521326327
0.22856023742971623,0.30298675741651904
-0.1785395942227311,0.29933407209310187
0.02381929378787416,0.028526241073242857
-0.23462248336895672,0.2542352147188071
-0.1629609038612273,0.004787540284310355
0.23432524177903932,0.11919846417630756
0.12245204494563798,-0.01251566077003575
-0.0673084704415985,-0.32574613935991514
-0.23539608044248103,0.24533609183323368
-0.023126784712330734,-0.4795270985520904
0.0637725703096281,-0.04727032742592604
0.01004832298067144,-0.03712918869727647
-0.14758201276012722,0.05933700052705334
-0.029927221033495207,-0.43045841852707306
0.3455552505008031,0.3367085428465368
0.0008117785571564863,0.456881622206365
-0.08606832343156512,-0.13175057279615954
-0.1262141624152085,-0.11802919010218856
-0.02666198886353786,-0.1750682652147409
0.2745711086898967,0.17802495459154385
-0.12439970690755739,-0.4360333083585745
-0.13100948839678841,-0.08096495329407213
0.11951065995792405,-0.23622670848518063
-0.379948053336277,-0.2137624314631993
-0.35455704915622627,-0.3523921982959594
-0.035297875166167815,0.15306888241638053
0.2859878730301354,-0.0960622214741726
-0.3386317178408843,-0.0454381227692836
0.07488512683357658,-0.4805749376531729
0.23929372733553023,0.3093094898333284
0.08980433634904403,0.05653638822240422
0.13095198284488202,-0.06088878496149699
0.22413419520072506,-0.19783090583265836
0.2998123203291526,-0.09194426175157983
0.13734556921916152,0.1314021914070559
0.2827882020573365,0.3905753892786303
-0.4122495777268127,-0.2949083223583683
-0.1984940932921355,-0.13715757384977986
-0.2926163185384489,-0.005997980964612755
-0.04148922393508877,0.25444857679463023
-0.016277020259176694,0.028656758443327178
-0.1451957224445433,-0.07201736063303449
0.30704853377750035,0.26081121378874433
0.011915020304868596,-0.10591595060746012
-0.28939550949638915,-0.18587987312598286
-0.21662866008504922,0.07253838599580995
-0.3850178978368088,-0.18255369931252732
-0.05356259737982066,0.07445118125463543
0.15175967233209686,0.34381249732472485
0.0020959641500846635,-0.16117669020025077
0.11424321646500916,0.019638132628538408
-0.11082038861969289,0.40924293158631275
-0.14506542339507011,-0.10624635148081153
-0.12624634734246265,0.01978789113804612
-0.0366159408533991,0.12338694945057428
0.10469979798400579,0.09668503346818665
-0.245875086961479,-0.06827125490209593
-0.04471646457691644,-0.23768768876474142
-0.1474161125766529,0.22536089398798076
0.1375374401823664,-0.3270018023777375
-0.1293329523726451,0.058162634054093915
0.3736664164135374,0.25615677511626617
0.2889617314111094,0.2087235984872248
0.07878544085991802,0.08902701713766702
0.17612128183841388,0.05414206722470684
0.15177290560663984,0.3191854188364979
0.4301730077860628,0.16826077225886424
-0.0274823831998492,-0.0751380482243714
-0.19397882790203447,0.30024467198359456
-0.41983664671863663,0.07025481783566316
0.6017605208905772,0.064347590860225
0.14656214523166305,0.04372358001652606
-0.26356747751027954,-0.18186544754333406
0.3063332321912339,-0.2625408744779322
-0.47484627064729446,-0.08407881639904724
-0.025050848190175338,0.4289895098873125
-0.35994877264553116,0.09199620262455825
-0.08227531470636223,-0.205292810717201
0.10351676277067964,0.10726381284299064
-0.051747597155769015,-0.6501068381747026
-0.12342630751757114,-0.15161849838283978
0.18703690568100287,-0.08123067314979938
-0.09937690035488494,-0.01384160029373572
0.0039040450394687157,0.32345008527663666
0.010872818247769665,-0.1571969495628573
-0.013352095248730829,0.13483742042712007
0.017496719467782876,-0.2333658045471182
-0.3000836585804227,0.30043633746846643
0.281205712858838,0.1511591881162126
-0.19499427961060758,-0.016773373467092765
-0.38648308531848913,-0.15149871180556976
-0.10669502152601017,0.03633168432578393
-0.6436040908136257,-0.09984513671244154
0.3372308619587289,-0.3967489373616599
0.13160083087871655,0.12815650067837697
0.2839599448229233,0.2091608839157335
-0.10904735733069024,0.31767406063671866
-0.14218043824455728,-0.19159430323445426
-0.03117044518346861,-0.08155623665330154
0.14019608908626802,0.1687108141287248
0.22571556074201804,0.0024980195047227777
0.165436634279341,-0.004559959277780865
-0.12213613179700364,-0.0809084695643214
0.447036823684012,0.41697740868065714
-0.14791262495631097,0.05630328154685064
-0.24520120029569903,-0.18855506586649612
0.34229206120504274,-0.31561608797782725
0.1682510393527498,0.10642367844390913
-0.07397508914681404,-0.4938437167463098
0.32449055981864033,-0.3742599188124227
-0.11570852700211878,-0.15615647241786554
0.3023322265514258,0.4898806177672548
-0.04791637380887967,-0.04788195479024086
-0.03878473294917637,-0.13169672748514002
-2.059773757094652e-05,0.08163286983871315
0.09059782168644681,0.12280770481504075
0.5260062951934902,-0.0690889976737348
-0.3824833061818017,0.20048275273258148
0.2281622553533653,-0.3134253987543851
0.10929007960984785,0.15907976942051452
-0.1253136844443857,-0.0481597191135072
0.0025114402834238328,-0.19440500766144517
-0.41154491871926513,-0.2042209376460917
-0.06767803531863659,-0.2864722416174325
-0.1050878390981225,-0.09652591197006866
-0.26235533569951497,-0.10399863716461857
0.05046393824331922,-0.1329675201189897
0.02303389404802222,0.0068685381381720974
0.3479500587494262,0.305811854771852
-0.19488751664838794,-0.13017146862539547
0.14133950111950952,-0.062342451190319365
0.11870584513977088,0.04947943684229515
0.04398792185845822,0.11722414634172522
0.019908974067182145,-0.16184555075547583
0.07305074242070175,0.026281140823069985
-0.15692109459455428,0.1114202072917668
0.2053536051993778,0.07717643222898568
-0.47416940709326444,0.01558952940518182
-0.161406429719221,-0.17386824105736678
-0.17268369752893284,0.03565209397572796
-0.44646507651324,0.201572210724892
-0.3739429948697548,-0.2212855713069466
-0.6384417261833141,-0.09934018188065914
0.01381148246317859,0.24661141439894446
0.24109775515565657,-0.02557399042777716
-0.15751319950602385,-0.05934763823568712
0.0936539452482982,0.4270543233298622
-0.09013838002606463,-0.11622981333009112
-0.11948756123815114,-0.23841456352257845
0.25759392720032837,0.13533971170715964
-0.1211868767206591,-0.013894952902000308
-0.276118482954631,-0.08626972760286451
-0.28602630081172314,0.530998386876158
-0.3504243380176594,-0.1936269466359348
0.07318938036521422,-0.11190515984778256
-0.02853346652098298,-0.17196367623051897
-0.022203026953933648,-0.3335143974581909
0.16875236888262524,-0.13928789298580416
-0.2191055262140117,-0.09754286976742443
-0.09695357855847248,-0.06332845194985467
0.16864403831520774,-0.4010500498085004
-0.09208247102350293,0.2019910642688058
-0.43023364748373055,-0.09698931934354434
0.05559708442844861,0.06355832367218693
0.15800353818586896,-0.1472743504051051
-0.0016905038641592378,-0.23347998536333311
0.08958495043968169,-0.03191724390658612
0.041007678288094415,0.28032235039569264
-0.013537150765481664,-0.10173432985428117
0.04255398358043155,-0.16210979046191104
-0.057236315778224724,0.14542638407929512
0.008133923422102826,0.38243701003646424
-0.3966564958427633,0.04017883470583981
-0.49186653768036,-0.30302371539988043
-0.21611475012043985,-0.06120967145030926
0.13352225177515117,0.47026163260603104
-0.14900287835347514,0.13288488183592131
-0.31959174022575676,0.032462172165553166
0.09230380280068069,0.2238938355847527
-0.3035921766485463,-0.10678649695952874
0.1490836130954863,0.546193327093647
-0.542456270152044,-0.3686228595739809
0.2832357270461042,0.36716566955529617
-0.16414008611277334,0.037414114623480835
-0.08544862150254962,-0.0033139343615693783
-0.1146540916479785,0.0891263015122619
-0.1006185881551122,-0.13394684869017692
0.2954130466625564,0.013904639545871117
-0.31958850834147084,-0.0566878068177507
0.09374464384378645,0.08970954216837898
-0.4377385964491155,-0.008476921739650912
-0.2249441755744618,-0.6840805578066651
0.1480799927181384,0.11546843488623963
0.2412874079393257,0.32472305854502775
0.013461276511063883,-0.0816968389011108
0.38744681824600075,0.41327301699461066
-0.30711588852100224,0.459652483532821
0.2557168467270874,-0.274516224460252
-0.15139026398635408,-0.18655280144527286
0.00655394871446658,0.2612337639217668
0.2763194320556082,0.3565241294837816
0.0031566500017074254,-0.0833023974187897
-0.026348379785717174,0.277558291962378
-0.2878355829295795,-0.07348024927043953
-0.41665427222802176,0.04225599074513129
0.019102393669954976,0.4226971170869265
-0.5072953339686881,-0.2847801656638983
-0.6906128587888847,-0.34377158984085
-0.2086378838623577,0.22801182147455334
0.15444257545817566,-0.29244736890531636
-0.014579622258109612,0.16765076549331046
-0.08879946817326419,0.1781237585433061
-0.10650467486575318,-0.03801145117256633
0.15316901073254383,0.18680809646092925
-0.08498606128517643,-0.08391130687359867
0.3377010124269499,0.3327062930213612
0.17779963420647682,0.2097834774966702
0.181752331659023,0.27241925409561885
-0.3021408409264265,-0.11393059009462625
0.05528493468771636,0.2259006213501731
-0.21867913560812488,-0.11038374687849463
0.009534704353206429,-0.015765190292955755
-0.0895130475855381,-0.049135335130567837
0.24742577609333788,-0.022220105387944063
0.07477020776383754,0.16415664398197774
0.3631611486012672,0.39678306863204044
0.3128042443797303,-0.198683923912673
-0.19838978579640362,-0.19618153532121466
0.3571405341779614,0.4393318254040434
0.3310693390832494,-0.34072740909652555
0.19143450082437724,0.11659533666544902
-0.23520761297639453,-0.2183598220752509
-0.27144061586959956,-0.04358007124253686
-0.11186261816645665,0.026608628547454088
-0.15365875163543186,0.35118184098881444
0.36442483384083796,-0.06550790745944156
-0.007097758920461766,0.03342658973161488
-0.025700149216336277,-0.21591928016568568
0.2096080845447106,0.047939944887071345
0.015619978832879751,-0.1041329778665725
-0.007581295136738881,0.2417077417595693
-0.008581265751527189,-0.21782643353901762
0.11047068750251934,-0.20935646351026307
0.15834372833485957,-0.32973496802094376
-0.27616228018275035,-0.33089576291663614
-0.15851626004341227,-0.007173481693388708
0.6263725041922859,0.06240969461102703
-0.06228724203373686,-0.15111479249069132
0.3004015230183741,0.03488644904196869
0.32822860366535705,-0.08844464287056218
0.020210633612808497,-0.2659902416694823
-0.09180257634602662,-0.1321739592160152
-0.18691266893175373,-0.11222490749218855
0.5251214032054126,0.1399314606599453
-0.3909291538077187,-0.04917505111046323
0.0957122137246046,0.20956307540856567
0.1323607178888099,0.24396412909994705
-0.31654183846834716,-0.052438772890260346
0.2240034404537537,0.21617179426260041
0.03674427875209163,0.25612114526414115
0.08500225371165966,0.0011282878092995767
0.4909244763746088,0.32847628335582
0.0585966442270919,-0.30300406062118773
0.26806519217365865,-0.30445001017880824
0.4159742480256639,0.10344324594880669
-0.1715448059046112,0.5315760610146538
-0.027689200783387033,-0.05060700406008055
0.07483862673657171,-0.18404939649525226
0.11524842380754426,0.08394793606052435
-0.24076029006074642,-0.3482092075601716
0.35216957832325235,0.048904454241072454
-0.38427823051098464,-0.18314412002636207
0.08384189558204795,-0.04603181739623642
0.2986708912708306,0.3692538379484035
-0.3746181287812591,-0.24460530094750446
-0.12794542266820688,-0.08639751124028211
0.41796476466396837,0.3461865897536094
-0.0871669113175336,0.03957286452716221
-0.21371129343211617,-0.5589255767731887
0.31670201846195195,-0.4411761922376088
-0.002704630577964573,-0.21208686000793814
0.12503383422054032,0.3135008425180632
-0.13328053793238348,0.17288280508553472
0.3278411043550097,-0.48817953693078436
0.04433989015487953,-0.05754239756781025
-0.26642373238067013,-0.24751122490703406
0.2782769827825106,0.11269763248632904
0.0829995673381512,0.03401964205513564
-0.2334627968808874,-0.25455250217983133
0.08519890539371444,0.48358707353374286
0.011341534929486089,0.05609900647036872
-0.38739600643913075,-0.26654954556871535
0.2782757197778927,-0.08744318771680332
-0.0052783250740267695,-0.013558008997098548
-0.15304078416480657,0.23376649077297354
0.11727773218895808,-0.027085638159210185
0.10266670868628514,0.12669799635828302
-0.2400964896850186,-0.26293635203042753
-0.32841167444974145,0.014023631298096624
0.0975977410895995,-0.025231172095887083
-0.2663935774334122,-0.01891091563030056
-0.38738072000181734,0.02430982151543734
-0.11381196587042912,0.11941398712254035
0.28967835380438656,-0.09782420067170944
-0.4530820034443217,0.020716711689290967
-0.15173881172084613,-0.038576570094773194
0.1573164871527983,-0.28311558901748496
-0.4495320757277412,0.0440808430477766
0.19840110941479386,0.027174560685235095
-0.17851822394677724,-0.02317810646377587
0.17785270496617647,0.14498659148040546
0.07076632049532328,0.22812579666078625
-0.01635113736935704,0.28145374721152894
-0.21769151636729672,0.07468909326232451
0.09480691161442785,0.06401405536996925
0.11034669312914618,-0.18313903449260313
-0.14680439638110984,-0.1542039389319347
0.13418796937781835,0.33037321743222353
-0.023967908306939182,-0.1789977813504342
0.0219526133122815,-0.08102762515410833
0.02443888247620521,-0.3253662801956057
-0.401262099454827,0.03715588002126704
-0.2975329351747805,0.08339686379917677
0.026612124538994936,0.4052771174590321
-0.4700790446700957,-0.2942268236475815
0.06403720891415476,0.3194472902507317
-0.25438482563059805,0.1745286986762426
0.0007445098491813575,-0.30182110594804235
-0.15477091594333714,0.1244231489480227
0.24170576503775007,-0.12146409213709729
-0.872137944526833,-0.4519050320115258
-0.16319293772378196,-0.011617676669670061
0.16930155187361182,0.26718191501267546
0.2712138375406487,-0.15361951172506771
-0.04396587932004133,0.0749234901498367
-0.20741610336203692,0.09985990199690377
0.3047929850057248,0.3713708090029705
0.17655774963188717,-0.34129296554218513
-0.018950720621818785,-0.037081875355056124
0.3437026474733205,-0.2498589616952197
0.05827743404092748,-0.04561131821200696
-0.12382254109493712,0.48899986054861433
0.2652009138490792,0.3046973607518686
0.49086484250192136,0.04340088151246907
-0.13339828384763872,-0.00304015536452763
0.28322899593069034,0.01498398857321657
-0.03357679479669624,-0.02231841821816894
0.2837932650906268,0.47442039312420553
0.1924765192720028,0.3030187338680536
0.23540498604175983,0.26912829091823376
0.35926402414292735,0.043612032632661335
0.4898309577114939,-0.003767523482471947
-0.39123785403915096,-0.26179027481812117
-0.2990823345857466,-0.05929893841518479
-0.5042143860194722,-0.04877939774963824
-0.006203274095845697,0.2250032724237548
-0.04602382312371417,-0.24426718830326494
0.1255719511652645,0.38894656092348195
-0.26523137477317144,0.006621103784827567
-0.3025938737194195,0.2487185441016969
-0.2797495902557043,-0.30034120887142696
-0.6155839763762296,-0.3571118752734751
-0.17533932689699486,0.08257628296010049
-0.030784455665132278,0.16625014105050734
0.0964854388748624,-0.24582380155470368
0.004314768801898765,0.010525181213647204
-0.20117129769031863,0.05327123217923156
0.039281664998193695,0.19979838176632192
0.559965083747533,-0.11346231474507157
-0.058676553232332916,-0.2625359800175427
0.39537058554133325,0.3068159046152145
0.22863537972669634,0.43293548401509896
0.1591405568269945,-0.2942725725648807
0.14931028623942263,0.44904548557519797
-0.2357858247954735,0.09869294913236257
0.25248023588942864,-0.08114481349637556
0.1029643217555695,-0.13579843601343652
-0.7435992255798552,0.13856385561692386
-0.25130541876371576,-0.2208112870239572
0.24667307361246518,-0.10337552735515568
0.6940636478231911,0.13912235323864253
0.12139445419195809,0.16912709529345646
0.1803163963505612,0.32027981452253557
-0.017344138480103077,-0.19727448500600178
0.4065510213152646,0.05565539100452982
-0.36732884244396125,-0.1104071756985771
-0.15272461075158156,-0.25406064714554455
-0.20277171535188002,-0.15832033656631236
-0.3440611082390599,0.14950916696489663
-0.03406822029228461,-0.19475510221690973
-0.18330508292929487,-0.12430218710275782
-0.23884432453038937,-0.3158979211584021
-0.027743561964010965,0.0337915949213306
0.26185097266696644,-0.3523360854629709
-0.0075712590086946035,-0.07341050753802025
0.0467404646355802,0.3157017937176117
0.1341177124665679,0.14136315598621269
0.30071208216493833,0.19768748997966762
-0.05929910621343719,0.28082501814259286
0.05717695903937932,0.3515085170553175
0.371538688876249,-0.243565844458902
0.2576517673553344,0.3900737024827801
-0.46388573840527675,-0.2632517912510934
-0.30744287250244373,0.16188720318725242
-0.3197589784182491,-0.27999961297572307
-0.21749731561962599,-0.28897159791742716
-0.007275360033011217,-0.034123772161204
-0.022995536298611743,-0.0908046575082653
-0.04746040752101081,0.22653584389704529
0.3535046262061519,-0.16369574497931175
0.4649303760935262,0.4926988341074647
0.4336148415050064,0.005725593749961929
-0.02921532751858899,0.004120089037699678
0.06257464430619991,-0.004456350145412509
-0.04467065704854338,-0.05958360587940878
-0.18319067264062067,0.1600944629479712
0.3783538189803662,0.18479491594635916
-0.15567960770390651,-0.5020401145660321
0.1896190251431321,0.18696856514788668
0.24327090522313227,-0.14122000537401863
0.09287671628947645,-0.09810838311040453
0.22076571526432975,0.07747594483456181
-0.4245017266506334,-0.017157443094058727
0.006040378099731599,-0.10562844845021016
-0.2192534008103877,0.07093561644220145
-0.19721741863031847,0.14962670051395544
-0.12694627213855023,0.006582064427092479
-0.3893127836351898,-0.2879737870306524
0.06213350208102475,0.31975571666122643
0.1037852282742719,0.17887735190808743
0.19391258863293728,0.11516386921801894
-0.1281402128858511,0.21634974905767293
-0.3477899944370973,-0.24761851441883134
-0.21981350037760747,0.22907228050050552
0.1353842352616468,-0.3511732412609528
-0.26376053261864474,-0.11170870267798506
0.06893218054031018,0.5420215082065758
0.5569453649872895,0.11142749524112275
-0.029068649641048515,-0.16089936269317576
-0.01581667845633139,-0.032820709454952926
0.6345803575022521,0.6440587902748006
-0.5845864621523774,0.12672937890942676
0.35718898030421303,0.004246172979662642
0.2672219491898895,0.3777020799693416
-0.26348945625165404,0.2258491908534592
-0.1388538506759424,0.31780230383654734
-0.10179834607578014,-0.33760235786194337
0.05201804606870978,-0.011323562947742428
0.1811333727089889,0.213812604758875
-0.029763128106809908,0.22331114082643624
-0.1802559635251527,-0.05698604021039959
0.1539891890344728,0.3297633798323151
-0.05964142477695063,0.05077034948568441
0.026804959944512617,-0.034055086604432176
-0.16387735008485593,-0.4801318251236186
0.4372576844169835,0.06627273108580338
0.3903572248590228,-0.07483843068462884
0.18683187831979048,0.5244904078301776
-0.4855894408121483,-0.3140998776202264
-0.30889016069659625,0.1872108443472274
-0.3889913331052191,-0.3782964428290843
-0.05864072429610007,-0.015491870155593064
-0.03273743595266753,-0.4559271047055305
-0.16071030793569074,-0.2589341125187375
-0.0033242687631014067,0.4100989087019939
0.4254418195434624,0.10378101854732139
-0.42039911703582655,-0.3428730141490396
0.026518660735157174,0.30334655426985613
0.06923367732629813,-0.5715517973197348
0.04889344993365139,0.22083059512116285
-0.2676050186171061,0.22814248280629038
-0.5328264302793374,0.0682167671696616
-0.4493693182676737,0.22972112060096544
0.3777127004900107,0.043621151303075055
-0.002392576238530516,0.1786956290495825
-0.02465919607185502,0.20268447170168694
-0.1908366062208198,0.012124741064107488
0.4180084042046531,0.174070144190893
-0.047157398729991036,-0.16660274158580451
-0.09651010292439605,0.003664962854688283
-0.18001688948570863,-0.05861575345570781
-0.04441379356295287,-0.12938927811926257
0.1807322368673643,-0.2896077256421689
0.6019435445999148,0.07827789622474532
0.16658921972508287,0.01074816236651911
-0.11861847837815323,-0.21066089984308248
-0.6461466322619972,-0.09198553538809198
-0.06525729708287266,-0.6428995337664655
-0.08147869046251263,0.07232723320049081
0.06862575459383982,0.13394222110162962
-0.34449736218898114,0.5224422646248517
-0.2997687632271029,-0.10085813485538171
-0.2712668249776742,0.646545637795787
-0.1476160699827251,-0.13317849735269202
-0.13449576087673415,-0.09407822185625044
0.0961122636619329,0.2780382753871015
-0.13352942414768199,0.015098730183459096
0.004201696554890629,0.25565177107962456
0.0743992426873231,0.07992960637259196
-0.13143070611618213,0.24201302633925575
0.24376065055165308,-0.030043340588608008
0.19616438473281894,0.50557275742781
0.32522126353279207,0.36629400456313316
-0.11358126892439946,-0.10692917413702213
-0.037840072425104586,-0.3577079444381599
-0.24943324533257852,-0.38599820033089016
0.03397869782134351,0.0645636083269067
-0.081024709282107,0.5490089962119011
-0.049443929106181755,0.004001553515234965
0.327289167314163,-0.10600623999367263
-0.19793145349719146,0.10263280325858262
0.32093521157517635,0.3712176554654061
-0.013576188065735795,-0.2239057790063348
0.2531365037926296,-0.04582101333610326
0.29819112927031927,0.5237922035454257
-0.051210254573128076,-0.08271339108181094
-0.22474014636052073,0.36755614591308405
-0.4527457122266406,-0.05539724069171548
0.023082234954696454,0.11282154910175103
0.36015077520912214,0.12635012354719885
0.04689351117848781,0.0755488231191053
0.39111516818516695,-0.04723180875873896
-0.48328605615436626,-0.052505107036026705
-0.37003106752752885,0.15841735646126784
0.11039302368174055,-0.09724500635000338
-0.018469062678920754,-0.28124231765519964
-0.4162139066772653,-0.42596304229216064
-0.20312418734059992,-0.323686319935995
-0.18695346806705346,-0.1947678421635605
-0.302453235167355,0.18382082692931487
-0.032405336647096765,-0.33042830869273143
0.06854560901031906,-0.04297587346136844
0.22921687818141448,-0.1873586826060838
-0.030244583561170196,0.16936964058205223
0.40979012928686426,-0.048593585331816125
-0.12730151621362815,0.029486876911289168
-0.5457240549098555,-0.04159534855069977
0.11746709509230076,-0.10976627872521517
0.1859923881621059,0.1955952058406346
0.2471723738995876,0.27397445880641486
0.1693520390137909,0.33243977394338725
0.06993737175884644,-0.43507192715230375
-0.12092684022843317,0.2526372822831492
0.3289591408955472,0.2653225045765217
-0.035486026163058626,0.2580216128758742
0.31825240736551413,0.4462366718224791
-0.3602474316722004,0.0658413287059213
0.1396272143508067,0.22819232786397334
-0.7026313598688467,-0.5840296144275501
0.40709170357677765,-0.17909673316464214
0.11420733616517323,-0.05677411499014148
-0.2740819711193344,0.5149555555787578
-0.10695455196658218,-0.2689567103669494
-0.2931116675141838,-0.470519748804511
-0.23787412528746588,-0.020737617383793046
0.05410572918099877,0.12080011181516295
-0.09728550487590516,-0.2556747848216441
0.011857437037153732,0.10742407256867634
-0.09062136819859591,0.2625760453950551
-0.20619755832593398,0.24964642348228805
-0.4888765531293024,-0.1953323679006001
-0.23525970123166198,-0.16540546448493018
-0.2859278630969818,-0.1585398267149478
0.1478875677439805,-0.10962581530892695
0.1316015774237161,-0.16332643481259726
0.11479381048465874,0.09053492256913999
-0.11659364372412317,0.12394776801180067
-0.19974335628001044,-0.16968732458111352
-0.054479735389754834,0.06205403898198451
0.03711888196149809,-0.2886952051319696
-0.08306417116212089,0.11787549892856759
-0.12284861277351176,-0.04337385900383388
0.48536019062633723,0.1697764856750817
0.11984492383066102,-0.1128864808623325
0.04522692243286606,0.19636128722306773
-0.007581092398846332,-0.22696714183110273
-0.0021166447534989225,0.027652231914705856
0.05121478503252626,0.2794038293072817
0.323931718049414,-0.24668343620680258
0.6773645325879107,0.10909363264519471
0.20627836386886744,0.13770134419846336
0.18561429836942572,-0.42251802861254767
0.015498216196782363,-0.134832300989437
-0.22229171320026478,0.08985726108494996
-0.2687101518915729,-0.3505573435429039
-0.013197629781079799,-0.06316346349082123
0.34476667377873066,0.07760962862698725
0.24174042649248964,0.3041665671123303
-0.2736044299331134,-0.135326388273541
-0.421087655100797,-0.03169471236917438
0.24818463994176043,0.11973693845957756
-0.26057519886659203,0.002264487182987338
-0.03483126742904535,0.04119748997720844
-0.10892991668400681,-0.18618826933997423
0.11921322329679905,-0.25632022853692926
-0.20812569012477217,0.07547727634484798
0.16965406954861637,0.5406798544545763
0.17689206812537023,0.15884476740772258
-0.1791811660574143,0.21388771804576173
0.02225681722416019,0.40692092455116297
0.4078642623653449,0.0975391715359062
-0.3612433516978437,0.216273077339478
-0.22794464050452304,-0.012741958757735736
-0.1926349636917015,-0.27811022821185205
0.15160714523600344,-0.004471278740970744
0.08862762054114844,-0.3714981266988419
0.4411998392328947,0.23141341506119656
-0.4345376221766359,-0.1729812388371139
-0.16666787937625782,0.10946964625817716
-0.1210834580916238,-0.28534669689848136
0.3194232459540059,-0.16248575841026452
-0.1864012304278554,-0.16693435508367155
-0.3293413338867852,0.16813173137820026
-0.14292291340994454,0.11484111320804888
-0.39499329965877533,-0.05143562764164671
-0.2077230285417208,-0.0851442156803975
0.15109813595308821,-0.20014687334229966
-0.1021081251497022,-0.05266718948134796
-0.07378832220163958,0.0655887477157054
0.0006255076988630826,-0.14673633518400442
-0.4217064164294906,-0.30434899710743446
-0.2600253087434058,0.1251695380003999
0.21425288572931855,0.009996245633516747
-0.01907536599249567,0.06926821786684308
-0.09011735880769055,-0.11285204594304292
0.15297243805545518,0.1501630746411055
0.17367528063658969,0.06556862675152701
0.5072680052709158,-0.050046834326362165
-0.22480494364737366,-0.023524024437278218
0.34374155186964284,0.06551212092869198
0.3853643457288075,0.4158955417664245
0.00035030502232927355,0.17733893664431435
-0.1685129564963644,0.07896345559230489
0.27320826850275703,-0.1885328427922004
-0.055865767891048,-0.2482040876424174
-0.04395699788678961,-0.3830797868303865
-0.48865656509824185,-0.1566738746716445
0.15066113359575561,0.32496476637486094
-0.17566870284851618,-0.10952111783816545
-0.4764699283061556,-0.6494851829614904
-0.30559653550927274,-0.016441147602502853
-0.026756661410907018,0.1592224858108424
-0.41111491857353566,0.06658285504615213
-0.1835050431236985,0.15072136510913592
-0.23859694260122777,0.05522490401248173
-0.5278972374050248,-0.2902861352484779
-0.03940320396958406,0.2838007241036886
-0.007307725028101385,-0.0033659223489991732
0.03556927050060442,0.2775035519680669
-0.17251462913204724,0.055493863624704806
-0.07239360282600776,-0.10292653239119604
-0.0242785401259433,0.09240540080684306
-0.12847594366969875,0.04571379575288958
-0.26919360069158704,-0.043785204788086854
-0.03455328260259479,0.0041764916090489875
-0.019829753356543196,0.1939084719686371
-0.46703291047126716,-0.5020770262567686
0.25549312609571406,0.16871411904510072
-0.09467044565490455,-0.06911569801987454
-0.04365911628116281,-0.06102625221306916
0.031106585304724245,0.25165683945599104
-0.0892631892635407,0.25706248534237186
-0.35370856030199227,-0.17362390154106622
-0.3625385815511692,-0.06989732787708425
-0.028284249157492346,0.3963329824878877
-0.10532847196659463,0.27047251298203306
0.14902274927808265,-0.02380286369525414
0.2649328248278125,-0.1394604872354381
-0.00016939171852756868,0.06605332488022192
0.050583317457680195,-0.26756062441711753
0.22639481485823199,0.4430177256046164
-0.010902754543780067,0.08780951966645219
-0.05701649257370722,-0.3487457095580041
0.22886813623153313,0.006910359687223478
-0.15710063540261407,-0.36747831030717076
-0.3084970866722132,-0.3665413145365989
-0.24103600210313367,-0.3466779792210904
-0.12601393872272493,0.3288004905199229
0.13749560068796376,-0.01494731843937111
-0.38128818022726346,0.02096471186629783
0.15438407247132288,0.237198484627431
0.041875006431240945,0.10372376576766337
-0.41937412237765376,0.006966557740745661
-0.25700783450076037,-0.08352975898858835
-0.4992199637370576,0.08329790969381856
-0.09262612258078892,0.16828809436683748
0.37833351335233567,-0.04500451293984278
0.3871017836251898,0.07630250540895847
0.07306793409881321,-0.12998472329427752
0.0012985883122859975,0.08816400096043654
-0.1704637174297782,-0.2103626231461456
-0.2610866717478672,-0.231649612773845
0.2652336845026218,0.22230652406147983
-0.22264615264427018,0.07553415977239886
-0.06926378762293879,0.16250872035915878
0.005195338926143951,-0.3914391553029191
0.02657386563982619,0.01664753364553072
0.009854133063636108,0.26937948928715993
-0.04503374847418952,-0.1446887572162816
-0.13290559487998008,-0.30262525430267695
-0.011918381564485195,0.07626602192206196
0.013096984451112445,0.5662059316542323
-0.026867583901829716,-0.19473091183689054
0.4142383005968367,0.0021485568493748754
-0.22493351301888997,0.12622360562761714
0.101048010602217,0.11304764431081228
0.1341075777833621,0.005668532323542156
0.21249319089542892,-0.26418050936552767
0.014133661014282603,0.028929991044287867
-0.1743244907353802,-0.3507911308393466
-0.15331479953215343,-0.4247414764114915
0.1403022865766902,-0.1633679112185516
0.19378910818648093,-0.3839057256245792
-0.18687881604121898,-0.46770426437903195
0.14228592743445753,-0.05175879770710992
0.06123257495930487,-0.11619228926702285
-0.10369351352100703,-0.09005079691354728
0.00281034982421324,0.015019650994183266
0.17333361954572415,0.3407715687455586
0.6855898084150214,0.16426836894847557
-0.06723168690088252,0.06464158237317923
0.03669752819511167,-0.1713595328441247
-0.18393012314903073,-0.3637617382822584
0.12099307315830163,-0.14489199101795308
0.2922652063158263,-0.23692143526594617
-0.23342911217273474,-0.05126711506544144
-0.27926071358384896,0.2183523161240939
0.23222671120978167,-0.16962123123892822
-0.18888843216195395,0.1528920557682235
0.07021857230792707,0.5633753382726137
0.10230975299198108,-0.07036914571639835
-0.25934869884704653,-0.2001974442366
0.1499723440814645,-0.13459182765061276
-0.22540673849032988,-0.44969889980080757
-0.03256095827667244,-0.2935126954974403
0.021800182961887994,-0.04663119918917277
-0.06733815060975473,-0.35918984314887725
0.19683939829213024,-0.33297975666060736
0.11126006151560848,0.07459006156800944
0.047540441219525935,-0.2911299232200086
-0.30131649613426204,-0.035604034405652595
-0.11901960502409824,-0.4567247483241512
0.5674003784797343,-0.018171422088457654
0.013903410728166614,-0.4682176079367731
0.11106057150324597,-0.030659632266819153
-0.33872171115004684,-0.2391416900308287
-0.3475039531485082,-0.22788674545784157
-0.14493115553220542,0.050532836498048996
-0.26044669771926654,0.1704800301848921
-0.1761857339979089,0.016782097992505574
-0.16791459458992714,-0.2709913679727932
0.06163823382961592,0.022033445056728676
-0.5160308659082719,0.06831183709698449
0.14490397292425988,0.3461090959348237
-0.24629320021130852,-0.10421560520560215
0.24994457298626296,-0.16409328144934554
0.42307232499207037,0.2855790343524781
0.25311946514055106,0.15192367016060243
-0.2222725273909407,0.05210447296407267
-0.15609465755442128,-0.00788901332977959
0.07887197864830056,0.23408606109817218
-0.35178899343474795,-0.28952112014688863
-0.1254262160594393,0.14775324193019745
-0.4722903460023492,-0.14951041524380593
-0.2906749038596886,0.19632051052426236
0.13271868547723692,0.4903790439468437
-0.07124238099605656,0.23089941268285033
-0.16269571041125874,-0.036442472198554246
0.23509172069747122,0.39837092535283625
0.4417833826271807,0.1560090347135117
0.022741793571446123,0.10389202275677242
-0.03349788515719367,0.3057365693495267
0.13837331900282465,0.026777230871885882
-0.22578670608241946,0.1715368800397181
0.7654809794594618,-0.0340022177730462
0.11568072989994013,0.01160169223527755
0.04213648778249869,0.1408389592703912
-0.31557325427603944,-0.22568393619511717
-0.2163282849936171,0.14825225051182597
-0.2466414607617642,-0.21773780686066868
0.02286931721310797,0.2281344787136178
-0.09125758152743199,-0.22007370723775857
-0.1468456669657208,-0.3085050926887029
-0.28051490957472736,-0.0390313840505431
0.026385328219464172,0.47912166506932785
-0.16544384894394112,-0.006631794830983119
-0.048299486792170575,0.11578290434261129
0.3466075786888609,0.1405690835615535
0.03425853134076538,-0.35526214779731863
0.09633568817310895,0.722411816126308
0.0350366223618624,0.01566851251631435
-0.06712715234361807,0.10075077416818198
0.022865224757281068,-0.2614595090282461
0.15168503021984006,0.09150773515225401
-0.05909941611586481,0.07443450342921112
0.23122970449265018,-0.09110066838471907
-0.1371319647021423,-0.22582353908301003
-0.14326132776157813,0.23993987965221297
0.22143819087972472,0.17268752828504086
0.3571702754260348,0.6633194725534672
-0.4809150073626624,0.16237369834566323
-0.05528074935565108,0.28156255160854515
0.393900566059948,0.1845956107510935
-0.06733250438980624,0.26486010503329344
0.09756970592282714,0.1884952278332398
0.16256467567538313,-0.046230717131891905
0.20282059483121254,0.036359858442229095
-0.13981504998112473,0.09709189791308276
0.28407846700299694,0.05232311112554885
0.07496604685479413,0.2967005775813819
-0.19223106809686968,-0.24007702500322703
-0.04845581566127165,-0.09279197612264696
0.13021674035470715,-0.08023179606912854
-0.0680899207185688,-0.07304034722350804
-0.11843104158808393,0.2842655498386027
-0.091093112431534,0.279475434592847
-0.0384660997158652,-0.14139988006186055
-0.25448782234497613,-0.16984321910963146
-0.3186304904142802,-0.1641013110405432
-0.3467885122706912,0.028643744022309767
-0.46913808604994195,-0.23220637627843257
0.717509433615209,0.18578262725639208
0.28040954075240115,0.024668788941346657
-0.2597413608551517,-0.2628138841870998
-0.026734762027523513,-0.12038074515973421
-0.43117316710857967,-0.375417278361611
-0.1381014339743599,0.1482904263406087
0.11261994598346159,-0.2010363781987299
-0.2056297585459706,-0.335063452088692
0.17759985248395085,0.1697941826707607
-0.0011878599812614754,0.23785959597158582
0.12808793858134754,0.21062169341855552
0.11719732239045029,-0.3180014424147132
0.4164153559772619,-0.522477181608299
0.11650877068897288,0.028378874498661263
0.015138448929070448,0.046720060871105105
0.02103881755010181,-0.1654628875186209
-0.2785006135630087,-0.148618279350772
-0.1700694270629199,0.2613195976050645
0.2226060798795909,0.36659509848125127
-0.04777191833979039,0.03759088225915003
0.26742980964182295,0.21958213185838382
0.34574965230341526,-0.0381194846145846
-0.019029895232259803,0.05094178702930412
0.21316205697093452,0.30787437958360386
0.3482444595089644,-0.24340797516303037
-0.2760702168094824,-0.1722457974094284
0.12344101138530301,-0.10614638456086675
0.1676534192342531,-0.32226942730288843
0.10184112726737034,-0.28669846868501964
0.17635623476068044,-0.13603085023715
-0.31986103678289657,-0.28174213205153464
-0.11704282162754748,-0.00896716353613056
-0.20163962342948716,-0.17466446627698767
0.024518754152914924,-0.36199532957274566
-0.17368361533041896,-0.317417825637607
-0.05858040691100396,-0.12180260019843454
-0.006659995032294321,-0.07269600724502404
0.09300312157604106,0.1770655559245297
0.05290191974944657,-0.21560588035021147
0.4127292477427444,0.30143626476041924
0.1621973832386735,-0.04220668481188188
0.13669552531111162,0.17240711504928985
0.15332833060272782,0.10308448405870985
-0.5074740366136762,0.2923293353205782
-0.04027485188191915,0.29846879616233357
-0.17000108857135174,-0.3163206511448034
0.19652807779734355,-0.26483991840983023
-0.061333007050152655,-0.31429047901029505
0.18745022042734805,0.2731598508314626
0.348697913627366,0.06716225168163088
0.05543333655427231,0.13994808282716
-0.31034675642140974,0.2752697231543342
-0.1754775470753512,0.08738670080518736
-0.43481733890225777,-0.3308356312086224
0.4007071769319307,0.22799526412151594
-0.0462495175538702,0.2408813872992802
-0.12998947487303272,-0.145088216561741
0.3318294638965192,0.07118131542134128
-0.04929314027722321,-0.024175331435902902
0.1834654108455671,-0.018805344580725115
0.3122706358907605,0.36059362719903093
-0.27725372599953546,-0.13225660102851394
-0.05529285409029033,-0.20146729877765834
0.20517528114404837,-0.19768281192488257
0.287187400022559,0.15661994108425864
0.29842566933677744,-0.09372410785678444
0.01384622563547015,0.030687328178408274
-0.3792877513085194,-0.05092087259102168
-0.08061729692747067,0.4960056228085335
-0.17586468315848183,-0.19267959849683255
0.13418848842466496,0.49614560818904757
0.3990505679267645,0.15165047666917042
-0.3622445144694177,0.22003917897406428
0.15062965265550746,-0.033903880467791
0.36739021177252595,-0.005648888379802348
0.0370108402903232,-0.2824811732496631
-0.3133768127220566,-0.2501672460700138
-0.008359859104666256,0.28264035811257915
-0.1537641178645467,-0.11277350917528244
0.18625087740356763,0.16858506579660817
-0.06739960611862408,0.4633936439903728
0.11085931856976575,0.11947937535726602
-0.2693317065588138,-0.09453501441399921
-0.12595288443494315,0.1088075914175971
-0.16960334518805584,0.3200468370946312
0.13895944057591528,0.09000363599179081
0.11410684620014112,0.31566250094047604
0.01334570963387454,0.008529330654114764
0.3928563757481522,0.36734987790315193
-0.10999617620603398,-0.07850497650565418
0.36242537010409204,0.49089757419040936
0.021212552954996168,-0.08379728040094127
0.2840156991997286,-0.15274545886553254
-0.10833566148741007,0.06556663059710786
0.4967660594653937,0.018889797043308888
0.3077593588625451,-0.29910645841360944
0.1949142733483661,-0.2622153905391501
-0.404080394950128,-0.7385893958735498
0.12121264459646827,-0.3641087422965186
0.0582206372985886,-0.41360250376677504
0.09276443967264764,-0.24164586385222073
0.27752753581904993,-0.021352185493366014
0.19175088594356918,0.18244138639424415
0.08857130580435918,-0.23111511565441975
0.15197462499443645,0.32840084170099676
-0.3580123060367189,0.4359681963713548
0.19059151844031072,-0.059364008001467135
-0.393787910962296,0.051541676147297474
0.041998052750901335,-0.025800657594384505
0.014903690352209143,-0.017210692984113284
0.2602972908904137,0.2565555324684969
-0.024701386154560325,0.2951005340957647
-0.14382731236863192,-0.023499483592878134
0.20989307287953748,0.1779001646380501
-0.24525160437947974,0.1843095712031834
0.30034445147083244,0.1024419132239522
0.028312949947853355,-0.042909685893963594
-0.30711289036473594,0.0067700191055746215
0.34297838946325443,0.10940295581329801
0.5961063170322622,0.13558018234332997
0.05998834868095953,0.13684999724384322
-0.003855496532467798,0.04547134680187354
0.005948336249598329,0.10192403461010587
0.48785030973338234,-0.2175550478609069
0.3528578205387676,0.022710780173509346
0.006964484223172481,0.3316560289401744
0.24107243733113345,0.41374351139009014
-0.28341833472461575,-0.4861905658775125
0.2351575146458221,-0.16351673341601655
0.08498637612665674,0.20617702549831327
-0.565385361689614,-0.27914906429579806
0.0676169582178043,0.15777315332713346
0.06093927716682993,0.18218141900125726
0.32017298692512797,0.15405955636453625
-0.29423838372807326,-0.16357605464948524
0.40282179710823124,0.09691434131070283
-0.12974767926462288,-0.11354945457589134
0.16533591001138975,-0.026976023895532723
0.09915473067790027,-0.3874736170234283
-0.20939420312737939,0.1805317135099544
-0.024114647548308856,0.10978536786161114
0.4123686093974457,0.08412164062683619
-0.6755796296134354,-0.1525275665963324
-0.27520152158022415,0.1068280625394166
0.015242969577593413,0.09396723707351091
-0.3830323879534712,-0.14835555855865606
0.09222624899656141,0.07526777832871138
-0.09894685004276801,-0.15131270086792145
0.036534964072662615,0.1111525493581391
-0.17304116196342037,-0.17585899748480396
-0.465857562648531,-0.21297600024250044
-0.03836269751298799,-0.045476623995185914
0.19797845998980115,0.11906658066310945
0.12184393531985804,-0.4070099487043401
0.35944906621303147,-0.11939148697986211
-0.0684658763847701,0.19834856033690526
-0.03427276177362023,0.10742945793426384
0.5042602794997422,-0.333518382002753
-0.43222553005944786,-0.5257092637812365
0.14686991355717469,0.21324031588040068
-0.5092031489254689,0.07616324112121617
-0.23002065768921534,0.09396842946390906
-0.10428411179361692,-0.6034775633129212
-0.4939106740495408,-0.15614309229155385
-0.046821127767577284,-0.2135535828375139
-0.4890398921904882,0.07412378513668412
-0.25875847781298583,-0.05925726778059889
0.20678706948387074,0.30099454489187843
-0.3121998941623118,0.0429789846957269
0.5011081465268971,0.1362540878013146
0.406274028207852,-0.09400000808280674
0.31048078586350336,0.32856371390383066
0.025568832377270676,-0.18216930380572913
-0.11957454027688916,-0.11803775843371853
0.1386459059990981,-0.16678238274962734
0.4023639689307757,0.5434287914757195
0.08653736330663635,0.23151905548073945
-0.05202504828804126,0.18959717322024555
-0.12367014992467099,0.2975747101674423
-0.10142635824196987,0.009467299178732196
0.013101536052871047,0.4311833431726246
-0.004746174363362015,-0.06881159078406247
-0.09357462093902738,0.152687350055863
0.04261542503420144,-0.00285196565189267
0.14353896708431346,0.2019432458249506
0.13430069065662883,-0.1516837618110485
0.5659109113036862,0.7482262125457206
0.487429839908908,-0.13366490800728562
-0.16051236903060218,0.2793965582231037
0.0401555709685446,0.29035686739995065
-0.13927332801976605,0.18823977947199633
-0.34010204381352704,-0.10546880831129146
0.37824963421849045,-0.035214150566501574
-0.22041355138703353,-0.20307328793361393
-0.38817695790952617,-0.06744090868915495
-0.09884915137598559,-0.40771484789198753
-0.056537416881358465,0.004842163057632413
0.31033844724011517,-0.16857571851903136
-0.20407758224018288,-0.2253298699020118
-0.21583663419822355,-0.13498910267473926
0.1652177614135505,0.6095746555871318
-0.1731650423210477,-0.15869969353116584
0.07602219710634348,0.05343231649953187
-0.5555723522296813,-0.03364926806333404
-0.33002034435591354,0.03207310492460357
-0.14204418179103206,0.2020084953396888
0.22091885285895968,-0.06679780312195666
0.38392710484142756,-0.40673678590574286
0.09143304333501551,0.2885079469730602
-0.18037299235874152,-0.10009887912511342
0.07155231105691429,0.35765775330036975
-0.40610754543201577,0.2040754957565052
-0.16374895689880217,-0.37694482644974603
-0.184003135715659,0.08519721438398864
0.09790582694289601,0.1889247822464839
-0.04976517314950777,-0.05763696145493757
0.5084081928478691,0.31269579941102776
-0.026211641342871253,-0.33289241191473706
0.27904465240050186,0.009712912224021448
-0.0980499643357865,-0.44880255702767446
0.3228635999488062,-0.10682845290345834
-0.14222946344765075,0.044441941657423246
-0.016504231136428963,-0.24587730972839
0.37629683969736827,-0.04955087788327991
-0.04225555536951163,-0.2540177911398089
-0.18196503589588034,-0.10180607154803276
-0.10606953664118073,0.34150690573196385
-0.031964528463544126,0.007807753103530044
-0.06339471257691695,-0.4597302173318596
0.002787356945622074,-0.12495994209292166
-0.44833612777846105,0.1374133062399481
-0.10177093232526847,0.5134436097526303
-0.49664235902454223,0.013388234730682205
-0.03695712554912902,-0.1288553622554275
0.16305326951698745,0.2776021756622793
0.02785141579322105,-0.05695021995807735
-0.2280123740640332,0.5801047028992378
0.09305952020102133,0.2575482039163858
0.10728741207763597,0.2559081266934473
0.20757251047731068,-0.35489865652616365
-0.40356801473696946,0.08199727403822776
-0.03911839153802729,0.1716113382393999
-0.2074961452469498,-0.045754063170335944
-0.8935316470814149,-0.14508953693576998
-0.23153865220022135,-0.04159954552404315
-0.0838365882829418,-0.06307017357623035
0.24230608821824598,0.2043266404867993
0.002173822431926455,-0.15184526362734085
-0.07701958604928097,0.022569451309001388
-0.05708855453851148,-0.47400997089919794
-0.29441804656637016,-0.08110173165722635
-0.3212527029282251,0.03265744101736302
0.038263673102317805,0.11753434117663424
0.5256722049591048,0.13673945379025368
0.04032274644813329,0.4826612540214493
-0.04799965949884276,0.6203422796556017
0.4351551988631855,-0.09967585022598435
0.14369323921597865,0.03358623039996998
-0.19177082578006166,-0.27594900798505295
-0.2588278474798782,0.1570613123764361
0.10188380703818202,-0.3456422553598031
0.1972237182982856,-0.3141730386444502
0.35365798766210443,0.15979226069899957
-0.05547486086442743,0.18186274281978493
0.23405523709823972,-0.2705003182104983
0.028281244753193987,0.21900929295005667
0.24673284820755803,-0.5064229201643952
-0.19740243573680943,-0.04563197798776152
0.2988390865216641,0.044810472467554055
-0.02875772191711196,-0.06442086973787252
-0.5335218281166967,-0.1677047430067471
0.009750337276785155,0.42717399567427855
0.034112247192486685,0.1398697687778372
-0.1398416771981722,-0.41622671387388865
-0.04729466990211284,-0.03847300919257074
0.08553044998756386,-0.14066797284039423
0.010661586448508122,-0.07142560004429087
0.02798019492522726,0.1827749694697112
-0.23762565125782123,-0.17266062098053672
0.18922365324609736,-0.13878963941881886
-0.12294865529367416,-0.34015963133026
-0.07594721127024957,0.14453313592942046
0.0017586814816268434,-0.11726379060534162
-0.2011400381912423,-0.061404319667438784
-0.37630243849567446,0.01849133567927352
-0.3384621469994288,-0.01640332722777591
0.3173992644232004,-0.7873147214265823
-0.12299390846090658,-0.2903699490754963
0.17757617761548175,-2.3550016591641364e-05
-0.29634743914505646,-0.42230118706769126
0.4155824809183086,0.11751228660440752
-0.5898809319719783,-0.26314021006419147
-0.32762397009618416,-0.03066037403014248
0.22170175959560778,-0.5152447875141266
-0.19691419972204113,0.014881775829527093
-0.01908046301194013,0.25703176632369606
0.1879739440474884,0.2678059154201493
0.010970170708042213,0.5019971245812435
0.22604584521825125,0.3453629253074992
0.23652314390271384,0.06111207927082396
0.11752955547718737,-0.06359630212019103
0.0749288836019528,0.2684552358146708
0.13800717757101053,0.4371814523600228
-0.3524189794594609,0.03410701663191358
-0.12969834687715143,0.2393878194061023
0.033688246228749885,0.15619925646366054
-0.33590119660355583,-0.017823083957823414
-0.3557126756592001,-0.32615093020589775
-0.20133907459943423,-0.00975068975794355
-0.0513544510354705,-0.11774352562971381
0.29829617690278215,0.2798821180314896
-0.27260667806396255,0.15547109687414568
0.13324880918688078,0.05875477052367903
-0.18038994687844773,-0.3715533679373338
0.05627405570506047,-0.11250353322545313
-0.26994450803377507,-0.24366188717495832
0.023952987436085902,0.1420002219780963
0.34290992825067446,0.02550750422631779
0.0613967211392671,0.13538073253226904
0.43643655124395103,-0.28593407515431873
0.07707774333023273,-0.2594675553112359
0.09652631828181046,-0.0877566186596691
-0.12243599906755367,-0.09283117937191807
0.3823143326404912,-0.2763994698568673
0.3344001240696718,0.1323057406034292
0.0947357216999346,0.24953728311210233
0.3106599616525887,-0.23599282879383146
-0.48217284195479876,-0.13110517876838648
0.15641431228772704,0.03499239922406537
-0.03607609644125837,-0.29256618365027043
-0.005252287489792655,0.01123755939832303
0.01822868459738076,-0.08473816127245964
0.23441210863612374,-0.028436598312115483
0.13006542230517523,-0.2128798441845581
0.3858592552784642,-0.05391599391799885
-0.22969834168821535,-0.2459148443412193
0.06577032124700043,0.4591831187417409
0.03539249422058142,0.09724347245271538
0.20216282952264764,0.08633366581639434
-0.48326813910448435,0.16831332630619789
0.28119749189869797,0.026759025479812053
0.2848336187380776,0.10560824548257157
0.28960772537749535,0.07687152747793012
-0.5138532380277883,-0.09358156172476126
0.13979713868699994,0.06201591414939704
-0.008777373422583327,-0.06506241218210325
-0.07179444821928696,0.34411364235713277
-0.5176555393725749,-0.3203290943101996
0.531590392926503,0.039276610888018655
-0.1067006388411264,0.20202560213401674
0.012054561990099173,0.1820640060665475
0.09794533264035082,0.27694766511537516
0.15381866752595677,-0.11553094333721008
-0.1629449542183859,0.4024185147788566
0.06978268703564619,-0.20330698886291917
-0.24752610713579107,-0.1303163202248597
0.01059162054031531,0.09546050201414441
0.6291788499317124,-0.32023139317696186
0.31175549209742415,0.13087898340886195
0.4389371365073922,0.06394486687059961
-0.32756523711101276,0.1820598001347215
-0.0963692760201211,0.20413456159848528
0.12081602633637288,-0.07080038402772848
-0.39458189014091943,-0.020803087845066275
-0.26096921656244015,0.1246401845243667
0.026307964441982672,0.4259120245522264
0.1659558324208275,0.4687243901067128
-0.6421587998800925,0.12608822866072306
0.4204218086282115,0.33152028170242903
-0.06490825724295196,0.08911877767074951
-0.1953330728684115,-0.32058280118739935
0.009550374950324078,0.17484342014062404
-0.23607469546441817,0.086081800683614
-0.06983940918226017,0.0391656431028953
0.3706336671163702,0.04874448716144256
-0.551023226769751,0.1202734622138734
0.0036102717896767944,-0.2676376576309271
-0.14665721185726746,0.11471381467643711
-0.28157764093964166,0.016380240232478152
0.13858311194885856,0.10593617719638798
0.005730999541779155,-0.0527002709582813
0.026091853180598285,0.12625334201607977
-0.10598579349160364,-0.060402893756185315
-0.07387727755412739,-0.31051556478332565
0.24434079696833613,-0.12290707696815956
-0.2966018084541897,-0.08623993093666794
-0.13096462780101412,0.6901534711805277
-0.3679452063290652,0.035234929004930166
0.530504768802362,0.020247528005376915
-0.24472031805024214,0.22703648753769812
-0.0034649879909001173,0.3062695901809066
-0.11106344744023483,0.1124647757880363
0.02644715337047856,-0.044715811016100226
-0.24085383287012585,0.004579255109295029
0.07957174330224456,0.19006754170538018
-0.23208429327280353,-0.25825618360093705
0.1760356948130705,-0.28728950388378416
0.009445341064715344,-0.19335171884897084
-0.25202771470300794,-0.06847440642643972
-0.30269451455373947,-0.3461398923749129
-0.09162687142793136,-0.08751155636185923
-0.23947901475697841,-0.522166272283012
-0.2929932246023807,-0.2771909568268656
-0.14708641407565146,0.07971353836649699
0.23191543234444298,0.06923784151031352
-0.28599895382084534,0.05265475779874841
0.04904517856233697,-0.010893876281549154
0.008502143534046012,-0.28026899882679857
0.13297440284577297,0.04522261842296726
-0.27409064836874675,-0.020458026398475184
-0.026668237199468807,-0.20728598172573112
-0.3096500921822451,-0.27626599994702045
-0.01999297842096368,0.09741323346427035
-0.010982677297331774,0.019668459935957904
0.12433362437702979,0.07649605304304084
0.376843919190947,-0.22986582205544795
0.35802866428516816,-0.05223528968249707
-0.12213268279053849,-0.11044694613658473
0.270504283086074,0.007757038474026171
0.03143654531219817,-0.4990082774059534
-0.42582121569485415,-0.5022860667334016
0.3082824655393979,0.22344006171576156
0.2391818278152827,0.12166677115087217
0.09763194050473097,-0.1286823808396252
-0.44675933691293773,-0.13552414968135912
-0.1577988292952353,0.008563633661996327
0.031373943937153474,-0.4220039367412581
-0.3346702705003225,-0.6797788904391912
0.19751063660064372,-0.20885095240832854
-0.2226350075804473,0.1176310736594041
0.21464078355767804,-0.10170087029021539
0.04438547555575982,-0.2127435857741927
-0.10701747428729576,0.08477833221741286
0.056862073102126334,0.286856459772314
0.05704082514104796,-0.05668909405465956
0.10565871226534929,-0.07413956419466443
0.13321281160970835,0.07866375313104175
-0.056082520094376934,0.027693083978567894
-0.26290047120513005,-0.11155087714364434
-0.06007590445820851,-0.11711408613067878
-0.03896625835878173,-0.32575685045113245
-0.09667376327778307,-0.07735324106746702
0.2006493363955894,0.14380510137073377
0.15822333243788153,0.045414575931638675
-0.6923683446207951,0.1911119762511327
-0.42362321998775176,-0.3487292672097453
-0.033773366280422566,-0.34435503828802655
-0.11980321095918071,0.2939492443658516
0.07157130621842156,0.26100141603103244
0.07825751413696494,-0.1506134353466774
0.245433423930167,-0.17246626160483614
0.33157003424758313,-0.024546899895931625
0.0821863178625449,0.2663393005192978
0.013297454192639408,0.3164652201620285
0.185585695665595,0.23492493040505777
0.1421572237393718,-0.14653690545047748
-0.06950963575753473,-0.05186256679788593
0.003323356814890531,-0.15625786222364474
-0.2543199501417654,-0.13245855872885967
-0.39118995884378455,-0.2308514919557187
-0.6553008931258434,-0.1576989215134905
-0.2215167100031899,-0.12540851675748055
-0.02383930235821757,0.012185975064772458
-0.06423595101299107,-0.1515665215853005
0.09999213566903326,-0.0247682156470787
-0.15521053551041084,-0.3479733217732697
-0.051022830402614607,0.10797110450362186
-0.018086981790314195,-0.037751902409484776
0.02513237681138572,0.03768978846981062
-0.18102122881408597,-0.04964756234322451
0.14675840053835199,0.08107759566691576
0.44930064857421365,0.029372899894235974
0.11398802633470805,0.10085548400791673
0.202185629689434,0.043692724981646565
-0.09205210102010397,0.008013591212460999
-0.015457276287729213,-0.3730419127647398
0.17775678254451668,-0.011186953388683463
0.16367419937033403,0.08423653901362534
-0.07527567733407069,0.11186088169823362
-0.18459184418666338,-0.13555857527419482
-0.4822518139498273,-0.19984210648313497
0.3847196307005565,-0.0015266737920640522
0.28812809600734357,0.2517220182113259
0.0730324080015792,-0.026570206206833053
0.11188036983072497,-0.025348143288426307
-0.046105567618563964,0.0441536786396508
-0.21684240138153557,-0.2628726205772026
0.21814130085880676,-0.019780801720291483
-0.03733376391067281,-0.2338897927365233
0.17480546000774036,-0.13522808692048136
-0.3926577164656007,-0.20677250777971753
0.0815683828471392,0.24137228515982212
-0.028381905612362028,-0.13895050957801172
0.12002348446850228,0.08850229664345696
0.41627553881720925,0.13131768408079425
0.056496685117681064,0.165221407816452
-0.20390115823253668,-0.14365803261680293
0.33113033641123235,0.2800910739285941
0.31941903022021556,-0.24420989320336883
-0.28519153349140797,0.08734793888981093
-0.21000416212930023,0.3748086729517942
0.2117939224157343,0.47721479392066707
-0.07917973964704947,-0.12837351095363417
0.0939729140677239,-0.2901759715135522
0.18411828700007826,0.23056320294246996
0.502838164035019,0.09525250423791086
0.7349625155351573,0.4410783843023501
-0.04212325268945003,0.13785203546074995
0.3167096992420751,-0.22761118911385353
-0.017347045198766006,0.0854989996043649
0.05970068550154774,-0.04360530846653643
-0.011101917465001521,-0.09894866867005642
-0.1295656096859218,0.3997640936945719
0.4259416608569835,0.2150952233284454
-0.008548982031426072,-0.241016740275497
-0.27707785864608964,-0.3155239994276133
-0.2174415170760519,0.15557923753529673
-0.12981643496052586,0.15851634015240718
0.05630553195038764,-0.1063144820332697
-0.2876597793702073,-0.12836104218359268
0.3761819445662843,0.3228543932997432
0.04701435901714787,-0.22245643842649976
-0.22004035389812196,-0.23816537616815983
0.13288432597826033,-0.31376699616814435
-0.1547363623086435,0.15853540298442326
0.4115356168886745,0.029253038760643443
0.3776517001302117,-0.08856803826272229
0.3980605201195688,-0.2782889950721522
-0.31972562978043784,0.2424021333853189
0.1288744432886981,0.2154198881360239
-0.43034427864341296,-0.4363652270924635
0.27152532046970496,0.0060646590525995645
0.28765263573681593,-0.3282059363767812
0.17680645540572365,-0.20072315389367765
0.13899933876456283,0.0029670174311301543
0.3294940677850246,0.05823044712533285
-0.3442291240543682,-0.13865443616207976
0.19930586325446273,0.16597714096725938
-0.12978242378934085,0.23199452763397155
-0.049118269844471284,-0.15948540935343966
0.45565905398907475,-0.08062259582501137
-0.17337411506511138,-0.15394422017329382
-0.02278016126364544,0.17953307844477676
-0.248847038581307,0.2693455266874102
0.3941087655200033,-0.2764073648544206
-0.17975555917345182,0.24696132818517888
-0.1406996716918075,-0.16107309411941143
-0.2360724069256738,-0.2151640442609459
0.12155082169066261,0.22887620091333816
0.24576128144024914,0.29289162368279315
0.1274466383588005,-0.17622754755309095
-0.0759387501734523,-0.12887007234768003
-0.03990491571006228,0.12770568336584925
-0.10518012334209989,-0.40591731479245124
0.47864859381900676,-0.3179491874933351
0.6108722292737621,0.36229748184839317
0.19046752536595202,-0.07386200011401205
-0.36473936365619586,0.054029566357750004
-0.07459952504584268,-0.19306432871521786
-0.22687873793408236,-0.2160713574627965
-0.2280095011249124,-0.2829209711186389
-0.07293257659854023,0.027157666367711258
0.11592008586807817,0.004466696385440915
0.0768676580928581,0.48855342238498023
-0.29441343494878064,0.3640377339090161
0.2416160615344608,0.4648456578057255
0.6763172114868042,-0.09446842073703542
0.40663179690549117,0.15246377327533747
0.06865434187158219,-0.20473928396766403
0.09857322070588066,0.36025770668325774
0.3788744924656553,0.17774763804391114
0.2549704773375317,-0.03500941548743545
-0.23242166875181705,0.097387147702344
0.6736780687229024,0.21042549665885815
-0.43673946064533786,-0.13345063495278187
0.18906853119726583,-0.39476852560699205
0.12946688296920394,-0.32369522536547984
0.20522658380318784,-0.24596051889716336
0.10210652845582945,0.12170315774802083
-0.27638463145451675,-0.2539094087542776
0.21575770237700054,0.48982530417575765
-0.03971339699487523,0.001824579616946077
-0.0338187544487494,-0.024056647914406253
0.3183202277577073,0.3952204121874445
0.20086176506499384,-0.011851427158963233
0.11983184379790272,-0.18414754302557682
-0.47998913933415077,-0.34867764584167127
0.19412921532201352,-0.057764924486761786
0.3177365536757585,0.03798890380979413
-0.44031027237310727,-0.13238715597259634
0.2258549089629723,-0.14184001281902728
0.08681338647631093,0.08318788527493365
-0.535416412288428,0.02493290218886512
0.2234576358700514,-0.18709996677977628
-0.5095077713627137,0.04044276067760709
0.15967728658267613,0.11524840545767324
0.09837106434957817,0.21817942875156712
-0.00888663007640058,-0.0277806285535206
0.07764037984458548,0.08513122694152274
-0.6264474580318773,-0.2952023394834118
-0.06265566646199437,-0.05741628355133605
0.37597238942549305,0.1363890456860325
-0.19491427830265703,-0.5444916201062521
0.4995271511837705,0.317915788693469
0.1380287369945265,-0.1121664753211539
-0.043766799929911525,0.19396829460153386
-0.21239602269573357,0.055349738261903626
0.34852426309924117,0.2648834469730031
-0.20886919134555013,-0.2679095855026662
0.2166927899514007,-0.16041164132575864
0.20165278958048982,-0.01033520690151119
0.150540937948029,-0.1681239415038202
0.0539566321902765,0.509120660907446
0.12277273003819987,-0.05123445161944933
0.3682033072041751,0.5723541969680359
0.014674013576214784,-0.1708446577316354
-0.19827628941611863,0.34540878689953886
0.3039304552668275,0.06624958495997059
-0.43256955643160144,0.00034820542571131297
0.503385466559989,0.3282926649267023
0.07455224498655005,0.11145378078978546
0.25644297333116967,-0.6186909352698885
-0.23969535588661184,-0.22452549836523528
0.1895158375427382,0.27752231141150135
0.13140830668242082,-0.21299741651954354
0.346416502993728,0.10473177283244202
0.10670713716428636,0.28044486145961467
-0.07187165439836864,-0.3836924393341536
-0.3682116933605461,-0.1879055567130395
-0.11495560283891033,0.3723160890579889
0.25419586528859345,-0.051601776437817014
0.16231261679710296,0.14355758012852066
-0.3791648783226105,-0.06044535743786105
0.046687263424521466,0.34123083444371355
-0.21932787546498556,-0.2252794276668399
-0.06538501216932764,0.18438317596844367
-0.042574900487395075,0.47180062179483473
0.38263299058808015,0.16945942471331008
0.17122277272207986,0.024737439625915274
-0.09818269930588956,0.221913405821337
0.1138675254052391,-0.06225762749596955
-0.49088947406356126,0.20957016159419325
-0.03534688747558002,0.44546143307419905
-0.28756894472659983,-0.22444554912410367
-0.4975595127487656,-0.024943226686772464
-0.1697095026213241,0.04412321706567144
-0.24879037486295327,0.1077726172512865
0.3685435576608759,0.3297027349652134
0.23886796256440468,0.17806913518196438
0.39660251319856116,-0.2698138715747628
-0.09220826717052075,-0.05308665877434542
0.29324278107606777,-0.19109864623324985
0.05927141791376497,0.5372688208584055
0.2549554250352175,-0.0819567565523731
0.030738420316465093,-0.03976013144731808
0.04059788793367651,-0.12128003294226464
-0.09873991125974377,0.1807628500646391
-0.043368624137791384,0.23111292456228538
0.011700382373674318,-0.4352128503431687
0.16395360963325192,-0.2636404334535749
0.09984742892014631,0.24093331415626262
-0.23515612903134092,0.1597537945465001
-0.08178906530201331,-0.0813862922849208
0.06393770575809128,-0.14271735916852507
0.5058933101483913,-0.03599314223697753
-0.27788658787911946,0.2198839529266292
0.38211823499317427,0.4515184485940629
0.1361558346766191,-0.16122223035528468
-0.11588614425221878,-0.3753858408095727
-0.06959484877245015,-0.1673452126207187
0.48062639555559733,0.2998299464224908
0.2565825358345782,0.1862421255975207
-0.2966151383646273,-0.12601064570393164
0.05250461821936381,-0.27325207302945076
0.307031619177932,0.1581424613984443
-0.3612807914249328,0.03251613773283493
-0.1255124709489212,-0.2325158961136895
0.07717582467495578,-0.11678197933936614
-0.48017924418757946,0.31792770955824
-0.013025938391867763,0.2699391868177278
0.21338489168811042,-0.3776174804236224
0.1408387047329349,-0.017020215123099893
0.28909375611569355,0.29708868111228437
0.027133873882360177,-0.22902862829359666
-0.23908072487228807,-0.03656201798229828
-0.3080067087668557,-0.23542081951226093
0.02395664663254449,-0.30519257840374386
-0.03417699228098296,-0.30923507932539196
-0.2076872433017941,0.06787561144647582
-0.42781627499386093,0.258862948308325
0.08536971524963337,-0.08471171893099091
0.1891003643275676,0.3726550333790962
-0.3040297881767187,-0.27319612553879286
0.0036224194809239474,-0.4639515543467957
0.21697583667092946,0.26404453744485906
0.4720826019431626,0.02345594634392622
-0.007588701396605528,-0.07586906634026973
-0.19898582597250242,-0.30940590826910813
0.007063190557662718,-0.21015351983318287
0.07787303929263673,-0.12683506205551848
0.4127870286531338,0.12373502943736552
-0.004783695668189674,-0.11399277247191006
-0.03800212552815685,0.011164821040172955
0.127769709764411,-0.14940072995612022
-0.2381108479026064,-0.024466772609741238
-0.3392509342991655,-0.23503662128576522
-0.32135273243000184,0.10214856019071979
-0.3399812592811801,0.17197716890143885
0.26550611850641115,0.20033934327544373
-0.2787847733580312,-0.24824413878266496
-0.2534394708861512,-0.5437314891761111
-0.4628596540917711,-0.1314924874249096
0.3382662599092443,0.4485991491690766
0.1715445902593193,0.07721156191272788
0.04189113012090939,0.4325826774611617
0.4000350972951219,0.45177681700825356
-0.33193933768905837,0.004891748099919697
-0.0033399247926576,-0.23364371096443415
0.17628558965725744,-0.2075849430760931
-0.3182098588491647,-0.1939417341340637
0.411864143103617,0.23036681766012063
0.05105243647840782,0.03342969069125197
0.44823319476456697,0.1920965735211007
-0.32788719331360777,-0.2871672960982679
0.5057432886422796,-0.4697016361115936
0.18041475808981053,-0.013204036831459551
0.25492867856438867,0.10959337073759697
0.19934613509858745,-0.1647885744929426
0.14147490750174596,-0.1819091706867768
-0.16468954442079328,-0.3796606639388984
-0.08374338219267526,-0.14064360625702788
-0.2598139508540533,0.2055644346344756
0.1634411873400569,-0.21238430802415742
0.03571757077973754,0.16256766404598505
-0.27422519692938657,0.12534131873803658
-0.01700319652793572,-0.12200333447184292
-0.09324440183568798,0.06288141602128301
0.049656734735169225,-0.22128189986183705
-0.47239747836267,-0.14090733159962832
-0.06032235447918665,0.05601049310794748
0.3667486790921213,0.13814104592010035
0.23073819933168166,-0.07141284871443289
-0.2808663113834368,0.25380759255606633
-0.17697841179614923,-0.2646593307837608
-0.32710452497375153,0.0090740831442291
0.19006945813637866,0.14971200602753193
-0.2935368929937651,0.1406539405739335
0.010680961857806667,0.0958638716492677
-0.24188652971686728,0.38013603068132723
-0.2945713395000555,-0.055444269073693195
-0.06500642171699322,0.18132544009365023
0.34520372461279286,0.09564191640446354
-0.2272659377901253,-0.28487602400396894
-0.28943682663723175,-0.5175224013548548
-0.31887660727758316,0.034574929475121835
0.16073510542989028,-0.0316446682757513
-0.08171811880630656,-0.14377148963102201
-0.06046059903298663,0.06921629255954233
0.2911065259273334,-0.2008039608858439
0.33139758730770613,-0.27005161407765316
-0.15741756980846341,-0.5560303909759904
0.37441283797888897,0.013602378583076988
-0.06925773498592219,0.02303148924361355
0.10104762105460517,0.25117252004767165
0.36504227425120356,0.004179656616175548
0.04318622694422365,-0.3914503063137972
-0.0119288592446878,0.12505053405127417
0.10503681131754344,-0.08475463068179791
-0.35943119437684334,0.43509929252109425
0.19689907268624354,0.11821272489904035
-0.20947548558504828,0.2873454221681986
-0.269918546780958,-0.09501161532930918
-0.010322991559344033,-0.5260380282702681
0.12965792749329133,0.21261178148529644
-0.09387191775499636,0.31101498465971766
-0.17032785652077698,0.06575248775007574
-0.12001739153860548,-0.23026193260882524
-0.03508075276924733,-0.5542951931705384
0.20799550180542253,0.08881549689104995
-0.22473670974579688,-0.15950150328029003
0.06949067667988454,-0.31833295235718606
0.23612347093062697,0.08951187734352212
0.06409378563426897,0.1488593703453475
0.22570451219273915,0.3242759859417009
0.09393114072349205,0.016247950548202703
-0.4208576842788119,0.0024898438895958335
-0.4323130035142146,-0.12354387955860709
0.11134194840334782,-0.1495200780223616
-0.375921691258881,0.03999119149371191
-0.017544153982398905,0.09763489636246753
-0.04448993277361398,0.2854628193507019
-0.08952996625301032,0.07028804352807601
0.2138820179548741,-0.5309192809773527
-0.2575626694859291,-0.09670261936926369
-0.18344986480952202,-0.1727760153056408
-0.06823803568059739,-0.28476023763656433
0.34261270249765713,0.15173633815352633
-0.1312613081382723,-0.036292200074714086
-0.016826629375828742,-0.11801970980178672
0.12296587989427316,-0.12505585823387053
0.08577318914438979,0.04304296048682556
-0.30298624839782834,-0.24552670441377786
0.36935713322715497,0.07611254812988053
-0.4512572882909175,-0.2531707679151558
0.1670931227426349,0.3038956444605672
-0.20780008562629218,-0.030196382313606645
0.37211320280696875,0.10657692117668353
0.08010006988532457,0.1602485692814239
-0.15320536575516316,-0.3269859528082391
-0.12876461952467597,0.15805787518676537
-0.1872452905534524,0.08706175852188883
-0.211512918992694,-0.07905062333225807
-0.22125945630651941,-0.3066184691571231
0.22320534360861896,0.3655144162270533
0.3810772259057345,-0.31415503682639173
-0.7243838888262529,-0.2946283561687461
0.5872139679895271,0.10296752237209175
0.37918582784439603,-0.0779064147220986
-0.18270673407727314,-0.11082184856076974
0.1306264808656298,-0.39622041735754726
0.022967682449938426,0.05614345050806085
0.16089142899639244,-0.08117840182620288
0.14281185694007423,0.30345996956470006
0.13666209737277107,-0.048594521124636345
-0.17682104069452473,0.12348955098473961
-0.017356032481005396,-0.0029825189564043108
-0.024017998405763092,0.3418966962709367
-0.05357310697607629,0.15304244962767227
-0.05657347275034129,0.2857220786674229
-0.26052767343015815,-0.08234995643524903
0.1544795769434783,0.015208495830066183
0.013808779886501091,-0.29167532091798015
-0.1817641663664137,0.12633955256153237
-0.2777406324374453,-0.13564555453681892
0.12875089010230575,0.34898470920567254
0.27663905901644187,-0.0024732285184245906
-0.08357874730994344,-0.20008095856155825
-0.19545144485370622,0.27138707429446024
-0.1568051661153852,0.13846671421555462
-0.1371010558112662,0.2916775509850016
-0.4461175216269276,0.28048623970764075
0.2710650754983238,-0.008336806252189802
0.8651266652080447,0.038150438087484764
-0.060205386615519,-0.1992152598946793
0.27919469347667114,0.1953678338343749
-0.17230701417087319,-0.3511493809971949
-0.025190740436422488,-0.46673859043981913
0.26768341752114155,-0.005368339817945655
0.009894642542966877,-0.03500952654467734
0.02908387828119604,0.03341940459615066
0.33738846119032584,0.0022903706713241555
0.13870905222200797,-0.09655965126387664
-0.09942607771390292,0.33547443592764575
-0.008032498743351334,0.4034482537266541
-0.39331974042455164,0.021628952865672152
0.09229524453346406,-0.11910238831804333
0.04194803685136847,0.40591806879707
0.19755171881399733,-0.04991669404579479
0.20557569605771825,0.5428887700010204
-0.09214901642133928,-0.1443655506275667
0.3146624268368056,0.15334535736980098
0.15830109907894538,0.12523562036548827
-0.23487691123865703,0.2914353344156108
-0.06489449229222116,-0.45973192483123443
-0.4860347619995478,0.2993348673725689
-0.1411350984043045,-0.0730840277159577
0.4141636397564874,0.08456247672281163
0.13188846406674934,-0.5339468230585871
0.05357192066581979,0.2774373709859136
0.09168307922904603,0.10470842202000294
0.06691571958496963,-0.06700598339991135
-0.03858368084850742,0.25219229509363555
0.29743915924318987,-0.21006250585032923
-0.19612728858001283,-0.20815551343797117
0.6666241835715266,0.3602387179608863
-0.12613740716507846,0.10826746591712301
0.17570677121322034,-0.041757488027932804
0.010990035172447794,0.20929410378393734
0.050496289605355724,0.0925613621960993
0.13887345530183326,-0.03243939930535561
0.03082796249172371,-0.021243612310338913
-0.20546771632567717,-0.2181004880424982
-0.22213606430120308,0.17001411244413872
0.13112527392689835,0.0911442942794346
0.46710768045781376,0.01885470653273354
-0.1478839308083046,0.06882531226725871
0.17435715066370058,0.22975393896136206
-0.23234364693661277,0.34885493614391383
0.17373776368973518,-0.1919445338298566
0.03964682325489594,0.2645114200306802
0.13595849397539458,0.009697509246748707
-0.2728423761625199,0.031342458011927435
0.30030177161764204,0.2280613856877424
0.3314125399348236,-0.15939018546475736
-0.2535885266854379,0.22708885101228024
0.1273833192835846,0.18894087624717387
0.23312915929447092,-0.018188462349383833
0.37823976279517507,0.24639805421451594
-0.11440074568584466,0.22663421270606865
-0.3437750195039522,0.4326489872841625
-0.20690299167704726,-0.013771382399776537
0.03283406167807359,0.1957759306325389
-0.020400107237834374,0.18875241876662535
-0.14596868896801968,-0.1465332697426629
-0.035083525125429685,0.020766504403428605
0.08402741040777131,0.08625853882643647
-0.006282715629516924,-0.37236658204834383
0.10535307607284178,-0.3811252629985576
0.033650301568455956,0.11887735082866223
0.016550266751844733,-0.3722889486364459
0.19220190707244422,-0.16191019469861456
-0.1424366000453698,0.4554918677315497
0.276282355545208,0.21893356078442325
0.06271790856724255,-0.4036097783630307
0.14027365554426482,0.08957799015348214
-0.07314398510757046,-0.23048245033702272
-0.06031771485782487,0.4537786401645679
-0.020274925287976087,-0.28599929715450306
0.2509146404870233,-0.02346893070387414
0.10745071341374315,-0.21325693328855466
0.10880564145898401,0.13691718228490096
-0.40245851493773843,-0.10624761539828395
0.15560591303861668,0.4325597140986494
-0.20937162041888774,0.12108009224669602
0.2966252253193188,0.2356189028101637
-0.05249057563792599,-0.14481392381605396
0.14560636001589497,-0.38462837720378823
0.38089542952226046,-0.07705074422238835
0.03542646735617892,0.1523599740177308
0.06339382557796788,-0.07395185973566601
-0.1580282119449597,-0.13371075447514097
0.4698381228305887,0.31455996654144625
0.3359927681822927,-0.2923623709664163
0.023821308263449553,-0.019052840551790014
-0.033572139978507255,0.04606703291745101
-0.0042197364250521445,0.27595541748523256
-0.04881231001343224,0.04937764002038017
0.17062195220241394,0.04911934211942972
0.09416095851386669,0.19876496587260362
-0.0004792339522490557,0.276237108916119
-0.11072074031307813,-0.2739466297493745
0.029121806610773723,0.13294876097945502
0.15020942842735635,0.06799379020557957
0.06193902575778919,0.2107899739868644
0.04742768003056607,-0.3168954920116864
-0.09326702458953605,0.3430972491157913
-0.09332081495993994,0.027919779189198354
-0.24361509275059018,-0.06426505592538068
-0.11616660915004841,0.28729874318111
-0.10460600501163017,0.24663209082808468
-0.09958752475776414,0.37124429509627294
0.14471807634848327,-0.09087985421166098
-0.02701508118395772,-0.045742786829557736
0.0687169542774734,0.47785828308110356
0.7864969151631989,0.2978775226634632
0.07187567863742635,0.046802818975055845
0.07878408659384877,0.3370486398954122
0.008829808109306636,-0.31982733730814056
-0.301253490183814,-0.27201232820618215
-0.0766192758817797,0.054901919643834035
0.17528423146564182,-0.16090773163059663
0.48886656700148,0.09543320233399298
0.24327705559602378,-0.3858100298495338
-0.5002770167144392,0.17219721457387746
0.08337486380164191,0.16221067883803242
-0.2508001641942593,0.49425252050156976
-0.06799342491244913,0.1764025291035544
0.25741291148221074,0.3357030608690837
-0.0012344923759847626,-0.21977794191880373
-0.23905695612736014,-0.24446977659185684
0.05940442650635123,0.4082350381504669
-0.330460662382746,-0.06303966901744787
-0.20168153394997207,0.28925038147458326
0.5661868458673223,-0.2669173544287886
-0.13805938021593012,-0.04286828773158601
-0.25553129115124235,-0.22105197389788472
0.1885755560314005,0.11353735129846262
-0.28206384537898804,0.09586982315003278
0.08500817854302428,0.19301913148104455
-0.10128711411403551,-0.2759768252697449
0.09383354287284976,0.29237203108228865
0.08755286915982555,0.2609937282112433
-0.48121096040680306,0.158880756494783
-0.17774811305226004,-0.13464173031410162
-0.06778525421363056,-0.4480966110437661
-0.31691609538768695,-0.3251036690835768
0.01844090279196909,0.26350964475139793
0.15988154225179937,-0.40676318687743357
0.3199179513772177,0.35302326687165186
0.7950301515608725,-0.14626145078720848
0.16140921721229767,0.3277884022806182
-0.16062108258989935,-0.2458592312711191
0.023821031023985216,0.25445003317155584
-0.005799435993280096,0.22564870010104296
-0.055992703177327074,-0.1972453435495441
0.2099526715001054,-0.11717247597893155
-0.014542461264811726,-0.19300539494358504
0.1866867575364501,-0.22998237515498535
-0.555058151449927,-0.7127159327276761
0.01824608907933112,0.08154283917046519
0.29292314475519593,-0.29821097009041647
0.22724239811871152,0.26400141219686885
0.1811019242497108,0.11951060264645649
0.15316923949992436,-0.07013212436122095
-0.20125656588279286,-0.06408664699115492
0.19433021444521473,0.2657468753360016
-0.033960988547512866,0.4007990713323441
-0.13860439071301006,-0.10438680806031359
0.05241108225360849,-0.4323660757497308
0.2174067260046665,-0.01222265500898849
0.19221562722970015,0.01229552003929231
0.39052522242341425,-0.3190355479758231
-0.2466658203418112,-0.3767273338715675
-0.1351795980378811,-0.21980277673283388
-0.08533999739075167,0.16067575833288006
0.015597381399618523,0.19271019530921082
0.04602929673187227,0.22737684527825872
-0.11466263959820794,-0.07666026263721701
0.11122831921579873,-0.04363454177720252
0.4285039937753589,-0.05509429432533423
-0.24041542493370044,0.36187981187762736
0.08533414867081304,0.17557474469016812
0.2108789453364257,-0.18323135752084355
0.14241548520424716,-0.17739282130234524
0.5606002949632731,-0.16478436306087707
0.11838434208253268,0.033442637530605564
0.03628025406109718,0.17590563312522933
0.13289450527652866,-0.13848074103949246
-0.2152883000199313,0.019200770850898913
-0.32174309339911533,0.022267188941863678
-0.10622978640288422,-0.028549856381893588
0.4938528899809941,0.17265459721873377
0.0014086480185153858,0.09013150842255747
0.01991782978700673,0.03196211085164902
-0.13638858827757389,-0.2541235764543162
0.2121674704486152,-0.0657601981417751
-0.11298699709336588,0.36141421715440186
-0.3465906902423235,-0.09603204540878713
0.0807779461728329,-0.3173596332965834
0.43894880489567634,-0.14185069894966656
0.10803621804275036,-0.018931469644466792
-0.07506187970549859,-0.001174655759306883
0.541467345901446,0.12485688206969736
0.06601600454913642,0.019015377961492688
-0.036151000586059585,0.17595591332444455
0.056995639289188764,-0.26989547877223996
0.1079928790843036,-0.06361417301272988
-0.06388450039163963,0.4387298691587631
0.026945587976034763,-0.07112966995451558
-0.1975055965540842,0.28179306688890715
0.24856726928882142,-0.04854614185266219
0.363121320337593,0.13555673334487736
-0.031853025557073,-0.07828775847899282
-0.4677455486628662,-0.21647891881765316
0.34065512990206936,0.4283077037112435
-0.06375273810278774,-0.14269598278413992
-0.09483987357296735,-0.5064397939085847
-0.14804297327584218,-0.5531177153485634
0.027811257244635873,0.21215954749510216
-0.0988244213163545,-0.26121472704114734
-0.07567904573000049,-0.4194407208219277
0.18628724510676045,0.4773587462107315
0.10566245623707221,0.2826141958874135
0.05116442000462103,0.06853065485068832
0.28631586501153156,0.18637672130591115
-0.20897870395226079,-0.1113753179499001
0.058425415260773904,-0.3362522366334795
0.22096004946592412,0.27536273368978176
-0.48712355747443953,-0.2646027142496344
0.030177916901403163,-0.39026281855589773
-0.1525627438410098,0.3448782405167206
0.23847111546584107,0.14063515529736068
-0.13638241915682156,0.04580379903328231
0.14785850693149546,-0.10028247741036861
0.20746442007713412,0.11111846889293397
-0.3605009594965616,-0.5474204864463057
-0.6161722053906871,-0.279080992154395
0.09017419881051002,-0.03398460454131759
0.21935481516107425,0.20925672042021798
-0.023666085600589443,-0.12371536079142828
0.6327182523745125,0.16251034966501882
0.0008996053580012216,-0.3433824380118231
0.3501475066991156,0.1370530094286387
0.33890661116943777,0.6405570385680475
-0.270669519741286,-0.2408412366245099
0.07718149584986131,0.20403144935610404
-0.17543756347550418,0.10973915822604373
0.22367486713978624,0.3145903753464201
-0.04632057698188511,-0.1788436037075175
0.3202523614397445,-0.338091457889677
-0.10034516723082071,0.13880901018021424
0.11277826265803322,-0.035855825152132
-0.42118100694883565,0.2628165979339346
-0.006417271593507284,0.34756363793997036
-0.12141038323891776,-0.04230340629558652
0.19353333288646415,0.20919276386564659
-0.0866304049478571,-0.08793941959329456
-0.4006400192704887,-0.296437249469686
-0.13948854264452626,-0.13409830366080755
-0.2528365087880331,-0.3336032803651249
-0.08267126746836326,-0.37299714930079647
-0.12110432276490903,0.24563438945953445
0.07668076620484686,-0.13880302856178145
-0.31707588489403227,0.27344054433029363
-0.204873916942039,-0.3524581802525421
0.24337850438576586,0.06273358193823221
0.08481916016426806,-0.3331162900640161
0.37774354447150266,-0.08627752132079833
-0.15164758586954574,-0.5109811029314308
-0.038652645757015144,-0.1437951169714531
0.3040019091821945,0.19793125004844103
-0.46732980594986634,0.06859941603292434
-0.21065889403928295,-0.5150142451084468
0.2778489255220762,0.4569285047156796
0.923994699045994,0.16331180826722297
-0.041961854683841365,0.19987960630163445
-0.5297077418964418,0.20269290597956757
-0.10567884166973408,-0.3528839974684866
-0.07598168596902212,0.11988535077891839
0.4598813411271135,-0.07085937049629837
0.02783786403611135,0.05949682796892222
0.007720319134306409,-0.17860976248318294
-0.5693494676695504,-0.3031496814096477
-0.046348456208053564,-0.19652263831991917
-0.11384114292673583,-0.13140061606284278
-0.003527192346104683,-0.2809915084966531
0.0674014416601273,-0.0795145194004648
0.1724466402312891,0.06776597167714148
-0.1153856036681651,0.046582795407142726
-0.20481513470054696,-0.22396636957854782
0.21708489951537543,0.5691181844832737
-0.07484037077275112,-0.284613638811316
-0.07869315485955077,-0.08774029314535171
0.044383387175439486,0.15999907288594123
0.05371531346390104,0.08542580178276396
-0.013383761173649929,0.04861653670287864
0.1298374261041027,0.10613251401175992
-0.3134769237692466,-0.18482962663318048
-0.020881178810832138,0.006096688828106033
-0.36167531773383266,-0.14055671996010144
0.0803494598806363,0.3406911546795059
-0.3403938268543619,0.18516100186383022
-0.5824838107954416,-0.22835831742339427
0.014595081989606424,0.4147977311706959
-0.1466428001547249,-0.057012934869660845
0.22705704873824337,-0.05704900826635694
-0.01667282919396385,-0.12239585809818243
-0.22563282564673123,-0.4278671435364686
0.23747756407802187,0.05618725123628473
0.1432629856419125,0.36882654441884505
-0.10478908360821373,-0.11671132784665428
0.18962384457882814,-0.24092621901495082
0.0020470939393421204,0.056123428641225645
0.21614703937030558,0.37362327646071924
0.0746187960832717,0.12017338110284324
-0.21138806875659602,-0.22063787958489758
0.15255011333775237,0.11717388361616288
0.010027251926447782,0.1527315737222778
0.07451043240769185,0.4089765862098615
-0.15686770629955948,-0.4743597588979812
0.07227581765852728,-0.07627927132927068
0.25519571171573163,-0.023292156810207094
-0.23486454852092611,0.2669842664897267
1.730305471600855e-05,-0.6048891762897699
-0.3732026940826721,-0.2384853042122604
0.1595007149401195,-0.1973063076741172
-0.1073961034301152,-0.22321630665345774
-0.056984656044030475,-0.21614727909618636
0.009312981709242581,-0.3989663739468272
0.08348037937793483,0.0541371503391302
0.3031269701102256,0.17655592797081066
-0.21676413462076455,-0.18552755678508598
-0.29029423488592876,-0.19792480563731846
-0.06384373193309875,0.060118099024342994
-0.22394924849463413,-0.23097641246418874
-0.2717691594386583,-0.1982132894286199
0.5251542204896695,-0.01037367988424891
0.5081410477838209,0.1012949598715683
-0.08661670253936204,0.49521174211390906
0.0676372408698505,0.5471070586198654
0.16414552791340362,-0.1676425643675599
-0.3798985174390544,0.2912026110925067
-0.11846045436322533,-0.3230589907548715
-0.24250476210734093,-0.20551149387740061
0.038968220736018196,-0.085131921814716
0.1755512365514087,-0.13906114850345713
-0.1733274529941303,-0.5151367387434036
0.1229664445666941,0.07950352960876465
0.12518615128174804,0.06155290647772262
0.48857098030792195,0.5162248476036075
-0.052910992027964905,0.07424224229037234
0.16564729521513422,-0.06319260436287816
0.01870649513666842,-0.09445845473826045
0.020599496067013244,-0.11331504015234219
0.40392341636854595,0.2747491164831634
-0.1915252657765935,0.07868600571948432
0.3450071456054431,0.3140957395983237
-0.03893109666908604,-0.17595930456570927
0.5168256086416302,0.5591883211330207
0.2463105850281808,-0.013224435489362977
-0.35600000598674447,0.04369263653741152
-0.28336886746170564,0.464789018016918
-0.18727185027628684,-0.2615155701070669
0.09060588330018587,-0.07301245278419459
0.10490614600457134,0.3614889853942764
-0.4203625292833679,0.22413687654818878
-0.17465981477151737,-0.2877703237035544
0.2204080587247569,0.2417288322795693
0.13412342463647356,-0.4024796417436867
0.036726949018397514,0.01607577441916299
-0.2740875463260006,-0.23008441811246677
-0.3256438799268817,0.13507973768338255
0.16327569121872074,-0.3452743587631835
-0.09558217222071,-0.24413779435835967
-0.13005228308494807,-0.18363300949033814
0.13409396199115514,-0.1946939330682924
0.5752292824774762,0.5212359764935087
-0.03039380936704656,0.07702827921423512
0.28831987593088504,0.3627842881536153
0.02423546239251763,0.1622295275343531
0.3476152918649282,-0.1720166923211646
-0.0797837017019623,-0.5962208265067009
-0.4321836624333302,-0.1974855016320026
-0.30615442851868,-0.025311497049768775
0.3677495345828185,-0.10367107181058181
-0.3645121673872878,-0.28335949083600614
0.0769933424570652,-0.07434006259701322
0.2840473003552142,0.06493806889841042
-0.2814848470213591,-0.19640134116399077
0.15260633690585151,-0.21648427793779645
0.2054906513042485,0.1788911944159323
0.13599154124712923,-0.14876651697287432
-0.046557292811097425,0.0670579511848553
0.08720979249175909,0.1122642790211057
-0.2803442542259039,-0.12064153799698292
0.43404815392300405,-0.20305740643970346
0.22417037802119322,-0.005838491874904951
0.3207923050928829,-0.19836879235433405
0.18951252295493268,-0.027938342291376993
0.17887015259578157,0.22524514684030308
0.39652692512752413,0.28462054112263585
-0.3779240021133597,-0.039938900423654805
0.26324455300093713,0.01830970679813111
0.6276533469267603,0.31424626998066435
0.06701684808465401,0.16001066530027666
0.2580914767365524,-0.09585071149183971
-0.23705207426573233,0.20860878821447754
-0.2194680119545984,0.13584115804487032
0.04598523864232396,-0.05591582632129859
0.05660417584840293,-0.30410390563090944
0.43496881588160285,0.3388415840670357
0.038608623384910556,-0.569241982241774
0.29461426467415924,-0.3312489270435625
0.2929184416625906,0.2241990816731003
-0.005424449801051395,0.21983588038478358
0.06541475856235171,-0.10377444282560024
0.1352949031208674,0.171142752560145
0.06593243936094037,0.11874892548516086
0.13449529181858147,0.03886071955996556
0.22977799602112145,-0.014523991099945815
0.11766029592798931,0.4328599355698778
0.02262792508410344,-0.10107547606178573
-0.014777715519348238,-0.1710818315383916
0.49195859765428673,0.30204450024310614
-0.2901069002953009,-0.15423647846295993
-0.023475263269372396,0.22829796322615886
0.02675986954982479,0.33059423263796717
0.01676613771872039,0.052981084249704644
-0.09885890340065208,0.4531979114670276
0.17450560853382752,0.3353306728205789
-0.08252181789093982,0.2286577518813348
0.6369661966183696,0.0011625425702817016
0.05797592660216137,0.11609116184494263
0.059294741279064075,0.05818704147767052
0.07977157362451692,0.021791665768104845
-0.056775949281473705,0.12773503668604347
-0.16845708476531218,0.02772652517344748
-0.13779444780243694,-0.07293203774247331
-0.010236968727616863,0.38921907805463424
-0.2622000404432235,-0.1611891461342566
0.03820557545562019,0.11016667995223209
0.020461628152549826,-0.2525771581767651
0.4623993313996228,-0.1130312240047041
0.39498625646623786,0.0305604833566675
0.01129948823529223,-0.3478769657482973
-0.09056264412947465,-0.13376262853264145
0.024933393138062927,0.020558124371849958
0.033063033631792624,-0.020597827010816673
-0.0064707928827217815,0.34711437119640937
-0.028890935767069133,-0.19572655897181968
0.14773553715835988,0.5138142799626456
-0.8532914565542244,-0.09673885731158152
0.1289958741735742,0.142972460995037
0.24505900054218044,0.1813156144748161
0.08342412655963358,0.16362604858141636
0.10908627633728153,0.06427749643957666
-0.25487888883436244,-0.44252217268982846
-0.2862756267258007,-0.22899497514586228
0.1608846092292738,0.2728041945666192
0.07032957860343482,-0.0881563499763243
0.3656894924978144,0.291384812624869
-0.09754246988456568,-0.2244804903214999
0.10591693213868919,0.21428411718064272
-0.21428491342588937,0.019607906724725878
0.09869157885126541,-0.3286910324864039
0.054563610916120574,0.13397124305105398
-0.2366552813437006,0.06813626495076988
0.31554840569921094,-0.02395439621887671
-0.05710415435090818,0.017075112584912677
0.21618746408443992,-0.0515744050061515
0.12611829486711257,0.07388845924681282
-0.3829868452640687,-0.010887673786010481
0.013139986670425785,-0.10395740728798619
-0.005110731080764951,0.19125955856838558
-0.41492318626681424,0.3833946590030987
0.1924518081696031,0.30939268167241213
-0.29925757280380794,0.05237952930030576
-0.08664079672799299,-0.06599796473390254
0.14950284185914414,-0.31351199979388134
0.1103428816238913,0.2928217789757325
0.26089311958887285,-0.020440300181577616
0.022830435091238388,-0.010078490449860677
0.2706759864595182,0.4084149834733235
-0.038371191181221564,-0.0018617831064331768
-0.02781560065291596,-0.007109341910871639
0.08815551341333791,0.19762073168365527
0.16573818304823087,0.013028009938806753
-0.1389351619036864,-0.21098821596192271
0.08205285791914024,0.07412845230234902
0.11408337587955984,-0.3956849185330063
-0.2342005061973943,0.07941303413357709
-0.05369643946777017,-0.25148334004362743
0.5942388589399122,0.4016666507779171
-0.20154876144152237,0.07847781769721666
0.006827366430672375,-0.15401783384341344
-0.48280194860712045,0.1758989301868201
0.39095646959138675,0.06541998471997214
-0.3896291497189198,0.15967061812218633
0.18334081361271518,-0.030591413291806903
-0.3174790266621059,-0.059321354505215175
-0.2108205265716274,0.2637062290854755
0.6026807478202248,-0.05038077224692014
0.21843651084200866,0.12100396464752604
0.1841936939470729,0.2567432051915562
-0.1914753611907548,0.03445727360332156
0.14779710355869038,-0.13466819329681115
0.18074954203344926,0.140169574144441
0.12299015694023781,0.05493088146200452
0.09397316365820797,-0.4036551446202093
-0.2287627212854491,-0.010397764542087233
-0.026722086905502627,0.01676104483973182
-0.25419446414577146,-0.2825011747607698
0.10581360387625918,0.2815289707467554
-0.51876561176694,-0.15028384970320602
-0.09483856912113997,-0.2850770527244635
0.2943434779640696,-0.283654914080675
0.08387312551715204,-0.10827142822711348
0.12114597896185753,0.03135510722625129
0.13991512995123245,-0.11760931923026734
0.4722183403186153,0.015028020187385097
0.04840837174591998,0.017955626257693886
0.14722989212064574,-0.2571428635484659
-0.02934413123733579,0.057065958228826444
0.359499794483949,-0.02104017543762506
-0.03954633355638734,-0.019947781480364465
-0.12959281361283903,-0.34758036754764426
0.4179898302960322,-0.2196774978175009
0.3085551726485028,-0.10354291014091135
-0.06578905093508294,0.014009102076622693
-0.07543617887948431,0.3890855897862392
0.3080532899956852,-0.5001375280710771
-0.06483225740859759,-0.47142582827044205
0.029110945554456463,-0.14727891499673823
0.5250793554007386,-0.07050827355309361
0.1185762520251826,0.015093257786689162
0.03840023670407086,-0.11831384907669094
0.40101207794471155,0.3792413001152411
0.01062931137263304,-0.04977758377638886
-0.4106832628821562,-0.3830483511697249
-0.1163704768618933,0.47694021687923194
0.1507294506684216,0.4899967300859835
0.17781386949071146,0.16082756959403968
-0.4124323409312149,-0.19072559957183516
-0.030643497741206574,0.36196378671684437
-0.6607162945903804,-0.06133140521252785
0.015596288119080719,-0.29048863501383365
-0.32227430724490685,0.056090954805254827
-0.12501116680970856,0.25099774765656435
0.39434313583413133,0.22927984393437348
-0.2884240856784914,0.13551015292390556
0.09108105433498435,0.2988975189767297
0.20914289065114947,-0.03966723885955489
-0.0430282345577024,0.03722992337612381
0.026529662183562844,0.2306908613122589
-0.05848727645824981,0.15800328319518214
0.07186550153927698,-0.07481402997268906
0.06372716676513142,0.021900917778025605
-0.1733102150763665,-0.2052119965964254
-0.3755986397036078,0.18889633891374824
-0.17309739197537438,-0.20172668585116643
0.4264615165416442,0.204488381922562
-0.23639405268749325,0.09601337177621488
-0.13621670840357145,0.19541535267923216
0.059954354651794266,0.1663634206965434
0.2785410673495859,-0.2472972529516263
-0.1965563661462056,0.23150906646525454
-0.5849859834390007,-0.3463970020558643
0.20514873772790815,0.4617224201781522
-0.10477516116806967,-0.20497280285453728
-0.13715887460692508,0.20247491792775965
-0.21266828203345892,0.11935020059110601
0.39796454731673586,0.15434073138325827
0.05082771489620135,-0.12841314431511747
0.018520538860641943,0.03424367052621587
-0.5064409342697425,-0.47619293467985785
0.11183306257999666,-0.20162429385906377
0.049950805023916564,-0.3014155873955022
0.42321154849210085,-0.39594463070189684
0.009605419793489776,-0.29897355741907666
0.4956276968018471,-0.2825451116532233
-0.2260665168850307,-0.27668279992978
0.11926073400701323,0.17347984029172878
0.20281882536102866,-0.030254868431395073
0.12352027112620517,-0.08401476051414608
0.11089243655983398,-0.331008569972575
0.37681508776560246,0.06556413792382576
0.02125980177391296,-0.06825989739194788
-0.34965404784106746,-0.20930450797876066
0.3164834918482715,0.5879687679578842
-0.2095474595721091,-0.06380488823410259
-0.21288506978357125,-0.39362770624986054
0.5960708273709961,0.09795616914303495
-0.11160264646525371,0.004297526307839586
-0.4823281651362516,0.27566564249227904
0.20194238299485784,-0.06098010200329717
-0.05535272882451837,-0.31217994681685446
-0.1358347275377599,0.3651643861149463
0.19671091868739132,0.09544895966608508
0.26657842766306283,-0.11607229850887689
0.04868859451237472,0.11806926143956022
-0.13818121803833386,0.2489103156419747
-0.0564511345253576,0.1381285882213167
0.08332910205962722,-0.018081230867197547
-0.17351316484957666,-0.2456714303678941
-0.19164085835227843,-0.027743973778480018
0.05684234039273646,0.22431476829942473
-0.14287984541701595,-0.4403058921339222
0.08156393315639857,0.08920265991852966
-0.3016135491758324,-0.20784285388543433
-0.4385608859064289,-0.47282270074801297
0.016994740926453575,0.4228541156040816
-0.004383990584086999,0.4029134809819978
-0.19611815844720745,0.09092582314827403
-0.13079620538791029,0.1970085129682594
-0.13682780372379344,-0.304894929515858
-0.03822022341975342,0.3143536172054368
-0.07835733489790007,0.09179322190293523
-0.11920871076378213,0.42429081637291677
0.18307400060405585,-0.14930557547184933
-0.1234536308868874,0.04997923883978376
-0.11001115337317034,-0.2881946826541605
-0.25156650461826796,-0.04104477425487627
0.30650483381597365,-0.14116542036060156
0.22241045896645417,0.335957235400008
-0.2097020203023157,0.2873788207289455
0.21085463317368905,-0.3615957007573252
-0.13969383847875663,0.25607089610087724
0.29765058025688734,-0.09440052875790819
-0.2717951136318526,0.21008371257671618
0.17353622814400635,-0.10239205256229347
-0.1073983338091635,0.20719918210957253
0.23113731320702113,0.5063189913535027
-0.2274209014155772,0.263530296168734
-0.1659350464563393,0.22646203182509325
0.29258901463670384,-0.10633863537812045
0.17975760696658022,0.6491850828168085
-0.06558473763265214,-0.18553573848827123
-0.2602156083835231,0.21184869916333238
-0.16943738210056172,-0.21037858402512702
0.30803700997356187,0.09442466107234997
-0.3222070873478393,-0.146313374931993
-0.03806099220950081,0.1953509435059115
0.11198692283799189,-0.16539288814833492
-0.01760704983507792,-0.07582944071093019
0.36043999197381293,0.18139927883164222
-0.05553060375359507,-0.02944211932850073
0.08578875400972534,-0.16027668749065466
0.2824348764377436,0.08378295748867887
-0.16288954463447278,0.2771791439096738
0.05438149876553861,-0.208865471272944
-0.24004375182219886,-0.3131601799286763
0.17131835259299744,-0.10398709945072732
-0.16945116568116306,0.2290951620479028
-0.1845189374367669,-0.1889915522660892
-0.15032454053439454,-0.2241479673670655
-0.38998021978294917,0.0057430708119694035
0.3754412834269689,0.33040675438205247
-0.18166821908331632,0.2654489843991251
0.15505906900346972,0.15478306636808925
0.17087885242732728,-0.03563067364272046
-0.33177261820397175,-0.004593215752220416
-0.38249689342431575,0.09767021612624402
-0.046246992241271566,0.06043950410632715
-0.13825191089984096,-0.2645395600893582
-0.22204250978820425,0.09906914669076058
-0.2149661775125649,0.02120411677856041
0.02549672106433894,0.004007003199039139
-0.4415967252040484,0.10736730693744322
0.09955080376698797,0.09978505656011319
-0.29487002751958746,-0.08589101352269936
0.2719125430861988,0.1459147660946916
-0.4531326010731782,-0.08177192812144796
0.45339443066321555,-0.03166154589787813
-0.08097913179586133,0.10581766047171876
-0.058102181893368784,0.22817169077758903
0.2802082106755117,0.3578681379760391
0.38361889250528663,0.5035164951325282
0.11321939427963869,0.05772711772813497
-0.01998357933861824,-0.17173547783056023
-0.08145453964496326,0.12053373376742202
-0.13075038934348318,-0.013680828024609909
0.23399826280220914,-0.2673284894532896
0.044916288165937526,0.03267883176932029
-0.4492118622384423,-0.12261742502086144
-0.4021647125930158,-0.03509503456517199
0.23938216631784262,0.10738747235918968
-0.2699261189766698,-0.08428177623196949
0.1227394270627046,0.26277788096856586
-0.2453490691054819,0.06487494002601883
-0.10747510991690765,-0.45087132727122053
0.22700240020653498,0.23739338281732605
0.35191244390731036,-0.2518158773550001
0.4001319092626721,0.6765483432615539
0.18652999070826531,0.14661739364144077
-0.049074720404055305,0.052397947154575096
-0.02093111752414754,-0.0647123189427664
-0.004660574921306066,-0.059995234726451636
0.35551558591493493,0.05026709758027245
-0.22137123188012134,0.09687097862883895
-0.04592385415497729,0.07276968347330166
0.08435332593697253,-0.2111219279463469
-0.07767049933662452,-0.053055748523290376
-0.18378745874845065,0.15014837109690016
0.37082898570644207,-0.024756243341296887
-0.10067803815329644,0.13526669091077406
-0.4567666997890607,0.2742093962633289
-0.1866945968918316,-0.13636748902757728
0.04932259482046766,0.05322706033206036
0.06820448713333403,-0.47009677899008656
-0.1659436683858041,-0.021348930423846297
0.2718665247991765,-0.19573575501292256
0.35213087323742787,-0.0580470213301401
-0.38532976379546546,-0.02616379185191243
0.20483446196942814,0.06317951058206797
-0.1735019886471566,-0.1306740529298826
0.09847576739636436,-0.1370065645986498
-0.12798496582368543,0.013657719387627663
-0.05174448446632503,0.3975028726269576
-0.18639152299697787,0.1979805575361215
0.11531865655370209,-0.02960355158299907
-0.1832439445623401,-0.0009465680372355499
-0.2383090066263851,-0.4735430313914749
-0.03748606361778928,-0.630197256943528
0.07716227329162403,-0.49861213708221613
-0.17081591849955025,0.43038940090170447
-0.3242849092179668,-0.13549321870748043
0.186711031466495,0.06213297312382538
0.1899226669839572,0.1791354020409257
0.5019302511805183,0.29140239878239127
-0.18886902215716048,-0.26750144492382505
0.16116538686368098,0.07222120995411234
-0.23616314693519788,0.03366737550602734
-0.5545383289548828,-0.4445829580510137
-0.10857974657749653,-0.2871147856693068
-0.17035382827673676,-0.24903872095926363
0.2212087630428537,-0.15118347417087394
0.04255742109874678,0.2143960769532428
-0.0813131745531281,-0.2971746723259884
0.3830992780510361,-0.18921325121379629
0.23891211278131916,-0.2655550795499168
-0.09408038301381631,-0.06216733507959198
-0.3449571725708043,-0.23135718411496967
-0.13573142543930974,0.08805820473517992
-0.25705646032451673,0.07165785368305966
-0.5494897934085514,-0.08985161017975316
-0.3795594666027241,-0.1459238219095329
-0.44266616386493096,-0.16857114865054057
-0.0022969680187678704,-0.2927818964545309
0.0943591543134346,0.013628552957990741
-0.3897870869840348,0.11490139361336471
-0.05858337941893982,-0.11711560632663032
0.022362941524766925,0.030248866369496776
-0.5211177974825695,-0.19913058426998514
0.0762668470997585,0.057975172071541764
-0.23621489712346078,-0.14297797853299932
0.11315570986706658,0.7565695736973213
0.05612587734856975,-0.2541880184860782
0.02739951995844797,0.3133582368989372
0.046011715773663496,0.2851654236309771
0.1716447577686694,-0.09405056721110656
-0.5710734786132662,-0.02810954315607471
-0.0945978070253323,-0.17034874980209333
-0.1429038399844206,-0.1884894935503257
-0.1907394193900774,-0.19107498103892892
-0.10298352772803186,0.1857874991731749
-0.05649490706178126,-0.4058039175892403
0.2743268411159208,-0.28404977821872257
0.045377310102104655,-0.16234766341747633
0.43092587252525083,0.3233648842461867
0.08444374944168817,-0.18614940444660208
-0.07722706497685479,0.023662847802355284
-0.04309218963415892,0.0024178820415170234
-0.06339313251359559,-0.022386829529799025
0.07542452090872948,-0.23257895446261992
0.1076234059952841,-0.1837311745106637
0.5171803470794364,0.22180742705666634
-0.11430284618480965,0.10483008652346104
-0.35290131922265133,-0.2503203740475428
0.14665061570235502,0.44846230667514025
0.4247859835177696,0.26375037360778203
0.019827162952248345,-0.2614315514986195
-0.16409728770339618,-0.17629324858250547
0.559527920497388,0.0421007732011911
-0.14616971411519905,0.14310769789079808
0.08573459656612273,-0.22218975511778033
0.3903698633260313,-0.21228653470310843
0.23218343556676604,0.08228132639317116
0.32610288019169986,-0.2524645586914315
0.1954257231224869,-0.42998488811072955
-0.017608570908233267,0.06507202002310082
-0.1537163432273073,0.008475191751634793
0.27836992358443374,0.5118368963213002
-0.11255372916448814,0.3669933141991816
0.5055827432783458,0.08039915541870406
0.24523302497664518,-0.03219393359732057
-0.40297012875129595,-0.194117730850002
-0.22260275785547587,-0.41079753133528013
0.014996987620734568,0.38328444805460954
-0.24724384405898966,0.16800366718440574
0.2870025508512578,-0.09817653619752703
-0.12691329552397182,0.37771553735246777
0.026807556119239066,0.10051413873537032
0.656806127138469,-0.02159601317147673
0.05721197703225625,0.11245599114470495
-0.017109047184231698,0.5585713223239399
-0.1946347132652209,-0.33209111414126496
0.2546900189695002,0.049793360720652484
-0.1428132470397905,-0.01701455418799215
-0.05073142607572153,-0.2003705823501107
0.051632192780173274,0.44434185133750076
-0.3006579289715951,-0.12453039544121883
0.019890044382473018,-0.44076467896573757
0.19107476737652065,-0.002386935911521481
-0.333929192413404,-0.34236426324991176
0.3557969185097197,-0.08873974369276906
0.17665338896211008,0.3376261288549705
0.15502240855058552,-0.14625750808898857
0.053211630433514,-0.18629124765989227
0.003535276023489741,0.16643801791343776
0.03532551704498077,-0.001467404082902942
0.2319103794673309,0.36555654755238515
-0.11913490491167474,-0.029752286546947823
-0.01956662454486355,-0.2117275541579535
0.12727542891430085,-0.23464045278509732
0.3219239612118632,-0.0713533933180156
-0.09035723728353429,-0.023552787682219578
-0.11735149670162262,0.3269802007017611
-0.5990360437481929,-0.014759400068738084
0.2929651240808231,0.2770794202738336
0.23086531282754028,-0.06744310291941927
0.06770841921528993,-0.09139734453101425
-0.507141813876154,-1.0576986320472999
0.023451394774809273,0.36970269275449263
-0.16627608090577306,0.2944176519336425
-0.05310996575773468,0.09718179495119521
-0.2575188520727104,0.20094640119799623
-0.32528038241380713,-0.0004008743243321471
-0.14602859185424974,-0.030230198386256176
0.30028203511271884,0.1444025155689484
0.49031153871042193,-0.014603915531922198
-0.07673389929039309,0.10558223836217177
-0.19309624358336497,0.3618207376644617
-0.08786643094451899,0.32603696797489745
-0.23007730568963172,-0.5217314483444053
0.30796006215315563,0.45065564316339823
0.14214616957753679,0.2254017763053347
0.08283338975586238,0.2199603997768709
0.03838960150914496,0.045273588043958174
-0.0412435870910431,-0.2344717556359837
-0.12383102567229778,0.08513950534247372
0.05723874750274448,-0.29016879913693155
-0.053870651215187484,0.4071671029352372
0.029819658504085127,0.12097131531814881
0.24195173868804934,0.1901259982880922
0.10389178509674413,0.1706259000833878
0.2372303097332105,-0.2644480725362088
-0.1891148090897746,-0.3265399255872814
0.025583384620755243,0.027736291427532072
0.0021962465605643296,0.03911375541948967
-0.393130989662404,-0.708491045922576
0.19630630942781854,-0.0006131815781361334
0.06220400387532027,0.0029595686301464186
0.21391462530383012,-0.10333276927555259
0.06784137313679954,-0.20251966823275686
0.17712015950590798,0.11980944843902307
0.20796871109958368,0.2285793090627158
-0.28186719975571706,0.1821165802340344
0.022657132034532172,-0.47950764441483273
-0.14294713429248554,-0.2200988896796792
0.0746262426554421,0.22748682661185105
-0.0429055368760178,0.01672557291054581
-0.3243473550587382,0.11295839295834206
0.29492684673241615,-0.0719269951574726
0.15756264096468614,-0.08491621239626897
-0.14267892247028102,-0.30662685528497613
-0.0488507253548011,-0.02324799430594048
0.5986615180741652,0.20822240470102077
-0.18161328449537323,0.3347526429081152
0.11818854455795964,0.03236903459024491
0.242979014429295,0.4303035971296037
0.17417318351014563,-0.07740631740873927
-0.3383733028782592,0.11653532620622535
0.3518403586377759,0.47864954537043886
-0.5547863551839222,0.08955409935618237
0.0829550721177982,0.02523332385690245
0.26149149230446356,-0.13488688157919274
-0.15954732076144498,-0.2310505704689568
0.03619693971956303,-0.2893448494953881
-0.117531552085292,-0.23419694561395624
0.4269818074468761,0.46184803298767396
0.23394866094587888,0.5828009990203384
-0.4166560410341164,-8.878245532087651e-05
0.04743966885748869,0.16289459115207486
0.3318321296648016,-0.24922595822687843
-0.024462566593417202,0.2962012471859452
-0.10134819396507393,0.04670087663139806
-0.08518741912391002,-0.1995898837707125
-0.2727469745018447,-0.0248522714878426
0.20174673618021574,0.1824588690109424
-0.20839225143793264,0.2703792409355693
-0.2888069979820489,-0.17387221791174132
-0.2765367774568788,-0.09970443587679238
0.21259905175267052,0.05389435860371168
-0.07736426813522032,-0.23790172486789382
-0.313187568484604,0.08004866693855074
0.23270541372826017,0.3207269801649662
0.3517023552811863,0.11639947647283445
0.4399462240808138,0.7471875408297614
0.5881383927162557,0.6621570721344631
-0.03113511636745274,0.20079639686293416
0.035967531951796805,-0.08557785906199539
-0.16834539941818913,0.3651557938142495
-0.2813698616970599,-0.23405868684122733
0.38287155635292647,0.1936121136766902
-0.5346289728127344,-0.27252913958419367
-0.05087748650117924,-0.2481923593681773
0.25494294499704084,-0.33338994489418944
-0.21487435517162856,0.14394415552343262
-0.22366721974832607,0.1387039343195829
-0.25858114260808274,-0.2754020827462059
-0.3035924450438729,0.5145733285157752
0.2572848264186998,0.1487477703919094
0.2979028700121645,0.3090008466344339
-0.15025017263473656,-0.07104068559268177
0.25223828274927346,-0.3164596050825344
0.17779157061457798,0.09656392564615243
-0.4169970045787546,-0.3819916149448606
0.017374861350251753,0.2515416976169877
0.005412281020093571,-0.10029609881195818
-0.045776166327956204,-0.09432890996129473
0.4989000427923403,0.10024306302374004
-0.014831818183469885,0.4155203087168584
0.12739215420433328,-0.19034552803067784
0.13089163642650198,-0.40683892537757105
-0.03378915080125336,0.08953042589975649
0.046296120496979,0.0760700937990869
-0.05925475274632445,-0.06462020202212986
0.30357840167811595,0.2902617815912976
0.1290043123523341,-0.09230362724064836
-0.017053250797223394,-0.05112234398228273
0.058558344537077915,-0.16107929833118992
-0.19730827413905705,0.17173635683889663
-0.1235800725174958,-0.31195992384884635
-0.003510155970041734,0.3711665376873894
-0.07579602675346035,-0.08749606409894124
-0.7122738517171497,-0.1466290455846259
-0.24500974890263608,-0.30201064076472467
0.060782276423941045,-0.6105005933488948
-0.17795062968688233,-0.10732275399596444
-0.08653749003444457,-0.4779856679961143
0.2503644081764392,0.14434723861733978
-0.2401127281421988,-0.4507460526403427
-0.4005519866707218,-0.18484243602709838
-0.15024909606772321,0.35058204529316206
0.39349964026598727,0.27309649203940023
-0.17854134574455274,0.30837444640632916
-0.11610122956347271,0.002945679248480542
-0.13121627878699146,0.1266202884462956
0.09089136962314251,-0.19751589665687766
0.1645037589558225,0.2888685824340794
0.3322127344082916,0.10561691476857636
-0.23554651149651704,0.7772584199695024
0.003085741611944764,0.35310618558040663
0.5179377779675592,0.46115576558820826
-0.3891106466004909,-0.12184482215062856
-0.28770786919055696,-0.21399386345925103
0.382351402176979,0.1001621828520306
-0.034725670757209094,-0.12649952129563108
-0.3082730503302865,0.00836534784583996
0.3929825417629584,0.37522979283514607
-0.10102009665125156,0.2577914453792325
0.08857869946925066,0.6018927852803724
-0.2717568101741699,-0.009904334942992393
0.12081593434952854,-0.03873544138104178
0.31353284063932696,0.3147800465290046
0.19748060165692174,-0.18260146146383646
-0.2504628716195774,-0.4240912129334438
-0.024988737465267957,0.02672094300074316
0.13846943662198052,0.14343502695365024
-0.10527642507131169,-0.06644672818405503
0.30755919091813066,0.06196034833761771
0.4160815199238774,0.0274744354684399
0.019217257147158807,0.10677086401413609
0.20287095491011373,0.009394017329662463
0.2992571639853748,0.04537291524546349
0.07595129419324514,-0.245339561067963
-0.19887899676263274,0.2395203265337098
0.030478369258575614,-0.22440853112868248
-0.029986111565758384,-0.27893251164659766
-0.7454689870387416,-0.475424944598768
0.13315444638826443,-0.1649171971430134
-0.4790264554925093,0.047568549675365786
0.09203712512025987,-0.23062330898073688
0.14174242457411299,0.25452886637220706
0.015312587891894302,-0.1966397915746909
-0.28497719279687056,-0.04290442399496687
-0.27668578208804945,-0.2312326367158655
-0.0034211978485144436,0.0910918835847688
-0.036428840557768155,0.14397824192953168
0.18940836334676356,0.32112991841362337
0.4921473932652809,0.0924770102854153
0.2682941085003482,0.3781858400757432
-0.4026234815780466,-0.19108709311263375
-0.2114006555008504,-0.4057906592269255
-0.0691660064470672,0.11341940609141202
0.023219218655590724,-0.1068817154791006
0.09817587705057065,-0.15693596136214388
-0.1461521116690673,-0.11241288233941163
0.6069817615569194,-0.11475048507229493
-0.33672688634000947,-0.007757539460031514
-0.010503812202133252,0.11443448730863849
0.1857804325003358,-0.12695905047654363
-0.39335642115370334,-0.09902002975014985
-0.4042706084514752,0.13676072802696435
-0.014246075539754535,0.22769920805522484
0.07739454691478459,-0.17493720787710884
0.10910511609098501,-0.09872074893245629
-0.24609546167871335,0.020193606649251267
0.015410033431007166,0.18229888509443895
-0.33759136314997085,-0.032629889393656686
0.2992060268033792,-0.09489535048759185
-0.1805202593466688,0.13466168388340172
0.06260730472391106,0.0003542161907353347
0.0757421759199789,0.11889332160141772
-0.212861154053992,0.15363225899966118
-0.08037816987009432,-0.006428526004719732
-0.07199707582600623,-0.27552415796876234
-0.021462329105263345,0.1766852725871661
0.11643917880663394,0.5426927703904812
0.27664564626457,0.1780700126900975
-0.09276954114532515,-0.3531753383826224
0.07735109115152126,0.5329042004870181
0.18877766062334933,0.16279572425166833
0.14735513757808466,-0.042747718602109505
-0.023670814734705805,-0.5437937543608711
-0.11989741469272631,-0.0798395850434155
0.04674409210492487,-0.1042361626030652
0.13152237632645336,-0.0943372395187195
0.12954406131161794,-0.0720660398712143
-0.011937543953035134,-0.14704099375745006
-0.09341895428112473,0.09786782153059113
0.19764551917072112,-0.5241176658926412
0.24771534677105353,0.13636307001197986
0.3548638635641305,0.2950646261487488
0.20831840285742703,-0.07947303215462662
0.05336993523638233,-0.0034888372924267337
-0.0531643441737586,-0.13362365029482176
-0.24116645263614603,-0.17196069456296612
-0.1578763316065609,0.0003330402846150861
0.1843378040106014,-0.059784814849701745
0.057137135809352646,-0.14409610198407205
0.29614619055883423,-0.16409292477118526
-0.25115955036575066,-0.03760472143320829
-0.31099637834142846,0.12740698475321507
0.1189334762160049,0.48601263029047415
-0.11237837018888014,0.17596994492857568
0.25218748932595403,0.06478346377754989
-0.23955916371812147,-0.19976860200256563
0.26067201586208877,0.2944706130922996
0.40110370824394626,0.25723055042925547
-0.41941695951000774,-0.25984734284058003
0.13597750447771897,0.2051877508008164
-0.20969942541355763,-0.06773224584819036
-0.35699051233475804,-0.2973486242767927
-0.32364161544753584,-0.25514833293442957
-0.11245625128086782,0.10434166867581329
0.12902983258528825,0.20279619809305796
0.04479437308372227,0.4577139991191873
-0.17948371000244007,-0.04180032100635121
0.11920225977888255,0.15992716550402147
-0.2841334230328671,-0.5257764364411476
-0.014500245131699488,-0.11542595416547698
0.04467718205921345,0.0970720936736362
-0.04359252734549812,-0.11770108363802692
-0.28958415587860836,-0.37200579230638703
0.1840598634313837,0.27723180443428536
-0.5204280089754761,-0.03044191799911221
-0.23413207421872825,-0.36227747608356464
-0.07452084297244507,0.41257291761087295
0.14630414896388083,0.17769133831449774
0.1826012750465688,0.32804673088082165
0.24137206281063373,0.16223821395069948
-0.22088105250017598,-0.2619474968603082
-0.3686173087184551,-0.4470350543477962
-0.07347430552653555,-0.04059724321263643
0.06801085242676314,-0.05750939592519758
0.3298809529712923,0.0491746287655374
0.2036084220357657,-0.006064506395437866
-0.2209103191644463,-0.36634058420443555
0.02263942225923726,-0.12738867782131377
0.05987200102475034,-0.004720217808590168
-0.21362048342562787,0.0639215001766408
-0.3524240883193928,-0.3291709527647256
0.650268915987354,0.12054747399970187
-0.3728089080398053,-0.2328684053258431
0.46533676230622917,0.21844435058138753
0.02405745695127818,0.26187656588157754
-0.24530366572985798,0.3003397046402703
0.15376578626033638,0.23694404543932313
0.19722311354455432,0.10373902552815449
-0.3332370403023887,-0.07029873283356979
-0.3155476073991244,-0.12853360861418398
0.1588738455701794,-0.1303960807004623
0.002570160198301206,-0.020621365904185795
0.1785121487785937,0.07308142801716876
0.32895307892707165,0.04158479925503502
-0.17913532145650332,0.23209277783783988
0.1687347209910626,0.11737066707245394
-0.21624477081305657,-0.0626990412067874
-0.42842807445413345,-0.442999630008842
0.009281388601935302,-0.10834460118844576
0.2533889170906344,0.8020817064274178
-0.28545088111135053,0.32910961208717304
0.08531846023236962,-0.1487140757110839
-0.07300538821388804,0.04511821502180312
-0.635266005514772,-0.19025837773428705
0.003224019665449564,-0.0758935120188479
0.003799527663653934,-0.11840401418509175
-0.310441999885569,-0.11681766924274248
-0.18639573128946066,-0.3980121219291861
-0.11780400940104159,-0.5830964484410491
0.1918744596057278,0.34484512836406966
-0.3251499120543107,0.12760032143273847
-0.21233497233922072,0.22263756730199613
-0.5286015546894562,0.08182932894986217
0.14989421126244504,-0.25498113343764317
-0.003543832025513588,0.04575775538296896
0.2781333005392639,0.018455821189168657
-0.08590591027707543,0.28706380656074865
-0.06863228801150373,-0.4861185543420902
-0.0392225879412475,0.014394025974068369
0.2260122904483255,0.5314751528413352
-0.17508873099217417,0.15028301372986352
0.09160090277098519,0.2658074649699391
-0.06629353192501301,0.19899018531755
-0.34937245704034603,-0.31627779648383525
-0.49005930512200985,-0.3508337173165736
-0.7047084522042625,-0.2796031151354262
0.20654360614494613,-0.002413389742302533
0.06768431272234467,-0.19850955464008677
0.005370519486858121,-0.053584282243718
-0.29869888675058287,-0.16163945365861335
0.004559412185274125,-0.7041994616260114
0.2261448004463832,0.23182158857338125
-0.18833764644867984,-0.1535963971393779
-0.11488840267641671,-0.23639388459706637
0.14867668189642033,0.21164099151906937
0.11789782957837333,0.030780622363879986
0.2986425833274329,0.25859087383318413
0.2549653807086363,-0.3290360302207997
0.14452850823600166,0.11642541197909145
-0.06374541032309701,-0.12626523468690362
-0.021994956253142572,-0.14612118535187205
0.04546131395601213,0.16823037051845413
-0.06424704045244635,0.32651224376384297
-0.299545621077919,0.2358292288333605
-0.5948805956021707,-0.07266322108934085
-0.06387286041829045,-0.391055927014661
-0.2397608302739204,-0.14869589522538515
0.025278387048951505,-0.45188856207091765
-0.09015881820739624,-0.12125401830287594
-0.02110704678954654,0.10480341878849972
-0.24592726637315765,0.0187197126321708
0.3562660207677418,0.4465888325516956
-0.16047689819245817,-0.0719296750808618
-0.10369286767881192,-0.2858305659985741
-0.46799455819017305,0.1384695649236899
-0.015716914254146595,0.3706326408958231
0.05553773525829235,-0.11412084855300529
-0.0706564440227952,0.09931691792024328
-0.1533820779647554,0.5470310258498281
0.036438616253303385,0.09576095675043
0.0812983282555813,-0.20877944820470204
0.22602635374115373,-0.16938024318960596
-0.28499030646936163,-0.25229960520594585
-0.023489545336362598,0.03236637383369695
0.00975742688608807,-0.2750618834801741
-0.2576551628520772,0.10439174920259298
-0.2528400635293615,0.45494191826769603
-0.4749997094893597,0.030846375723094618
0.12502781675294336,0.3570978900395193
0.19713714069754695,0.31292218241447556
-0.23261701441316546,-0.03914589711733646
0.08154294530241371,-0.23540770736721386
-0.01803061140261609,-0.3673351222550947
0.05289353450007121,0.10272394049940801
0.39768958612375205,0.28350488621687586
-0.5613520167749178,-0.3188422157876387
-0.1182139045755788,0.28713436624089733
0.5187419426361112,-0.23222717160094433
-0.43729409298890204,-0.17393955591549054
-0.18728616234872464,-0.06783558230008246
0.15698845264672848,0.0011575654380379793
-0.15978659456930203,0.07618968266042224
0.31747080136878914,0.01625770778529788
-0.306482271681952,0.023351085719467646
0.5182229433670634,0.08259732178261728
0.0009630131671860097,-0.062762991127527
-0.1681086528156728,-0.19723155228365927
0.15370805652168526,0.023890888396262622
0.20683546534992328,-0.3594832867104671
-0.31300600457240846,-0.10211369084668397
0.18962880657297773,0.2648573073635307
0.015029074585862027,-0.3651445717776859
0.47645745570342973,0.0444275375726754
0.17695198622255015,0.3197930758588435
0.16202088288047092,0.3108162358034867
0.3354817679796014,0.012591277550737428
0.04282397828944317,0.1179019503534076
0.09425436980835764,-0.2970167769072014
-0.09244416151182688,-0.13349747222023142
-0.09104538277898137,0.20385056973319293
0.13499632297545558,0.31408794863244177
0.048784946884780335,-0.17689007526491593
-0.13879570678437453,-0.02782002478277768
-0.021883994307302253,0.4344123708492603
0.33062096926573664,-0.0028650786482193264
-0.15472311830073648,-0.1581986234436622
0.33810299868776056,-0.10657851270915822
0.14626346251708683,0.19357429325470094
0.10265567408647706,-0.10633218788614372
-0.22033703625554593,-0.1986346409751196
0.2093136114555679,-0.12439027846641795
-0.2585559936064413,0.15070016404934797
-0.13070964674812224,0.1615057956924171
0.19546984838934656,0.5113221504881963
0.35666060313849973,-0.37845628516410074
-0.12233840065763146,0.029116677381911593
-0.08950519559803277,-0.4584423086079515
0.1119485991085675,0.38351369466888824
-0.31639218381477613,-0.2938324456992096
0.09700442483089476,-0.1762651352368913
-0.27703051457307243,0.23299370019301394
0.16685228810786223,-0.07429706353870305
0.44923891667786603,-0.20453299176259757
0.3653112672346088,-0.1391595547379188
-0.15370550598343957,-0.09960463460225068
-0.21844964375572817,-0.06680548034973698
0.19743810933324846,0.19913240501202006
0.22571140573348444,0.5320843034090579
-0.08389188124603526,-0.26802743848080807
0.18167287298554927,-0.33793128649888127
0.1565281154489849,-0.34858544609394154
-0.08794739659110216,-0.010243594488365457
-0.1304184671608192,-0.38313552262569395
0.15452289718955708,0.07401251824508272
-0.3149620362713598,0.29944373205513775
0.2601724323943297,-0.10540656338751518
-0.30171315696537715,0.32150014908309216
0.1151691912447254,0.18413054815719287
-0.2418414889592005,-0.08792552673845407
0.15659736337696892,0.5323313441679122
-0.10645555259413819,-0.05626433465734365
0.049835764495302276,-0.003373127503216521
-0.24199280339617185,-0.23024191595720817
-0.06492715323994543,-0.04817579067639862
-0.22469183098286077,-0.20251354057757842
-0.11550744471602432,0.11545937444821307
0.11671795437575345,-0.1594176478805235
0.04342350431502568,0.01016075770474686
-0.21120652013703492,-0.2644681888552775
-0.2643338393169578,0.11492884965338136
-0.022935647732851106,0.3713370175409311
0.029294875936830108,-0.3902414674753196
-0.24115455173436534,-0.132753766881131
-0.04359029239742128,0.2364103853495009
-0.042621713680713866,-0.33684515072043597
-0.12830079474153025,0.028507498321088356
0.0420146500352453,0.41760416629717434
-0.33505921736367483,0.018717331048319793
-0.08259416054418306,0.03549373284563902
-0.007909704523308112,0.3623367762674561
-0.15891313572959104,-0.1451563981733504
-0.055575822177474796,0.288277727226902
-0.17526295825555893,-0.1405225365395077
0.17539741973699954,0.23299326226118397
0.025688287167873462,0.3641050466831654
-0.28781407124542446,-0.2924390701878755
-0.12313863815103213,-0.20679215549178462
-0.02101807110491181,0.5170474074784553
0.10303747039094495,0.3651930437017284
-0.069825656834054,0.09177155944441522
0.22749246856087882,0.3093177307026196
0.1830222219658943,-0.23657771029181993
0.2734887611246837,0.36848546001061033
0.3432646364030197,-0.21737132549968025
0.04505830316735771,0.17504169087916688
0.6275806009626463,0.4702288491442639
0.18559985748782554,0.489441641241994
-0.3767191466376323,0.06895725717009013
-0.3650700816528461,-0.027862519725981912
-0.16457036542445694,-0.3943022207933877
-0.10192661944397606,0.35615653799780833
-0.04592696018466758,-0.0789063888570007
0.4684949970764836,-0.15609990910064325
-0.10542151402209825,-0.30603021064427954
0.1227056195634377,0.2798671125078153
0.13151943202074237,0.04338264217139512
-0.23968098045489475,0.06345373819306752
-0.06614490995167363,0.5557410489481345
0.026810078136515966,-0.029681578074285918
0.4546827031640003,-0.009377184807261641
-0.10006880851121501,-0.26085636686710373
-0.753851880353243,-0.5405264920035406
-0.07205762555219603,0.18688880286858686
0.4011143238661073,0.509139168170191
-0.4124550935409852,-0.48940482603380164
-0.23084933704222288,0.2846573121457213
-0.31075607162349894,-0.33078289472886124
0.11919377471971561,-0.25469799355260875
0.08881461605849755,0.43620502448728987
-0.09375103929818569,-0.19784939476710603
0.48435850578971673,0.19206549000024012
-0.19832001188926202,0.03516393893674464
0.016640630496735448,0.10319848460169383
-0.08628826969452294,0.11102132233484766
-0.08732952119130666,0.1565269192236628
0.1321673907452393,-0.058576056134432605
-0.156966483074166,0.15750202216291162
0.4348781372838181,0.0801412363548397
-0.1364743847948123,0.17162887363390997
0.0787218977644096,0.2721759508920587
-0.33391863159663954,-0.09690485013207212
-0.12586348639415032,-0.12290264151599907
0.13333840192699184,0.2554259643936193
-0.17068286128476612,0.29346545133799634
-0.03684056813205625,0.07133012019716581
-0.5016123575968212,-0.03390438912620822
-0.04321571838383716,-0.010787249611049389
0.044144473881578175,-0.35277169644613954
-0.14500804575648754,-0.026535087589106696
-0.07286838102071592,-0.22997987792967237
0.37343906911619706,0.24568532822080705
0.05483681258080352,-0.1296998543943494
-0.010030002227261482,0.2985832046371777
0.2731409605225899,0.027280129138676328
-0.44788916709309556,-0.5574497337681841
0.027921856543555605,0.30308541889912655
0.1812278372377463,0.25317858334933785
-0.21953996289890515,0.17764541454449376
0.026149251435810192,-0.04805286586733439
-0.14476531280693006,-0.2535560062438688
0.0731940452024707,0.08566939229036595
0.18530957410997745,0.1397809990421346
0.3787168796528152,-0.047074738327780516
0.16167889432809454,-0.16626571170548915
0.07352681663411784,0.0031872672379501194
0.08816749892925983,0.07963165885752783
-0.45503505523068355,0.31374083949689885
0.39356720388066846,0.13957170410603711
0.29790876350853684,-0.37300643507327513
0.451730820651593,0.547543985323179
0.24668781244021254,0.15610921912649595
-0.009865295521238873,0.28756915788213644
-0.09259530355189263,0.25160383559897487
0.1273507420634502,0.06274210607342876
0.221565711788966,0.19763602829174726
-0.08996257317458835,0.18859573701523497
-0.19400378658601072,0.023250464503962093
0.08556552635212938,-0.05293095014777332
0.2519119603705678,-0.41175194996252856
-0.021066430300990747,0.2730768317908447
0.4277445981052563,-0.20760867130004323
0.014172831956286921,0.14383118012141413
0.09916496209712485,0.014806857290690529
-0.45911746937870485,-0.5232746496710329
0.19475731819358383,-0.19445315722537584
-0.14475651738116815,0.14079019837664272
0.1405205893338649,-0.1275901783976978
0.17961165809493146,0.5354579813443938
-0.37541897536802205,0.020675160077825633
0.18701629751835475,-0.42331180620382236
-0.29822728813441285,-0.1266150824673881
0.5021770082549749,0.12294203261759902
0.18379742884129005,-0.2991551866995576
0.11954559535479904,-0.19379314030814007
0.003118299651422365,0.018359130611954544
0.09019675558517211,-0.027406855683849533
0.10009274825544547,0.0736898919154602
-0.050147684667321515,-0.09960925150537013
0.15901860655090955,-0.27959198515056977
-0.37375182140955393,-0.1533561887633394
0.4460040384852451,-0.2624198959172718
0.065792885284596,-0.025540100646237362
-0.08205954532418823,0.04649356180997605
-0.17920978521881664,0.23312454215417588
0.4621117391215847,0.0023720529986309634
0.06508086476815707,0.4101400487195388
-0.3954450408135861,-0.06389903068404472
0.06001781679202158,-0.11770240942678652
-0.42004374933460514,-0.2516575352557983
0.02404698014689141,-0.32268914699938694
0.06793536131359992,0.18732413690348396
-0.0015862678005551484,-0.29403223840355136
0.412267694245122,0.18499848834853064
0.5511290108940434,0.20965818996394622
0.05063590609509126,0.13525683499298027
-0.0699804003202235,-0.210194257016279
0.030507110344007302,-0.11677117526048007
-0.13773591799959603,0.3730288141143597
-0.12869551749065983,0.09839070784104435
0.07597892087290443,-0.0817269404645393
0.21470311371941614,0.005550724397264119
-0.29977619142901263,-0.01790450063289395
0.18593556850806095,0.15503603633560878
-0.24896462076030354,-0.23944010076700253
0.621260717720773,-0.5811330075119466
-0.43389572038694824,-0.3155549021972771
0.21705789491833158,-0.2676953606190276
-0.03441444281066978,-0.19444671844362604
-0.40724746386275507,-0.3071322806527573
-0.3116082234270019,0.12004701240746177
-0.021930210680380174,-0.1509173625370951
-0.07987508187167511,-0.37919555957574413
-0.31416312097121696,0.12111749263295704
-0.08933848111397436,-0.09068190717266547
0.1479091830592492,-0.10626674442149414
-0.6004625726088897,-0.4069811715908833
0.1143739956110068,0.1732547214001504
0.1026559542508589,-0.05556612529316448
0.13077242119421878,-0.29582829861838594
0.10876442670449243,0.052261106870322656
0.3914725401455496,-0.01055110837332038
-0.2269859190037602,-0.20400776408669413
-0.08673221281853083,-0.17510604545876035
-0.5285100654690565,-0.36375339746829277
-0.1429481755719745,-0.31395009395096235
0.3866583976660589,-0.12018095957241076
-0.0976341273520501,-0.14027152751193422
0.234772858365731,-0.21995845327208474
0.1358882567976965,0.43775912782455967
0.13182790446938406,-0.01596517135899713
-0.26685256718946293,0.12231153470648903
0.09002737894081964,-0.02481882920819673
-0.16831447214508027,-0.08707961962794421
0.25805587679437675,-0.0631488146937333
0.4452853092609983,-0.015994429644044173
-0.02112398608436746,0.07667057278782739
-0.0932112232932677,0.35115764950226597
-0.016257180576210794,0.13194263942642223
-0.6081690642563816,-0.025348734955396173
-0.014638353239831686,-0.08304262006736929
0.2273023131619718,-0.1325077970471847
-0.038726944662036536,-0.09446414933428578
-0.08184038947939393,-0.3252281867974617
0.08739297310725046,0.2172898131036352
0.06445829451715421,0.0774581463887522
-0.015656362787342372,0.0006049695561503836
-0.05140545277837823,-0.03144252609782394
-0.1730939509524286,0.2847712188274014
0.452250990100375,0.40740727975896657
0.203732978908899,0.06492934704120802
0.3089298639750656,0.5339155476456406
0.05164453033033377,0.2149178890675034
-0.454559637125358,-0.1812763619605228
-0.36684020743382023,-0.24334506742085524
-0.29730345678745,-0.057378837054603504
-0.2540605002071272,0.06792177550382969
0.18809751952756518,-0.17587310856915336
-0.004712211101429295,-0.07449824064030057
-0.40142926790081157,-0.17063618347943746
-0.09706524829378844,0.07042691656407386
0.02761886634422307,-0.1146713074569638
0.06473098782304423,0.16317375090481098
-0.16050327547005983,0.413397227641625
0.009905646765110954,0.18609265142229628
0.2528942701450215,0.2752623759432591
-0.012192123392524557,0.18479710333716876
0.017267808944528545,0.4598117698456411
0.041318283601261836,0.1943265710692766
0.05997819797406682,-0.03841770069032
-0.2773994148419532,-0.33597847573750017
-0.07276472916593371,0.023352626775199108
0.034385038841818594,0.164107954424043
-0.11161594893783752,-0.18783076131699247
-0.3531296441751865,-0.17370292371531806
0.42315341164891745,0.42447761150683067
-0.225589318930927,-0.10834974635926123
-0.0031798823799557858,-0.30078608496084447
0.11455815808187024,0.10969204461952596
0.40205908860348943,-0.16274140294375464
0.16271372077794907,-0.3834983382684185
-0.00602791680862471,0.2136292723057359
0.29158229851200135,0.5124533849625381
-0.1398875413635103,0.152924851939467
-0.12277927181092534,0.15038126481809252
-0.012768429204087339,0.036799412325028744
-0.26623414508570387,-0.11995079327969657
-0.22959211663112636,-0.005400502553410492
0.1316229896609406,0.1421005906328741
-0.15540172645851716,0.18658701802342934
-0.11813261879772328,0.2538759792195658
-0.14924000172154683,-0.4123733616788904
0.023713316266846442,0.1345753846501871
-0.16805607212832652,0.07866932443932609
0.01796268401600883,-0.1374761962521325
-0.4561584860835479,-0.1249296887332513
-0.22560112433657392,-0.20192335517435034
0.5444684379472776,0.28400217108711656
0.5780358847161085,0.6360233457433964
0.15591391371458924,-0.15251027627857502
-0.08213670368127332,0.07986382889864023
-0.017989059599117847,0.180623009614933
-0.034271447935279205,-0.10219053935838925
-0.10695907319383716,0.05112376201433725
-0.021301762052127856,0.24766874302165998
-0.0358981010497683,0.26102244782549816
0.08851021897865737,0.14436055061937564
0.004410712397594276,0.14061959378782005
0.20438101048578128,0.4201717295829829
-0.154628953668201,-0.0870837054855295
0.11568101041041129,-0.027046409538165665
-0.03245011729936065,-0.25171561733519593
0.37118276373142356,0.0511910313378192
-0.0863705222675387,-0.0330044224355968
-0.1398807628556113,0.28820477998893124
-0.07288970022125196,0.11790423433301123
0.18427003405768883,-0.02315835421212158
-0.011082283319992628,0.27586504540609075
-0.35287796127047333,-0.11511061197501322
-0.19137720211463818,-0.6303409935237818
0.3245917704725211,0.02744632856138218
-0.1085766922136777,0.17846176031627842
-0.1706084340251016,-0.00862646381426457
0.13883449709371348,0.2440866689601121
-0.023174586502969382,0.09624128458780973
-0.09400203439921521,-0.11983523898497982
0.09606323507218249,-0.5590754443540938
0.07853451434759184,0.08892073136977316
-0.3007646505596407,-0.21256437647175228
-0.518372440158899,-0.11809130702315249
0.28191404882427556,0.08732910945040859
0.2419994123988442,0.2189925188006167
0.5464274058323912,0.54136390530711
-0.27666394790833604,-0.011248213733331548
0.3659065013416067,-0.3169902049939356
0.28900779527715237,0.00046803929520371787
-0.26168376907593505,-0.027651542756812236
0.04700705828142485,-0.04630007400683442
-0.09386939332529069,-0.2154655074510409
0.17422167224339713,0.2843710189635346
0.16330012824040796,0.08544939764963415
0.21881422436882667,0.1258678816659791
0.018364101840228245,-0.3785431257216671
-0.4036286502352157,-0.21172850829190232
0.052748944563318925,0.1967522777286358
0.4904200809245016,0.27554859399854337
-0.16615189357364138,-0.14435126346822844
0.2821740444935081,0.24939437205989526
-0.3564676367045454,-0.3829270486823687
0.2738802843965151,0.03984353281965093
0.10153028233034052,0.23534944418691378
0.134567141566768,-0.23210146764754241
0.2332938903622773,0.3892233377244846
0.09068879421835925,0.3726938403126086
0.16594927649629576,0.06535681337371166
0.034616553275388186,-0.43289679658108887
-0.40355397828318235,-0.12881323800612504
0.17694809122560215,0.07467244564960561
0.18064375071566519,-0.27887619303971933
0.12020401921608295,-0.023719906115904323
-0.0163196155562523,0.06653447866848809
-0.055638544836860884,-0.3722801385482228
-0.04113503642505509,0.650722272741664
-0.049278799544863416,-0.03993660841106811
-0.13662738348386222,0.19288654813234407
-0.09032561353181037,-0.5154745859590429
-0.13174375674728778,0.1597180035111673
0.08137402976496676,0.2052731923067582
-0.13695173256477755,-0.19947972417654397
-0.2839354862607951,-0.26167346951023807
-0.3124988338557512,-0.4611682784566789
-0.5166014080615529,-0.10075002845150792
0.08933531529872507,0.16365991284081222
0.3011640717807077,-0.4076027994965053
0.07654974088333165,-0.10223756254044036
0.5740639261281245,-0.1697526738123907
0.044204025098965385,0.12439159790689021
0.008372251775202753,0.10692961009257622
-0.10399055394025154,0.001225908065660023
-0.012585573242122467,0.143860286996087
0.32666146451234923,0.24022895024431534
0.00911460262478001,0.4345274464337228
0.1553847937991248,0.13921723792704638
-0.0730913630956854,-0.271283978438303
-0.1641247721515826,0.14204414341570826
-0.0563171171508916,0.12270135395026997
0.19311870700245068,0.1741895241211379
0.0905623632182839,-0.6751450959504639
-0.08658464661000788,-0.29271217078196715
-0.12085608835793477,0.08256831427902425
-0.0328627213646932,0.23336948106234456
0.15723613251855578,-0.004118943134062719
0.2502651152652518,-0.09429532524638061
0.04244671165681084,-0.16402675601146144
0.4964709930894561,0.08616042747754428
0.15735840366512527,0.07588746422375824
0.3347892415967347,0.2724442937200959
0.24269686879915267,-0.27109349147574063
-0.20222520840281202,-0.19627950844052242
0.03416862415799451,0.05182878369083015
-0.3614803633981005,-0.4442709495371121
-0.12310818713232026,0.13503011612897148
0.3439966318546549,-0.27237383535019966
0.19099692153985964,-0.012060823327476808
0.07657210266321779,-0.5350260387430548
-0.28478510548457964,-0.42754517961789124
-0.5636316883572132,-0.21828748050613142
0.37586301963333135,0.06164938350239093
-0.4158371845305789,-0.4230683079014694
-0.08197333954791491,0.3613207502401783
0.2622893908884293,0.13781297146165677
-0.2065376639920021,-0.23542390622937168
0.30861316658005084,-0.0433562024195493
0.02148790206793681,-0.0765912744426847
-0.1830439943896854,0.032277616157665875
-0.281212939253214,-0.1861152163116405
0.0037136801187567926,-0.18884472779694203
0.2741898287888568,-0.15030220773393685
0.20216364027374598,-0.18854492142460574
0.005193080250775059,0.2694532420853289
-0.0676890507256667,-0.21675387521784975
0.11907878353288118,0.08627223716091106
0.184002927913452,0.26247594705702004
0.10072394060642623,0.5182124873005507
-0.1334767459803832,0.2441950247314872
0.05409439594761909,-0.11927122469708772
-0.16386053540797862,-0.0965081916778344
0.004610087479484866,-0.07111585787528109
0.028252469575488347,0.040811495164163554
8.10358159230621e-05,0.2538210219866912
-0.1724772024551167,0.09676123046399399
0.20754287147660785,0.17813266684165327
0.014114785642920858,-0.06476872155483468
0.4418132161922776,-0.08648547863971914
0.05778460709600477,-0.29110047431879515
0.0026761100399157107,0.1276710644347062
-0.13348928847141514,-0.2841359083900369
-0.016557293565818584,-0.06353448001848994
-0.07913791793805801,0.10266239400183555
0.19850669510489788,-0.3110672705166485
0.09166315325262873,-0.07993836117671237
-0.3568814080965906,0.03024050471879895
0.11536832051404096,0.06370074737995889
-0.06659528586650477,0.004094289139561545
0.06976625212285029,-0.19345150924686608
0.11426724688623068,0.012857878200076434
-0.07161606014629805,-0.0925492214856866
0.1426485867588764,-0.17253725323009636
0.0798798268595569,-0.037312878660538
-0.1827057532847738,-0.09504331202413141
0.0228499356203946,0.2277729369944449
-0.13785870394671101,-0.09103046082710702
-0.3365918064707342,0.145438618059534
0.036117991278177865,-0.3650418452365292
0.09261409968348462,0.1685656508131815
-0.5104705860810299,0.05192265827403324
0.23693785646119464,-0.0011888972786501472
0.0981153464941002,0.29375173037051694
-0.22031369559032196,-0.0921907801478252
0.021951808126803453,-0.03901311339111893
-0.055537035760930886,0.14678817930247084
-0.2689557285299584,-0.135065419071738
0.21962643145024868,-0.009693717188703087
-0.056849512282193426,0.13343750252644662
0.19623024538029465,0.23209297531673057
-0.35122226767930337,-0.09465858130810383
-0.34356551127177193,0.42716295992078335
0.4397769764840253,0.05133784850407441
0.30287907014269694,0.16410498570617243
-0.2510883688863055,-0.24107542625987707
0.1549449126089354,-0.34155947608544246
-0.5928930610619396,-0.37158401862669044
-0.011626486409093263,-0.02590438784878158
-0.058349221418940556,0.03263041358597513
-0.20011572252596072,0.012684810956819555
0.22975012081402782,0.010699556130121468
0.5238930341818866,0.1390361427431926
0.09266522714022221,0.3239387057839545
-0.3125587011082351,-0.16163387274080543
-0.3719105589157727,0.08148151786542136
-0.2598576520249087,0.06112336584307551
0.2608116471090053,0.0728459433764084
-0.058146681232904514,0.3151226105038186
-0.03038490824801025,-0.007737953325755523
-0.2022114631842366,0.1641724825685995
0.08630481101723463,0.14219199021345877
0.23017006828623607,0.12283493069447197
-0.25380714538098037,0.3424626647646528
-0.20241506465781597,-0.11883396451335984
0.06004005048935409,-0.0065578074231711254
0.09232607087784571,-0.10345808072210477
-0.027773017682121134,0.32166439413527426
-0.08309030444323848,0.06941472841915884
0.3039656487793525,-0.018837365628511148
-0.12095583130307348,-0.15101612776905105
-0.05232657747960548,0.12022788879707857
-0.25349788956448094,-0.2418435662286021
