X_1,X_2
0.10800783918279162,0.29005556785784276
0.07654523406408653,0.07154249451011727
-0.01718901093879151,0.06812703051954885
0.04436048278556777,0.25219449541322647
0.19466836519609124,0.10145482182276556
0.5041821710359136,-0.17118515378822782
-0.28432209380852896,-0.15943900661997326
-0.123518266581347,0.37390863984931716
-0.06338231083213229,-0.01764687115659702
-0.1905474309559698,-0.12883012333046315
0.4019448405191951,-0.2697302953488639
0.19441649842229572,0.042384873470181675
0.6673275495072465,0.4476290883422103
-0.3961355142562032,-0.04375034434629243
-0.13903853871877803,0.11098234991484505
-0.043555030914759,-0.15940589380224782
-0.3373277771935133,-0.04887615091830345
-0.17627550835007288,-0.20043349124683413
-0.15555890132953448,0.08048469292263094
-0.16720970904283491,-0.41495697263949377
-0.18910880406169608,0.08452035044845807
0.023124924364582557,-0.34523906788780473
-0.35109124225315225,0.09287398915326987
0.14467051790877863,0.1860052092039853
-0.23161301947267784,0.21986196967115942
0.09802684817997584,-0.04354531580747399
0.05731960767197408,0.08676210988119115
0.39640243172051937,-0.013811895922371408
-0.08830268049567998,0.18561353646443635
-0.030057720185662957,-0.04262361679224568
-0.3783532704335324,-0.05653319321225729
-0.4317647886263773,0.5027863956847508
0.4631237329704304,-0.013446936566448171
-0.06080562757208023,-0.10096629996434654
-0.32357010928686725,0.09120999145228548
-0.2694235519373801,0.22779594916711401
-0.03276922566937721,0.241927484218997
-0.298138470633541,-0.24579761961071592
0.2547393515010945,-0.28378497612633274
0.29522606682227204,0.37485104017778426
0.16533591001138975,-0.026976023895532723
0.06503430619469375,0.1555703528492626
-0.24782648571439544,0.1368194236929508
0.4250991047400369,0.1291439905554807
0.08797646320702764,-0.05344505569837578
0.04901365353348468,0.2621499274875347
-0.23606126036178163,-0.06794288312743609
-0.20583820809042785,-0.03786895982558328
0.09732415616512324,0.027326106606865692
-0.3092565535995447,-0.5173504828406921
0.14153077577616568,0.24864843141754706
-0.10191513686339174,0.2523105353791659
-0.044265541834101245,-0.13618045438342544
0.16340204709925077,-0.07892776627252873
-0.40358447603123965,-0.07578190552345643
-0.22661550251077223,-0.006714931967598423
-0.0769739498947305,0.12282002904851325
0.36849640133961287,-0.04217566261600922
-0.10494138394361363,-0.1539062715061974
-0.4152907732735546,0.05686604328554526
0.23233864139983262,0.30185164323931457
0.27498323957133325,-0.06106163667209943
-0.10085550585540853,-0.23736701194296989
0.14973557990736297,-0.1355359086507752
-0.5103347736480599,0.37017205707325823
0.12537442506491253,-0.1714950150910231
0.3691843395898896,0.5143376497811873
-0.19458059391767274,0.0503124001652862
-0.4098843734534807,-0.10163926293448558
-0.5419694532681236,-0.026581225440081676
0.1355217166116434,-0.2519478278886118
0.39423527868671326,0.19221436318442853
-0.1669462861524344,0.0870023358935508
-0.05043418651443871,-0.09783380042539072
-0.1621231391545218,-0.06925163370749689
0.12561988937466792,0.15397009514658686
0.16163078333680303,0.4084130374954359
-0.42238249128890387,0.023655205943900436
0.038867227251082215,0.42266652060252374
0.38359180734751863,0.03666602430691623
-0.20784801094475602,-0.18316787182769056
0.03051208746436751,-0.09246287089460906
-0.18701762970913458,0.09976374633075598
0.12872547770196321,-0.12782678160555822
0.08573459656612273,-0.22218975511778033
0.06849892117799783,-0.1067884210372321
-0.2004153798862993,-0.7312992936613963
-0.13075038934348318,-0.013680828024609909
-0.09523159536131444,0.0702485537040505
0.7358072503218108,0.14863354894936412
-0.3488157497164346,-0.11058597382826264
0.22734603447155965,-0.0684956807103219
0.0546059654617924,0.10824890975883104
0.13154922331509594,0.01596267152495046
-0.14264819144369398,-0.4521696471168474
0.12132412715244928,-0.29498710797164374
-0.18401694969754293,0.03529609994324694
-0.1530128429154097,0.17825217884190506
-0.05830081655502631,-0.36595650791559464
-0.282818872867577,-0.10739490834430689
0.23004427145293393,-0.11320978888813736
0.08486294805318836,-0.05573830341439512
0.4975929680604197,0.3439716414977874
0.24576128144024914,0.29289162368279315
0.35559178640269673,0.3283812436587745
0.05665538387095071,-0.18875205729491462
0.07620248326068607,0.47841966511666273
0.211004269465986,-0.3672963199108678
-0.3845157760275267,-0.28964744691182204
-0.20826161148314987,0.08797407472214783
0.023136511628621088,0.07452032874172485
0.2736071955751584,-0.1917270520818426
-0.07973442969771877,0.0033635827117100034
0.07585616360710175,-0.005046101552009569
-0.22669190295010952,-0.009881425059273337
0.23905303965075517,0.09746647114316846
0.3080597434672031,-0.0742040075918795
0.1366217140481895,0.5104111539630339
0.010943888861906378,0.12731507009014814
-0.046960887289366336,-0.03731897576845777
-0.09925873538117744,0.5427352564096387
-0.22746249391167847,0.21102646104029982
0.3153912425312226,0.24803652858158462
-0.14506542339507011,-0.10624635148081153
0.18712952574449154,-0.18741275551147143
-0.035872429069526195,0.19908873997748638
0.42835814216380164,-0.03813748106742299
0.26425538760144796,0.17797919762806758
0.014594346757689785,-0.06744374033977861
0.18798265522362595,0.2878833325068063
-0.2087587044038956,0.7452601332207707
0.18732787562678108,-0.11069468019584448
0.3903345735510785,-0.15740627795678191
-0.1308058803126643,-0.4532172021416646
-0.09966309010227402,0.5456237373764803
-0.3286737193052344,-0.37647193432946574
0.20518952664094225,0.0838012483055832
0.06928701762204277,0.08112091042247511
-0.3925642376868214,0.11750609032200875
0.07263269108007606,-0.06468748156440332
-0.139773684074464,-0.14302440718984133
-0.2772311425016902,0.3118554025276798
-0.24771938595982987,-0.07282696876005926
-0.12484241865549457,-0.11315131222882217
0.180487193425916,-0.10954654807410748
-0.023449874735927946,0.2527894109708553
-0.1739031834380299,0.24440167970046558
-0.0996384700264214,-0.07721878317845648
-0.41983340205240666,-0.19584277726950525
0.005566400070302855,0.21006235023264835
0.013975053976948643,-0.20607839962988672
-0.2658403838539297,-0.4391202812508628
-0.42784391581608194,-0.13126111574556712
-0.0664329471951765,0.012015393971195752
0.01673301673507713,0.025682868059570745
-0.32734981589350465,-0.3764454308206966
0.44478069743534027,0.026822804867465824
-0.21218364233818207,-0.03313300351639787
0.055121849021460397,0.04678643333257635
-0.06909217031236527,0.36924897311248955
-0.3101885706681014,-0.13572016971394596
0.025688287167873462,0.3641050466831654
-0.24951870133818888,0.04405491399558997
0.07508866167946643,-0.07698208923644742
-0.23022644325657549,0.015374858411700642
-0.22053659073365553,-0.14766230674882905
-0.7363450100508987,-0.18852822470370662
0.254027272107011,0.12612244122842553
0.015029074585862027,-0.3651445717776859
0.4148966464889157,0.16313128878669853
-0.05368741543752366,0.4399820456675828
-0.3889462490494292,-0.4222131970619454
-0.2119901421784476,0.0056197875289066695
-0.01946141444883247,0.23302991803601647
-0.3937849502264178,-0.040427083654497493
-0.0119288592446878,0.12505053405127417
0.06501945081552148,-0.0029799691453925568
0.024888527570406827,0.2929047742376495
-0.017753520891127014,-0.04689931938583666
-0.025475119620283652,-0.017245348858368387
-0.11191790572427493,-0.28090397464429884
-0.24842443534123018,-0.1271324415070146
0.2521760828790156,0.186016666991341
-0.05903847989891455,0.16236107666240693
0.012475953446901706,0.22886350105891162
-0.29827134837410235,0.3156953104346766
-0.1907112297730614,0.3210637395626946
-0.08993517115270894,0.357887959876313
-0.2687178850188184,-0.09638970765194285
-0.45375445206336473,-0.3951442740987309
-0.4463597381088366,-0.0674253005514929
-0.08511765756337318,0.050993294786217384
-0.05391752721568128,0.2809808156060526
-0.28157764093964166,0.016380240232478152
0.003683469310033443,-0.43605563645636275
-0.31760851129221207,-0.009892456290208034
-0.0008625540448676596,0.5234420509591332
0.09793390690271676,-0.027003614571408027
-0.0723626516660234,-0.38893440969981896
-0.24966631797745484,-0.07331788537165843
-0.00781704168808448,-0.08183643219462988
0.03696370102425925,0.038055374191225
0.4773660564769459,0.18832863868519428
-0.07140151329574952,-0.10190587420005838
0.009107983206752627,-0.17208323639453546
0.4000350972951219,0.45177681700825356
0.22557121166857722,0.18407380133850307
-0.31636315542703375,0.00719152004161786
-0.010114876063008798,-0.045899768819874495
-0.06816265640365007,-0.08834980900370432
-0.012925898171181414,-0.228573124043961
-0.06884945177865956,0.2523631106962644
-0.041096250717675344,0.18081490992538563
0.049800055522787594,0.06333049346901383
0.35360275231053867,-0.39154271283278097
0.009036839046921048,0.23314242265673588
-0.16605624049526208,-0.15913673975721415
-0.27116923841049856,-0.410247852481434
-0.2233756409890713,-0.25957609911826185
0.29492684673241615,-0.0719269951574726
0.04320540637051226,-0.13770506127377716
0.06667818946232504,-0.015489035550679778
-0.16386053540797862,-0.0965081916778344
-0.20222520840281202,-0.19627950844052242
-0.02025900960063585,-0.04302223782323035
-0.43980246466115325,0.1448305936918101
-0.0849172343816207,0.5515148715999422
-0.03072334769010269,0.2549000592455251
0.4382310627725556,-0.43706977027707994
0.23056869710792904,0.2825956692627273
-0.17095854433039895,-0.3723518945119708
-0.023841577830929446,0.2731918981275449
0.244466869494854,0.04125779915257047
0.4141636397564874,0.08456247672281163
0.4672637677736001,-0.21654822096422194
0.07246859539291589,-0.1509550802334953
-0.8721812954686683,-0.015013030431960839
0.2085027341464791,0.18212394013392827
0.05929457389282822,-0.015547023861000124
-0.07025081850235557,0.3337360433552649
-0.046874563786533395,0.35280108649147596
0.17481680385542725,-0.3865956640241458
0.34374155186964284,0.06551212092869198
-0.2838551745804449,-0.005397925837241932
0.5473692355710209,0.22991347830608963
-0.34273527899106154,-0.13270089758473003
0.6302782572734471,-0.2624878716312693
-0.012851451227367083,0.05421917056505799
-0.2974201978600164,0.15353653264198588
0.1410882588112104,-0.29699161988010336
0.04079809530779787,-0.020978783862128904
-0.14447475475228327,0.11465317640494616
0.21836932713710275,0.48523900925167673
-0.3381308826275294,-0.03143613609572079
-0.1198670344124909,-0.15039381617469103
0.24230608821824598,0.2043266404867993
0.06445829451715421,0.0774581463887522
0.28988710044234334,0.1961863496605924
0.1852107072774173,-0.025467183542848857
-0.21614158014224388,-0.30797029370904777
-0.26290047120513005,-0.11155087714364434
-0.10923732825672026,-0.02874703235065286
-0.09976006827667051,0.05883135879222098
0.13348642084366424,-0.2163158825384739
-0.07252320283937329,0.015146377553250795
0.19983264492001548,-0.4425197674613503
-0.43730099860005134,0.07830464874271639
-0.02800133621675993,-0.2336581356301372
-0.2034369716798566,0.06697318608455063
-0.15403872499070917,-0.5070610696054771
0.19252981459879484,0.09118525976245191
0.3535208642156737,-0.37898109093123766
-0.12261041779488126,-0.27002872508415016
0.15739731305874663,-0.23643499503539023
0.17564879854478602,-0.08013814777901401
-0.1632150966063478,0.007363982514184107
-0.32233178968896664,0.1224754213967188
-0.09376940649712,-0.2476572627209827
-0.605345411560005,0.0032222480537874563
0.02046825231910273,0.04729845345900472
0.4209947059955814,-0.21905897049880055
-0.30532093701714663,-0.40014299835562345
-0.21727650657299183,-0.37627829653506834
-0.37840814971217934,-0.07752887890164095
0.008856488106014864,0.2696174439195839
0.7092798195457544,0.2891552693844851
0.004654680001044219,0.11942732750876021
-0.23511410019878218,0.01762983706452236
0.7454202786989624,0.28619183718102
-0.10917899930799928,0.1722435707076832
-0.016832757427330727,0.03716750978142183
0.17310180962648633,0.14247546238371725
-0.12892665481238644,0.12791695183901391
0.11615763897351321,0.11125961696183827
-0.2362363231110911,-0.27328381277952907
0.27164470421684517,0.13323410700807048
-0.3827953335674308,-0.2654745166115752
0.0414761661052592,0.20653223417084568
-0.17964437797079047,0.3894893941984326
-0.1121707442071327,0.10057226018133957
-0.15844443840128075,0.10547386664888114
0.13738773334366067,-0.34646823500901147
-0.21975344434653565,0.3237848795823421
0.1830222219658943,-0.23657771029181993
0.2576415546509549,-0.4535228099304001
-0.07842193760627238,-0.22024538544448993
0.23999450589276508,0.24421654860818917
-0.35409351783198906,-0.4325120755040589
0.11354721940406005,-0.11808339724966721
0.5182976516261993,0.20533786643852972
-0.05816853319406923,-0.2590770081757951
-0.1278158754523838,0.43996295890290754
-0.01950773772783473,-0.23819483397886912
-0.3219855853889034,-0.264777590803789
-0.07199707582600623,-0.27552415796876234
0.05410572918099877,0.12080011181516295
-0.48568657516617475,-0.3459362477116049
0.29177866899378646,-0.07279686644126947
-0.6571395781082215,-0.4419903790700426
0.3750032211984581,0.3049178123815828
-0.18191778708550282,-0.08626865961051305
0.13534239783059204,0.05883311805788642
-0.1114306719844367,0.5631861678023239
0.064077549323323,0.01056845882774039
0.02556516489112789,-0.13439296521323157
0.27693099839478524,-0.11460157222624294
-0.4304799466744208,-0.30408741818748464
-0.09198830619919647,0.09051367275115789
0.014195061876734156,-0.1235416122910083
0.2867534343949813,-0.43935409159421435
0.5844791233192282,0.05757000968105949
-0.07528209507817775,-0.08906851655747443
0.027939538505174045,-0.24287823099008418
-0.13268885436408792,-0.4573440025403034
0.2759819386915937,-0.104439071458153
0.19221562722970015,0.01229552003929231
-0.3870884169129269,0.2301375928196892
0.022986729327115863,-0.16253318688518703
-0.006417271593507284,0.34756363793997036
0.2711799659563341,-0.021779223417925
-0.18902496829412999,-0.21045236219257638
0.3752584941121416,0.0807749377716397
-0.04801670647879364,-0.21330857445278079
0.028134528057595882,0.2567803680546211
-0.14546304552832942,-0.14589384929221041
-0.016835177105922795,0.028107977562151276
0.0425327888904428,-0.0041523796127489725
0.038346858014372806,-0.39063178419038835
-0.25538794004618276,-0.11144183482036389
0.23865927485265778,0.025470344810583332
-0.055643276523058234,-0.013737232807538104
-0.1615714764418629,-0.14752348737551849
-0.025893218408948277,-0.02380465338913688
0.4546676600630249,0.6101560089534033
-0.1395457789752043,-0.1385675597321143
0.083794265724357,0.16476285309180055
0.6491679849282622,0.14696930872583072
0.21627034702231254,0.0816971746023468
-0.06008146356041675,0.24088938179158217
0.33942489645470153,0.36311303878642054
-0.22974151951149846,0.13131714546348583
-0.11616531020975882,0.00013868950783391834
0.057481557854477554,0.19766795764212364
0.18540996025096565,0.005866744770378662
-0.319117655488847,0.31431125459081366
0.267760329472916,-0.16364058511786828
0.3135035843012167,-0.07777910939414308
-0.1449376436059137,-0.6082460560708707
0.5256722049591048,0.13673945379025368
0.18734118024300733,0.30454992445839263
0.18358016374201863,-0.3498841616708582
-0.07466414884513188,-0.11011717696383773
0.18754716621530637,-0.011019213572352462
-0.38208441962611445,0.04047036503850714
-0.3362350948120546,-0.14538489923960732
0.05328499179291898,-0.1291578271917909
0.1290861397603175,-0.01673272255982892
0.42089899722557683,0.06487617091745412
0.38089542952226046,-0.07705074422238835
-0.12209649290599664,0.2792497824787105
0.021345710308580686,-0.17442887355419026
0.024733131655370874,-0.09007749500085123
0.15759382238856168,0.05064257419693807
0.034786550132594796,-0.1797371199196449
-0.26016785298305706,-0.2177085651674677
-0.09919889128591726,0.10734045327719405
-0.24360612996888958,0.1845086252751168
0.08931598727593083,-0.3033035776677669
0.2526111186744373,0.6497715961985285
0.1236357530193858,0.13185177983487165
-0.3262108792755313,0.08116393676269915
0.3376234826863159,0.01359205267615659
0.4369648052254973,0.22448602544140947
0.25119687945323943,-0.2827870815101538
-0.0034649879909001173,0.3062695901809066
0.23701325360286848,-0.22265249476812835
-0.3183911890812487,-0.10161754079808169
0.09662009601860484,-0.010540974436004276
0.027759051203543748,0.4287516640401895
-0.2502355622071159,-0.012384564686470968
0.26058716611856303,0.018448623558510114
-0.04169238821063427,0.09880765829283233
0.655724281757047,0.5038393408060315
-0.02033506452977265,-0.2803960561691275
0.2956889850618183,-0.1016573643129284
0.07951443616695829,-0.33293007666550256
-0.054480248447348945,0.30074821159122134
-0.0549228750454785,-0.07023356686664993
0.15316901073254383,0.18680809646092925
0.07282448751413954,-0.005364137189846092
-0.21788556998876082,-0.1354686336541002
-0.004496315989932583,0.007615559609758864
-0.032730478629734196,-0.08005041897409507
0.24125950576967733,-0.11473897287135595
0.23943448222498898,-0.1849071703600612
-0.09162687142793136,-0.08751155636185923
-0.018782571376790937,0.27930151427834166
-0.18367634850751552,-0.031571254628969564
0.3089391305618691,0.4548829974852267
0.5458265563237684,0.39628753481641865
-0.0027670298577769756,0.30943390648411595
-0.2685284548033132,-0.12014748942612952
0.6410200155975394,0.19752014888178157
0.3602869072067293,-0.1279668156186569
0.25181772357562676,-0.07255692861721103
-0.5529680137385533,-0.06147136785540643
-0.06190260226404158,-0.7502876289859433
-0.009676106176658641,-0.3378426416873308
0.2404709439944376,-0.17134066643415666
0.07363377330513836,-0.20107630064998808
-0.008006534405353899,-0.020233011186969754
-0.055865767891048,-0.2482040876424174
0.20055741760424403,-0.21618021182911926
-0.10389372024005922,-0.23961730335467513
-0.00751801304411212,-0.36582023708561523
0.31543423139182586,0.301316213805548
0.4967660594653937,0.018889797043308888
0.35214224123761695,0.16472370444095086
0.032029637931701355,0.25484523292280603
-0.15083489634335537,0.008232874035505806
-0.11133929610073114,-0.3976981214223304
-0.2670974731220077,0.4128546631279436
0.2724863037347436,-0.028178046468022917
0.08989218777914931,0.28503494919342337
-0.008313344821937907,-0.08681219905263791
-0.14790029475990604,0.05213056826361197
-0.28142660114416423,-0.24339183743986845
-0.023925018521987914,0.32851508868784624
0.49874163070925087,0.28305209583805074
-0.16854097401325668,0.25417897274496937
-0.29463190976228865,0.030847408961958384
-0.2327150168457168,-0.26086069278440993
0.27013191378330886,-0.007322096425684843
0.16055535308095925,-0.2552004239468691
-0.11829423603170243,-0.09514325216913895
-0.2520034344502836,0.01591178437710279
0.04507745470113682,0.573510801074653
0.07449827732545568,0.14251696172980174
-0.08697504518207592,0.17813195677055882
-0.2206990668839144,-0.19319261800028906
0.16484776772495016,0.06979714945522768
0.021725164357082865,-0.06934571846766278
0.2514749161113475,0.5639290387269305
-0.33613337360735673,0.16526882741480084
-0.2966018084541897,-0.08623993093666794
0.1703852423244634,0.3207467843690009
0.3246095950209198,0.1531681507601435
-0.3567897094787818,-0.3845347608369866
0.08886351881203075,0.33298365510999234
-0.06445408952656834,0.18193290554398633
-0.009950999447212701,-0.2498541493340624
-0.35156758661372606,-0.09868922139900838
0.1990657267238129,0.39101509168077603
0.2797745744783024,0.49982798422360913
0.1826844183310543,-0.051745834207181256
-0.05829048988535684,0.04050177968433582
-0.7027593925576345,0.10513013811821219
-0.17465336412184881,0.4533263700792449
-0.10192661944397606,0.35615653799780833
0.052456427878288706,0.2042815565851568
-0.29904741722456324,-0.49311225433442823
0.1621596370174433,-0.11770023542790191
-0.16503280083954927,0.48134658491909504
-0.2000542018233342,0.03987938489684925
-0.24196182308848024,0.1202445766526962
-0.06777567134579116,-0.5346135227568654
-0.12215286356473108,-0.07126823994752683
0.17442016178349917,-0.07017202181334325
0.15789032626459756,-0.20300128502383233
0.3042468105573609,0.295610968192226
-0.25850215684948613,-0.1040253950199153
-0.0203225942861078,-0.4126650197571883
-0.07179405927849601,0.3699413730496923
2.281060021624494e-05,-0.1982513443510366
0.12819272070969054,-0.20364253704997062
-0.24943324533257852,-0.38599820033089016
0.22972256357409762,0.022759541010945874
-0.025320524053132756,0.19311854437639356
0.2457291277408172,-0.08614547010904926
0.48496509257166026,0.1910692417566731
-0.29117765470635704,-0.36937959968164014
0.3559743300038033,0.21028853283192683
-0.2862765150865012,0.37304305259326004
0.586117285063243,0.44471467782918683
0.0006255076988630826,-0.14673633518400442
0.004635888793605678,-0.05423679205662919
0.25638329969883583,0.2595154497830981
0.11596799977411001,0.16082814510339247
-0.7943395317098203,0.15842990020495337
0.15394252078909856,-0.1725305448577355
-0.04243135336059403,-0.0037307603494030044
0.14334089477330342,0.1389590318055799
-0.12162125949907507,0.07432802371376601
-0.6374475235717386,0.18835131683104717
-0.09138212889666611,0.06372915007377832
-0.14629453808505155,0.028341762333314965
-0.37630243849567446,0.01849133567927352
0.11321939427963869,0.05772711772813497
-0.30568504086851833,0.2919674967446405
-0.2976322965175835,-0.3283094844571103
-0.3730029888233266,0.5767192138189994
0.2812066228516329,0.11483243455139998
-0.39693996455940966,-0.18600898966156437
0.198692997558481,0.19122327152380067
0.01073888679942713,-0.09507930046445413
0.10315512175521961,0.03279561897132819
0.3624614663057231,0.1491604938157373
0.2516909634769167,0.14795879893462857
-0.4058339743098762,0.09405245105112481
0.051648060495950984,0.28906830070245226
-0.11941410313939166,-0.43641351725077987
-0.08719677528825714,-0.13552310253939112
-0.3515483120308865,-0.11680203725609802
-0.03422089356068357,-0.2774916711877894
0.19172711266471654,0.08732478225937416
-0.1402741885728888,-0.06304740706420946
-0.7384188861420129,-0.5182933068259363
-0.2558571870069638,-0.11391014755871437
0.11613482644199306,-0.07641293526722422
0.115169544250898,-0.27728518461890367
-0.14253781262342388,0.027952303452745277
0.43457510441640046,0.4111928268091073
0.07343988468029886,-0.09091708205540146
0.02286931721310797,0.2281344787136178
-0.2293506241567667,0.2564043992475744
-0.20226517126866078,-0.28617002322269414
-0.28092100112023166,-0.06383893476681593
-0.19151704552646923,-0.19470581314548177
-0.0042070013980926805,0.5232438741631751
-0.16604060932401496,-0.22677291150854514
0.42179760720550785,0.0980549486311696
-0.32174309339911533,0.022267188941863678
-0.2656746383311177,-0.33087720152391753
0.18682247970977273,-0.29260422339425785
-0.042482120641407176,-0.1583105286021991
0.2842183353697785,-0.23423493085875752
-0.07717145565575431,0.2798160570646158
0.0775248711362411,-0.03479188504419503
0.6153883343884774,0.29654727404528236
-0.043009060441085455,0.06533454627402639
0.22118056293478758,-0.5472944345290565
-0.49070713089402557,-0.05509598655441921
0.09983647787445665,0.05931339359471233
-0.23059936055536162,0.2472993143561192
0.04033916932374663,-0.1984380283507273
-0.15259849250280821,-0.11657329385753983
-0.2747816578621013,0.030014036916902454
0.14443961597529004,0.04990865868201463
-0.01196742182404287,-0.23810640369015168
-0.02439736505995384,-0.125787281685032
-0.07790818428939555,0.05731759844031533
-0.2545483872467237,-0.24016475470741083
0.13895944057591528,0.09000363599179081
0.022967682449938426,0.05614345050806085
-0.23259538055492912,0.06957362338795545
-0.2069855245265513,-0.07103236652427873
-0.2875367550819918,-0.16258517576900985
0.02100958546695733,-0.2714756160843494
0.16112643911318292,-0.167416061585319
0.24383327529433843,-0.25415129586020796
0.17864568216863852,-0.0938740207742955
0.044658665391884525,0.4674100942000721
0.29802963985595465,0.04750391134202842
-0.24758938233818537,-0.25533599446587274
-0.24394967305591733,-0.49052974798719506
0.16890877601549975,0.07663557444143135
0.2340526415933876,0.18939644333262431
0.3548453911475051,0.1663951819412713
8.588466326648766e-05,0.054969692553848044
0.1092070972761622,-0.04298056848425479
0.3131043393281185,0.02883001454595286
-0.12320993866405092,-0.015834252699024578
0.018364101840228245,-0.3785431257216671
0.2815708804372566,0.7877997362476161
-0.3902597284102436,-0.0709175183598639
-0.11731975642580172,0.20903538510546393
0.24689919960932558,-0.35420639512333213
0.028651344507619178,-0.09621743477014875
-0.07903204118105565,0.18556367762443055
0.2596949576653584,0.07713580239268103
-0.14804297327584218,-0.5531177153485634
0.03705415326400048,0.05689814845897445
0.10836149059335395,0.32680502207200335
-0.0864594487173388,-0.44394823172964404
-0.23214672793371888,0.06311127255641809
-0.261104605456858,-0.3026431227473073
-0.06492715323994543,-0.04817579067639862
-0.5492807556329367,-0.15798650782287862
-0.06349642381252599,-0.2237853408161519
-0.41236009679081476,-0.2778083549960443
-0.19241060520862235,0.1227805373543551
-0.07716566986620754,-0.08358812975045316
-0.25162698772610403,0.08067337249226537
-0.024446009647285633,0.4201029719272691
0.10679177300716262,0.35858518034385234
0.050891341088439665,-0.2607367027904838
-0.11848824862700816,-0.09895897761551134
0.2806780692619024,0.1985112029153929
0.13061757879987462,-0.28197474666778083
-0.6427807049787669,-0.2005225896785019
0.21876962917853668,0.2914876052820282
-0.08644522039343222,0.2276426444142819
0.07937308617989464,0.3912432313082367
0.15011703215491573,0.1830026573153815
-0.302947983228745,-0.5156905906422347
0.16174137866778057,0.20035540478683941
0.14694664297495738,-0.23177122786446588
0.04799719663878135,0.03487301101088061
0.2557112257404596,0.2597077771938964
0.07485190027014114,0.23436722745216984
0.16701930300981432,-0.1415961651909055
0.003323356814890531,-0.15625786222364474
0.36679840497487404,-0.0731682725234071
-0.5511400634532446,-0.21367781368799313
-0.14824512901291936,-0.03582655227523939
0.3233251980038242,-0.20749460167178788
0.006997724575226007,0.09032726093684598
-0.2018201322067578,0.4965909125559649
0.10549751893769252,-0.03336164916994006
0.2513264522947677,-0.15260127969775109
-9.576630604209111e-05,0.4037147465939064
-0.05857327797160861,-0.05882445928878235
0.34161286316999545,0.05597668475983007
0.016120385424976277,0.20845214753543612
-0.24492525456209052,-0.42068960856215826
0.3709957879378445,0.13973339603344606
0.1789377571356761,-0.08435019735034906
-0.037840072425104586,-0.3577079444381599
-0.03606677908062015,-0.05980480419555665
0.04929249523112458,-0.15494331325743257
0.15722248047448315,0.24312821435818147
-0.06087042775724117,0.053887534671125115
0.04319030443539061,-0.08978982446266232
0.24478268466349368,0.19994902354721183
0.1607827309652971,0.17059214262610828
-0.09122367894078076,0.04167660360135276
0.3344954661435507,-0.12450854566320055
-0.035787484929033796,-0.11822141160141672
0.04696197786528227,-0.25065442900744
-0.15946361772047016,-0.07600334658748492
0.42817282771603965,0.16225702558831018
-0.02679960734552674,0.24740720365639723
0.35737176037287005,0.21229493283903392
-0.21397944826587326,0.014560799541870357
0.22602635374115373,-0.16938024318960596
0.002211852135565002,-0.2268269113661887
-0.2103874363027508,-0.24929151901666186
-0.3909291538077187,-0.04917505111046323
0.07791939384338985,0.030950880072343444
0.43717044811474204,0.03498438451609164
-0.18065684781244748,0.008750864672986353
-0.07087713808914547,-0.22740376756586522
-0.03441444281066978,-0.19444671844362604
0.19685665708633493,0.3179401593062281
0.18951928253841865,-0.38349522159551125
0.08735089643186711,-0.15127072595816296
0.1859923881621059,0.1955952058406346
-0.3360294161196968,-0.20975163695145535
-0.04759264079040605,-0.13845759869721372
-0.00561056589896626,-0.4256126427336297
-0.14774554261318687,0.18314602613996664
-0.15443270521281352,-0.00341856763908463
0.01479994837002332,-0.32255125015544667
-0.3348965045264838,0.23070595958389886
0.27717144987868275,0.2802493160779554
0.18302993423793432,-0.03580692573190261
0.2796670057760445,-0.010455548888641034
0.26990976091549884,0.06535413744277184
0.0944082912169516,-0.028177752514743342
0.37343906911619706,0.24568532822080705
0.2224248670752452,0.19226410287335158
-0.13053573532136922,0.10626531457705482
-0.17815078102759097,-0.23111491118524574
0.2361489781261908,0.3874828595156469
0.0192183699454736,0.14947827867288177
0.10453703521162568,-0.19191114795522432
-0.1697095026213241,0.04412321706567144
-0.45869432983711755,0.007165831137547215
0.010359406766431892,0.013776247391464987
-0.18715479413139974,-0.43555527260136645
-0.1311828414238412,-0.1815952604362812
0.7563555418775693,-0.10165312063790818
0.2162357281531578,0.15776786664624268
0.17364158903581256,0.18905750949451905
-0.2795616726765758,-0.4189845627549081
0.26950513828721806,0.4943280971140976
-0.32734596240616665,-0.018177072401495027
0.00823966523030003,-0.21282908573821177
0.35944906621303147,-0.11939148697986211
0.14945876681294362,0.4054429757204428
0.2858406824040242,0.3212498068153485
0.14118918088290103,-0.05406375894449426
0.007149416587813479,-0.03953123098948817
0.25857446793884525,0.5124680702819143
-0.03151012051868933,0.08537617268565503
-0.028381905612362028,-0.13895050957801172
-0.5082138617572394,-0.2715627047851444
0.18937128302303521,0.08273620181104366
0.10219898124412925,-0.37380392850938343
-0.1641925220658732,-0.16516819501599378
0.09695947587776768,-0.0052064072681776265
-0.13890705337312506,-0.39810872070933023
0.10452482865733241,0.42867910422231076
-0.5767334404138172,-0.7072705423132123
0.1883630889522539,0.12456845338261359
-0.16873939016514372,0.29053344549248356
-0.06733815060975473,-0.35918984314887725
-0.024610771754040868,0.2081092757664187
0.1204429372412008,-0.06124182895676252
0.1612829234169294,-0.0597682646980413
-0.11134691443635761,0.3041440875230215
0.02235993153986217,-0.027384174447644915
-0.017793455775392958,0.17561294532607485
0.15513549554534126,0.1414662021775445
-0.3333768242302114,0.11582431109622213
0.1795934116039626,0.030490645285296613
0.20212757822460067,0.17162560527197526
-0.34309085810814344,-0.40294566788867137
-0.03670881996604393,-0.2782208823448734
-0.08784293801888257,-0.3935968604276865
0.3069159140290303,-0.1172424116445895
-0.56374768001531,-0.04522060289320412
-0.4253700655324532,-0.3278552341647391
-0.47359316434001625,-0.08028410998821839
0.29197953947200417,0.2522637464052393
0.16833749107037596,0.06780984360579781
-0.043683705565504445,0.12621420625499
-0.05094870401510453,0.13689970060780032
-0.08893880882893886,-0.33365928406106615
0.012014094428542907,0.1374151522725997
-0.10637868594743678,0.03742790643217688
0.31530299833080133,0.16776291818661196
-0.09701575987581675,-0.3910690876700245
-0.1316407313917163,-0.0017992958997544257
0.06923367732629813,-0.5715517973197348
0.13629307151547487,0.16699686045422785
0.34124104770098673,0.6059621809045421
-0.04286879900152515,-0.1613781021670574
0.04551809637945267,-0.2518943603973549
-0.11978667990124132,-0.005993692069489117
-0.1295950277085511,0.048344815790270994
-0.07866096570476377,-0.017365793113128105
0.5657829523558198,-0.022273169258950502
-0.48017924418757946,0.31792770955824
0.09665414262772164,0.3192886383078307
0.644905559179989,0.23500850185625333
0.0032100446224921655,0.21953452607745083
-0.2958512209674213,0.16422253053763797
0.08687563674111483,0.47609022807223594
-0.10906110296556369,-0.1368439965936201
0.14949178757868992,0.6673187799036271
-0.27554521871612314,0.211684359028922
-0.09796822951383446,-0.1695283055416941
0.3859840658455922,-0.06544520326099595
-0.07696751135337451,-0.0199034415571333
0.09636240349515884,-0.36208473161672783
0.17781386949071146,0.16082756959403968
0.02791292474643985,-0.42575038775707325
-0.033773366280422566,-0.34435503828802655
0.10290750239149796,0.2928202141787009
0.4726946840956217,-0.03275438966360597
-0.09784849578832366,0.14677587437139264
0.2922652063158263,-0.23692143526594617
-0.3331241628583314,0.22692823799400483
0.10395621636206263,-0.3704861577082062
-0.4046201433857833,0.11258655218408302
-0.4345376221766359,-0.1729812388371139
-0.23345119205794734,-0.2129461743985962
-0.03648143933633554,-0.158471029734584
0.18854060300862108,-0.1270467121856116
-0.28913960352433604,-0.35297284923162503
-0.06578996159348195,-0.3539624033989227
-0.0243745999223253,0.21018081979414271
0.09243844331401681,-0.01468524360407801
0.12292843108783125,0.07298279555156692
-0.30914636448944355,-0.08860930181483355
-0.2588278474798782,0.1570613123764361
0.3376849383915574,-0.13642433614539287
-0.1547363623086435,0.15853540298442326
0.18290727509500332,0.23072173157384218
0.5524554347695854,0.16588042274743553
0.3080532899956852,-0.5001375280710771
-0.1310762279605066,-0.16147411080784313
0.08882097498736839,0.25196309491937974
-0.1537641178645467,-0.11277350917528244
0.14271287721515052,0.12164276034717768
-0.0829593937553863,0.2721705864007145
0.031369352141938166,-0.3501714047337167
0.019088971030973494,0.15890548459566897
-0.01380651572212737,0.08044343893272454
0.0863865831904817,-0.0802393743960936
-0.2620013252685654,-0.53912294957885
-0.11587171272757754,0.17674041208772687
-0.24160036096030468,-0.12734939993503902
0.2519119603705678,-0.41175194996252856
0.23553706321490556,0.06813828437810661
0.053880615764349445,0.19722967374130573
0.134567141566768,-0.23210146764754241
0.25980521290574904,0.1639157105275194
-0.41110647040942083,-0.46616033921173494
0.13268847041046622,0.10173012536358329
-0.02358142135100273,0.11096697263951986
-0.36667330537253656,-0.05250254656421256
0.16904451847073593,0.30663767564341626
-0.04315206052703088,-0.18402821910756956
0.5027284844274403,0.4523248791934776
-0.0035250939517577962,0.19805988523054777
0.36579472550709374,-0.3062949265933562
-0.25806201015787694,-0.4092781836210792
0.19551643078487224,-0.09068137766885022
0.12835383603863168,-0.03894722872883072
0.3198133817557827,-0.027342256776941846
-0.12424007367003993,0.30803894949785227
0.24773579152397832,0.3294377197785246
-0.504122302809726,0.3108716821985177
0.5725899420321322,0.12478179633414517
0.07042180118889634,0.13273256245522957
-0.33186936440695103,0.2590951048757248
0.35848782632449794,-0.07531427974770391
0.19764551917072112,-0.5241176658926412
-0.2622352597542862,0.34061034427678766
0.47886930917260745,-0.14786548966900553
0.22824244004643904,-0.19221659520927925
-0.1436252656805166,0.24243414993817342
0.10462284460181089,-0.00032611305786570474
0.05721063341582194,-0.12605608916349292
-0.08472492503661323,0.15658587092758397
0.13194482866366977,0.03240710757139686
-0.09658675154433662,0.042871955825209786
-0.03238394914891195,0.2223878616197604
-0.07932589761266612,-0.06622450587433384
0.27728698893244214,-0.3618592351270697
0.28407846700299694,0.05232311112554885
-0.04340835908740322,0.04392560263646297
0.09628219362760064,0.281156444831579
-0.13601201510395358,-0.2979235308027283
-0.3473553355527852,0.10145574497682462
0.32940435048127814,0.04583765260102496
0.14101857331405357,-0.16569133447358436
0.1570675343108297,-0.057578782065105076
-0.0851392079309032,-0.4505788842820682
-0.16077843775001577,-0.43870927090560397
-0.10099779978290016,-0.29420286417324326
0.15317539831705956,0.2983872492287781
-0.3115202380054478,-0.47319655024348817
-0.2001727514714644,-0.2790936540756736
0.3053325104276523,0.3515679656082781
0.15627573305664869,0.4179930969362983
-0.13348928847141514,-0.2841359083900369
-0.18351025360396903,0.10395333179734775
0.05798538830110855,-0.005290074669712317
-0.02336264330311348,-0.11902687052754433
0.0486176793182493,0.13039214909665062
0.18007677554074805,-0.05675559223275249
0.3310651884657031,0.16364213938471203
0.08402741040777131,0.08625853882643647
0.09106013210323072,0.06614456037479688
-0.18664155606024113,0.14854845387411947
-0.06704573249682216,-0.16128690783220326
-0.24651509923894188,0.42567137474378425
0.13221105133048644,0.09875018647346404
0.04125752420966807,-0.133515891749269
-0.004265486056684239,-0.43587252618021705
-0.15712222333701648,0.027080416966301146
-0.11980321095918071,0.2939492443658516
0.06577256155982217,-0.09287123920095243
-0.03707200907883108,-0.2141970338233365
0.09389578833497261,-0.08610730357469464
0.12803303551689535,0.17294194769279278
-0.1356651319214952,-0.283844304844739
-0.11860888040744356,0.026206969307503276
-0.32527728773053355,0.0334545270508491
-0.31235977921005204,-0.014963514822001738
-0.35178899343474795,-0.28952112014688863
0.17517695840247868,-0.13105070147173012
-0.5275993238747084,0.45191448183802035
0.2518554442908342,0.07245698603569496
0.1755512365514087,-0.13906114850345713
-0.3903211476677257,-0.13857484127219039
-0.13039646166347554,0.29270195385543496
-0.35779589981559423,-0.5067907870620245
0.22730597465710617,0.3593975518436768
0.22603706674421425,0.18398986664112338
0.2175990295936397,0.22933789342652472
0.15243571323483343,-0.22828224052407367
-0.12789943362496625,0.10876976968035705
0.07078872961811344,0.19305584457437897
-0.06472323823017836,-0.4124262363026533
-0.4124323409312149,-0.19072559957183516
0.423263628094747,0.022871910278915462
0.2584520387819131,0.12544761049814948
-0.17914200135157227,0.018718692089660746
-0.5125269148390167,-0.3172802179021905
0.1011378724240123,0.23048213019057592
-0.1937169321920469,-0.2455747707179245
0.5058933101483913,-0.03599314223697753
0.0037136801187567926,-0.18884472779694203
0.28456916142523897,-0.2910818578733678
-0.1584054762377948,0.2944858448558051
-0.38819658571612453,0.08500193033337164
0.2929184416625906,0.2241990816731003
-0.23013895026025544,-0.4534143537359747
-0.13450372774928354,-0.13390992487829867
0.12937119834625752,-0.30586495030431465
-0.1393358050972151,-0.16677422531413966
-0.16943921280799398,-0.2984841024233368
0.07468052679415209,-0.10992491488945756
0.2193875338306466,-0.07023756537807563
0.2398406760191264,0.20909019548100966
0.057201311722948886,0.5748002563337109
-0.08205954532418823,0.04649356180997605
-0.33861895812531806,-0.02894678076133997
-0.7610922920031375,-0.04266991513594848
0.04433677648602983,0.24215939343813106
-0.11503653248857973,0.16534265532762704
0.5602379542798488,0.1688932582593852
0.15675302693129,0.1013628818350784
-0.20976671320597626,0.08172926186537306
0.03446507383468457,0.1972379699023673
-0.12642210391161063,0.06167032803337292
-0.06744553161903304,0.19101157902387886
0.05289353450007121,0.10272394049940801
0.15543097809851716,-0.28796221900312885
0.2626271111622731,0.29000530129437874
0.16580494133360657,-0.21615397690648244
-0.3732026940826721,-0.2384853042122604
-0.24041542493370044,0.36187981187762736
0.03413929739879785,-0.0013199608898238533
0.0034420332504820606,-0.15654328763383635
0.28215195262019344,0.0544611509571821
-0.03396027886302196,-0.24532536528217694
-0.19449246733124978,0.13577713973310504
0.0842726168392834,-0.12266576471717498
-0.1278639757269239,-0.40949721330104766
-0.1528339936110112,0.24655387634888437
0.2093136114555679,-0.12439027846641795
0.03272039872682452,-0.2742262093064568
-0.017675008754824324,-0.20089056241187964
-0.1398416771981722,-0.41622671387388865
-0.2171382917246004,-0.027967714950828247
0.5939641988983003,0.48157862277135804
0.12355677342652562,0.3676754429054368
-0.30627664931020565,-0.18556572171568908
0.30351026012370724,0.019233005334832493
-0.225523509600875,0.09886503461368862
-0.20850888962457179,-0.16011177950650504
-0.08302773467368083,0.18450929099171515
0.17373776368973518,-0.1919445338298566
-0.015635378068739887,-0.4662231361378451
0.03255420224738107,0.0069572628507821805
-0.4034455840730606,-0.4475726899806937
-0.14845429237282784,0.07484421205548392
-0.07392617414005198,-0.13103542366743812
0.21531734106522502,0.16109989435147856
-0.4992199637370576,0.08329790969381856
0.17422167224339713,0.2843710189635346
0.21379174606491966,-0.14239261606841866
-0.21339962294287396,-0.04418842576968303
0.24494316011751924,0.15258311338876931
0.11118286090012597,0.16958431109067218
0.42976563491072356,-0.09168748000060169
0.2121211404265201,0.07686848526843273
0.03532551704498077,-0.001467404082902942
-0.0032574841118263027,-0.23643836910340932
0.203732978908899,0.06492934704120802
0.5102343499894754,0.04460824112291266
-0.2605349712360956,0.14284579877987538
-0.12458582765911028,-0.13741995897897138
-0.21115994386468775,-0.7129691602685623
-0.33541101178648464,-0.570738805894767
-0.18458857471360876,-0.18032774097422086
-0.14123710468178324,-0.04182242869736096
-0.10885236017895816,-0.1902288867038157
0.2530413547125624,0.25544278115423014
0.06938281559367038,0.09291205771983199
0.4638678099542374,0.06655704342487466
-0.12188069251012644,-0.12274947990471737
0.06616493231511324,-0.3895371974699078
-0.24234015888142402,-0.5280972618270988
0.22613868173998017,0.4142760846019602
-0.011795906658179641,0.43725045890607284
-0.31538816773166917,0.03435070674238561
-0.06516145667825335,0.07040552107797858
-0.2738422603967783,-0.09961347920204384
-0.6406339120275483,-0.6012701911754291
-0.10136191364627987,0.30290392459196575
0.0004063274113984402,0.07602882192457457
0.08154606989010825,-0.11766379464862033
-0.48949910200340085,0.010399334690828526
-0.4999698895117235,-0.03149441522312115
-0.4372039794653735,0.10502803254176857
0.06530449666694832,-0.06466287296256003
-0.11677749642237706,-0.5865306528283125
0.02129321072085664,-0.4417259911808287
-0.3054524724811215,-0.16817311582679836
-0.06580285111356048,0.23964970464501287
0.2390513918014671,0.27603046932813463
0.15557415866315025,0.0922048812519371
-0.3068968365980774,-0.18850584915303994
0.19455058900556607,-0.04708329708839889
0.4487252321956148,0.1609958883423452
-0.6201123875287514,-0.038889030393976065
0.3035302867511422,0.1360369377575791
-0.29497615247594944,-0.1764485865433507
0.5423148822887128,0.322384697972572
0.5787788790232107,0.6828755591485991
0.20963520618916204,0.17245909300866696
0.06087707668873677,-0.15608938141886372
-0.24576051884896224,0.13310788827411774
0.17417636365422362,0.0532964526082877
-0.7583180385054076,-0.36217998236695276
0.014912075295775882,-0.034708642566091644
0.14630414896388083,0.17769133831449774
0.3922573046669412,0.22256950995320746
-0.5290591826914132,-0.2724610601710232
-0.5344115175886254,-0.15994881020959484
-0.15088730800525862,-0.10866674946368776
0.13788425096631088,0.2889914912775584
-0.22398962954225998,-0.3645761411766889
-0.3954450408135861,-0.06389903068404472
0.1141703826505924,0.3622562242929885
0.02262792508410344,-0.10107547606178573
0.05988185323783088,-0.4006038580389556
0.06164128773828405,0.033378379966074845
-0.089973528219837,0.1967803675517585
0.11718473376072264,-0.2631708409836923
0.28786379711137444,-0.26593980575666276
-0.027448083204792702,-0.008869743112248432
-0.05494794921735205,0.34220098718706793
-0.06775478845027831,-0.029645983480031647
0.08177083770005662,0.10518707654752209
-0.01649801119324333,0.4437079914217913
-0.07796216874836798,-0.1729909859207977
-0.4386347558727925,-0.17738454781729204
-0.04397397250275649,-0.01644635835342619
0.34397145735852375,-0.18614271155799478
-0.08556520943355904,0.1865860616118517
-0.2034587645869965,-0.1596683358549997
-0.635366844171645,-0.048470921903628485
0.06739481269530335,0.2569095904356313
-0.2619977354085394,-0.0830875653137327
-0.27912703097431146,-0.012592952252255743
0.43392421641402046,0.34732060652959174
-0.06776149845287645,-0.17153419572978465
0.2418516789130791,0.023746224401459542
0.053808927534902365,0.08088628753666748
0.528679129983896,0.43787429259902877
0.11629107908053105,0.20574894588632975
0.11038137920976915,0.412997195957215
-0.027534087571924236,-0.13846189011464788
-0.4133937463797822,0.3216517162863806
-0.4840083082686753,-0.2043854548327962
-0.07788730094752211,-0.46635111590701667
-0.08627124665188017,-0.18592317548469753
-0.3290133470214,-0.37826881354080727
-0.5558777822133101,-0.23603122110374428
-0.03501366350670971,0.06269156138553045
-0.12330946115466353,0.6216329577085682
-0.17502588730291982,-0.031349426624040846
-0.49391935931214453,-0.16722931345776462
-0.08397866284252843,0.2110694344660257
-0.0488507253548011,-0.02324799430594048
-0.1422392094339862,-0.21396177513227832
0.20654360614494613,-0.002413389742302533
-0.15437283947410418,-0.07446385434178038
0.03429599306362646,-0.26205221574552545
-0.10006880851121501,-0.26085636686710373
0.3019425724688317,0.2658779885179745
-0.03160813067990549,-0.12118609059127243
-0.011420586903803811,-0.054795041777006344
-0.054960665798324336,-0.25755134653591155
0.37802600495247995,0.19048390817095895
-0.010130091426763703,0.01656265248042909
-0.16740846968220058,-0.21422779819059823
0.2432123198034645,0.010218878708415558
-0.1142925231643412,0.03214521268650415
-0.44878989232247823,-0.5190475361161059
-0.1791811660574143,0.21388771804576173
0.07618637912150117,0.14128531037516376
-0.21147002125148906,-0.04559735946009263
0.09051231011509803,0.06481533813252627
0.1161065055138017,-0.24615415838956264
-0.10397351866405961,-0.46122140279645424
-0.011101917465001521,-0.09894866867005642
-0.05044188385812067,-0.09185505753270923
0.11677386814434342,-0.36624985372523294
-0.07946165347032243,-0.183926949531602
-0.3952902870522293,-0.11492827072368433
0.22354562025193625,-0.394716274867885
0.44372448241682527,0.08353583812627277
-0.03266806070529403,-0.3770081830483537
-0.24015462242341395,0.030830708903442847
0.052775603753145404,0.1393206306059039
-0.03828028077137344,-0.060915272683111546
-0.2360164549635093,-0.11050186626312389
0.11107136008515041,0.1505544571773106
0.44611770593559624,0.2883069469494243
0.5511290108940434,0.20965818996394622
0.1561621691330005,0.1324659019316172
-0.03033003511960473,0.01054594351641119
0.3344587426294709,-0.0498545816888622
0.2900706306999398,0.5092512725816682
-0.6290617673390162,-0.3248188757740486
-0.04698357178404052,-0.1915074035371058
-0.1551716197580827,0.2811134077240629
0.29215324237004175,-0.013886504919652667
-0.06751718451534307,0.06616946340500715
-0.24403064303417718,-0.12837628119634661
-0.3367403504291545,0.21884532971861465
0.06198094306762918,-0.2851630414263217
-0.0797837017019623,-0.5962208265067009
-0.2314613187333709,-0.35068824960452166
-0.10768803607316972,-0.18520790498158443
-0.24489981371252784,0.12143340425544104
0.13228093262937873,-0.04322979094001817
-0.23775195890972453,0.20402106095357117
-0.12191232849439103,-0.3272713891831716
0.15579731500663377,0.4661609241711038
-0.1485416367382333,-0.10314503351620932
-0.011862567398090334,-0.15505035978284265
-0.056835230091091024,-0.09641245146641413
0.13729293328732078,0.06193594828939295
0.026658837736150177,-0.15533635574630375
0.3432646364030197,-0.21737132549968025
0.47218769905583496,0.012230143604758555
-0.15115653790469877,-0.02019223936565385
0.395912878502925,0.01241751068987719
0.37432641467463734,0.2167606146243224
-0.1170375178368518,0.25463902565194974
-0.5068644595123976,-0.19815464662226506
-0.06713411209625403,-0.09807453143648512
-0.21988671978330476,0.0021005149319640814
-0.23595008816105512,-0.45708917468711485
0.5281819464655874,-0.19376975642678979
-0.1719401540243783,0.3263167562415788
-0.1568770152846965,-0.34199287998553857
-0.13773591799959603,0.3730288141143597
0.6058657906398074,0.5085030549367368
-0.1253136844443857,-0.0481597191135072
0.24750221647089693,-0.11917653883966824
0.13205799702292273,0.299443808308989
-0.05160435228817884,0.47423620627153074
-0.24644658312796455,-0.22220830413101525
0.1701922044151381,-0.056006163698981974
0.1803658683172467,0.25070352733746504
0.07273564282081142,-0.15087798342355596
0.02339861262955539,0.039690730434376896
0.044383387175439486,0.15999907288594123
0.0708361076851468,0.31770914784027404
-0.25450789363863974,-0.17202287265702018
0.3764353671593062,-0.16009910230548077
0.09690544090720919,-0.0998145044400447
-0.25369043646207473,0.08003045618788135
-0.08649553848442573,0.1426812391394159
-0.05532814631097056,-0.03528093124787325
-0.5451311977409243,-0.15215363272653937
0.5208521299158124,-0.059988118944785424
0.3739354405435858,0.2868603730017731
-0.18473959893449174,0.06450923298960415
-0.05656329663107539,-0.23707387485645065
0.024033532931955086,0.2923318864949144
0.05019435996651649,0.3279888987757777
0.0794395555650263,-0.11826771536866411
-0.12213613179700364,-0.0809084695643214
0.5596726560914452,0.03680264558386286
-0.05535715564117054,-0.3022356684227147
-0.10205057746170217,-0.015107366081116867
-0.05311230952559078,0.35754234219155806
0.10642660979349818,0.15189558731145866
0.003913374866142034,0.0374126399326177
0.18179564449417057,0.26377861948688686
-0.11015000614983032,-0.047152983207761394
0.28776045541525086,0.013220623244778747
0.03948467101132834,0.3182726468728615
-0.4106832628821562,-0.3830483511697249
-0.3552891050306631,-0.020090126554224534
0.13279586625046108,0.32013516556013194
-0.0069296980682592435,0.1263155638514849
0.3325985731794307,0.16920120995006452
-0.09462769206666241,0.008952344723012663
-0.32570667001003034,0.1313587221674164
0.10698363380714755,-0.09105707247306132
-0.44481554420847197,-0.16413706218421548
-0.34449490170771957,0.009348421177890873
0.09293469101312501,0.11694101993666975
0.23703796627938395,0.1221520172730638
0.23634941838734175,-0.20364039001319698
0.10092220745183546,0.3663584772955918
0.04608442272258886,-0.047871173382681854
-0.31910062619843454,-0.07859264104446459
0.031266388135703746,-0.31597809034961577
0.08634147790358,0.11794869364008255
-0.10185199011252345,0.04409657254976666
0.06372716676513142,0.021900917778025605
0.010203460824739382,-0.4000792903052258
-0.12629334867538167,0.1856582202362906
0.21601707886977234,-0.10947453296346513
0.15177290560663984,0.3191854188364979
0.05578896765302126,-0.018221057237368866
0.02793061282278609,0.4812187425932618
-0.1806410218177661,-0.04626894413692996
0.40684161990793055,0.4066111279296426
-0.5399663777325843,-0.010364092686731422
0.23143796344545753,-0.02894162077836144
0.44255866807163424,-0.17882217083961371
0.03170351769959076,-0.015076367235177706
0.062160369815010774,0.07797735896792174
0.09691826820152674,-0.26517278045307907
-0.12769649319963233,0.3227003040575521
0.2711235674797322,0.024986433165553996
0.03063950104356697,0.031005196382734898
0.1821420949988754,0.12221720761718713
-0.06002847292234388,-0.22579048144149194
-0.09337358096238813,-0.18901156906627486
-0.26085902969948704,0.01127603853200823
0.23833188379654735,0.029988711247793346
0.07535658742007553,-0.1504036485206964
-0.007037255620491461,0.10620610520085863
-0.23268332523860805,0.2210579574495622
0.2366511130606313,0.020892807915611725
0.0749288836019528,0.2684552358146708
0.16810972324344695,-0.2153151133130326
-0.04037573829595504,0.35215161597729355
-0.16922188160665536,-0.11410414191559587
0.12132047827251581,0.6180321153033753
-0.23144094042063976,0.01559892080692682
0.0400506155068662,0.29269288657801984
0.01849808176375444,-0.19797701848978255
0.5661249941481783,0.054324236985521135
-0.20181325964743282,-0.17367879988798693
-0.2796001457869403,-0.2778638131442798
0.08146199457257483,0.2360099618233311
0.36531705950834414,0.08238137454357224
0.15533122778465003,0.14311151543254969
0.43404815392300405,-0.20305740643970346
0.2487965742842336,0.0012977724620384192
-0.0690612251866404,0.09649287120962059
-0.10816013757016149,-0.6210380083568708
-0.05040016399765698,-0.2159167220882172
0.0907792335703244,0.2456041226566257
0.09483443443171707,0.2312881262459423
0.234841223522444,-0.31277818892848386
-0.06684919578875227,0.3039916817264105
0.11835610689539258,-0.23503741027104316
0.04996223386488826,0.47848132443225483
-0.015109675921736005,-0.5331722433024378
-0.13338335278296917,0.16973008742954016
0.12584043214578913,-0.17169532969462373
-0.5071669406670968,-0.15763576096277132
0.18628724510676045,0.4773587462107315
0.2402652103998066,-0.07015744058802266
-0.1877292731662155,-0.5003694762543063
-0.10877808377803443,-0.0872333936532924
-0.17250253797493081,0.07835550551060773
0.04131899234243253,-0.05716686048075176
0.04897943527048157,0.44485441631687156
-0.031568169080739034,0.11599887463695087
0.15439064626368426,0.022400485379278787
0.03621307429098841,0.005830273953411883
-0.4417374146700036,-0.42832628485287705
0.07524075311668639,0.17969558972522406
-0.31972562978043784,0.2424021333853189
0.055369766065295443,0.41231416016971545
0.003085741611944764,0.35310618558040663
-0.1424366000453698,0.4554918677315497
-0.21312542458344563,0.608734423569987
-0.15374364435852783,-0.35301512901787724
-0.19059715640740563,-0.3368528635243953
-0.4641611538047685,0.027384869960161096
-0.1384390259894638,-0.15081534097284752
-0.48117415557663545,-0.06906642641892481
0.15721027024765233,0.5827231510818305
-0.25097150950977115,-0.19662288369303227
0.06666426375428045,0.09243512143008001
-0.04960395134377381,-0.15613950065134927
-0.6791222639915165,-0.20316671544899131
-0.02167617208831334,-0.15892174068763273
-0.17705029250509882,-0.5878761458156871
-0.47345761159581734,0.47463858363792355
0.23989593726724023,0.13719663875484717
0.3156033413981807,-0.02494528036870695
0.2884365865043287,-0.23038400811867982
-0.0681704747816491,-0.0016302922264654933
-0.11400005336180016,0.5019916161724838
-0.5233693827971575,-0.24247900174069195
-0.013683261343182472,0.204636918734834
0.3581259075304626,0.22126144188087093
-0.15195637612028742,0.24319287038274445
0.3393874656651502,0.3224726304352643
0.03944840957835533,0.00747638291994733
0.281356253872588,-0.12789349770074934
-0.1393010234554181,-0.07756791441465363
0.34995937004070093,0.13164905160715143
-0.09867586814019352,0.07796691912947858
-0.16661337786360544,-0.15885154786512742
0.17936527705770383,-0.3055098260047699
-0.13143153403688115,0.11634602263082942
-0.21844964375572817,-0.06680548034973698
-0.1431594028771548,-0.1348809963272323
-0.03776171610215824,0.12870906235427884
0.2410734361592968,0.37335179696115856
0.3323651706041933,0.050807632619226294
0.20456410437804892,0.1581822434515954
-0.21501497514289225,-0.25109282133020727
0.22280178360885966,0.35491135118713174
0.003327262245183566,0.1172817429075486
0.4248408714311158,0.5214859542975826
0.026783129173113054,-0.2358129243692786
-0.2269919740591307,-0.5070526204564154
0.08776753641063484,0.2307306237162346
-0.08653749003444457,-0.4779856679961143
-0.04771729199609912,0.07536402347537889
0.2861563614532554,-0.044922754352123076
0.5299178081761157,0.03633983894899007
-0.1557248671613962,0.1383160242464107
-0.18903532132697465,-0.09973867085413929
-0.06525729708287266,-0.6428995337664655
-0.4987957031773431,-0.0804668940354115
-0.3227319426305014,-0.2937415557755877
0.38708858247053857,0.404812707361871
-0.1729421335229042,-0.008593715781966826
-0.04186368408770281,-0.37056124304760735
-0.17304651252950543,0.0865144076978438
0.2622821883486878,0.118575540509818
-0.10900890939214423,0.004536707925321005
0.39667480309383507,-0.23433268006717115
-0.0012370762107584115,-0.3261205309571529
0.17098024296606054,-0.06517122093545379
-0.23672538203310253,-0.5396497553030838
-0.09324079746720329,-0.05532910393859702
-0.3027208968944009,-0.3079691356333208
0.1461008076728679,-0.04716242761619288
0.15805294164027012,-0.28453692429559424
0.6646792360157833,0.3558248978458373
0.12447106857948621,-0.11909505571860185
0.0743925088435082,0.06303830787439105
-0.6568617964579933,0.05857375222529364
-0.2273684699736951,0.6020492896628153
0.014635891463455574,-0.3626293059140339
0.06942612872202714,-0.06030060381261349
-0.2840313254928146,0.4181381296706486
0.02520505561599277,0.21786836195288525
0.10097225886405595,-0.19781613656576164
-0.03304198015296042,0.08790325759706402
-0.13207533158788906,0.6343774626461992
0.297689127694467,-0.06553966879098026
0.11251472689784106,-0.23517840747357285
0.07551842459298953,-0.016476687818495105
0.12476916722874162,0.03608223628363644
-0.14358699276684503,-0.05611123262677326
-0.7074677539323455,-0.19288016280955025
-0.0007420215895145115,0.2569283635387171
-0.009863936540038384,-0.1549898857760847
-0.13218295419479473,-0.29934678684510246
0.20074029853982056,0.25294717351915325
-0.21613427337361896,-0.22205591969364114
0.06769369580108757,-0.3359284108563473
-0.3434323422442945,-0.018777801226297408
0.2875189551065039,-0.504050571122072
-0.18876720064471844,-0.014756590911820864
-0.09308325928934968,-0.33305568560031446
0.3386177949585393,0.08583229349643938
0.21343598524937743,-0.22116122696789103
-0.3791648445518103,-0.05538143430784815
0.3135518832723443,0.04272789699193499
0.09890792409582133,-0.1794993159800285
0.07176343098645876,-0.45478995400386907
-0.04472246413217104,-0.11595601861644364
0.038274189556015005,0.12550160118991513
0.05530847503394774,-0.4355776967565636
0.06387309494775721,0.11861938091864006
0.17788560382780771,0.6969354261980167
0.19748060165692174,-0.18260146146383646
0.28413410392446903,0.119475124563743
-0.014419542492264618,-0.3159666134935256
0.21843651084200866,0.12100396464752604
0.3673070491095448,0.06459816804694804
-0.5123354980451662,-0.30516367748825024
0.3065672576207232,0.19884147676731465
0.2104373242669297,0.08780697730659595
-0.08692299961665671,0.037351421561003524
0.22330948255053204,0.291759786819166
-0.1641542811645159,0.09959308442574127
0.25169669324211813,-0.4374439015449669
-0.18676854125062353,-0.3887702540651709
0.024589829656392517,-0.21850118264339413
0.08967309633246552,-0.1232683141518813
-0.21082467097505983,-0.10358838272885543
-0.3542008461096797,-0.4522510871472589
0.17307100912088133,0.06646330839527693
-0.11160264646525371,0.004297526307839586
-0.155975021038604,-0.3336250855515201
0.31760862400559214,-0.09080177887947709
-0.003121420615306009,-0.16711598582369896
0.3383308039683052,-0.08375327068633777
-0.20174553069087825,-0.14719897567615164
0.28479574239659206,-0.06850562862991917
0.09183965066616452,0.2604793204697165
-0.06390517031033253,-0.047821279551647534
-0.0008479872150068913,-0.22320814848395207
0.224133385632391,-0.2668862968753141
-0.08707936431349879,0.19570791892075032
-0.3683209800299673,-0.32175843903544626
-0.2058404284608498,0.1673330028767683
0.29306327966981127,-0.141069438103477
0.4123686093974457,0.08412164062683619
0.04602929673187227,0.22737684527825872
-0.4031515526947259,0.013226308198558918
-0.09268010723747831,-0.18488915047843818
0.1837317672054621,-0.020324675522442118
-0.13507947225460992,-0.019280281083541472
-0.19493978180456975,-0.2727383003630178
-0.049443929106181755,0.004001553515234965
0.2604808217532458,0.44680970365569667
-0.1894325069108355,-0.20277540968175908
0.3007663547628291,0.09835133274917866
-0.16269571041125874,-0.036442472198554246
-0.03451187812987897,0.3878202702372805
-0.18380419573958212,0.26731493699821274
-0.25744669531380293,-0.12813367599110298
-0.06476450857135807,0.1991745253997462
-0.2580449655477101,-0.24792727852367516
0.39545168620760246,0.20515789797507897
0.33805136619191567,0.14054433686290174
0.17844172858125654,-0.32795244138944046
0.266032909092615,0.21071060602396832
-0.20194790334076346,-0.1163420492871371
-0.031948915219354675,-0.16359272582930365
-0.27943033013154644,-0.26155187708057
-0.2719199160167682,0.2092953615575378
0.2950072274905157,0.18223052803282663
-0.0895130475855381,-0.049135335130567837
0.383014060397197,-0.20450213054319755
0.03288459224200464,0.12154974458049601
0.18546232293494028,0.018224093589435608
0.8840037130758183,0.5187372679744555
0.17700253885707606,0.436397452005418
0.22486240127536938,0.32151715624749133
-0.17593494686944094,-0.02145872626231056
0.02005607234231545,0.05272000998536372
0.6099321603582574,-0.16392086636192635
-0.10067138815093614,-0.18315761244310122
0.221565711788966,0.19763602829174726
0.28468309036999473,-0.35771789952377747
0.48455418154719065,0.621331629958742
0.5771863949647225,0.5905623947322418
-0.13317175098425552,0.06617850943549065
0.2485094332024869,0.15030380290728904
-0.05018547897481976,0.45035779068936055
-0.11509154020211924,-0.3114613554246314
0.09751056932657158,0.3090747453637584
-0.3294746027828467,-0.14666127514272084
0.2462197211056881,0.20373924194085982
0.337387813427552,0.34130457328208264
-0.17944213136541742,0.42594381794716096
0.5074414057337076,0.5046170521055982
-0.10352902175936735,0.11309001302766461
-0.03682792713802174,0.5279786621276278
0.37918582784439603,-0.0779064147220986
-0.2216886955475633,-0.1311639804483364
-0.006457378353487473,0.14936793861504533
-0.11407025985753978,0.15770379291087272
0.12085325465692115,0.12117726593317316
-0.44772615273344885,-0.4677475611105203
-0.24745210102102705,-0.36733420090523555
-0.0843152432663297,-0.12432822261250638
-0.5620400795723505,0.059832960187605574
0.08625628579842419,0.23846439510522266
-0.38385955952727496,-0.06816947426715878
0.20098483032165493,0.0005686027596836646
0.024077491526694004,0.48852063993051575
0.04831127954972579,0.027155307731440276
-0.31324423443013005,-0.0901346182521389
-0.3884375546208449,0.16209187505784986
-0.24793631622950277,0.14664910109468743
0.21558509704610518,-0.20578999566789136
0.09501926666498416,-0.4844604670784745
-0.349191102129719,-0.10583784522547024
0.3659449541101383,-0.06805644248791086
-0.27905747896856997,0.040705737894513545
-0.28484505822770106,0.06681152358634565
0.028874227701013656,0.43793580473826593
0.32181802152288086,-0.16678037380611047
-0.07579602675346035,-0.08749606409894124
0.13531580856138695,0.010825613955604498
-0.17257006606708705,0.21010476765480585
0.17830975752070616,0.11134187874988775
-0.06251606342149531,-0.36591047938966975
0.13669382520571227,-0.06249207629861887
0.6254347810691115,-0.18496452918107928
-0.4857952509657562,0.25784744154860784
-0.22417449967715752,-0.038974025194400415
-0.16074289887497367,-0.22604673080279092
0.17246392186078316,0.23845088846050008
-0.3500513253245429,0.34913698980847935
0.038682983448758375,0.5416570529353292
-0.3091491442049717,0.0517508265419209
-0.3188230687903924,0.019990837420048046
0.2590788710718148,0.32038878969701823
0.3169272947290541,0.08488994549096396
0.004151581288149544,0.16757593704368245
-0.13948854264452626,-0.13409830366080755
0.013865994156844124,-0.07648746309954982
0.46336185733094487,0.23973519832168008
0.01982465230496286,0.27349222871084267
-0.01635113736935704,0.28145374721152894
0.2506050424726518,0.0525184078566196
-0.23482353021641295,0.10208407020410208
0.06163823382961592,0.022033445056728676
-0.17904013315587544,-0.011286412041894546
0.6421504546604123,0.42021920582161265
0.1358882567976965,0.43775912782455967
0.04548395097100898,-0.3065017134417219
0.19988035408103644,0.38766894907275673
-0.4638816166193852,-0.22168089282527437
-0.11443722741849788,-0.1561055917815255
-0.05310996575773468,0.09718179495119521
0.1352949031208674,0.171142752560145
0.0724895457751527,0.06572587696970277
-0.014902151874806896,-0.17588733867304998
-0.04232368671474181,-0.13016377241680752
0.26903119048282564,0.4046888630539983
-0.06716379448370242,0.09104720922282465
-0.07594721127024957,0.14453313592942046
0.08333872889496383,-0.16679618761853351
0.1084550856652262,-0.11912829922141234
0.507076555476943,0.586011900572035
0.028765850140894077,0.03598611822885459
0.010897757160783107,0.09621313407656217
-0.17448596455047155,-0.3747214445053995
-0.08937346272336481,-0.30021399981100216
0.11444713736371724,0.12019225647873054
-0.5076811336458246,-0.4979047396059687
-0.14552853505842578,-0.2548563647201008
0.2355696653007881,-0.021790554896550768
-0.10426805758549203,0.11713132967880237
-0.07087600488975156,-0.12956474696744436
-0.15352330855145413,0.161621394787882
-0.5128947211305351,-0.7465164312840481
-0.15346848063923885,0.5314072357255725
0.3398150730528584,0.17028327582803604
-0.267608491102184,0.10167337775792142
-0.14447428967772447,0.3476492276602241
0.05144698772725064,0.17239298835193562
-0.06313050600141759,0.18257136235425708
0.05998834868095953,0.13684999724384322
0.5759299573605106,0.3132611823473127
0.026611381857981398,-0.008623528946972991
0.536817033326702,0.16451348884815026
-0.2284545048203964,0.25621096811478017
0.40427821198403496,0.7839037616572866
0.0830733693321187,-0.03931684170142088
-0.43261745977028376,-0.11694398692997432
0.11816573349959189,0.0649626810338205
0.12172385517687379,0.1161937823931728
-0.0017071403624664425,-0.1526820857394306
-0.2968330237212912,-0.31687712535067275
-0.1568051661153852,0.13846671421555462
0.406274028207852,-0.09400000808280674
-0.15164758586954574,-0.5109811029314308
0.15969121016384466,-0.15434498926814355
0.047143777645476656,-0.05829967927010618
0.11559595262663915,0.22275323669839184
0.07460982094677257,-0.1443885482786424
-0.03325421759310038,0.28809650873846215
0.09984742892014631,0.24093331415626262
0.0503756335460272,0.1505168499310601
-0.27271982352252405,-0.48776998380322306
0.15813999730678693,-0.06567742243792613
0.21498609713725175,-0.2619938536762548
0.10253369042287053,-0.0060673529833794974
0.5077806532986714,0.2163595323386579
0.044082230199227856,-0.009596751338595956
0.19685312023180915,-0.06111348325046282
-0.205957854567617,-0.25413747197508046
-0.2944709092637396,0.31858325897310347
0.2435689405394087,-0.17766623380271024
0.08561955803453392,0.2460422287893635
0.4718506317958477,0.059059349942499534
-0.2188242708120371,-0.16321478824012858
0.17525947601063413,0.1550479050008189
-0.3236113923833606,0.22361456145175654
-0.012466623197494706,-0.16990384662825056
-0.1495711156534015,-0.0055330639029180445
-0.3389562505143885,-0.18092032032202934
0.16976227207919542,-0.4349036322106236
-0.44516517285881213,0.28905016973968334
-0.03836269751298799,-0.045476623995185914
-0.17597476303132337,-0.13702160865083712
0.3817174193933557,0.020198741579568347
0.3166766651058803,0.31649346558284425
-0.003283049430394733,-0.06356231155047667
-0.08360560600557114,0.14810881939430084
-0.6955170278953097,-0.04666264019330326
0.08712595309880528,-0.01258110633237894
0.01676613771872039,0.052981084249704644
0.03501605084917947,-0.12902380173943517
-0.0706052030653972,0.07444859888247911
-0.11330300219022216,-0.41625465302370757
0.3368746730853185,-0.023895111056974096
-0.29171169174977896,0.10995274887812055
-0.489545955320076,-0.4548318094238683
-0.07884998932890833,0.21918994104728579
-0.12401000525217404,0.08918452298115355
0.07460828253458719,0.08108372773147628
0.5569344004628252,0.050858077422312714
-0.4214360489166787,-0.3930405388689013
0.1241903942994564,-0.4207180514764677
0.22083910881456284,-0.21728709918295241
0.37882219329814343,0.5025567493244284
-0.23598170266913154,-0.06968640114162124
0.42128940699617834,-0.01694346146937551
-0.12770288426023704,-0.20484954497913613
-0.07520429803848439,-0.05528103001376606
-0.00817355065427261,0.20274973220857345
-0.5560782492201815,-0.01097916503406253
0.2144392603334852,-0.06181694147533664
0.010977149191692103,0.2236836928926945
-0.2086378838623577,0.22801182147455334
-0.05039598825224938,-0.19387628659474526
-0.5746685923230652,0.04621446043282254
-0.2507174547666333,-0.10569201682255683
0.3749839053892994,0.33245444953057157
0.4203234508037739,0.17489406243292752
-0.024109653524163843,-0.3700036261424274
0.4184368092086873,0.0732677541070347
0.28365287404051287,-0.08125527559710567
-0.18279465041177553,0.13887533106346014
0.2234079920117717,-0.011589502071622319
-0.1373541264394061,0.4149660253141299
0.01676603541370018,0.24303059537660263
0.23222671120978167,-0.16962123123892822
0.16138618892217102,0.15795591015601265
-0.055432212455489654,-0.12784104762179477
-0.2759782031141771,0.17931482673869553
0.010928546955300145,0.3124909905597298
0.15636497928821125,0.06365234384555085
-0.30506581695224905,-0.022574995419524596
-0.3213420596843316,-0.0625225306939389
-0.33144157990749606,-0.2998657882759829
0.01946890336001517,-0.1161951541347959
0.4328331886716605,-0.3355471778908081
0.031189170327644053,-0.16253525002387273
-0.015113900777945109,-0.2097300768278701
-0.11576922143531465,0.09387043004142467
-0.19399366768797832,-0.035476002968927084
-0.1318714193297395,0.07152922748011177
0.2412964902151371,0.26750962961663993
0.15948106248168956,0.25147730445911415
-0.03653834092616102,0.07256928810733095
-0.21426982022522095,-0.20645425701918152
-0.13315894444428072,0.07692950573180582
-0.2703686307487117,-0.07348315647803147
0.017981474037698075,-0.10405814116620724
0.4509259231071761,0.15609767699758118
0.22844129101818628,0.2585332907785153
0.34594352363520564,0.21845261220447465
-0.10304222485580801,-0.20376411029520722
0.18651001189115327,0.04100222418421781
-0.28995391196729453,-0.27455316426220616
-0.16062611437630267,-0.3877737409161
-0.13725303482382503,0.10819954696885914
-0.5328264302793374,0.0682167671696616
0.1314838069672314,0.12333978509540043
-0.1045882813352653,-0.3743918487702877
-0.4527457122266406,-0.05539724069171548
0.11181523854529508,0.22194321813268952
0.3594415532890961,-0.14157576406566574
-0.04228802796789619,-0.22871698555218947
-0.19317268261358353,-0.12276447905195713
-0.2164366694524531,0.014543829593279994
0.032666222334904106,0.10886815169267877
0.28146456712409973,0.33309687366080065
-0.11796886949593356,-0.003717310840622396
-0.15370550598343957,-0.09960463460225068
-0.15875581082807255,-0.2549681414395908
-0.16604725200992268,-0.14875056979592796
0.0875070719599969,0.47512401487791683
0.07801821803984646,-0.1996744111302472
0.7536974674995432,-0.11778527765702561
0.03705089388067979,-0.11200925572895898
-0.04826265645557222,0.019215530413168987
-0.17245392688827477,-0.35362002421339844
-0.09192387562249164,-0.47156751825957804
-0.15202496801022122,-0.16147276159304266
0.27472550546196084,-0.11605211706499105
0.19154213616622504,0.5410061634623898
-0.15261096240552535,0.12567354872117162
0.21711688053925096,-0.09645139869626697
0.29619363648764274,0.11400429811957769
0.30949209229641955,0.3237865599971475
0.2984019241466019,0.11904226461579956
-0.5948805956021707,-0.07266322108934085
0.27049242951550845,0.14414939187585954
0.12404891335303064,0.0638576220017251
-0.1293545565968369,0.04260397640197591
0.575293925836279,0.04252767040213176
-0.46354965004752435,-0.052546088832117206
-0.24263902695278264,-0.29212594641606476
-0.1483757915903073,0.3775793791024417
-0.26191604494296855,-0.03678544942309413
0.15932648580942588,0.1157325616645996
0.1376916817825463,-0.2438400030327275
0.001162487221457318,-0.2540248928642034
0.5136447410865069,0.03616338856265197
-0.14187322827055615,-0.02247419453915769
0.5463875920044754,0.04757325422689113
-0.656766306574057,0.11718013567419293
-0.005016351500004433,0.20134545321869712
0.2463105850281808,-0.013224435489362977
0.17009968496834385,0.6143336765332876
-0.2231688169401418,-0.16237680740223753
-0.13429577006614876,0.09173666693202834
-0.1524249603919604,-0.3205583887328085
0.015772961538590466,-0.11397804094911686
0.37231827910911625,-0.27720935039491373
-0.14689161558977853,-0.14603638913288142
0.19755171881399733,-0.04991669404579479
-0.2203483813656762,0.047924589245579415
0.22059859303711568,-0.10019602561093836
-0.24199280339617185,-0.23024191595720817
0.35119282298748233,-0.08461159187870666
-0.38258524814666617,-0.13740992317538492
0.13202726793032615,0.28860731977235393
0.1652255391719335,0.5442852667291066
0.26834539979322003,-0.10470598240949222
-0.15741756980846341,-0.5560303909759904
-0.1336589782934757,0.1053846488331423
0.38910111852857643,0.2483518973853901
0.20680464692781575,0.6198954268882814
0.11918568534751449,0.13134358583375566
0.03028661345606487,0.19410089925945787
-0.1364679090090754,0.22646571607663457
0.055075873602256534,0.14233031023027204
-0.1437004650157784,-0.17579052191547637
-0.03195761599363323,0.32062232338526514
-0.07268030747367418,-0.24945161808690255
-0.04907762562118514,0.3169297867915554
-0.2860068849342292,-0.2242739433435852
-0.031519049717347564,-0.06864217901206213
-0.004705693308623221,0.06699055522180158
-0.19637491958044792,-0.3406567793424466
-0.15639796351369248,-0.10188556755514303
0.2291567289970981,0.19873373453037751
-0.46766983640581145,-0.24692299481423538
0.2990272707137465,-0.09166450891142382
0.06035928140873693,0.0417468747849219
-0.1480762793409275,-0.427246215597799
0.030408285286265744,0.3328904372705876
-0.24329808033130357,0.0410804719468831
0.31940521491133533,0.04595239556514164
-0.013457881465395324,0.07825352667346468
-0.13586845540739828,0.22425379419232952
-0.25523136648362543,0.26451339729755824
-0.11551368000664068,-0.0974273423192472
-0.5579173838477722,0.017355865065488103
0.39599736260056684,0.5679764012858145
-0.23425835983420268,-0.2238436669813601
0.07403757809576536,0.2018252889860286
0.12925732175847077,-0.11763599944236378
-0.7034278684339895,-0.03514547692424362
-0.5908959749444728,-0.12886850928772575
-0.14045893155929728,-0.4961988002006929
-0.38809907068542304,-0.04411943016721702
0.186758480993787,-0.02296956439578379
0.4216381038462423,-0.033783245113058906
0.34053754385276086,0.12347993168348499
-0.12344349856819525,0.03679629083713194
0.03272205912671499,-0.08117702151221587
-0.16154921073356832,-0.26117704406634273
-0.19810338540050462,0.050645107908015845
0.4799728946346748,-0.126271793631434
-0.2494840843095325,-0.39135120108082855
0.07466269669098206,-0.14131535691129893
-0.6173356562563993,-0.6663476050844294
0.17688929552316507,-0.09420237380436984
-0.16903465063638717,0.06580587937776748
0.2052613055571616,0.02902682777334249
-0.18739623742950565,0.17930141985905804
0.24126073053083252,-0.2601643709944499
0.06911870802879701,0.10068928240458046
-0.27589424390478967,-0.482566675146072
0.1984870480833657,-0.16389795305947905
-0.1302737859446652,-0.15708882826285903
0.21277882765066516,0.14948761057970653
0.08429700592027944,0.1238111866463272
0.09621599940806118,-0.2960263472748158
-0.022235658289013433,0.2305856387312347
0.24357416755661895,0.2787886636960174
0.18631023102066666,-0.04634759287053232
0.058738949985595,-0.25888439384560236
0.09440573087891853,-0.2538447785820688
-0.015759761149508368,-0.08422098534251556
0.16715093994382868,0.07427082173195944
-0.4170266104220367,0.12052404234450023
0.328733267174966,0.3261772214326565
-0.3389042311254786,0.2666460257241158
-0.051359754906537526,-0.3161578611265154
0.014114785642920858,-0.06476872155483468
0.0038022936234510694,0.17364993282219918
-0.08565009704391106,0.14088299531227136
0.036333395616021294,0.040846880838952715
0.11281722374357649,0.2036891687164751
0.27577695830459553,0.40290568714331315
-0.1103355356334323,0.1957307426477948
-0.27642754091465493,0.027244747292784553
-0.15111440566571113,-0.07745982545282944
0.03705216417219377,-0.2663458255728503
0.04112013137036177,-0.18120438452141555
0.07797100907176907,0.05663002792388824
-0.7183826489568965,-0.08800347346422996
-0.08708797240396637,-0.1288452431873516
-0.5100052226952262,-0.393828755273542
-0.06559675041340486,-0.03332150045686316
0.06582572963785453,0.38272740354094753
0.1382313675499675,0.43596109549775036
-0.04423486465913502,0.14672154442971871
-0.08927779789689344,-0.30694429897878733
0.363447170713016,-0.02999012338179979
0.14315325512423327,0.08896184670254934
0.19314419455077853,0.2227252858530837
-0.20357329664942697,0.35302315700691894
-0.14223468826739163,0.05084062329449554
0.09729103842205725,-0.15879586492862763
0.2795021249299022,-0.09502950801381115
0.35461276380653556,0.4522916629824893
-0.02236520498248463,0.09869435803480245
0.1095111975713677,-0.3319543210687298
-0.15122589499334246,-0.012038186067515508
-0.14622577845148405,0.23566873392475302
0.07602219710634348,0.05343231649953187
0.12954406131161794,-0.0720660398712143
0.1017758680450319,-0.027805912698596023
-0.39038409877388514,0.13161465487540447
-0.1100617654016749,-0.14269757397758503
-0.20343120336304193,0.16094950166267072
0.00655394871446658,0.2612337639217668
0.6709707734167345,0.3034317993261702
-0.38009920571804834,0.21635103962156685
0.281205712858838,0.1511591881162126
0.17835486715010374,0.49277885562846313
-0.6216311042442292,0.39549013664017807
-0.004993823872308672,0.0761906783902143
-0.04877043947233163,-0.8167784496515699
-0.21992087143314282,-0.13490325471154896
0.09216920990075797,0.2913696416137346
0.06076434820526148,0.1461782688055491
0.17856624884896,-0.14666022009627425
0.4376850474758954,0.00018744281489087617
-0.215738076690679,0.37101243877382184
0.06489246127661849,-0.06497923506561055
0.15283197055616995,-0.02254249484166493
0.12365797490881847,0.3639469991248333
-0.0923906417996059,-0.258228412610259
0.12819986068963937,-0.021018428995088545
-0.33076999525763634,-0.22756371276105852
0.032922744057173534,0.06900571537125347
0.06632700778267374,-0.22847445366277552
0.037817105679741045,0.029331534830328052
-0.43026345209820976,-0.14811727615008113
-0.027498278031720624,0.38429864786043794
0.3218099099075342,0.3174737423395453
-0.3082273869020995,0.05053323941474798
-0.12361886869114165,-0.17903620602920745
0.5510027920414085,-0.4435508689857552
-0.09495460139045561,-0.20127114617557088
-0.057382063668875175,0.17324088872106658
-0.16735825757985867,0.19327502021121976
-0.007588701396605528,-0.07586906634026973
-0.18238142276698308,0.28010851761269584
0.12533786650311182,0.03935009220258666
0.2677392913951832,0.11058920086900416
-0.7163401702240944,-0.5669358152867205
-0.1663174680425727,0.34279493019775187
-0.0666930544272689,-0.2922802528189198
-0.15211019867531414,-0.12814507301134606
0.25417032377347604,-0.03917964527624037
-0.4746534424504396,0.24715345998734037
0.1330044835753292,0.3979312047004651
0.17649465720440347,0.06671797283287463
0.6550896185746132,0.2545380507736737
-0.09796656736069595,-0.14933490336220934
-0.04881371128170718,-0.04212052017453792
0.15003747058476247,-0.3639261877048175
-0.3671582665415164,-0.03632069285582015
-0.20286881977689553,-0.01437282346140697
0.1189988701185775,0.021142768769823468
0.06143338055103461,0.37485612493585907
-0.1555075600295044,0.440261498161133
0.04024813830964399,-0.2501433254733849
0.31963649248807774,-0.20081662427332497
-0.010037813126958232,0.3380365991295226
0.08218470824852381,0.4380606112531314
0.014221408160338263,-0.0901642127887643
0.3482444595089644,-0.24340797516303037
-0.30794512474779856,-0.07047232582167008
-0.3842882349234821,0.08039890266609656
-0.20856232482613013,-0.10851970200318173
0.1108048049565467,-0.2980114732782139
-0.323224487176572,-0.5878248064233508
0.2222033069081515,0.07523384467139288
0.4989000427923403,0.10024306302374004
-0.370106060524563,-0.07134550395179431
-0.13121627878699146,0.1266202884462956
-0.30028569277331996,-0.14683299091623286
0.08501003394828975,-0.20240172890633998
-0.1880863781213631,-0.3118155995013711
0.01963152409000027,0.001730141520772919
-0.17310393186139456,-0.21917118996483365
0.05970068550154774,-0.04360530846653643
-0.1761250269172722,-0.27603511819548043
-0.03986938805477684,0.1957654376481872
-0.23508145734566566,-0.10029641167191304
0.3037790514477522,0.15548651864258536
-0.3189946072999016,-0.04449911113590121
-0.21333990058693988,-0.05179962952041736
-0.0265078513233682,0.06437225161960912
0.05173023193556885,0.3461061665436776
0.08500027479746994,0.028363825541632016
0.004523228643022599,0.5346822746043572
0.06167653014963072,0.5245930946327396
0.26905128061626304,-0.11272855354912263
-0.589286676503225,-0.03471695563623772
0.29194501814983864,-0.06446946699163245
0.25749193616032506,-0.034165923432673995
0.14258817330453663,0.07325564688373856
-0.3235069230473378,-0.4920352987032737
-0.19936792770698633,-0.1881505641533847
0.0008117785571564863,0.456881622206365
-0.2743674901116725,0.022964305447924622
-0.04241208007074787,0.29089580652879404
-0.06309930897802137,-0.0821580887673183
0.336944320992093,-0.11015727399123398
0.18497851743371715,0.03759485872545017
0.17353622814400635,-0.10239205256229347
0.39796454731673586,0.15434073138325827
-0.0899898172244161,-0.015099431306247638
0.2322408063789076,0.10637952402396315
-0.04934477060289709,-0.3339507514628411
0.19934613509858745,-0.1647885744929426
-0.10792047027171045,-0.17063342250648758
-0.3083461795074494,-0.03674260803033209
0.5318697370523328,0.0386193605098906
0.18044071943630238,0.4346423440810232
0.3219988157030316,-0.0007907686754769514
0.19634035384825305,0.48419475668687323
-0.016233140771144884,-0.007695968438730981
-0.14655325690085289,-0.09390691221464105
-0.1543915286235171,0.20185545523846457
0.08309184160178121,-0.06468822214189224
-0.2000142460076313,0.183192509759482
0.12446266702300596,0.0017865149881026463
0.058806271363903394,-0.2688015857518281
0.06573776475745195,-0.06980343557724919
-0.37612692915222434,0.08790401297723419
0.12229884062173434,-0.3222796019502348
0.26840295709527623,-0.20823064410734157
0.045188317872574615,0.07179686234638562
0.2693980002178776,-0.0712901400650071
-0.12998947487303272,-0.145088216561741
-0.09355265211404312,-0.10452434765898358
0.372842762488148,0.4265597130627084
-0.06065545930053452,-0.19421145366066409
-0.15304246469967217,0.4737460779177436
0.07194751573612966,-0.060187951629449316
0.05819063349833429,-0.3223742950634488
-0.35317878218546517,0.12497328788822167
0.18069743036369781,-0.09353549287366933
0.21447637829915464,0.04873944602198008
0.03179384239389632,-0.11727911972937877
-0.03092168298669689,0.28886429254595675
0.22241045896645417,0.335957235400008
0.033371916105802535,-0.21437751836534336
0.07504522266269925,-0.04728444682145362
0.026829751198649925,0.3125056765698255
-0.17696062029311904,-0.2641562255791116
0.2518272919194488,-0.13481033299883965
-0.006062586553975699,0.12121337830242546
0.08031949647229465,0.3444526121848876
0.009445341064715344,-0.19335171884897084
-0.030784455665132278,0.16625014105050734
0.4337491651957498,-0.30366369008082095
-0.22947531941880517,0.12537466754359272
-0.21582125202474514,-0.30124941726650994
0.172204663620404,-0.18762846498935581
-0.6071305191541646,-0.16743014360199523
0.0351940860516009,0.14131082018217256
-0.09876607741122297,-0.15891108437195187
-0.15401731938383875,-0.0649512884888304
0.10418665702258703,-0.08658205495642939
0.12926180050025815,-0.19718405804481795
0.22504879860606958,0.14525422943693034
0.4893095308602469,0.5214155997046722
0.24142258205528933,-0.05247450050039806
-0.017872751352372495,-0.037747073798647175
0.3465824574717039,0.07086940152237378
-0.1534771187033758,0.43700622121375937
0.0009109134029733579,-0.21023736380635297
0.13535210880852871,-0.4611687284198683
-0.0433725238484495,-0.19828768510285694
0.09993241059885412,0.40494288923063243
0.025568832377270676,-0.18216930380572913
0.08211511046169692,0.31772972105137004
-0.28581118446790243,-0.1669708677941401
0.068777444961975,0.20206149862411757
-0.3000216805620529,0.07964402683638686
0.14182044726106122,-0.43623345133022134
0.3087849052653913,0.1375839807160945
-0.08521896919985733,-0.48821531318940575
0.013616593139182828,-0.27385547751572353
0.08656533429948975,0.0423488482674126
0.28295420362062274,-0.46226783858585213
0.1027298742664411,0.49670802044801754
-0.08475467632418682,0.3010150068629989
0.47507545653678057,0.351626777264105
0.12176700107590077,0.029613249377493767
0.4749346050835794,-0.07649631658947907
-0.10430301320834327,-0.442848993177765
0.24730912905908758,0.11344773861757083
-0.10337137881947585,0.12830208800087656
0.1896623697262064,0.1035158078007319
-0.003148453094503755,-0.23794147268162863
0.03817472894756353,-0.2000736470416111
0.18353855921558945,0.03575576151276276
0.21467423224576687,-0.12117257637413989
-0.1735019886471566,-0.1306740529298826
0.01125178317608071,0.2546874127315382
-0.03219934370801047,0.06511760512677815
0.2429215746595498,0.09331729626793554
-0.20277171535188002,-0.15832033656631236
0.25037125989366993,0.11817095601208934
0.0036079672919096706,0.18696642421104392
-0.2921823855980745,-0.007476297472800302
-0.25562532602800275,0.2093946965583408
0.24772948763052258,-0.2446222741703345
0.0831256993149246,-0.048572734169453353
0.020364493127960893,0.16319705430580814
0.19652472388360068,-0.47534556929670496
0.35618188639429604,0.06865286573235815
-0.05817739994499455,-0.1859129316729658
0.09939307441811696,-0.3161452551555229
0.17267036613010422,0.2203889751652024
-0.13837125194282582,0.022231336095895376
-0.35835200829160596,-0.20900468989599252
0.3029798029343607,0.17226436249050103
0.03980100775476796,-0.4864177737008771
-0.06905994981916216,-0.11210967773439731
-0.24956182252190778,-0.08573300500384469
0.2312398680830331,0.10952160249705811
-0.09052179609570682,-0.6495422479107414
0.030528209252917292,-0.11211274465569274
-0.13352942414768199,0.015098730183459096
0.3793043366536266,0.018171946666059268
-0.13120383369730154,0.10843140298194093
1.1374694913686651e-05,0.18608028408136673
-0.3324156147323582,0.23168406377319542
-0.2754203658509536,-0.13466346800130682
0.07331739858767188,-0.13068914337980728
-0.09570427593122013,0.07918108131433745
0.5179921117393076,0.505425310605536
0.2961217044381766,0.42915033448066525
-0.13093522166684998,0.15153155568459667
-0.27722356893149247,-0.17839832124871877
0.15452652518132803,-0.08838952589317199
-0.18431986012688753,0.24986551039166743
-0.11767817604110113,-0.3175256437200345
-0.32528038241380713,-0.0004008743243321471
-0.13810083305429652,-0.09607868332527228
0.4078015848813919,0.5063526824547253
0.09059342865597346,0.0421876295412606
0.018804779245212504,-0.1559685006078688
-0.0818570742779556,-0.25137338292021716
0.44598100254120615,0.2698486217280636
0.06283302882588751,-0.13387284391891024
-0.09989265894181858,-0.20290699397281137
-0.11169683197924186,-0.16977903483691262
-0.020698218747546553,0.03256775411744036
0.1082966979093696,0.10426261118984723
-0.08102894584462063,-0.2527061334132739
0.13303604020506016,-0.2522676313300696
-0.17444487427333724,-0.004417019721325567
0.19672951285097276,-0.3370208839679553
-0.01488960456184335,0.5071225783053737
-0.3887285468220648,-0.27755570612938163
0.17914049992825767,-0.09817783584723903
-0.1899735521131889,-0.03125734849844592
-0.035923554509915114,0.42558129563734937
-0.144752020408521,0.25841969394857783
0.10486504851672782,-0.03685179740416942
-0.2397608302739204,-0.14869589522538515
0.10491855191390086,0.123158085424747
-0.19415881872282253,-0.24356866822476675
0.1819821562397469,0.16256612416949318
-0.6006509658196164,0.16648866989292455
0.2085444568050119,-0.035462588339075764
0.10846929921530506,0.4800056476183266
0.2572848264186998,0.1487477703919094
0.20752718740499482,-0.3629330652020987
0.2575913156294384,0.31598903209862317
0.04666105821051758,0.01086057987230154
-0.02101807110491181,0.5170474074784553
-0.001181492023594816,-0.06990548710672968
0.014381642162291462,0.3022135501673743
-0.076889755757971,-0.6846825032610702
0.07949049210035397,0.3562712747078906
-0.4446071069102609,-0.38652399858942593
-0.08268028033916162,-0.3625098531020385
-0.28148260417719545,-0.3856829512084779
-0.3709967152927503,0.213281207856427
-0.21403567508265703,-0.08074194195871354
0.2532905335173401,0.19020922360955986
0.09700904114059988,0.2885735387041503
-0.2728423761625199,0.031342458011927435
-0.19667456617528745,-0.10236397275219823
-0.17284681242226654,-0.16893237480791332
-0.07636283563827118,-0.16841292041366585
-0.03115367484826537,0.03362598067801875
-0.2186134071862775,0.20972854999098764
0.22864529295067462,0.249945309771365
-0.014864812737684965,-0.19837355025649292
-0.26559216874748914,-0.21263995898937516
-0.06772310525641517,0.044855372179146306
-0.2870029096172253,0.036249113083533
0.36896189481159936,-0.13410309457854622
0.4676637440107778,0.23835392593877128
-0.24565093452729603,0.011994111679794311
0.5403165762401659,-0.02721906524883113
0.0006225592876530916,-0.09405779639664932
-0.17041235869156737,-0.062345316319535576
0.09030257709998374,0.1632441396246182
-0.026734762027523513,-0.12038074515973421
0.34167890581717614,0.25834925949875936
-0.10735099344236551,-0.2312610467905584
0.07130030623524955,-0.002832688125181773
-0.4021647125930158,-0.03509503456517199
-0.13801802432858495,0.18561689869926368
0.22992343795826659,0.023651013522534566
-0.09925931918599214,-0.20584655000859028
0.0034486156330424743,0.18316632168309235
-0.15727563915434614,-0.30264540184598065
0.0473583212763384,0.034115484595335095
-0.022882721616116153,0.13375196929852226
-0.050284864319441507,-0.05833676286282243
0.37416865842729047,-0.10858001097003578
-0.10433328721692019,-0.37782259403379165
-0.0364543543763325,-0.08654698498570049
-0.08328229591637236,0.2649886944833654
-0.17032785652077698,0.06575248775007574
-0.06735285894911595,0.19318357553317314
0.25805587679437675,-0.0631488146937333
0.4927359017139519,0.2598879688856287
0.20464379517085898,0.005500323115863534
-0.6409924733419359,-0.02609261748304385
0.09186008452243981,-0.03914935950758723
-0.1383563720297338,-0.36350995101743633
0.24207185903415976,0.14054118908219668
0.010883328977379703,-0.22998524899296993
-0.17395759790658455,-0.1334390471403788
-0.09633538015650492,-0.35336372774661223
-0.26809260057545403,-0.14931175673451744
-0.06423303494678963,-0.10047714770415785
0.2212689678105461,0.45619300566242166
0.46608664815203354,0.08490156618566486
-0.1405446738442465,-0.15431690360666953
-0.07607742452690458,-0.39854003561324486
-0.2142862671465403,-0.23832474092954736
-0.38276953346435394,-0.17902457362552368
0.17775311974848637,-0.11941445141428758
-0.21781778677243044,-0.3657481910771734
0.015458855852514873,-0.26635959019036376
0.17774477137277153,-0.19515976028576143
-0.31154813518185215,0.04287161690101036
0.0004434794496734516,0.11829005941539235
-0.13854271991580944,-0.35547949609825885
0.20747604366781225,-0.22115163752995354
-0.3638107667756527,-0.1391557767882241
-0.12095195423272467,0.3248739667715756
0.18809751952756518,-0.17587310856915336
0.22205865970330232,0.069175945197172
0.21121096119626406,0.4907960054965986
-0.10527642507131169,-0.06644672818405503
0.046665141180395914,0.15851972832196515
-0.2177102085767713,0.13752760355646146
0.16187347907127397,0.14907474254763137
0.3473075778641922,0.07959182957086029
0.01023550891153641,-0.011289514201526784
0.22067851492039664,-0.2199885500765134
-0.1821563527035892,0.17356328782483882
0.05423535994648942,0.09925530766917141
0.4791367077251124,-0.073951227050999
-0.03646459794628037,-0.05942932518949207
0.32522126353279207,0.36629400456313316
-0.21467718066225275,-0.024515428151116927
-0.37034591220922336,-0.05895020409105846
-0.14939860419426623,-0.1713498289322172
0.014013922966567083,0.572768582340008
0.09246483328372361,0.06046637014010635
-0.11050904487691555,-0.05232461422161981
0.057261499590880255,0.476226108843455
0.048397822176178724,-0.6058890126611386
0.07882287339903693,0.05074774542409725
0.1185762520251826,0.015093257786689162
0.11870764955480831,0.35381703836288847
-0.4366553100391671,0.15641530872420462
-0.04206535635856084,-0.5358463215007933
-0.2588182731785404,-0.6346328941862617
-0.35852554137651366,-0.10956776608950825
-0.30458575546284833,-0.18802542303854852
0.00963474284307114,-0.03890203363618165
0.0672219923947966,0.2750796804650809
0.08590466884772949,-0.30260570350835564
-0.08335098461411695,-0.1598579099885503
-0.0788590295167186,0.23268280474846784
0.18180604209829848,-0.11650916369706459
-0.17934552092171405,-0.09332436326205244
0.0903235143477902,-0.01666296314850503
0.10038838649255527,-0.2648057325720703
-0.06993420393588007,-0.3528131586453664
0.29614619055883423,-0.16409292477118526
0.11524842380754426,0.08394793606052435
-0.10303780814722403,-0.019379298220158388
-0.08391124430761507,0.15588068434827587
-0.5411694632757378,-0.0730893039633569
-0.09486289321135243,0.041048156245657885
0.13034290202066887,-0.18362116079471974
0.2281622553533653,-0.3134253987543851
0.018649440390494123,-0.43847310666147565
-0.12111731926859966,-0.4583786333870163
0.1696915020653124,-0.17282234303837873
-0.11225576687921734,-0.06411382988254546
0.19992224803978365,-0.15531113349784906
-0.13638858827757389,-0.2541235764543162
0.09499669754949756,0.4474104360529556
-0.03209617352130678,0.056230115028050254
0.04287440121542176,0.09874236136374388
-0.19164085835227843,-0.027743973778480018
0.029266131555326577,0.07923735034002016
0.0803494598806363,0.3406911546795059
-0.15129712606017814,0.2137525574127045
0.25733611521340527,0.17467069789797676
-0.0712023374573546,0.1313070911508051
0.08200000644565603,-0.07050410008948335
0.12268971713854326,0.0572643146457849
0.017497338450324786,-0.07779029480224373
0.037210296778385644,-0.02993878884375617
0.06291721544021524,-0.16405537966979905
0.18837863839947291,-0.11429170701157398
-0.028740661501296262,0.05983289656165978
0.11003850699898647,0.21249905484411014
0.20251301474612,-0.012270278607203047
0.030507110344007302,-0.11677117526048007
0.01727266307799495,-0.2205121703993953
0.3055302005773782,-0.1256411536671019
-0.0018543122413257438,-0.2319293285588171
-0.566455801651691,-0.1582033811478558
0.38822655176197546,0.3301280044354186
-0.3212608751500144,-0.2681513759763567
0.03153888076443176,0.17556237188244542
-0.012794208612141702,-0.3605344827014239
0.04723074813012308,0.1808172863483206
-0.2639363502034982,-0.44348032925114705
-0.12182922186175463,-0.4354906554754918
0.11232656154941607,0.2099898501235861
0.07141635811138969,0.7483959608510395
-0.10745981722253313,0.031083399507719756
-0.18785655908944107,-0.0721696897639149
0.31202735445622015,0.3954571004589586
-0.13364819451319507,-0.0123168182934395
0.10376474254720182,0.1529962609667097
-0.14835122962573571,-0.2979671359186707
0.48869910371547604,-0.008675825364052035
-0.12962374398787382,-0.037671368621856126
-0.6009035819371609,-0.2139290866139454
0.13033398243159972,-0.20092837146590664
0.15874919232553245,-0.05272191749919932
-0.5270631635669264,-0.3495502273970719
-0.2674762258481149,0.32316763664478665
-0.059647084444454206,-0.08851470955702348
0.39122192448527804,-0.2778309148912547
-0.4283774631146657,-0.09268390905540042
-0.3773246433192175,-0.4149074779006226
-0.032405336647096765,-0.33042830869273143
0.09257218837835846,0.03473980056908674
0.11923953491404374,-0.04457795249190954
0.45989122769778057,0.4564234953617733
0.4809605484194144,0.5166553851349206
0.13574796162358144,-0.007513321663836335
0.2942529607941229,-0.10915965658485086
-0.08112372332411864,0.3987582321214292
-0.16183689544260219,-0.06921065233393758
0.003565069532836134,-0.12746413812680366
-0.1085766922136777,0.17846176031627842
0.0840574919302522,-0.543857092604832
-0.026470730892067605,0.28459719473088446
-0.05712887085381385,0.1258817304283923
0.22715075923824052,-0.1475764648113343
0.021800182961887994,-0.04663119918917277
-0.021884519231820887,-0.09211219940169987
-0.1320710272273566,-0.17401387755430933
-0.13122131494886446,0.4474961993159096
0.1293870869930357,0.6542289910977152
-0.488411908609481,-0.2078510423186061
0.023082234954696454,0.11282154910175103
-0.057930921034748006,-0.1275279453458845
0.008591417910226952,0.16071469989894863
0.0862108972766113,0.07677106541105
0.3608327253020957,0.23096251098809736
0.431485424431447,-0.36830624751139723
0.04435463264450881,0.4918771221649591
0.31279050044464946,0.017095516500304202
0.12580739480363232,-0.31604853352010265
-0.11778656035340516,0.41484086703718126
-0.37680718186102674,-0.30347857720414045
-0.1876476098254974,-0.03508375629331713
-0.02399368244000836,-0.07616638757312971
-0.20021003245770833,-0.1915022842369368
0.048483814714621945,0.07905280945485764
-0.20593108555957235,-0.12299162016668992
-0.5433253059233022,0.21251537970377415
0.5084081928478691,0.31269579941102776
0.1164342089611028,-0.2225179957743731
0.05703634319910737,0.20094120477814414
0.037414234001710005,-0.005931787108901726
-0.16965013537534582,0.17818229627282572
0.18711786612276168,0.008522136767043763
0.27168018926673454,0.516507919233715
-0.13066648476976092,-0.32774499524046974
0.1658795974311477,-0.23256741994517527
-0.1129865312358327,-0.4283749988822596
-0.08583414206359231,0.3163196357533796
0.0718867684479864,0.10620267315713024
0.359499794483949,-0.02104017543762506
0.6171092468956337,0.44800309574343816
-0.016557293565818584,-0.06353448001848994
-0.0007984858611551335,-0.3813344825048946
-0.1299317098561615,0.2968786664844979
0.298123096238725,0.045082876608785426
0.08186842730515914,-0.02549200326886901
0.40586331351357857,-0.038738123509715706
0.10507559039463353,0.17913004019912485
0.3176670976816964,-0.027896187397942272
0.5432272770719598,0.31086337459517493
-0.31672378544410934,-0.33715162219064204
-0.05577290956504402,0.07945733703424764
-0.33743148446516835,-0.5372386488406261
0.05565932168177036,-0.14264334322668062
0.18289783868428716,-0.12555460129790474
-0.16713407319832774,-0.024787082017363005
0.03934942543323173,0.09439523520289021
-0.04490024096213544,0.05984105990093305
-0.01700319652793572,-0.12200333447184292
0.19683003403453483,0.052187706193000644
-0.2995963592505373,-0.013821583654688727
0.15311961893438691,-0.35036132781809626
-0.39136296126742437,-0.3089614278799668
-0.10664878658273988,0.2057403113278808
-0.27095478550834046,0.1345005123145377
-0.1822910986431785,0.23781385809224298
0.3941087655200033,-0.2764073648544206
0.28385822495420715,0.11459421502330196
0.02485478430623229,-0.09135136237188425
-0.12443437237057917,-0.26370849666954754
0.07853491790618004,0.09129337653569218
0.1125073528979076,0.12003950330366257
0.15976200731042528,0.3504172187092374
0.023952987436085902,0.1420002219780963
-0.07697166702236245,0.09443982829465615
0.03360562135867045,-0.07487730450655286
0.2918920036423194,0.36593873012669065
-0.10363961634386337,0.08032669097509579
0.06731121741049755,-0.026032779948392062
-0.061429590856423785,0.17990246023492756
-0.12324943746272232,0.1561153684267436
-0.000926675589916579,0.10721945010279425
-0.24777854663073448,0.21033813566281623
-0.29722800992269677,-0.14388522567996526
-0.10828769950578304,-0.04671870892319904
0.004210726994051935,0.12396148029676803
-0.015270318088411632,0.15060857491455415
0.16808868313422437,0.2931500175835647
-0.00808212212882776,0.15403338244628267
-0.06804126213484606,-0.0583884640439684
-0.1990517828195494,0.23013083946076354
0.06438731156318815,0.1475511249049482
0.05896481048524184,0.1401761612005021
0.04256852736263461,0.2025536258008016
-0.15884744678960078,-0.0963763505913842
0.21705789491833158,-0.2676953606190276
0.056077831659480284,-0.06685415048622344
0.04156645567222149,0.19812156840973805
-0.365246775549104,-0.15854652067729869
-0.09622919289230938,0.1940480377887642
0.3048373984446452,0.03832761262630275
-0.10939893094903096,-0.11732240972656709
0.06452267499329953,0.15692390627156283
-0.10946112335967427,0.13729360586980563
-0.20948327441680362,-0.2736912486616943
-0.20963159817115673,0.13832892207731146
0.00999416668288171,-0.050195369592366854
0.20174673618021574,0.1824588690109424
0.2615831503380757,0.018121669187722275
0.011797572171721489,-0.054753904276428796
0.2589891326782515,-0.11446826009262315
0.05705476843275436,0.3060650192879762
0.15967709151953913,0.4063429439230004
0.3269297508877313,-0.14096762206137994
0.09167228646838128,0.46997638751060417
0.01225021024634921,0.10085143199201901
0.4574786218229882,-0.06789947179829475
0.14261931706157877,0.1358636551961459
-0.5539860630972681,-0.47059913909416023
-0.24278307314107944,-0.15495755072472583
-0.08027684737957158,0.4447401840683054
-0.02211589803956054,0.17647082221315988
0.17423881851193324,0.20926633829869773
0.1640016628069951,0.3186847633437296
-0.07659230486796162,-0.03062889400914838
-0.08394277362036752,-0.050567302510784125
0.22724597378894437,-0.17432636320951844
0.5301071674908183,0.09094692744487276
0.1278532394961175,0.3188970452857258
-0.10125839825059568,0.14276561894641748
-0.16536930539893333,0.035038670990443964
0.24738972887950333,-0.0534823436447032
0.022997282195011477,-0.1458845945197634
-0.1781944000374267,-0.13188415748716048
-0.07940641261807434,0.01632630552857724
0.1980296033173327,0.032692280531154035
-0.1284378414858102,0.022133997379684894
0.17080335724190232,0.08831980540486278
-0.10897898204510534,-0.17847221090851226
0.0295535734996595,0.23217100442466235
0.03206652402619806,-0.24663746682638577
-0.3305989421688031,-0.122535813575464
0.0025114402834238328,-0.19440500766144517
0.1275385093639048,0.1266682579271239
0.3039555513959752,0.5262228004378597
0.19933703395914285,-0.21881507680050338
0.38071035266455877,0.3436441022945822
-0.1422845339965499,-0.08849681627986723
-0.1774375222122304,0.23334321034393776
0.44136474930515684,0.030360099720061495
-0.2388312442691406,0.24754844384222785
-0.21377264573700142,-0.08562401588433034
0.017374861350251753,0.2515416976169877
-0.06903336383371234,0.29932763762407355
-0.01750898286468478,-0.19444606225950817
0.5942388589399122,0.4016666507779171
0.19880001531741515,-0.5309448713992212
-0.16250254878015316,-0.1614663961974219
0.12250136518706,-0.39631841049923705
-0.28519153349140797,0.08734793888981093
-0.137984232529041,-0.23070415661983226
0.08487359694072419,0.14253201614338726
0.23615143386003581,0.11764066721031682
0.07800151998069205,-0.23392097366206444
-0.19895643214005937,0.2178711911763177
0.3677495345828185,-0.10367107181058181
-0.15634752770717847,0.06489674719604024
0.14931028623942263,0.44904548557519797
0.033688246228749885,0.15619925646366054
-0.35403248164859763,-0.19725272317800127
0.18540310714780656,-0.031584857371001744
-0.07840606821984954,0.42301526032418446
0.5493539076757437,0.29174682058334656
-0.06398473242220253,0.001589286008280106
0.06925709566111143,0.09075326934872546
-0.2305256373161379,-0.160540287705064
-0.24127797097741208,-0.11209680835594792
0.11804055541770844,0.2570344073829941
-0.5445328236931011,0.08277010374640235
0.049817911797100156,0.0064443070275660526
0.3228635999488062,-0.10682845290345834
0.22096004946592412,0.27536273368978176
0.051632192780173274,0.44434185133750076
0.12336186222148435,0.11308582288992772
0.3332516918146683,0.36621425991230305
-0.008777373422583327,-0.06506241218210325
0.3227232983797542,0.02682264450041552
-0.0020133497805213283,0.4225806098116247
-0.09060689312802299,-0.27892466836996616
-0.27792638497588845,-0.0690697491746881
-0.27758883391657174,0.1395303724178664
-0.25081820164043,-0.04474079346449455
0.05248029155078099,0.2570272064359268
-0.22593888886262686,0.3105801932363759
-0.05338454996283663,-0.6173462648146483
0.48886656700148,0.09543320233399298
-0.028413833506987268,-0.07399145822183044
-0.07496499371914882,0.017767016094895473
0.2992060268033792,-0.09489535048759185
0.02553588064847096,0.06627948392806546
0.023548512623191777,0.22123151967761265
-0.0820134597847105,-0.32132739217934003
0.21286744395800045,-0.30934031367872944
0.13384806855996836,0.23281904979765253
0.38206825845078846,0.36620192627418974
-0.1282453811022316,0.2715512684271637
-0.3432395639940441,-0.2591959272870231
-0.12118014982996818,0.4566707554145285
0.07023770810901432,-0.40528911151810176
0.0028771008465983522,0.11591675797417529
-0.026242396148509355,0.18960290574744634
0.11615651496707774,-0.19127246232071193
-0.2131429547540838,-0.09613487216945926
-0.13603337242563893,-0.6887146439846955
0.19475731819358383,-0.19445315722537584
0.4014578275992701,-0.062264753781805474
0.18091883003474082,0.4384366830998755
-0.18831890630283876,-0.07412897332496265
-0.2536908544803794,-0.08920557612389575
0.11390978809297032,0.17328328782825592
0.12893956498040252,0.3008882987476778
-0.5246547286307354,0.2051990118207964
-0.3314649026704009,0.103473878821614
-0.2820403573865713,-0.1184655400831286
-0.3026355384894221,-0.3097085537752389
0.11289637040431225,0.13466992257786062
0.07068977516800874,-0.0035086368785106053
0.28900779527715237,0.00046803929520371787
-0.16074518950792246,-0.28144576508314767
-0.17392123398199605,0.1366746197753785
-0.003879899511634563,0.6724421234612444
-0.24386269275697942,-0.1652081860179735
-0.07834146707357996,-0.1819585241442503
0.6017605208905772,0.064347590860225
-0.4358973133098185,-0.36591802288346365
-0.3601096128018056,-0.2895391923441489
0.1455957915404925,0.4149911733078126
-0.16303640109386067,-0.28290786444792054
-0.05790370866590916,0.018128443885514864
0.3291055603976088,0.17827773843857928
0.08581117330370003,0.04007834137118029
-0.4274624731474777,0.04074811764643959
0.34817431787895786,0.20630185362242862
-0.22579398909717072,-0.3529866790101308
-0.349730027004358,-0.26724601045516655
0.10995889341904604,0.3637707418296555
-0.25130541876371576,-0.2208112870239572
0.242979014429295,0.4303035971296037
-0.16544384894394112,-0.006631794830983119
-0.21063262952442088,-0.1710320580778951
0.5207431733644108,0.3696915989044497
0.11468704267496597,-0.22662137886606212
-0.11559446314328968,0.038041602575694826
-0.19279848661753332,0.3484284583674166
0.07649451154569727,0.115200506940021
-0.06218173962503972,-0.11173699415717224
-0.033860398311484324,0.13603419926281848
0.3823384473403176,0.09846866045518077
-0.08456936591525743,0.26938888276002365
0.23066835460688734,0.1989982219001406
0.16446619770471846,0.08299031978016984
0.11627487639143974,0.22620757262743646
-0.1330727769307538,-0.528283984648252
0.13333840192699184,0.2554259643936193
-0.4401506832005863,0.05194667461785979
0.027224760641868212,0.23541330404165392
0.12036574149984595,0.1242748884527922
0.24434079696833613,-0.12290707696815956
0.11483020904282612,0.12116089501927885
0.014914286799676022,-0.1695747849109288
-0.5754923179532039,-0.22045528305889983
0.10565871226534929,-0.07413956419466443
0.1022591459920832,0.44014195220285135
0.12757028209673,-0.07719021493981003
0.0003756979965430225,0.18382203949184198
0.3533132448300359,0.056993040912211405
-0.010391666715596095,0.12270722259342094
0.1954257231224869,-0.42998488811072955
-0.06408944640144328,-0.19632897160665794
0.06795560402292912,-0.8173051808228553
0.4819527174700248,-0.10260905212390238
0.10116352816692332,0.18668912655236905
0.34313237823915255,-0.11203471694452476
-0.8894790140734901,-0.34275742029544404
0.44349205713678674,-0.061539912498370014
-0.16233799481821082,-0.10712436896689154
0.0969878521553872,0.3336987335821269
-0.024856435434224545,-0.005722532695366259
0.34849457250757543,-0.24647507280036454
-0.11019555177006268,-0.2041468279306372
0.13761518028762212,0.21140215449382413
0.32613500269154205,-0.03336749656203387
-0.32288673244727706,-0.03616174749608395
-0.09514251919504466,0.0018256597820063597
-0.1637490591171579,0.057988560279683236
0.21759907910857787,0.3462115618390548
0.2706759864595182,0.4084149834733235
-0.15139809087616243,0.1773565292164526
-0.001313803080813227,-0.12561608732039586
0.040147308501797985,-0.029463947550813892
-0.04100205821212677,0.12772344018342083
-0.19975901816425837,0.050291862676214744
0.059138708764893896,-0.3273792234962793
-0.2194680119545984,0.13584115804487032
-0.006589418316277625,-0.33271385446482227
0.04239893659688794,0.02106580886220455
0.19823555875453647,-0.0807147141821255
-0.023435932510478378,-0.31422868883115024
0.13858311194885856,0.10593617719638798
0.1544749471010051,-0.05397439379304033
0.13346384418238172,0.041592235058451305
0.6764123506374429,0.41082448558487195
-0.040856816742732456,0.11791897406003361
-0.1794412487299904,-0.07240857023702392
0.009417591292610232,-0.23629701354576305
0.05339547294361268,0.26119724548626705
-0.138483364407086,0.027828697250654684
-0.26597737521871956,-0.31430420830320516
0.34729796306260025,-0.4863781975930779
0.4026178121523225,0.4137840736218622
0.09691001451078697,0.029868224806807668
-0.3015122443123116,0.04535456902429435
0.05366171366043342,0.20668480787832805
0.2910825044835022,0.14642789043746995
0.822806985032426,-0.05913704770840429
0.553425577314844,0.10479451997451257
0.11702948588502092,-0.010687137077944853
-0.12000626354306036,-0.009192607239359727
-0.3092862505480302,-0.1337774856519736
-0.11292045315382208,0.18359199718072025
0.17757617761548175,-2.3550016591641364e-05
0.12008888144452,0.431691193053519
0.13746881253332882,-0.17586451652325516
-0.39827955555578104,0.12165776782121483
0.14542838432940358,-0.304099936191147
-0.2206800389665525,-0.5127730034336285
0.20833972150253222,0.4177670734140836
-0.05240729949535035,-0.1326518324466109
-0.2708287903360402,-0.46480771800595416
-0.14398253774845673,-0.26914506023138085
-0.08563456345666855,0.003077890159462965
0.5561849509301693,0.2904936177362241
-0.10277129276786089,0.013432586748424912
-0.03952999276116864,0.12334417128471326
0.017171656000710717,0.1496567697509844
-0.08171054953509588,0.0811888642561505
-0.40458888978624147,0.3957285380548156
-0.10937399918569116,0.11168207607905088
-0.23954141523037287,-0.32146340985931876
-0.02429429464810805,-0.2379929107085852
0.1403022865766902,-0.1633679112185516
-0.1133159411241898,-0.2595436604852066
-0.008433879463919889,0.155750877941752
-0.07411531373569935,-0.4907489178851896
0.36932102069899514,0.11034544312972451
-0.0820490857761447,-0.28536487787255016
-0.22286008754294975,-0.3343985530288579
-0.21793754678857122,0.22550846973671437
-0.3000563741849406,-0.08351169198029336
0.21254753652480776,0.004264028050362278
-0.15704296228885034,-0.43256557991875894
-0.11286000355105348,0.1366080203960816
-0.050463063263254435,0.1904640327854245
0.1042540403102326,-0.009742537494623667
0.06901683612638847,0.004212815878055142
0.06541475856235171,-0.10377444282560024
0.052737387280355374,0.1858691592509035
0.20557950885603785,-0.15282451341503514
-0.3835761077641398,0.18827068908843236
0.33163357234199625,-0.07622809762909095
0.023907336237053524,-0.022927623853888624
0.16865614930688638,0.052133441844629404
-0.06702878230017953,-0.25276763574110317
-0.44103665514182383,0.20340331066478456
-0.43481733890225777,-0.3308356312086224
-0.11756245267500126,-0.25278688697220314
-0.06723168690088252,0.06464158237317923
0.5764608035358546,0.09650182635904929
0.27206438122824494,0.2240850319143586
-0.050202275120499774,0.08019960914173496
-0.09483856912113997,-0.2850770527244635
0.4660275528395594,-0.42349646193786594
0.027028287062720386,0.2229387754803769
-0.2338144548549973,-0.021654028996918928
0.16073510542989028,-0.0316446682757513
0.36949291021661324,-0.2531614261662041
0.20562905706072096,0.3592701047828402
-0.30559653550927274,-0.016441147602502853
-0.16212134104392817,0.05946996987676682
-0.0327400276835767,0.21355217790025544
-0.1543814748582554,0.15478091479533646
-0.11937917049490192,0.030066021338102898
0.2778489255220762,0.4569285047156796
-0.2410450292879613,0.025848004536768977
-0.2854172394963591,-0.43230263219834797
-0.2552368857414926,-0.18670548908135248
0.2051969339412571,0.045732253946257115
-0.35816757652582865,0.22528654835977258
-0.17908940369414997,0.2936517179473175
0.1760273510067925,0.00833724891690357
-0.13755905985684816,-0.35145221143391525
0.0695246818791831,0.21540287451684248
0.20480136071894461,0.176431360876189
0.15632577713122475,0.2293803131644332
-0.16684881171104157,-0.19596478181451868
0.07687840976790761,0.4288968111044701
-0.49923784795636306,0.10977001581356245
-0.15999267740977138,0.27261901917547915
0.1668174395168461,-0.22339608939126204
0.2694525938513525,-0.18010521726636072
-0.08142425190505778,-0.07474818473529224
0.13555832072975174,-0.2961729515860102
0.3517212321053283,-0.009666432025772803
0.40213918353846867,0.4779057139221945
0.381487757941086,0.12512507895231237
-0.10755914096348743,-0.09295942780845554
0.037227338227029304,-0.07828439482975218
0.4934473903285033,-0.3312974352628549
-0.16026981367888798,-0.2054358186118601
-0.25403794516016426,0.043718804437512256
0.08711105593384405,0.24653626273933366
0.058286142100946216,0.1371898563407025
0.3151918873128523,0.16905127366959297
0.4971026435682601,-0.2254857143528227
-0.0634015159177642,0.04421342879161658
-0.00290874446457264,0.44803062852933995
0.07588719059777334,0.026840585514944566
0.1321673907452393,-0.058576056134432605
-0.12866258574713257,-0.0005503818689696403
-0.30269451455373947,-0.3461398923749129
-0.1711247552286514,0.04929659831788667
-0.39105126627160885,-0.09603451473659486
0.10194910511076463,0.12116444143602992
-0.13000825029969143,-0.007158353992341484
-0.05701346091011142,0.6913445141761847
-0.17644760468702889,-0.5898851621453396
0.055335502286943915,0.09335286773274792
0.1434254302006831,0.09586502665857086
-0.14855138650217423,0.024977242099743637
0.06720723294536274,0.24903294853377983
0.17487542724212607,-0.1536494233516961
0.24240897940238534,0.2329687774679636
-0.5048236026170166,-0.3552413703311745
-0.13675680839357734,0.07016598962751909
0.24565868336872465,0.21800071756752654
-0.1537163432273073,0.008475191751634793
-0.002060616179781113,-0.1956348143960128
-0.5615814496248546,0.001182441914518347
0.267956773726447,0.08679578650449739
0.10951338773607475,-0.032147180747643174
0.31436795379142746,0.07445676860251173
0.2260122904483255,0.5314751528413352
0.21597791478606815,0.03680239464123037
-0.08433841814648556,0.1797093228202112
0.008461666491436122,-0.04656545188858768
-0.08604161836068759,0.6496020813767164
0.3517391257952644,0.37753981782109786
-0.1723701033770718,0.10000630425513496
-0.4720310889849645,0.30044033261856407
-0.44086478306115817,-0.17857203640681998
-0.3476244025810717,-0.15702023532868606
-0.0020244002871443872,-0.14130693117082715
0.47120158286129327,0.15383161107360993
-0.03003700905682747,-0.19032747755629958
0.005850887755602489,-0.1790572267681555
0.2716397189801548,-0.007071522408101327
-0.06778029041642264,-0.6036446360661297
0.02699470712537174,0.44243299620038323
0.2721046266370088,-0.09908406307446085
-0.18725083738453863,-0.14463720856664042
0.20378971351366765,0.08425212363372601
-0.276679780999798,0.25547404348296554
0.25324362916537296,0.36808074655840345
-0.09647657439093789,-0.08537440999904268
0.22456392242101653,-0.7448501730481129
0.017208461777818214,0.08602096869922514
0.11643917880663394,0.5426927703904812
-0.09558217222071,-0.24413779435835967
-0.07810047075940531,-0.4621665374626698
0.2455062290454004,0.23990361337631758
-0.0041583430357323365,0.3921349914165011
-0.28740653381333003,-0.3736415329548426
-0.5031997773681247,-0.23749733595868028
-0.038920877077947544,0.34747212799047095
0.04622661619180884,-0.32709936351562663
-0.3675908421430419,-0.006063684667976668
-0.203127288729965,-0.4118865640759999
0.27026398613024344,0.3809545014669404
-0.1975055965540842,0.28179306688890715
-0.11712246684337495,-0.005333198794560149
0.06737406515032818,0.021711222554005125
0.2030953405813944,0.2931728077460942
-0.29950934442495747,0.146959660113917
0.0386026954344449,-0.06791327493440248
-0.3573747557510657,-0.2630849853208622
-0.08841813556096964,-0.10841382415657946
0.07215568945525531,-0.00027013094595807336
0.7108154688328392,0.2292768076087267
0.4204218086282115,0.33152028170242903
-0.3433545591404824,-0.5503816898134797
-0.3401895458937214,-0.15085387098034356
-0.4438240744587538,0.23404300398909153
0.1699086819652791,0.01862192630565223
-0.18833764644867984,-0.1535963971393779
0.0036224194809239474,-0.4639515543467957
0.007256517114014965,-0.16220225910605626
-0.43492174493786595,-0.0863407902333734
0.2288443612875174,-0.08883492820932315
0.33485145497483243,0.404497532748952
-0.27872079833020436,-0.27245227125228966
-0.030952104734682934,0.046628334320416395
0.13591103939413834,-0.017165252790803255
0.1670931227426349,0.3038956444605672
-0.296215483676737,-0.007913608701540205
0.59764211395445,-0.08722723755962754
0.10129115249995145,-0.19431932081467526
0.054456429250215335,-0.12600845257187734
-0.34029900608700975,-0.20185248240195214
0.0807045854781312,-0.058012119136170985
-0.06634410742685005,-0.04091556304570311
-0.009780026106221239,-0.17492355802881498
-0.13175304222826748,-0.23947053820560868
-0.3235798028623302,-0.21267725172421062
-0.12346432720794852,0.5703341433807673
0.33165779373233045,0.2453452443684007
0.07588006607477303,-0.06327494603869702
-0.4968056487566953,0.13936738886342143
-0.13872370242437834,-0.1013801738966655
0.16911003513302098,-0.38265372476735654
0.6104808379352815,0.10970067653477601
-0.26084192170831966,0.3396760198184512
0.09324067410619687,0.25697469318471816
-0.16719526990617817,-0.11681668714992494
-0.20713512574346332,0.06039719300407949
0.29696766719657625,-0.3453738502051636
0.2353820004769473,0.06892005345309016
0.20128184065195537,0.3118751008516721
-0.4972954868802776,0.06616535199951346
0.26802997842047843,0.3561472419786745
0.26669440768082286,0.22246764109418515
0.16132072495683525,0.4504178583147189
0.1598655611903689,0.1462976141610178
0.2587270884100087,-0.10534577558789991
0.17435715066370058,0.22975393896136206
-0.14019550849352586,0.08682138834825284
-0.23343054894523552,-0.31959357001501487
-0.1429038399844206,-0.1884894935503257
0.3553816594253588,0.0856589580609034
-0.10903955910623725,-0.1001643028973663
-0.13967403635335537,0.23442696106079977
-0.05684760377880765,0.34184200556445155
-0.21428832626436561,0.14616305030129625
0.06367348066030963,-0.33022834754300906
-0.10299480473657224,-0.36719108632090663
-0.10401395240335305,0.03704673641248338
0.05630553195038764,-0.1063144820332697
0.389385175066397,0.25058365167182406
0.05940794265186371,0.19936040492696777
0.23394866094587888,0.5828009990203384
-0.020394736395490762,0.07598947555723815
0.15372732438409067,0.2302680491660998
-0.18951936006343828,-0.02372888844703079
-0.04642988804042476,-0.00819355269249777
0.24917401628958274,0.4065492400093285
0.12472833640584192,-0.09215825576425417
-0.3507919843966389,-0.382087580245341
0.06992109557122045,-0.3021201634579462
-0.3450428972298507,-0.2870230527704125
-0.16287707284218172,-0.5021241554000352
-0.28051490957472736,-0.0390313840505431
0.14415308582920294,-0.43843966489363373
-0.1645397154297839,0.06180650078029869
-0.38153444483115256,-0.5019436012531387
0.026307964441982672,0.4259120245522264
0.3121422243899912,0.3158774256275928
-0.009654751010217321,0.269186642494769
0.003330539603245811,0.1930815063136225
-0.5983475369130477,-0.17561288231961117
0.05523668365587864,0.06479568671322104
-0.25202771470300794,-0.06847440642643972
0.09832213397015102,-0.22687082304986267
-0.028960176368029646,0.10133037177774123
-0.08849406109185554,-0.12761876001149564
0.226322856393246,0.0037405553396821804
-0.7208608157436827,-0.17199375663935912
-0.021930210680380174,-0.1509173625370951
-0.00526705664082722,-0.016931188905772266
0.05175265279242979,0.21844637694322488
0.3126110194934241,0.06492353907412422
-0.21297532301799219,-0.3622841013946799
-0.0831242530976729,0.014308774475676673
-0.06915472568972787,0.13166839754867155
-0.03208143516951865,-0.11538172409452363
0.25687274489694367,-0.010027260702929634
0.06453392834352188,-0.0789740547119332
0.17129581614006478,-0.23060539516206133
-0.2823428043631846,-0.2821034064232716
-0.4722903460023492,-0.14951041524380593
0.35679051070970524,0.2741370326398843
-0.2724591734747802,-0.2584009320156032
-0.07873373016885953,-0.32357331104352194
-0.24530366572985798,0.3003397046402703
0.007402503380665895,-0.09520016402306637
-0.05623319942072949,-0.2846170414889837
-0.21294710475318343,-0.6482647244771065
-0.2239289469919631,0.41640538365449653
0.20603394510452644,0.06524641051031387
-0.21948723985880686,-0.23948196733278798
-0.07339877410676553,0.15120681155057664
0.15209545597128807,0.1286301335650845
0.21396954693261072,-0.12531384689545208
0.2857670174720569,0.5986261247635116
-0.038413466767963186,0.0438647814944594
-0.6791323356380643,-0.21865583634904884
-0.048299486792170575,0.11578290434261129
-0.12663357383076226,0.23489962065570047
-0.3110297917658243,0.2609422870838672
-0.021564584572419436,-0.18953016772426046
0.3154108528993267,0.08452037384304695
-0.09885890340065208,0.4531979114670276
0.2700276082551917,0.13924296506992892
0.027577784544273738,0.16226103878084858
-0.14609393527365394,-0.009547977978459925
0.3686432600764325,-0.11548014578400409
0.2481047631524478,0.024171100015946537
0.44136784656324846,0.06331291214248391
-0.07605986057732904,-0.2997527653711084
-0.339701017768908,0.03025163825038843
0.04538358791454537,-0.3434288451958962
-0.21743915532251912,-0.4095033544433824
0.28550447539607277,0.10232718785515296
-0.24734453370132867,-0.152412173706324
-0.0644527291021875,-0.2402590438526909
-0.3477990568752442,0.1246528632619833
-0.2281888344354509,-0.5737195588119905
-0.17117396055597697,-0.34236451271368434
-0.2334627968808874,-0.25455250217983133
-0.2841334230328671,-0.5257764364411476
0.08551940140520572,-0.42003442039490857
0.3926974446015104,-0.29309727775674427
-0.2901397514898055,-0.396555097839461
-0.25997132476020973,-0.33235962925232226
0.48094525231391905,0.20544077075327383
0.11125467513184174,-0.26291758011050176
0.25864838264231077,0.03986657788531597
0.032962637550959344,0.5942200983479369
-0.10297972632924147,0.22310241327714597
-0.14820760699761185,0.4202815123142556
0.05639018420585746,-0.02002509315923178
-0.32939272448048806,0.2296657189864261
0.11976629151462286,0.06019918420306229
-0.16409728770339618,-0.17629324858250547
0.14471454474041207,0.06821762738787113
0.2899332331092213,-0.0002795142089353058
0.3800778393832417,-0.19702774288746538
-0.031802619040861575,-0.13294809183407125
0.4785759832426721,0.3474178799975382
0.1892474549532149,-0.1704848481998945
-0.3965105944684889,-0.5488123230573039
-0.001941701887266563,-0.20385104521392966
-0.21707068043599217,-0.1270340255920163
-0.3437470768533588,-0.2262810105528585
0.14995890569755796,0.13879740825085482
-0.07012793510621466,0.5375414953413683
-0.30133464795358017,-0.18888655702768217
-0.20883146934337143,0.3301103087985943
-0.10419947543739015,0.44580152220211616
0.3938266472698337,0.05962000354587824
-0.003543832025513588,0.04575775538296896
0.1468117810381612,0.06001843733626031
0.18515401523005562,-0.23570363190029608
-0.14956899970883505,-0.05259354926836916
-0.26579728367650945,0.08448338125549815
0.04087108856502408,0.25911663020461323
0.1742835647647344,-0.11303525637760888
0.2636620797717346,-0.07437923820952855
-0.16348000206243654,-0.05064055711801266
-0.437231682734048,-0.2590673042598489
0.06000354756743189,0.3005590656956721
0.07588477585274289,-0.18924705098146846
0.2483790024958693,-0.0873798522959662
-0.33064213094069317,-0.022308050219510718
-0.1414484472149123,-0.2977361393257648
0.041318283601261836,0.1943265710692766
-0.03618029345852059,-0.2095214462516573
0.044186646769541295,0.29883199473318545
0.16567963711765918,-0.23503024021048805
-0.23998104089493802,-0.03677823927899602
0.7374685640026454,-0.09392069462191487
0.12953742993774112,-0.013999006364441775
-0.2897130300173763,-0.14697075221492645
0.17125572294109956,-0.21678538048005094
0.04457403155034554,-0.18557651255461494
0.1764821674363999,-0.3813064673592157
-0.6430886124207411,-0.15665454286149408
0.05178755909243538,0.29583703675175055
0.23953832074303105,0.5710968017768941
-0.3636786050719895,0.09850641771319253
0.4514484331523736,0.08419013350283136
0.2271991310956896,-0.2227548702254364
0.09001868822940041,0.19479460799574466
-0.09047540175056991,-0.16528236426125778
-0.027351452205093676,-0.2009477451530594
0.2096080845447106,0.047939944887071345
-0.16387273302985755,-0.33703037134817754
-0.06854889823557397,0.10158722679277914
-0.059649565257488164,-0.5764122677860631
0.25092642391169995,0.2329893670533519
0.16758757349123737,0.27460504268376873
0.034732374523767456,-0.3944781792915952
-0.0029325742191416383,0.1675870538976497
0.15509446521841835,0.13789432069672863
-0.5691387992987534,-0.05810541906349203
0.1341386550046501,-0.2472172067326515
0.09613707786495566,-0.22129463646213443
0.031121517860511812,-0.03324428253014922
0.7018862778635154,0.7465355539828441
0.3798803945793301,-0.17456252964289354
0.054310670002213686,-0.3010379758774537
0.19703545838083036,-0.05809484848772539
-0.2278934997456736,-0.4388275982908878
-0.13879570678437453,-0.02782002478277768
0.0925908207408576,0.09706364330528978
-0.2229433414222022,0.08776271617556572
-0.3561627958311643,-0.3723895369703991
-0.30215217520853516,-0.3485904136688209
0.14914224942960416,-0.3933025769980501
-0.11850745225612269,0.008247904107885938
0.17440446367159812,-0.13265951596857564
-0.23130588344719605,0.11328698767515061
-0.09236536648492802,-0.45936898811492455
-0.1637518114385635,0.24721773995173335
0.24075804781271265,-0.21085431759734705
0.35959686654206613,-0.26788961998534877
0.00018409001878564855,-0.020730174207403303
-0.030363839615519136,-0.36407238657152424
-0.03502820697223064,-0.005124681641355289
-0.021279230432197264,0.13088155914071137
0.4090607327971119,-0.07948865342001757
-0.033255314735401276,-0.07339135949936439
0.04224396739783212,0.1276445796898375
-0.17529980317954635,-0.2744533787171498
-0.033173554781003936,0.13109049675221127
-0.5813486902307949,-0.2541420899939367
0.0376506934785089,-0.08702509970493702
0.2793815745608774,0.2582866793589149
0.22656628337578694,-0.4030607076509225
0.08875167250168485,0.039356605800214425
-0.11199554984327793,-0.15064250950295752
0.22335685236654987,0.3442187511494116
-0.11873957235017102,0.18945633411955773
0.16951281182981884,0.29629693363690135
-0.42798486763012167,-0.11278202378365644
-0.4103091083299629,-0.4798155697092342
0.37020848543321677,-0.20673027237710453
-0.06748879447735223,0.09110743622551065
0.10735323211770224,-0.1651726655899039
0.15748347104072852,-0.8055230207116282
-0.007641946698585287,0.04219095114031946
0.25784691323534914,-0.47862279375741856
-0.5542782825149664,-0.3936224216791355
0.10875957977941074,-0.5381424285763554
0.014855046076235844,0.1815238065850242
-0.17320776609673777,-0.005211550777333032
-0.3657450027612441,-0.1631457227098325
0.08754255146521496,0.3326275540555667
0.14229980955580437,-0.11007623669140527
0.09617613575850235,0.05371779019462695
0.09505038529678468,0.1928400961437344
0.36882241766235724,-0.14510278405027957
-0.0054828423781451046,-0.12562738239091148
-0.2959055266276774,-0.24692661741248328
0.2079695819610683,0.1937353183039498
0.2659731976041195,0.9048940439482158
0.3136244461680975,0.26422112224876615
-0.26267333647361124,0.1139259098867933
0.41991246486656686,0.15038939202478815
-0.1373596159726767,0.18709487919079204
-0.18244678756990962,-0.04558639927519657
0.0065109159661560145,0.09685439620545196
-0.11964877274604312,-0.11120183769810209
-0.3426485318589058,0.44585408445433505
0.34932569058641616,0.13012983660860672
-0.3258035250050623,-0.26260852013840047
0.4114572204137294,0.6618232823861234
0.09853037913794968,-0.17146945841599756
0.16305326951698745,0.2776021756622793
0.2117939224157343,0.47721479392066707
-0.03551168189312554,0.2906275421469128
0.24435054605822665,0.12149630628302843
-0.13565616782177053,0.3738299731096756
0.4551660073224537,-0.08001592813680784
0.2939147264110586,0.24560416744517127
-0.01588397830554822,0.007795433128097683
0.03653806569946519,-0.22875612268948464
-0.09672088961332956,0.24999545447488983
-0.11086884654244539,-0.30755259409525765
-0.1525627438410098,0.3448782405167206
0.20839489183702167,0.06583786903217662
-0.16050327547005983,0.413397227641625
0.39680340859877455,0.42763703126349034
0.5220335002922334,0.3985864217819668
-0.34579820382002796,-0.11516947142148275
0.33022441539708247,-0.12979024647288956
-0.0919454337082303,0.11525338717488952
-0.5669834256724187,-0.5251150200020918
-0.04722183252890755,0.10079327373044283
0.24875742537183912,0.024782233055188434
0.12334941482212411,-0.25298758282752093
-0.15576974023243623,-0.14256370863423784
0.37254071563109237,-0.1010667733772968
-0.27022950978807986,-0.1400623550896926
0.06359874449035494,0.14919128896777814
-0.3250008271470922,-0.0453098400877626
0.1788996390964345,0.044667982157433304
0.1467438420766161,-0.10188020649097898
-0.22800397929532693,-0.10500891348703083
0.0876218534029395,0.13123164336529686
0.14825375831623736,0.020434482937569134
0.25042540487647885,-0.10008448427125487
-0.1283185091765873,0.04082928977539894
-0.15410053522133163,-0.12933794292321246
0.2595458144883762,0.41652009846619753
-0.15405505306964995,0.06150122373751938
-0.11690300585583274,0.38495624460405453
0.30224607119794256,0.11772837934433929
-0.3503610350059181,0.38811858892573964
-0.09591628260083825,0.11193481414083813
0.11773465562840081,0.381395251590861
-0.05492216954419613,-0.3004734314630158
0.34046115736674976,0.39892183797976133
0.035860708973355984,-0.09820664233616608
0.06071399930443203,-0.5155849502377704
-0.19994303349982,-0.5034081717701077
0.03434651585358998,-0.003555834955744675
0.3883485258595919,0.6050738049876448
-0.20850506550020123,0.01366209393279811
0.014205726562773819,0.054138822206182595
-0.08241594982163086,0.21232985102139323
0.06429705430021353,-0.24839589446324428
0.1379918896302772,-0.3873201854962566
-0.2053273802340333,0.1029013386806227
-0.19139801784099056,-0.18281973718515873
0.31400376921770995,0.18071472625335872
-0.038576720261127496,-0.0036560610228189108
0.2906770986031833,-0.083213608474832
-0.008660847605183304,-0.5576360595361701
0.14830312788044533,-0.06513676168619756
0.527496937580912,-0.20449474675992121
-0.15378841133764148,-0.1286530599500751
0.027738696102312763,-0.19824565849746395
0.08199200909809548,0.1867834416360625
0.15255011333775237,0.11717388361616288
-0.25669008857015785,-0.10493150966606822
-0.13150394951995778,0.027947604804352818
0.3330601303497957,-0.586460405795674
0.43565303017339524,0.041441702197231645
-0.010495441508066054,-0.13907557812042548
0.08274930682910467,0.012679882032995603
0.14653298215662033,0.193326498151397
-0.023878879338735122,0.1283515397498953
-0.12369327137798193,-0.39481088364387373
0.06417848379300335,-0.20872017943265625
-0.1228573255476927,-0.15325667354268263
-0.5001543654299463,0.16116506182139853
0.32802433260609976,0.24886227248092382
-0.01970893159569292,0.07919951743416619
0.23586334935281023,-0.005752553134634792
-0.18311157327535593,-0.19064656203565233
0.06133557752234957,-0.047530855779302925
0.21112865559861613,0.10337195123742624
0.13896898234096125,-0.19217355038374898
-0.055575822177474796,0.288277727226902
-0.3701059840602097,0.04950825297029963
-0.07080621634263963,0.15090698577792663
-0.1738287727043203,-0.13946305128205033
0.2517179340300006,0.013476607513582706
-0.38589264440292975,-0.06985643784634195
0.3025346202679789,0.22213625645772558
0.11738705249428584,0.25683084029806535
0.2278426375634953,-0.4066092828576908
-0.548974203218581,0.4361320939422438
-0.07276866516778921,-0.2521321073915847
0.04868859451237472,0.11806926143956022
0.10771582978888562,0.0006256725920435964
0.08919668910415102,-0.14303954214600023
-0.02383930235821757,0.012185975064772458
0.21339326905091993,-0.2178171796052566
-0.0971738990381198,-0.2330868906566872
0.20069227793575928,0.07031818693557795
-0.5931460244239268,-0.516905296838839
0.3901898212972182,0.16755469831571762
-0.2944878785418962,-0.0020842962500001393
0.5600198759756869,0.17990627388681255
-0.45593770837577735,-0.10891673809461415
0.07562750649918049,-0.03495813514510718
0.16364482720475362,0.350354003476094
0.6889054669915493,-0.05134166775628425
0.27801064814573656,0.28701341489852655
-0.46577887397824314,0.42173003361147327
-0.2724592206539776,0.11627553316521737
-0.20898476524736598,-0.04595762749624838
0.39799060525722013,-0.18188982368095868
0.02245520526699433,0.5775057543226239
0.28967835380438656,-0.09782420067170944
-0.07235339518069384,0.15347755902928956
0.23125557932413482,0.19417186530105607
-0.340472877771839,-0.19248704607218534
0.1865808150419851,-0.26111687083993435
0.3304172140616056,0.05867880299758868
-0.13565904078519783,-0.2555728166987646
-0.0013473170753321724,0.15754531956356926
0.11521099482892712,-0.40652215332403335
-0.9277327264203415,-0.35844033264489983
-0.26591054481548043,-0.4504363066560783
-0.2622000404432235,-0.1611891461342566
0.35302732261717507,0.3331368017413322
-0.12124881181354634,-0.47258054351654527
0.15316923949992436,-0.07013212436122095
-0.3277201742421446,0.07562689363207094
0.08686037621251448,0.07833799186920139
0.01762566400524454,0.039899280842403316
0.2389075323672801,0.26977901769739515
-0.16609119110341294,0.47094853055684327
0.03275441941617314,-0.2925194691743251
-0.018025959646871936,-0.16276228896112954
-0.32330091325613836,-0.1836930033253146
0.047540441219525935,-0.2911299232200086
0.20643758364832182,0.26802089965712517
-0.058906009330081735,0.04675723521666661
-0.10071723499987541,0.1894459234559136
0.3689910622520069,-0.01603535379581457
0.07718149584986131,0.20403144935610404
0.4177542101911464,0.4999223677665298
-0.3363507046382111,-0.09820476112144284
-0.24074561173673892,0.35135202645511193
-0.026393873246166856,-0.5206707821509707
-0.43570778345153094,-0.3450065551365902
-0.22113937053766353,-0.1696246999671403
-0.054006323379801144,-0.31253604065590185
0.26243242623198826,-0.01539304182057276
-0.047796270830877494,-0.42438674548942146
-0.2230746566074586,-0.24140285356940375
-0.14559779036714984,0.004719036761607435
0.2643833056829772,-0.12367200712365128
-0.16869285408511198,0.3705433143494912
-0.2735471628544714,-0.28017519100624194
0.10005362986545709,-0.2881600045686011
-0.2884611768327806,-0.09118803257478685
-0.22125783070901836,0.47036163945444365
-0.481884662223231,-0.14463544803062292
-0.17182156259109266,-0.10426730150050584
-0.1169848013881386,0.2731179696998092
-0.07392521210245949,-0.24838870576607552
0.2787036983276716,0.20125472967443106
-0.1806066972571676,0.47790865797920673
-0.3926577164656007,-0.20677250777971753
-0.058146681232904514,0.3151226105038186
-0.01999297842096368,0.09741323346427035
0.05170714270649645,0.0034443696879960066
-0.14879461683281342,0.1632515326792872
0.04192542404526831,0.1231198929025577
0.1581322066416748,-0.2470832319014362
-0.0905677993280874,-0.031105204173445603
-0.09205888919829065,0.11108763801073804
0.07087975057304033,0.14094663571822547
0.547272777449859,0.28706586752621693
0.18286286925420725,-0.19295213908432501
-0.1688243315277924,-0.10774138739778635
-0.23747623111494867,-0.2097389119142173
-0.050420244787427564,-0.08789770132504424
-0.27257522489059843,-0.09703713552483195
0.22968643995756713,-0.09029989191439079
-0.49212479104204543,-0.005497024331725549
-0.15118187424596466,-0.15518141638804553
-0.08975827853483719,-0.11940772269690143
0.4698486281494781,0.3323315120126262
0.47161210144566373,0.38769765162762865
0.04161570216864707,0.02569743950224228
0.1795584892507864,0.22371952242328472
0.13936166330096844,-0.2714012007076215
0.19194566875423577,0.6066984862921336
0.022826433800673656,-0.20925608492078787
-0.03806099220950081,0.1953509435059115
-0.06753177397547526,-0.0884054084062401
0.2975238443439285,0.28761495012454935
-0.01994540507825382,-0.06550000033021743
-0.24048234375136746,0.0493835566238518
0.4005763715361774,-0.042224154323016135
0.5661868458673223,-0.2669173544287886
0.2277219118333273,0.19769639296661945
-0.20943618102042444,0.14846406812990187
-0.0862839504172061,-0.35960196548264933
0.08870275350246819,0.18112222234634023
-0.3432535035329678,-0.19356908201024703
0.13406996277599026,0.14593556242550076
0.7505978207250213,0.41986302178984564
0.129418371484431,-0.05237517202908142
0.010399712907601645,-0.056163963835571366
-0.20008442374412147,-0.27752977452197414
-0.3037300157767633,-0.4203413697754721
-0.21822923393007682,0.2932848114871263
-0.2827533161791527,-0.7199433134460782
-0.12303624625491665,-0.054909586317989055
-0.2632755189021963,-0.2008234935388439
0.16283891891585386,0.16311932701824075
0.05121478503252626,0.2794038293072817
0.03132010415986825,0.642273033870505
0.1409850485857022,-0.1406362571865832
0.3219457330789328,-0.3414410495259868
-0.07598168596902212,0.11988535077891839
0.1169757174651088,-0.42375142970252444
-0.39320050390946243,-0.3211369325783327
0.07343825112507803,0.45407042751860177
-0.0134275063962791,0.565850444457249
0.38923865465796376,-0.006634119494182345
0.1017133470356536,0.32210972877857413
-0.17688901530684864,-0.049517429550612856
-0.6665062253931612,0.24535623180996108
0.05877053024354952,-0.17735288209022457
0.16426680858600554,0.10361905672340901
-0.4947077088056192,-0.11301327481378051
0.3019001784956474,-0.18092783220360492
0.1322512829546608,-0.38916025456071085
-0.31329599839018174,0.011349512956055033
-0.16649736767718523,-0.3776083417090359
0.3273828724607736,0.109035511138743
-0.0058202366035698975,0.2961325033914649
-0.08732305328850387,-0.17670516695304417
0.1704812628399722,-0.19720617986330613
0.1203879192323268,0.18537538696534198
-0.31552674877009357,0.23351026343675824
0.0274931531816899,0.1946119928082467
-0.15146628886932353,-0.0941311281539977
0.10983033362101507,0.1636809472031755
0.326657800656191,-0.20725450305259174
0.22134989958083257,0.34487311135722015
0.29314704475745684,-0.15329506727672826
-0.2540461625572499,0.06609244416955506
-0.5610607018058701,0.09909544733528089
0.024950192896719424,0.1725847046826329
0.022088385760078006,-0.1613008214651891
0.32732489183708846,-0.16166907367223052
-0.5987863323692262,-0.12927822610998754
-0.09871498174237096,-0.18259600285701721
-0.03860102170417689,-0.34338480168140023
0.39299146374157157,0.5818712366529917
0.03049086837144423,-0.03127191270104338
-0.05232657747960548,0.12022788879707857
-0.09819441073379814,-0.06831773406657343
-0.026160127374383772,0.10615045690825294
0.6223397244317157,0.1856307672173651
-0.01803061140261609,-0.3673351222550947
0.1271457754658784,0.023887184097018926
-0.330677197113707,-0.07470392225177235
0.0913385793693455,-0.26548681932270846
-0.5722353358659636,-0.06712686414131805
-0.004412542308874925,0.2047899462381486
-0.3741838050987158,-0.34613111230982924
0.048956807435358476,0.08765580500480165
-0.24298676507411696,-0.19327731098006715
-0.04575760291759331,0.32655704041129346
-0.28793542380930337,0.058491488208141255
-0.10310341674830246,-0.33667377421499217
0.15911357045727784,-0.17320813683919253
-0.09700159576887143,0.2784655614000216
0.23017737960205592,0.48060163649142046
-0.07235859729992422,-0.0528040077656432
0.5183888465617006,0.14371378777745042
0.13014305325020548,0.2811912210527425
0.012397573792719713,-0.16293348086674772
-0.3696573085153659,-0.19528129619691428
0.3854160395102502,-0.09545378583299563
-0.013535184791712633,0.21516568243779916
-0.33230357935676297,0.1449748746693699
-0.310441999885569,-0.11681766924274248
0.3620925338047414,0.20452652403135319
-0.08301839967337908,0.060880934559824976
0.15322342446872747,0.3359850762799771
0.5600410365939805,0.00454386474621963
0.6744095496446484,0.22833335166177263
0.5276728109025602,-0.04049401608914633
-0.14445007453814152,-0.2244607660744236
-0.04334254162368101,0.5297408265272181
0.27406996166844394,-0.025017249968191654
0.40952012106033503,0.44953223462955466
-0.3054237418562285,0.15129174953170926
0.09025449506345858,-0.14328054580179794
-0.12678724914948386,-0.5598371957708214
0.18290811675946173,0.016800373229292804
0.434602215957991,0.38652066410572683
0.05599552322769497,0.3459238415774419
0.14716762252444449,-0.08654046673048724
-0.17341692591259358,-0.4173833401612084
0.0613967211392671,0.13538073253226904
-0.21975319246925568,-0.12326793473631076
-0.011862026646782459,-0.4868441896226815
-0.5968203512320541,0.09669317461789152
0.02452157654748748,0.6333925954840004
-0.13330898517840925,-0.2931538661069939
0.45240155846800834,-0.10031988293052804
0.252067814351918,-0.1900334530763583
0.02381929378787416,0.028526241073242857
0.11215031180173313,0.08287458073959417
0.027175425767416654,0.027739000716539362
-0.20372629078332632,0.12960920412807764
0.3125354287985768,0.5045887161708532
0.3708589141408606,0.3348519322183937
-0.08877239273628473,-0.08263804983964365
-0.06228724203373686,-0.15111479249069132
-0.22274232596630572,0.5968138292349366
-0.09189849956692103,-0.11789126753963763
-0.10849032871761184,-0.24297410934126237
-0.09941614371579605,-0.06370691286762198
-0.38173011021805053,-0.08228788982981416
-0.14073718921808517,0.16883503535613859
0.038765789813414095,0.27686953867392733
-0.335774774310869,-0.11399079197722398
-0.1394699013477894,0.15781200723924121
-0.4837211268145336,-0.28862234641912465
0.07459526046609209,0.24047145087040883
0.384339943968021,0.25399392876601273
-0.3245327519526351,-0.09197689719873892
-0.45989013792467354,0.07800709737709353
-0.5530398095662024,0.36056212648763253
0.014595081989606424,0.4147977311706959
0.01870649513666842,-0.09445845473826045
-0.17517520890655705,-0.08279774117829876
-0.22046992898742648,-0.1947070465526022
0.12424175395778005,0.3578477110067183
0.3275438076190581,0.21745867848064412
-0.06696721544339455,0.32410109403597875
0.07190619225962605,-0.450832750005777
-0.18479884380613376,-0.17354792864869534
-0.2017793257497741,-0.11270114699182916
0.27224254564141587,0.2696634359585867
-0.06560485657649168,-0.10088562527789044
-0.2758804869150271,-0.32665899426980116
-0.03029372410673151,-0.12831143298471073
-0.07262901788465383,-0.22361861593734544
-0.07287065401426973,-0.00237618149734904
0.37220570006517556,-0.023478009444227475
-0.1003616320993415,-0.6042207725934178
0.2034709875821023,0.01534699406024588
-0.3786281195425342,-0.12393047413575103
-0.09829136400726968,-0.2968457128340741
-0.6824673730445412,0.010017647288352137
0.001892426870002267,-0.09407363653180165
-0.5880057258569793,0.21594713337868215
0.14950284185914414,-0.31351199979388134
0.3932150807018722,-0.14156761918369384
0.038245906881705205,0.35456992141740173
0.19614599158915072,-0.14685845972192427
-0.09387191775499636,0.31101498465971766
-0.416828280448598,-0.11473640111172842
-0.23503775724712023,-0.22836316113113042
-0.2544244599650056,0.14979927370056914
0.048299095692658535,0.2673953349646208
-0.09684897037847098,-0.10657958343659044
-0.24874118395368114,-0.4398381288649839
-0.001286881215678639,-0.3164655564874077
-0.13747717726283806,-0.21920801520965147
-0.15568942141934647,0.25144786619098264
0.2963558857019176,0.20157935926879877
-0.5700811340519668,-0.4860984174978726
-0.16217790831601897,0.21899590396818217
-0.09793294507078333,-0.08204098420107832
-0.21059380450902843,-0.26078292840907924
-0.49597919301285015,-0.34332424901014597
0.04883207290438872,-0.1062964439182241
-0.014019097723695145,0.5072627242801719
0.43954360404458515,0.6781014343394359
-0.21664643219124977,0.017037637195388894
-0.12465600551643116,-0.3714876623242304
-0.2574746552039137,-0.3683972380035347
-0.3137429611623943,-0.3627015645705669
0.0762668470997585,0.057975172071541764
0.20413637030539622,0.05124796448760704
0.05485618442643683,-0.16907168727278835
0.27797015580897017,-0.09457850528893758
-0.18380352730014674,0.2390860398919181
-0.2817931091879958,-0.00267155786177122
0.09364005953793648,0.23027245447265632
0.14167427291703552,-0.07385637814611115
0.2349747092528269,0.1359642713324338
0.18103250857209896,-0.17829263709195659
0.14477220690084788,0.36167420808587164
-0.32884570294269955,-0.5960061616239911
-0.21000416212930023,0.3748086729517942
-0.18054106673955708,-0.03840201827556051
0.34138355589062186,0.09468852011135209
0.3681678924230154,0.38723621017965604
0.14089619946710116,0.21770127084767668
-0.1697225567647238,-0.44585213646581134
0.2853756466490191,0.4431010077311716
0.17528423146564182,-0.16090773163059663
0.023219218655590724,-0.1068817154791006
0.04640630077231797,0.0719965304256626
0.18977895222993038,0.10800130033687991
0.0016930277399358855,-0.02616260270714894
-0.01874716746426279,0.14257130087473058
-0.12438871342936104,-0.2867780869426277
-0.1907394193900774,-0.19107498103892892
-0.34632771802218565,-0.059875886727175504
-0.18693383021642135,-0.04990940083053829
-0.10673984151877948,0.5117768543842196
0.3536477579039988,-0.2618992358712526
0.8651266652080447,0.038150438087484764
-0.03337731497441978,0.12683556943872099
-0.022934714441288584,0.5065559857718973
0.18213705580385425,0.1761676850980033
-0.018340064813853002,-0.176340682387839
-0.16590943412412104,-0.14702642645976474
0.20663928468812162,-0.20747911772303135
0.2057065573670813,0.041126594479489145
-0.15967797622694038,0.593386637731629
0.10858602210141503,-0.05995701055888724
-0.3328446508299869,-0.3655928446044729
0.3958560789162031,0.09316809754722583
0.0637725703096281,-0.04727032742592604
-0.03750613789045382,-0.29839216952611114
0.0722714690004096,0.1218081980603695
-0.18171622917994376,0.08567958673998012
0.01004832298067144,-0.03712918869727647
0.03715151576932456,0.23107241073565904
-0.0016061797498240174,0.41266749314897394
-0.010450753051266203,-0.43311061367019044
-0.321289719670719,-0.6218326828449393
0.04311366379251041,-0.23362195096402674
-0.33505921736367483,0.018717331048319793
0.4678044847899811,0.41444686808257064
0.03276600486350796,0.1361685796124231
-0.2161113032178622,-0.1385453632644993
-0.12399394997431372,-0.3865553596321984
-0.08796885672561944,0.21214966375382177
0.052521430458569544,-0.052143076178630045
-0.11437824436371358,0.2250417022022013
0.03838960150914496,0.045273588043958174
0.23038931469864532,-0.21423241561751755
0.04783426898481017,-0.011762960426765732
0.26198038317843625,0.14479378053110178
-0.2493911231185,-0.1634003947517991
-0.06425302317282212,0.026611068815872347
-0.14969380863343398,-0.29297293753491077
-0.19250989184186965,0.23182786654469595
-0.03733370570107422,0.19549269191227733
-0.13289814506290776,-0.3089563380242902
0.22587309041987952,-0.2363092164613128
-0.2765367774568788,-0.09970443587679238
-0.3739429948697548,-0.2212855713069466
0.3160141947863201,0.06922300025761581
-0.010085931796390822,-0.4606091840122484
-0.4228541988514993,-0.007802778595574451
0.07366074923941571,-0.010948354380768948
-0.13536092851718756,0.15851503357198363
0.0674333132594849,-0.09186810555882151
-0.12231157998261227,0.25220529161428434
0.18938532709826034,0.526640459193942
-0.04360255953960334,0.419007385486711
-0.5000381285991744,0.011850150240649381
0.29801992296702345,0.17790725617613787
-0.527941006163987,0.2588181432066397
0.15675569818890076,-0.17739026174859243
0.23533544413164,0.15445501062748898
-0.06270556342079145,0.11541384246935305
0.14867668189642033,0.21164099151906937
-0.022907783691441905,0.42151689646033486
-0.12765999860269256,0.14740400424416736
-0.1098127895199924,0.32616215318015623
0.18931205528113046,-0.07184940411727346
0.15376578626033638,0.23694404543932313
-0.22969834168821535,-0.2459148443412193
0.04709483168110599,0.20710686278969745
0.2294966451627469,0.10076796749021669
-0.2687521923424622,-0.1226007439900623
0.28741186155791343,-0.22680115110689578
0.0756527029268008,0.07794552070135928
-0.17060333836696717,0.011664333993326715
-0.023144090808317808,-0.06816895129618185
0.1317290042348117,0.3818150798020372
-0.0675910223034419,0.19365113036251988
-0.4231048071891451,-0.22014764410077683
0.15112964125892242,0.26578254454876493
-0.008200876955349627,-0.4065968621172205
-0.2044482687285298,-0.45413052706298085
0.07565770136991026,0.03406931279985888
-0.11569839108673903,0.07552634267871429
0.4368475539168687,0.29919778041510237
0.44980376303562,0.3535590161603791
0.06083081762620108,-0.05176323203993047
-0.10610287658820827,0.4526717550269231
0.030797813455490736,-0.1989544998248457
-0.2604177142057316,0.05279013723721585
-0.14937717880125226,0.0007595754183151058
-0.15139026398635408,-0.18655280144527286
0.21085191094480243,0.3616747043552479
-0.321747881361606,0.23920723870908542
0.500358193298764,0.2586950183332781
-0.10701342549901448,0.09454844863289706
-0.5144206256327991,0.1334821884667412
-0.20821757120763112,-0.3438558559351009
-0.22128641974354005,-0.2552716347111187
0.1595480810034719,-0.29495571419410044
0.027835881029348506,0.44418527157984433
-0.24291487786891341,0.11498869210009151
0.0467404646355802,0.3157017937176117
-0.16028706212582894,-0.1367118441315187
-0.1698526840572761,-0.41824594239490126
0.37424949001476593,-0.11718526372634154
0.11126006151560848,0.07459006156800944
-0.3634134657451772,-0.03859351747420256
0.14966823914485194,0.21546434628900907
0.5816907364527729,0.3574507939966858
0.2880742711481106,0.3103461337949501
0.2412477336655271,-0.10663411874167386
0.39652692512752413,0.28462054112263585
0.33400752863242705,0.042833866767973565
-0.2126057411497357,-0.00020861753568436327
-0.04729466990211284,-0.03847300919257074
0.08079685571607693,-0.2081793621659017
0.11845642984986782,-0.04767420543325623
0.43722441840465887,0.2995082895626602
0.26031833676243643,-0.012107190741297135
-0.04111494198605022,-0.14215876903081232
0.011882049778186606,0.1727576559987493
0.10933053338099402,-0.20451644739983432
-0.007486594045591519,-0.08345022446606461
0.38131362208334757,0.9317440160966034
-0.020539709730810447,-0.16315491162512163
0.06573228796905324,-0.1628825346228952
-0.2806858680045122,-0.43363422022194625
0.018258137941548805,0.07670332578824164
-0.22053583639070398,0.26070360727169145
0.1273833192835846,0.18894087624717387
0.07599334019629933,-0.2925512144156571
-0.07184644140227718,-0.32854946792035433
0.1693753715064666,0.16437579319283485
-0.07980529048771257,-0.2824746882219592
0.013927526936424475,0.14879244345955905
-0.21922891926351734,0.3532330641218584
-0.14142098009225473,0.08701715757822658
-0.25679873340876647,-0.06502487742265554
0.48772341754367005,0.26505770392072275
0.02182337888294122,0.07724058174659693
0.3461146610718443,0.1558628111883785
-0.1593009680825479,0.29576433234725996
0.26064152545752983,-0.10236226580355046
0.23839782741340385,-0.14578404641074102
0.18815713860863084,-0.0700103595659609
-0.09769101476597133,-0.286763732587458
0.4903232358418005,0.08778465511085988
0.23734566438336208,-0.4226793737981657
0.05742134484038976,-0.1538801234934027
-0.10177403673290845,0.04691724306709572
0.2559637930999434,-0.12506092082273126
-0.055851539271606555,-0.19250700615428906
0.2053536051993778,0.07717643222898568
-0.09427125992904736,-0.08260868649659961
-0.22066172645053686,0.05096102328527573
-0.19501290228210819,0.3919821875458882
0.5821281432348546,0.014173531356906778
-0.2142961117031159,0.0008030382206254371
-0.05292930990109727,-0.37277095599013893
-0.13943050355348066,-0.03218067713417541
0.07722360945264008,-0.16786770348635371
-0.09961925598412986,-0.11284930077268597
0.3363260042219099,-0.15172131263691352
0.07303184967051021,0.026678769512376573
-0.21300467676469498,-0.349572001554772
0.10268657306113058,0.0625204357372276
-0.07242368906857818,0.0029494340319386717
-0.3325849570858089,0.27151503998166737
0.0724809104302372,-0.37402118361451175
0.23154241283302704,-0.10852935921899973
-0.31239722524103697,0.09334750052400592
-0.5364898129229257,-0.31877687434773067
0.34486333116540413,-0.10923676056872011
-0.1281402128858511,0.21634974905767293
0.19622269369888276,0.18796513940143098
-0.2668166806064622,-0.01649572183361059
-0.38367954884162925,0.2744963598456594
0.3016642550611144,-0.3117596326583364
-0.2537293459814373,-0.14288321143201738
0.11325015355301754,0.21461341509295506
0.18444019361949393,0.46770570387348154
-0.02353505769993282,0.3501093062803877
0.3763344887499471,0.21584586766930083
0.0005047942602780188,0.20364449588145855
-0.02486755653531252,-0.02232882629096267
-0.4258700847379421,0.06939960886375304
-0.014831818183469885,0.4155203087168584
-0.16717896922225786,-0.25551826482838447
0.11748771055275856,0.10506330644190623
0.13271991215332854,0.06634978542750912
0.4708982987675041,0.3392592007215709
-0.07544078411865156,-0.02937886863621664
0.5891786458060273,0.283457897370219
0.12250616325150293,-0.27323992114488344
0.353186233787609,-0.29525307620378166
-0.3782856148514422,-0.16915182728299702
0.3321372200395088,0.18081046884621807
0.23863095836670234,0.23761934223792353
-0.08399046228120437,-0.10933254153323439
-0.37278356451833533,-0.05783068489918697
-0.28487009508391076,0.48211609641975184
-0.19564981232410444,0.06134826414341934
0.07187567863742635,0.046802818975055845
-0.07899641596418763,0.2976170918588886
0.07161918084948557,-0.24929645958048813
0.2500873955218563,0.10572590706023936
0.09216784985117672,-0.06436451323136479
0.585456074631826,0.6183983455660609
0.3334980557294357,0.3415029853114533
-0.09402033614369623,-0.18751994895659316
-0.11369077846214204,-0.009029165052389538
-0.06590563419467413,0.18747249043322042
-0.10435424124029191,-0.13720735443712548
0.15253119453755654,0.36985976565127393
0.19465987773954244,-0.2803338997667442
-0.15461884606248055,-0.3494757667317341
-0.13014914158924387,-0.40892925449255213
0.2929651240808231,0.2770794202738336
-0.07347430552653555,-0.04059724321263643
0.19646340713257074,0.2746461098632627
-0.32849408773404015,-0.16454435489984381
0.1472774658472375,-0.22939579463276652
-0.07352057826020506,-0.3021593424824582
-0.0014056856065101848,-0.14836257733433864
-0.09358920586712198,0.24515554433112596
-0.10598717276838909,0.16945572806030548
-0.06853047343221355,-0.1637837398113798
-0.2756880209403417,0.11433136094006967
-0.38766736432039234,-0.0653831001116281
-0.3092052692829888,0.09712215015579412
-0.3089866324291454,0.026169300338809823
0.11249919943302708,0.24672773585531046
0.49404331530594264,0.3998733629817693
0.0598114393675424,-0.47578043062813996
-0.13430218002208047,-0.2620443436405037
0.07397650838594207,-0.030097214511531654
-0.09268292968549548,0.05088205364752144
0.09280508846459948,-0.25826988483569974
0.06226540590923947,0.3132942867288251
0.39660251319856116,-0.2698138715747628
-0.071367060978445,-0.2389013399140769
0.23200020668696522,0.016924936161886877
0.2376874604208301,-0.08736155401227925
-0.21556152240267049,-0.44027011285969503
-0.11446525197449386,0.11080116217220146
0.264589044623923,-0.17217814455085992
-0.46405001252566586,-0.5269970315020548
0.1323607178888099,0.24396412909994705
-0.17744763756652182,-0.22692326511079836
0.40680624257863734,0.18783223318711345
0.13558832335950965,0.28039846389343426
0.06876691703333858,0.3530088998233429
0.2255647518465479,0.20554735553909997
0.4510184010294704,0.16227629563933046
0.3325100243211933,0.20216642012398106
-0.11663869090280073,0.2547445457084671
0.08312404649382032,-0.18074330854217596
-0.1186362672890787,0.08426990620028028
0.02392158228812252,0.06785570195674802
-0.004013638045655917,-0.21491445634662293
-0.10344378160979545,-0.11935012161077366
0.04198742259974013,0.05047288881586899
0.017215744355215903,0.23687933564509964
-0.1050878390981225,-0.09652591197006866
-0.04459310572929592,-0.02310672688030918
-0.026363869157140864,0.046931079687796404
0.37833351335233567,-0.04500451293984278
-0.5241790998555195,-0.09506474820706053
-0.12478901222184116,0.014900578979123589
-0.42437147017035876,-0.26535427000890505
0.07400462231284942,-0.22878322040934684
0.006371109994351789,-0.25360331479699516
0.3731170710282199,-0.08253783052901568
0.10232559177651451,-0.027841630286118125
-0.25029503538350406,0.3259681904287637
0.019745712839830964,0.5108378747485538
-0.27508841283342145,-0.10738499143687039
0.3068733371784413,0.024281168756991607
-0.265299375763392,-0.5558271248223741
-0.13182856933510417,-0.4064656304514202
0.02804670546413021,-0.0999710981848207
-0.35136169926045996,0.0073320046953835
0.10324573724903827,0.2793502102607207
0.40781085780833154,0.3894646902411753
0.04200957264268785,-0.2564188133018165
-0.4301744043763463,-0.10048071358759564
0.21761934674085434,0.18876592939303047
0.2895811825135287,-0.012597394551367035
0.2969694668046286,-0.0064563758110599695
-0.21446318502162895,-0.30408774284134454
-0.3041879198908692,-0.2294732765416309
0.3937363408815995,0.22924756768818308
-0.18161328449537323,0.3347526429081152
0.009925346403745905,-0.28612726372173136
-0.18348345969438581,0.0016336924106060452
-0.06021070015427642,0.35621071556462297
0.45854167084082487,0.16922064562280126
0.06101159835570989,0.017714632495130833
0.19354936179771742,0.006499713673125238
0.03139892438462261,0.03299381460609783
-0.25917492464705794,-0.07406208110397801
-0.4776332710503107,-0.28260963356735014
-0.028636497444415713,0.1551267893136133
-0.17008688100448752,-0.05562714875418463
0.25741714847028935,0.3268726249891865
0.48363652926576556,0.08616590337259428
0.14067288813586723,-0.15111504386631366
-0.25286378211771027,-0.16303754198736597
-0.5384702735675676,-0.7735897474849435
0.4609858441442373,0.6009512381751927
-0.7663213905594992,-0.6580829933354557
0.013406568785162817,0.1682099585404504
-0.08748642476967011,0.0011889450959837876
0.1794874453663276,0.029985779213322992
-0.13145560721739682,0.22075743973542908
0.3165103517220339,0.22852737060127645
-0.4807005883774046,0.10934430321172046
0.1044553976346131,0.10686734397944504
0.2793115267396382,0.27044360371629994
-0.3947372494962638,-0.14701763661329775
0.04732738921115734,-0.09294473720726969
0.0883552740913426,-0.04070258764440798
-0.06052187945234295,-0.2015479627846471
0.208798750995778,0.5366267784214841
-0.08590131185403976,0.20220343671477212
0.13899045763050458,-0.15600569368931985
0.007508637409586386,-0.14901848072503499
-0.1243752116716027,0.29515113603134746
0.24061393900703326,-0.023849902024570945
0.00044177735775890905,-0.34839454876882375
-0.15976564713924457,0.07228044072478991
-0.010445702030212764,0.48361817939647217
0.027035453355483883,0.03994869681243533
-0.10075871636843707,-0.21437802553444552
-0.22424626632584882,-0.4345306350539932
0.2770928999524442,0.12814109048404834
-0.292983661205263,-0.24525239559411252
0.1557094874361025,-0.09923247694950209
-0.17654672507165187,-0.06767226454391552
0.18346510838864583,0.08194028272745224
-0.3865793025308799,0.15693680936132762
-0.12461502249819004,0.6579859214167656
-0.22686334076021625,-0.5604661173646185
0.42527188999722954,0.07642018678319586
-0.07628814473490259,-0.4531305566152703
0.15025654036360306,0.04577734390567405
-0.09599426242351894,0.06884414397208462
0.2610360075574191,-0.05495125227627475
0.09246461572099407,0.05943419176355159
-0.18760244662793843,0.10591313074618659
-0.03788154312542517,0.1505350987763095
-0.38274495727266417,-0.03506707021268947
-0.39065114558909747,0.025547147360309386
-0.029072366597098213,0.08938222192268173
0.04248431923885718,0.10940794978126189
0.2093213762076841,0.46280750837212736
-0.2398251602292524,-0.18741595577227102
0.4044055730016924,-0.12105255984375321
-0.2366552813437006,0.06813626495076988
0.1976229848598372,-0.12481700975986039
0.2529785906414422,-0.0924933160054413
-0.04999902704484068,0.4306633981185792
0.052759906797596255,0.04610346349735033
-0.0926580116093914,0.06779567275411617
-0.030972464884856266,0.12546482332621645
-0.4603339675317659,-0.03602063589068999
-0.19553479390946632,-0.07988608800558418
0.028051743734606425,-0.15360054507896648
-0.22123949754464906,0.07811011387292384
0.09791467071755239,-0.15348902140018414
0.1083984661478462,-0.27508555976134147
-0.44681543139558755,-0.0518522998205594
-0.09445299131278038,-0.081151571761042
-0.08871113883033063,-0.2346951004459121
-0.029052249016621293,0.23673864517664384
-0.047874386907778024,0.24756850312840806
-0.02678830481425345,-0.15653044940240107
-0.1700779737640719,-0.2523842831569764
0.054336507466676245,-0.06688267212474225
0.14093416805057085,0.07047558802809875
0.18057821919034606,0.04945131164371133
-0.30343297079877357,-0.31061440592427686
-0.1802399584968619,-0.04043004034947774
-0.2688085384813289,-0.044525533400723766
0.4283770127166807,-0.026033768985513708
-0.05831116185625837,0.5091542093932753
-0.17623189103805714,0.12645236403572394
0.28484932350487563,0.2947074723634366
-0.07293257659854023,0.027157666367711258
-0.21721261740666895,-0.7029283832552714
0.030781017199840045,-0.7554871018770073
0.21333716391128654,0.5850299738143371
0.09243920605736584,-0.20422974497302557
-0.12344236695688751,0.22899046689671726
0.1350513950078671,0.31377816291077676
0.08368528556223881,-0.15579286388157637
-0.2241601541707925,0.0001496036392190517
-0.2693317065588138,-0.09453501441399921
-0.17506599245229265,-0.049437817250573175
0.4895872816818897,0.044106059214713535
0.005195338926143951,-0.3914391553029191
-0.02910117598913633,-0.011701713287583591
-0.06740283477066764,0.009258402404712757
0.6327182523745125,0.16251034966501882
0.1418956518405467,0.11036154227064941
-0.15527668121987945,0.19350247294110268
0.07408318150814681,-0.051682429563678745
-0.23884193968742745,0.20018976206488448
0.28249900365823843,0.1897071532058867
0.32867460743026844,-0.17792699773243012
0.5095086581136762,-0.0665377683189791
-0.31021305280587835,0.10158757578829919
0.20843759118749575,-0.018261439099510366
-0.09543048695419348,0.14728355158526535
0.016192285551105155,0.22262242379699287
-0.08622227889910955,0.07180377731391971
0.03539249422058142,0.09724347245271538
-0.26028363645743446,-0.23047381697981223
-0.08262276188669515,-0.2127798109707852
0.1003278478340332,0.29036377883228087
0.31191604986678034,0.027626445850381137
-0.3014576727721757,-0.008296704184156138
0.31486490789514604,-0.10077769386326442
0.017990968706599463,0.23530744328936407
0.10988250871342901,-0.06842012843122193
0.07680002912859524,0.22308716366553405
0.21172505100416888,0.20605540090603885
0.19047648172119072,-0.21679639093448894
0.16290490948223083,0.4918064390426574
0.3148166103538775,0.12833766671028474
-0.0017409509582547728,0.2720231334120173
0.1435968938908449,0.11422237014701386
0.16928852963034585,-0.28675597793084284
0.042800659258034286,-0.1584864328021558
0.019276640911620183,0.216009072941876
-0.37633702570486416,0.1334041371026464
0.031123379234709057,-0.26156221701280796
-0.04890338446860388,-0.07263924319448507
0.3644431912939842,0.051023366942484244
-0.25972222447544124,-0.23111595433013096
0.13877343041803172,-0.21333996142071304
-0.02273465512509088,-0.3089826308408545
0.42629528330499256,-0.02732599522766439
-0.4628596540917711,-0.1314924874249096
0.5358390795336144,0.4019323003387081
-0.34344484789029267,-0.31778104613731256
0.19236998282828435,0.02878390784135998
0.006045884110646768,-0.019996877898873482
0.0571406559609363,0.06476717220160856
0.003848438467358523,0.5980999287490804
0.26520546472205164,0.22501070127220085
0.39491386737983986,0.11856981424267292
0.05223728421987582,-0.17452022794827385
0.23600343612228103,0.1796840312676049
-0.06314721682430795,0.3577799807242298
0.21372544474907576,0.23345872792827185
-0.3135208512836478,-0.32543696662968347
-0.48604608144594413,-0.05713131295865765
-0.043556214246680755,-0.17765971449499132
-0.5604932828557969,-0.015457318270296755
-0.04519206543281183,0.1005667791560192
0.17688795220499273,-0.2502373763850157
0.07096015998526224,0.057216293482645994
0.20817528176665961,-0.07390827304484959
0.18257508168314524,0.0379306129013183
-0.4897489352223687,0.28163914739664364
0.09421868343496659,0.1991412799640162
0.10942056828622665,0.19685178836618944
-0.6553008931258434,-0.1576989215134905
-0.28844204789101513,-0.34532053803859797
0.0539566321902765,0.509120660907446
-0.11129750367521214,-0.12922813613137846
-0.0593606132604012,-0.02167909880102937
-0.3683930925666872,-0.381842498081047
0.025816400298197026,-0.4319550480146327
-0.26590936051022246,-0.4512514916467207
-0.10643212539565472,-0.0519338677171868
-0.19193996644416017,0.4379636537831054
-0.07855274047250285,0.02902928939741557
-0.3681196990506034,-0.37941205822952784
0.24141406233835264,-0.005535485712522417
0.10759782015850974,0.4606504434008337
0.07907554136481867,-0.027728857244525895
0.03446330652995862,0.26155234707757696
0.23735539696390318,0.05011187940549135
0.5168256086416302,0.5591883211330207
-0.2148785722824576,-0.7751646984781008
-0.0776996575240662,-0.10485214604343733
8.10358159230621e-05,0.2538210219866912
0.051989809280129785,0.10550766321518115
0.11348609277759826,0.0014254407361521848
-0.2544165107135632,-0.3993697838088188
-0.3587332003117555,-0.08190201397460248
-0.22229171320026478,0.08985726108494996
0.4591221568305014,0.0333591790123459
-0.27556116298950983,-0.09715988608581
0.009085354630089111,-0.2921253700781302
-0.13734754424674414,-0.25811070517181933
-0.11494620077018508,-0.04026962756912658
0.18373752926589562,0.10085368521859285
0.11870584513977088,0.04947943684229515
0.41625569509636684,-0.013510016287382801
0.31742680323532074,-0.12579658747179573
-0.28432361581268645,-0.19118256883477866
0.022121258734127375,-0.007406634143493403
-0.31607227196044807,-0.50930648794171
-0.04859523758302911,0.7316919233541191
0.12997471839443495,0.12696151015464704
-0.05594775985051277,0.059137748003554105
-0.1845420909407607,-0.0008658484298029483
0.13006542230517523,-0.2128798441845581
-0.030379059395249524,-0.5860901689281274
0.27142888830003065,0.11574301879754227
0.5281806215806686,0.26991730439104233
0.08814167549852822,0.40718683908966563
0.07306793409881321,-0.12998472329427752
0.2834199549353299,-0.38510613880575384
0.10226382102762127,0.010244039671337662
-0.3501106384270663,-0.4256661184096093
0.12679465941002244,0.16237742240942754
0.3117752115816152,0.1666246604643944
0.3752647187350285,0.3519449347076173
-0.1607224611527107,0.006044483029241316
0.09318257293919287,0.016891427981834316
0.16415226070857208,-0.19444914895208926
-0.22703663860871087,-0.08930155691180397
-0.25333015498962475,0.08636993865773228
-0.0997462603943367,-0.15002594413635506
-0.16918458797022903,-0.08825064855486144
-0.036177320197697184,0.1041853702168839
0.020075507744440176,-0.0033758313080869172
-0.3730057860162394,-0.11872637947104349
-0.13463040701131487,-0.04281069608491589
0.2986493672163441,-0.2992326105947031
-0.1471487065480931,-0.12712389327048884
0.20446567610380245,0.13762798395722953
0.32998758536366457,0.14460477651752351
-0.5819351354914789,0.2976425887172036
-0.007165513881436576,0.11207147556626357
-0.32241679856338035,-0.3048085321590981
-0.023316030309462592,0.23867428529616969
-0.12131858469089268,0.011388503271232964
-0.02896106437742251,-0.5253302833786763
-0.10262322994302264,0.08086762922020448
0.4302371972783916,-0.36166303763399266
-0.1093402886568701,-0.23068674485266763
0.19025671327113042,0.1742444874463881
0.11663997273632659,-0.24035157073077829
-0.024763607464979267,0.10870024286419248
-0.3324007769947329,-0.23849998313573906
0.015945328338446644,-0.3157207076825138
0.19803490668964,0.07895392079852644
-0.42292437961271095,-0.15644695685717308
-0.14220177194193837,0.17070660020598316
-0.12978242378934085,0.23199452763397155
0.08989880013052796,0.02985034406719308
0.07839195242447439,0.2583545179567799
-0.07112479589305122,-0.15249635333603526
-0.3638918481871009,-0.3416773352260913
0.047503941401042346,-0.3710073284610221
0.5780358847161085,0.6360233457433964
0.07613165655336183,0.3748871233502078
0.3827418772422101,0.4809701769070829
0.2548242054656872,-0.4556799967902896
0.27934220973603985,-0.053868594477733706
-0.02234717811790968,0.1343465574668232
0.08636399857635545,-0.0909586837126991
-0.1967390756612929,-0.4281108589928809
-0.020796742279060157,0.20644575528383685
0.2640915552766264,-0.01753184858103447
-0.3813990828407807,-0.04319934572599382
0.40633040574848084,0.09606400832075843
-0.184276940573782,0.8698797864833571
0.19735900704170578,0.15540190179715985
0.058255130040320506,-0.25188672050375754
0.13037689829061627,-0.4557077634385697
0.03628025406109718,0.17590563312522933
0.23393435112644526,0.2331479370615995
0.39659549989161924,0.41449043602500724
-0.18446622822078407,-0.22018293256852273
-0.10068826704291896,0.0068533501507361885
0.01685392572576315,-0.1545715373801979
0.44354644874771904,0.2398350824721535
-0.3134769237692466,-0.18482962663318048
-0.19386888011156625,0.06709618597211067
0.06408707780515424,-0.12195534164478009
0.020298175889987443,0.37873732541586885
-0.23597160177973578,0.033769026208353994
-0.024427963239713774,-0.02437163329040902
-0.27472183561724683,-0.06190912565878483
-0.17152631326942794,-0.18803762152103728
-0.012974601956374565,0.24670406479188256
0.24878732249577298,0.6531010732498297
0.5648158214883435,-0.04737121131138716
-0.3702315249322475,0.05735806639135513
0.16799218754969894,-0.16598858104212477
-0.05200397445463754,0.4323809841949479
0.041738498763889964,0.007135622077183953
0.07176467286339316,0.2415653527120346
0.34028534118681125,0.10408513440491422
-0.06604147218586602,0.46277801245283057
0.21234099731370853,0.29003188287968446
-0.23000236841624724,-0.3168444676645431
0.1310894478974853,0.028177007274936924
0.46343866291899033,0.14647654017068584
-0.027517998941597867,-0.0361108101360795
0.2846824248203941,0.3479310356097053
0.07191372152437153,-0.36319360865036965
-0.033644204347522376,0.006488237758073852
0.1227394270627046,0.26277788096856586
-0.06527795550767089,-0.4615119621441214
-0.08368380695388133,-0.06274027502581855
0.02707798082341015,-0.22117763639334898
0.10624585307914336,-0.13309448151122347
0.1565734415395201,0.3734122983242646
-0.3123334847299705,-0.0498667212266581
0.3983381986200157,0.14933588720736907
0.1029643217555695,-0.13579843601343652
0.273486903348614,0.23971314529525725
-0.19524341416619248,-0.04136633045679744
-0.08382500797455865,-0.10360489386339762
-0.12676592205972834,-0.7135446009536149
0.11410684620014112,0.31566250094047604
-0.13805938021593012,-0.04286828773158601
-0.20769266218845545,-0.3726766670489354
0.06334357864471606,0.21973408618711465
-0.22326007388637817,-0.106817430435159
0.3721405229589867,0.18237408513365358
0.23011240353303647,0.2521040774125874
-0.041987503138998766,-0.1484486060083001
0.040154795226079114,-0.11854131091052071
-0.0029082839791915575,0.014510505022259096
0.2208526575580923,-0.17532308720268833
0.0020470939393421204,0.056123428641225645
0.11707526093327189,0.3510897188286687
0.10900596555688373,-0.03114428797042101
-0.1273579075650537,-0.08260046389183585
0.06452911756809956,0.21594349650420488
0.14111248007694271,0.09981424760306563
-0.1790412548072374,0.3251524233335677
-0.1414532865543486,-0.19102973932903514
0.009668499490008881,0.23956145579124394
0.16147398085804449,-0.1773379427787744
0.05180206424190451,-0.04284038912376796
0.07651454490815938,-0.20743153628287225
-0.07999938542146341,-0.34921446430057485
-0.2891714720752435,-0.015120309632100364
0.440326562065515,-0.12531901051055183
0.045377310102104655,-0.16234766341747633
-0.19710843102450945,0.3033638975049681
0.4185552203018469,0.2468161101729479
-0.3307312249565791,0.270594254379575
0.14678701025733928,-0.04060840924168995
-0.16614541191033336,0.10582616807547107
0.11639981578482284,-0.15187098220518394
-0.09341895428112473,0.09786782153059113
0.42489805423946664,0.24996615388951846
0.21566183073988957,0.4830832581627434
-0.3044570354813868,-0.24907485622559333
-0.10381757729054712,0.22849820875882862
0.1755339165321581,-0.09535289628444771
-0.18550160325312987,-0.08591140783328599
0.4928323407133423,0.00933676511869293
0.34967470941383205,-0.09995660012561612
0.31574085255374257,0.016991722755114496
0.18082250633744182,-0.19231718292244698
0.155946925990701,0.041793300865722985
0.05100211952109232,-0.11781513918695657
-0.051188578741981336,0.09672635696040187
-0.04393822991607299,-0.30635741075641126
-0.12528807713750387,-0.2551647992724042
-0.22916963810652508,-0.2336057568230655
-0.02781560065291596,-0.007109341910871639
0.47900476912594137,0.3258624463930728
-0.3389162689547087,0.004625039196949857
-0.36543436365425,-0.420049738565398
-0.010287225265182772,-0.0381895524206823
-0.24305057728178922,-0.19768184274124276
-0.5844058556981515,0.36110641329882615
0.03996252194375448,-0.30650099836281813
0.10284558565491872,0.3076447473705088
0.16629804845476248,-0.012357780746544651
-0.24906087087748013,0.07674577503957924
-0.19800268034840182,0.012487444267598888
0.13614965724449787,0.31599481120210743
-0.1421667218773929,-0.10717612326117985
-0.08178794490169627,-0.24820318131324004
0.1466739769058233,-0.009515218238260095
0.2098583969575761,0.3798508019613031
-0.3791648783226105,-0.06044535743786105
0.029760043744732546,0.13891103051094583
-0.02393801324698497,0.46433353118690995
0.262624985600694,0.3602411872348007
-0.3339902057044277,0.00997672283569523
0.11354105937485375,0.2329338054514018
0.09966360126545454,0.462661403999401
0.274910121707559,-0.040972984686869544
0.2808953056374849,0.37392057583921934
-0.2478556502871744,-0.11073594593114386
0.21629654238778084,0.3290954328924336
0.07859995465115664,-0.3699980967797668
-0.15448600940751558,-0.5621851705055412
0.41842251589639656,0.28126967772081934
-0.006526762901047077,0.03712156588754419
0.3313645538160632,0.4339635641885058
0.05471527832201466,-0.35216328357166504
-0.4162139066772653,-0.42596304229216064
0.1132259923861109,0.2741180777215534
-0.28518808279705904,-0.17397619417064375
-0.4102339982474151,0.0864066103534546
0.1660624315792203,0.17799462872747585
0.19633513765426644,0.21018891000072812
-0.07645614107948502,-0.05200785072556431
-0.2873300802243348,-0.3479902234815434
-0.5297158866587837,-0.3174745734257569
0.2546728091314618,-0.2907826954414859
0.15217090577132028,-0.030361988102009067
0.12869463313435994,0.253981560172402
-0.025541053223411214,-0.39639308892245406
-0.2915421247050382,-0.20926393817680874
0.4979854691743137,0.290734901180078
0.10434326279212285,-0.04582215424965175
0.2819891401690597,0.004560396211790061
0.161756763761771,-0.48431331624817
-0.08067517309472226,-0.15517861303805947
-0.1666638683469558,-0.05896941428875809
-0.14775017575291227,-0.27143075058568883
0.24484761631668928,0.23636699286491364
-0.46029876905577,0.4788414559828184
-0.07134477235383484,-0.2749508868436151
0.030793117205085638,-0.009449132676864133
-0.0781110972831359,0.49420333563488306
0.26108454442451823,-0.34838317749411274
-0.0004792339522490557,0.276237108916119
0.29855797583087323,-0.22467043435615983
0.08298719248035313,-0.23962044010176242
-0.01128185259006701,0.04458956949637232
0.3219035370184191,-0.07102800038062568
-0.018745236146757167,-0.13881783856634292
0.03082796249172371,-0.021243612310338913
0.07396529376019853,0.2977547447404318
0.11479381048465874,0.09053492256913999
0.32847266447977075,0.023019606942470842
-0.01946581024373095,-0.06584516984823666
-0.13653834100776768,-0.3237032997337776
0.0003805472775994912,-0.004270433244106234
0.08921587830942489,0.2868757473854702
0.008340950042213819,-0.13002227390922758
0.5003418089808639,-0.058644514486712235
0.0002482466974131309,-0.07817929124033535
-0.1274429076456459,0.014173157700383018
-0.39680285907038393,-0.1501322282514235
0.36856428711853567,0.23775138940197507
0.1879739440474884,0.2678059154201493
0.05152473832538936,-0.11786815901700601
0.4327715835998512,-0.3418426061613621
-0.1996914825962675,-0.27277030461124724
-0.015343442583776557,-0.2075138981362188
0.049186152017439845,0.3975253901185965
0.3707061357342303,0.2747231449351265
0.05183595397199161,-0.20533762039735967
0.025902766262649406,-0.11053505125259029
0.34271825484992247,0.3778243545234584
-0.3954555703482936,-0.13497499427746784
0.024801520824984068,0.4756786340599007
-0.3471192475348248,-0.13202759203458736
0.4641600514617591,-0.24437055790358958
-0.31578031962610686,-0.09016536684544932
-0.46658410833934966,-0.36870466870951596
-0.2991408505786359,0.00016142352098161918
0.11789782957837333,0.030780622363879986
-0.17189719366535894,-0.14776041779590926
0.28163229952084823,0.1760085679167128
-0.19739649152391464,-0.06295207121389766
-0.13011977957215512,0.14055458087130349
-0.290453454948332,0.14367295417354972
-0.05247171005774783,-0.31976683738310857
-0.7132090338990532,-0.043795686198915
-0.18458755278991676,-0.22994792233952474
-0.20481513470054696,-0.22396636957854782
-0.2634100358874629,-0.46555758797498237
-0.43256955643160144,0.00034820542571131297
0.2898037672806427,0.11949306657960453
-0.29935488008202366,-0.5315624529272902
-0.1849380971813936,-0.48149891508814363
0.1427691937288976,0.160204714522129
0.2076036811529914,-0.21226084763748274
-6.230810640189866e-05,-0.22548148941825655
0.644343767070565,0.07760699139294014
0.0664138439827265,0.1293799986482903
-0.30346647798370174,0.09912745701838001
-0.10963774298499761,-0.22169116492800325
-0.10807907591112977,-0.6573159417911745
0.2576517673553344,0.3900737024827801
0.15151345920393802,0.15511977469393326
-0.40488977450686925,-0.5610495874889895
0.4634628192402379,0.11670168292258665
0.14705210670707938,0.30330671852358787
0.026233070608164114,0.13843174259340219
-0.5644794138100375,-0.42385259375932927
0.2392617609705779,0.007159056588979769
-0.2722224810840702,-0.21172047833164143
0.09690762730916143,0.3068443450032407
-0.024448042857502683,-0.3556241777144568
0.17884453140885082,0.3013662667163775
0.034373318348810564,-0.0500964250156284
-0.09291033102558578,-0.12127261656022735
0.057597608110453766,-0.042121614117213706
-0.2080536224328329,0.10059890283457683
0.32620929749420874,-0.17409402348886827
0.7080530143265167,-0.07346280218691138
0.24800828867428107,0.1331674023315033
-0.005477366262945512,-0.15014593372252136
0.3149314179676916,-0.07449102288081914
0.3596875216709537,0.1920423952050379
-0.013631696462905865,0.1752423549415783
0.3318321296648016,-0.24922595822687843
0.2954943231257885,-0.12285576470057552
0.16167889432809454,-0.16626571170548915
-0.35916342994240297,-0.5093819969279711
0.5885893725936766,0.46461614482166064
0.5432794337378964,0.21787655221952776
0.4229782799872412,0.2151520215481438
-0.0802953643107944,-0.2486798130913446
-0.21627329656401764,0.06284011186423752
-0.12138042085433795,0.10196080575793347
0.23463105951685773,-0.06407043201346681
-0.09840268196116823,-0.22328829298105685
-0.07114326112635733,-0.3942127531387164
0.4065510213152646,0.05565539100452982
-0.2524689868227385,0.1599537258161632
0.24908005848429013,0.07770467090884013
-0.14784136520074534,-0.18695589250555303
0.27359278485512256,-0.12443778131965985
-0.09553557507754024,0.2123025641459931
0.41418165844734584,0.16850164663191894
-0.3008654870295572,0.27990250884512347
0.04790083432617469,-0.25804333684673875
0.05027962849331198,-0.2154811452561172
-0.05312984811363604,0.171990072483442
-0.3571976825311911,-0.2576496094210843
0.10360976498916469,-0.08558818848241057
0.10714967854162707,0.09277432944191966
0.21137226106846935,0.31478428971974654
0.11926764208774655,0.16510678077750615
0.3258046772452755,-0.23243691611778378
-0.15222804686211938,0.0431499984087356
-0.3524783686462113,-0.14727447484010456
-0.03808473282287924,-0.13993309539581048
-0.11357966964164853,-0.40441135398867917
-0.27376922987544905,0.01918227055330742
-0.2369388589118702,-0.13392267367054353
0.32517579588103773,-0.07342072969697341
-0.13499767152300354,-0.43139645820112515
0.33585175130472844,-0.020124887581129982
0.12370261377020439,0.06109226658480113
-0.26384857793743244,0.05406202499725265
0.2622893908884293,0.13781297146165677
0.11590769030110315,-0.18837689207665537
-0.26062520882035306,-0.1525236141554622
-0.09843149712227692,-0.01573390343314871
0.036425109569328935,-0.10855175547086088
0.036919250675771224,0.03464513803603541
-0.06527805658375244,-0.19011621988985325
-0.3819883201292102,-0.4435820463902856
0.012120754955202923,-0.06362050406124843
-0.20517486797301512,-0.0017723654895311506
-0.21045703765785923,-0.17346782495863744
0.333671196988825,0.090590203269156
-0.18676498302301406,-0.5324436080904813
-0.17125630638658507,-0.2560234089416524
-0.05228048880836527,0.11356639567422068
-0.15030934301229734,0.2649008688728236
-0.00298407943701031,-0.06754188897417072
0.2299630317631025,0.4757070962971719
0.03548737463832021,0.005669977118944832
0.03341535719706854,-0.15531933518755356
-0.19202595981415868,-0.03470756528508952
-0.14821469071467583,-0.205836781946119
0.10033375719088004,0.265472093321262
-0.17533932689699486,0.08257628296010049
0.2309371576756653,-0.2464736129598066
0.2742521752406975,-0.21364053323263812
0.09372680550473489,0.26569149497728245
0.5232921896575573,0.2658350716537856
0.034616553275388186,-0.43289679658108887
-0.16375784084491768,0.39118146921937763
-0.23926624361205198,-0.59027817445552
0.015535402222225226,0.06795454797828462
-0.2238981462823493,0.1552819264203624
0.17094167076824898,0.44966613300178876
0.3286300120268214,-0.28410017991573033
-0.38616220693024006,-0.2378361899428244
-0.2808663113834368,0.25380759255606633
0.11073080840270645,-0.06342984473845843
0.18243976059468453,0.3697640775250058
-0.13521077081449187,0.23661040641802003
0.3497107251648877,0.15031179302351397
0.4264615165416442,0.204488381922562
-0.2716633709406338,-0.6086898985511057
0.3210041747059994,-0.20911931187383698
-0.42449555270002465,-0.0036265500438269747
0.4906687368651923,-0.2855243672002109
0.22629621988136078,0.07869052827047725
-0.10065167991008561,0.016371687728665263
0.39347012119359476,0.3160855764574732
0.11039302368174055,-0.09724500635000338
0.08894443996006596,0.15982993705409188
0.054312959545550585,-0.24547482509005195
0.42334336822162666,0.19759461700533285
-0.08114134240720577,0.18550658407530554
-0.21808598745274088,0.19751834778561608
0.18972000757379587,0.22438075861091616
0.05923034575566402,0.47830483706912197
0.4335073109932466,0.12105934676651041
0.1371513363680678,-0.1931086756367573
0.2707550322681734,0.07131700150076319
-0.1674660941445569,-0.2994608702976096
-0.3211513191908604,-0.016150237529019697
0.2326191723232287,-0.06923064954353944
-0.023436701458702004,-0.272396587307432
0.2718012865994325,0.3242254566088647
-0.011116670105283227,-0.6945812328955271
0.14481537662418145,-0.3564872924997629
-0.3183588443945162,0.15221182624162224
-0.376124447632734,-0.0404930794141194
0.11912755975669427,-0.12659381592122262
-0.13664663485404188,0.05549009333871598
0.19646649836092853,-0.3318326744344672
-0.2371667480068798,0.20681521504896405
0.2968855657051688,-0.1682197628370893
-0.11160926531879234,-0.4455655421834952
0.1564129385702,0.226397635801161
-0.31083811911311565,0.2534646879462429
-0.40297012875129595,-0.194117730850002
0.17434654793516238,0.20918194468472526
-0.05529285409029033,-0.20146729877765834
-0.1092448992657479,0.09060650690782944
0.11134194840334782,-0.1495200780223616
0.13843213902468424,0.3651780338175685
0.014437286811388434,0.01199715020625408
0.15847593412605687,-0.09174534280969444
0.28631586501153156,0.18637672130591115
0.24413220118509088,0.057315437556224876
0.21524334541826529,-0.030319543501279807
0.0673366369835903,0.07132063735973634
0.12841625522804886,-0.42855218755849495
0.4107990150672936,0.32975831495710545
-0.14708428122485026,0.03138206079546932
-0.08565295803402949,0.24628709355801492
-0.009545383998982379,0.13938861526619456
0.12826901991848436,0.4583765791278062
0.6723192234079362,-0.07331670642633809
0.23299032821939183,-0.1644999745198774
-0.20228132621979983,-0.07299493048378308
0.6209154885230622,0.08736151762802331
0.06722791328684391,-0.018282331355606238
0.2237159458024605,-0.17133990377268077
0.04211112376984306,0.36899057897348325
-0.0072866749979716115,0.2814011869534113
-0.072121156375337,0.08639282796452277
-0.11659364372412317,0.12394776801180067
0.28060340380706983,-0.07417723304518875
-0.28699627605317923,0.12162471407633767
0.5485296218154536,0.16703758503306934
-0.020400107237834374,0.18875241876662535
-0.1418739954917089,0.18692100747203985
0.16851013427126585,0.20956109603495018
-0.2995446072744004,0.2129808101189449
0.025273352596737624,-0.21532218542245732
0.1573164871527983,-0.28311558901748496
-0.24164945156166692,-0.21326322622828572
-0.1508115601490555,0.7188411494638783
0.22173477739750444,-0.1521881635924932
0.16981212340340152,0.22237437108250463
-0.20764610463866734,0.005798593073260665
0.2320197665184123,-0.012193719108652563
0.05217007820677577,0.0486839591843035
0.1739673268198655,-0.34641114474058526
0.2547483102740242,0.12535758557170182
0.05483917398105343,-0.1365305426302726
0.14981137830942937,0.28906986395189255
-0.4676318763542077,-0.12751672543812434
0.16649287513545719,-0.39032806847003537
-0.0836512585365226,0.04026704802335075
0.16552723688956306,-0.03841821299265125
-0.12595288443494315,0.1088075914175971
-0.44395739154381036,-0.115568968923851
-0.07521749820500331,-0.16971066086312706
0.12056631158788805,0.08458206012130584
-0.1351594689978141,-0.14680796588549408
0.2574546548680684,0.30278086317632535
-0.1092262023180189,-0.12003822045069516
-0.05299229449074543,-0.3205706559814593
0.08935940691845809,-0.468110633875058
-0.3002979316452736,-0.14917207300289292
0.32841455817242615,0.05539853933033842
-0.16915256386254165,-0.12173499773449978
-0.7122738517171497,-0.1466290455846259
0.192735234510241,0.1378929084394091
0.04084096788500232,-0.07833486072031048
-0.12998440657733212,0.20831523256134718
-0.05146682936402985,-0.027889421785287007
0.12643854267067617,-0.0022731348761226584
0.05622897976776821,-0.12835137328050356
-0.12678781146854207,-0.3237635188938076
-0.055894753865605835,-0.17401166180501237
-0.11454370746893695,-0.12540457718686168
0.0015721996245568039,0.30930171080669283
-0.31458318037981226,0.15299891544354902
0.2932265145030725,-0.2215528344714896
-0.18955996557274687,-0.04825278688023048
0.10798908239688358,0.011003324163745222
-0.10067803815329644,0.13526669091077406
0.09235401326989792,-0.0932859967658712
0.37228282831254067,-0.22530897363237443
-0.5536436823392977,0.07058116369215585
-0.10953769055975261,0.47573360891955685
-0.1407266614962394,0.12530720135810322
-0.03534688747558002,0.44546143307419905
0.1115178872666605,0.09399028094580493
-0.013466461649888335,-0.2209042125760505
0.3042802524973174,-0.097924602536692
0.10810299558942668,-0.0826970862770593
-0.17088276373345285,-0.1179361920482131
-0.36411857349342597,0.13891378551281006
-0.27597311304377214,0.19442843674630356
0.5262784632173771,-0.03302315383627679
-0.21281687095697213,0.2143098940694934
-0.08357874730994344,-0.20008095856155825
0.17227491233231856,0.1026528651000661
0.08570603906777167,-0.07698809606272616
0.2912510205353578,-0.16081149945223186
0.22242116451866165,-0.1762575719216799
-0.3456251553086583,0.07666348682593736
0.12155082169066261,0.22887620091333816
0.17026939045955453,0.1894420100552927
0.42716424365955624,-0.06087591593548529
0.22390536110695597,0.14660623719583438
0.15201693729095458,0.3704199797965873
0.3229300174904585,0.08242434132125508
-0.06605883566133598,0.07994176231352242
-0.6605549548304176,-0.25499666064103266
0.3673647780333253,0.19242931362883633
0.09705299410854523,-0.05541792973226189
0.06839976553260166,0.21178386494002258
0.10728839618844598,-0.3411957196313735
-0.07474685095680877,0.031638945886510554
0.037563193467219765,-0.2524526341999118
-0.1022421791458816,-0.10391466163702973
-0.159365530756194,-0.1495575399669933
-0.21965314899054997,0.14529450257459764
0.13305767347969305,0.11788838557439768
-0.48979482042864103,0.5058049278281932
0.4237719964154871,0.26987515485956776
-0.23449375741702833,-0.28657700535503433
-0.043766799929911525,0.19396829460153386
0.2800623830061961,-0.3728183294013724
0.16060251611504492,0.19946657146017574
-0.0010323194332522503,0.028174062170973922
0.23062021181322218,0.44074849803088595
0.010296093070822831,0.014199111065146095
0.2772825609639586,-0.12303313987670138
-0.09404263040292574,0.4307144705858038
0.27369761887307437,0.06303565915180855
-0.01977184874542486,-0.10533849453047577
-0.2926163185384489,-0.005997980964612755
0.3154992092493658,-0.36492723145069084
-0.3042933947898278,-0.1376893609020352
-0.3789848615925331,0.1738651552781937
0.015515084460173923,0.22559153287273478
-0.6647776703968331,-0.06896965336210753
0.03631802502382987,-0.09013641400453708
0.4136076074230062,0.23265142870253985
0.3648494420924034,-0.23039879242931682
0.31759242182510444,-0.17793834569350997
-0.470503971313586,-0.3993435542742042
0.06922369412438524,0.07225698748165814
-0.3886826600841378,-0.12031297339361184
0.23604245391008374,0.08247202380954978
0.3942018314590876,0.07903904211470399
-0.025941210875430522,0.14729561670347985
-0.000286959155452338,0.13169713705760144
-0.005217609091712907,0.06965057854714626
-0.07409065222298318,0.2818602787570585
0.26089311958887285,-0.020440300181577616
-0.2367499164236214,-0.07036503142558628
-0.04118504848963609,-0.10275984319297223
0.16723910748563633,0.2073968752430271
-0.22895700604378366,0.34675151203726484
-0.25276405194483736,-0.01680737606016865
-0.15561206943141187,0.5036314814112473
0.1356277480818572,-0.26152072087409767
-0.008717233748382285,-0.13513101024406118
0.07279596056847225,-0.08633717863853364
-0.16916236438951734,-0.2899403422878149
0.08359612886239681,0.2883323759514763
0.14146825706876892,-0.07716716754059195
-0.3605009594965616,-0.5474204864463057
0.06662948125254776,0.2882363370072716
-0.12778517936654663,-0.2754471163598449
0.10285236031281818,0.24494658485653917
0.024114012633869066,0.10168747579222819
-0.24358175757680112,0.10853917691603555
0.05868544702569456,0.41588873515935154
0.002787356945622074,-0.12495994209292166
-0.020163330355721012,-0.07000625829386292
0.3546709183306781,0.09814687382610784
0.6003356200802876,-0.2771372005487195
0.14678913101600988,0.24965155764312413
0.2851455682630437,-0.09097747358348289
0.29070741583433934,-0.27273177063047144
-0.07765021028562337,-0.146990825442271
0.07113447240151428,-0.35095027896072634
-0.044007652622938084,0.14947857352563318
0.05079899607334308,-0.2278617888576859
-0.21297549320312076,-0.13964741097051042
-0.3187417298718046,-0.09406946124017732
0.24666416111514863,0.06039363091172032
0.11869270035337477,0.44005451898858705
-0.2280123740640332,0.5801047028992378
-0.15646010748113884,-0.4562276271087425
-0.3504946501170437,-0.18553792328503113
-0.47416940709326444,0.01558952940518182
-0.41913762916650044,-0.3681978787170782
-0.3916034492668389,-0.4392232771789617
-0.052724348807273884,0.20231891448235612
-0.07472524477381592,-0.5649756270715389
0.1804657149168041,-0.08160436474840571
0.05015970037425886,-0.3110805115830126
0.3581494107180812,0.3425060708683098
0.11552401151012007,-0.4976379518384322
-0.2610312750335937,-0.17785015547925936
-0.21090568923127093,-0.07403285150334313
-0.11866963877642012,0.24951045674840372
0.13742076841283596,0.23086371562474867
-0.05823097746583108,0.2051685159072108
-0.4561584860835479,-0.1249296887332513
-0.3463030849036509,0.08695465900117937
-0.01090683350044618,0.2747334398249608
0.4487474266641469,0.21958344378962394
0.01497791494642514,0.02027207365784561
-0.20754688570275215,-0.19133693930616602
-0.1404490635863455,0.07956744590263533
-0.26154830352748026,0.2142367471617375
0.07710830099850716,0.011723829915916249
-0.6755796296134354,-0.1525275665963324
0.0470689668317606,0.010475674954703484
-0.5122249997889627,-0.20339458725384377
-0.1081537489414504,0.35460178584616514
0.5005687061454465,0.050357506790708176
0.10369871881930122,-0.22828927191595708
-0.4165098001087575,0.18531903584946452
0.14375163720478237,0.24915543608073734
-0.16802527803103265,0.32650257617968154
0.3643832887301137,-0.14089454426625575
-0.1157597666288081,-0.307289076579406
0.34290992825067446,0.02550750422631779
0.038773577499083195,0.20195551770811498
0.34208627372379313,0.30361123177809507
-0.4207776146943846,0.3166345442654163
0.0941336053836505,0.050537819075532134
-0.27642015989091273,-0.25044866276284516
0.12519371804161325,-0.04912062613842395
0.24443508967732144,0.4451355356506491
-0.3401074940165948,-0.28826319422729707
-0.2375833465112499,-0.15697662232564547
0.06112272307393269,-0.08110771496964406
0.263386727992059,0.456939231729349
-0.20345727401206418,0.29724284303912085
-0.13906275589942269,0.47454783288630303
-0.579672177281905,-0.2428940113134368
0.03833704212986492,-0.2838290350178019
-0.20807890641840185,0.17696816106028743
0.04589149966973984,-0.054506051519281375
0.323931718049414,-0.24668343620680258
-0.13834760351178438,0.30144485423807
0.19906478797497482,-0.03018606280757704
-0.13033209809351176,-0.09563685140932118
-0.25055873122774186,-0.27740863845227437
-0.11680942805411389,-0.08575952479934738
-0.35215272803785586,0.19183791942532014
0.32312443429844395,-0.06859002472652719
0.5083918378019618,0.48996791273668255
0.09218179443045943,0.02725441325877532
0.25018850903815065,0.23911736305051515
0.4007071769319307,0.22799526412151594
-0.0022969680187678704,-0.2927818964545309
-0.11081216481201876,0.29231255204137063
-0.004522474074092404,-0.4110109540455943
-0.03772871659798767,0.06427503844852162
0.038539168430593226,-0.06531245558259158
0.14347702146594463,-0.19847644993250813
0.1946121412035413,0.45696561083605536
0.0063277343100171125,-0.2405848271590779
0.3407540388766891,-0.1772137102290868
-0.38701430588467106,-0.03396765490305363
-0.33666018283757365,-0.15292477798380547
-0.3240628626662948,0.4080387650421799
-0.47079846951286564,-0.20426876806844407
-0.037588643026650985,0.20931688905502674
0.15295069400297862,-0.10005812608160555
-0.19172230954770192,-0.0893411954557327
-0.21674670396423507,-0.060486331672102114
0.19312557706314887,-0.06163503881173029
0.3924707150311843,-0.11991597595589455
0.45636872985729054,0.08658232957289089
0.3716665733206727,0.3818822126559664
-0.059075399193320464,0.059438624573831776
-0.28602630081172314,0.530998386876158
-0.28244057550529456,0.2949061163741671
0.26285191253355583,-0.21908666425960038
-0.07367767183335339,-0.03981128469634046
0.6685511897041185,0.39506532772683295
0.1154240162455091,0.1991961554043962
0.18835684165139116,-0.16627545030250668
0.10146083715193577,-0.3221239299743826
0.6736780687229024,0.21042549665885815
0.10774283925619771,-0.4434686535131559
-0.16453024870818914,-0.35238877363981713
-0.16164064986324092,0.21372120798599786
-0.40142926790081157,-0.17063618347943746
-0.050157391449790256,-0.08971469761540324
0.327081200490425,-0.20003960244891655
0.0626779687542644,0.2034831451777347
-0.0005875465305468247,0.22360408907208743
0.13728241421498133,0.3235009740383184
-0.24094484496648402,0.10945005862205551
0.5119507508484795,0.429375313868872
-0.2712134565668197,-0.14445416390007546
0.21006782420545173,-0.06851481280851932
0.0319200298632527,-0.15230003468603678
0.0596311425326919,-0.29960176163122826
-0.21582702406548193,0.612143479159894
0.23733324106956236,-0.03611553541838629
0.015528680611578843,0.3332041164125131
0.009674625765833344,-0.05738110199047355
0.20999421451753564,-0.05107712889280839
-0.12296777060601473,0.2605009349562624
-0.4804681534361682,-0.28332666583275345
-0.3243473550587382,0.11295839295834206
-0.595443470520216,-0.5056146578510646
-0.12451555765807194,-0.04631337636756402
-0.13296635101234042,0.015411326094376265
-0.38937745378742056,-0.20034276404652446
-0.08590591027707543,0.28706380656074865
0.12777635878229324,0.07394990666218175
0.19148701837196505,0.46641800985672893
0.1343157880569001,-0.08001071452533845
-0.06449203869378767,0.33109316879238837
-0.03776246342511946,-0.44507762340356377
-0.14851798515457854,-0.03739213221172413
0.078815702182212,0.1876263834002444
-0.15529956455601984,0.04109381675176115
-0.22848781886623606,0.03629065414445686
-0.06470942305659366,0.14544574927109688
-0.27374595419746384,-0.47064272818215624
-0.5127398879336038,0.513112730334199
0.2166983692522221,0.026015825926970833
0.5505219954470418,0.5447500172080141
0.19070989841394828,0.34493870295657547
0.29941130339786964,-0.2009801830018912
-0.45483455425569935,-0.1297009433930651
-0.021462329105263345,0.1766852725871661
0.4032393732049261,-0.05581531119562143
-0.286877639909293,-0.021193313013721522
0.4474816468057675,-0.1275200315858525
0.13847283854513678,-0.01630500051392068
0.0199098243397732,-0.02897827582280232
-0.25901921592398724,-0.5045444091932154
0.22346551382372332,-0.48444353210502367
-0.19109933823623934,-0.3487693580487699
0.20957108741581618,-0.30126126133662057
0.055101568838561675,-0.33600288166374115
0.2814884384177954,-0.41332395860744753
-0.18596272674548067,-0.3873006156967599
0.16779406595394014,-0.2742036807869488
0.34443175360441713,0.11296090751500809
-0.08233709759560988,-0.10565863623826315
0.3030968516396429,0.09635467247913967
-0.34624878119511854,-0.09410205584119902
0.1632563782644223,-0.43263679785259795
0.2624221666278753,0.12742081023363372
-0.19561412196380365,-0.11445701746236128
0.4555677926945591,0.1398117117209557
-0.42753512539844585,0.2689535710967695
-0.24404324662106094,-0.5584075725956602
-0.2922132045685962,0.1651323190984601
-0.20904037523323912,0.1415083247121767
0.45103964890733506,-0.14405166139047287
0.09941301407793218,-0.043827146358968734
0.07459526028710711,-0.08777962213419979
-0.25891161885158914,-0.09392508287429224
-0.3625693901448629,-0.2703301009235861
0.1297238043376934,-0.2619374712466725
-0.17254637937486986,0.021743880883714494
0.008497716669094862,0.1943055688335806
0.2788530926558058,0.04850920961410155
-0.000121953307210377,-0.051951277454681845
0.008912521335527312,-0.06863441828259954
0.24780524507498403,-0.24803887005960185
0.32133810042374344,0.07527358277784513
0.20170898045013153,-0.18750058633906422
0.06463863907809533,-0.1951521257860715
0.46468525934758265,0.19094844821616055
0.12693602429080447,-0.03119066958116077
-0.013028024227356454,0.07923805877633525
-0.23569004592914747,-0.18419174513141975
0.09342748900400696,0.20725188987517748
-0.5174776840443481,-0.3621647234656159
-0.2152883000199313,0.019200770850898913
0.16473876418131345,0.09780415434401696
0.1918178816365241,0.25808169413240073
0.2944007868475455,0.01007949275105304
0.38617627850996766,-0.005267433824497132
0.07668076620484686,-0.13880302856178145
0.14329872539987845,0.03493919652085498
0.06531845895197837,-0.2864480924515964
-0.13277849744723744,0.09972366468369706
-0.12030117921941945,0.016380092718683802
-0.0909623494959003,-0.06874589392646598
-0.1066342379339947,0.27303257584838336
0.060770811500888866,0.09726943844792171
-0.04312079142262239,0.002410595261391033
-0.4935247770144595,0.13452500969358694
-0.2179469897774668,-0.08913215230678312
0.05881634916698069,0.04878953135017481
0.12910720980898374,-0.02733019164094051
-0.5321793445614127,-0.17176301429592555
0.21659411914407098,-0.1770973463054229
-0.10177093232526847,0.5134436097526303
0.18681113825869283,0.28385202464403375
-0.37389530841510943,-0.2554544082221335
0.027677780461374268,-0.39948489525600367
0.39079168727877955,0.045448178621003005
-0.1369773243173176,-0.019807529183593818
0.438178765137338,0.2331626790509023
0.19694837348536073,0.11870386995151476
0.24456604922840922,-0.25686470246924514
-0.2828753719632725,-0.37002593738700507
0.2801838079966623,0.36047343506505125
-0.019001536034664895,0.08520651056344176
0.02682338432531473,-0.48893025517167193
-0.08277841261132178,-0.1903427564831056
-0.029226797123025207,0.28324579526837174
0.7949783668671025,0.1753381359142917
-0.4885983517808982,-0.057606817331832434
-0.10541281804561572,0.2173307614916096
0.08561168670100935,0.28746166249546445
0.08165839165264363,0.2599486324641163
-0.20156006898330264,-0.09349566670263855
-0.37027381421325944,0.14107405618037536
-0.16715496391126297,-0.011563527257396396
-0.020872996452723967,0.11716608396607237
0.10003984790320378,-0.27042923752474474
0.3160373606915696,0.08615200877496605
0.5356660316032429,0.09761577293817857
0.06283865596165991,-0.10329646386754186
0.024473455503420526,0.07231420812407957
-0.06938506535857139,-0.3420896132278369
0.34555300423698565,0.11986169367545561
-0.16721305274038237,-0.20038824258287227
0.7536013276727305,0.1707489814743449
0.8146474907715695,0.23765357390527028
-0.09035723728353429,-0.023552787682219578
0.005912258544492537,0.11916379888989254
-0.19595278823510606,-0.32288818619297105
0.38158477706503324,0.22925455175451945
0.12445413121432106,0.1971582856704329
0.23065853761031743,-0.11106412209303212
-0.18440444386621438,0.11210673105670159
0.1221289747039227,0.2871363076025327
-0.40356801473696946,0.08199727403822776
0.13036796942117918,0.2082059090373743
0.1467643650821484,0.20066766240861778
0.0936219852573962,0.015463068271841907
0.15231569593081795,-0.029126253389497182
-0.1290392751728873,0.2918409974966852
-0.28615587286451655,0.07440282906261515
-0.2769621426846976,0.24601662087392706
-0.013940675884711954,-0.05611834853049595
0.645341166826519,-0.1439243169417025
-0.11976158309588333,-0.11750971949331171
-0.10024201282508163,-0.23207761838586585
0.1103428816238913,0.2928217789757325
-0.28637335297292865,0.19499417583132758
0.10104928619651177,0.148024082277835
0.2632037255572286,0.09806496355808368
0.35607693656868405,0.0375056844977918
0.1916420761260028,0.0058714804854727715
0.3546538381003485,-0.16438973537690915
0.2289684986580836,0.2553749757611091
-0.11118046565017835,-0.36334514695864534
-0.34689684276065735,-0.11341186017361025
0.44520688948120346,-0.2293443757557327
0.10223924274857114,0.325491624785454
0.0038654507960049346,-0.022826471834059243
-0.2504024009356399,0.27555414654276045
0.008936551630554651,-0.17488932357514447
-0.011535614242688492,-0.1579231790429972
0.1731984001225152,0.23082849472346917
0.09751632904071168,0.02411344523783735
0.35705931883926517,0.2747460489166719
-0.07932990502468681,0.1809799389553105
-0.35699051233475804,-0.2973486242767927
-0.16840058177562506,-0.6035361288303343
-0.02417386458105398,-0.08656507396957656
-0.6404781161677625,-0.18635329298184947
-0.21502654968184642,-0.1257348639496279
0.18021836128307167,0.03239129003273929
0.17506352525812488,0.1811745218381505
0.2858479778542964,0.07576325071722678
-0.07836980957430419,-0.1811659820175582
-0.12020052931689078,-0.3659069711861521
0.08337486380164191,0.16221067883803242
-0.05701649257370722,-0.3487457095580041
-0.09627001992880124,0.23008475536132944
-0.3445538324208685,-0.39855972547797586
-0.05096378157887356,-0.08707027452892584
-0.10190165893102499,0.19436084530598427
-0.16230441763696138,0.057523351361273595
-0.015208995916969966,-0.019834485850148957
-0.026348379785717174,0.277558291962378
0.08100457292904403,0.051652423618032406
-0.3777077591599194,-0.20174931690908782
-0.02512688131474574,-0.12307916612960951
-0.5620190641257933,-0.01585566168591699
-0.1590020829121307,-0.06486334913665255
-0.23540223629109822,0.1616696945379826
-0.16867794648597403,-0.07362204588164861
0.16070221100350401,-0.5577526765402325
-0.28735384306315515,-0.2780369752765228
-0.157892876465124,-0.2123376546845282
-0.04813390065250105,0.2133995547939684
0.05124269426565078,0.5865654516293217
0.5032005937617264,-0.010770170918365926
0.03595077557937792,-0.35062015863624274
-0.29431359322879924,0.08797702751627692
-0.18640505188155745,-0.12843313623310373
-0.4242117067692152,-0.38846553239391907
0.45324537049984,-0.024535602122268303
0.16203332716010665,0.2719526443445359
-0.41492318626681424,0.3833946590030987
-0.030593588734652507,-0.0014848121400110775
0.14656214523166305,0.04372358001652606
0.11408337587955984,-0.3956849185330063
0.2041536945316668,-0.23119466063796673
0.18810564007616756,-0.10022246959848483
-0.2706631749742774,0.26015453187983195
0.04036127077023317,-0.07970612078354729
0.39269249998110617,0.042539773243124364
-0.1419797138405504,-0.3238706924718264
0.18469718981875188,-0.09422937576887506
0.20721036777341909,0.26730700799926077
-0.049284026630413494,-0.09124433763842436
0.19840110941479386,0.027174560685235095
-0.05235292120469314,0.08569984350347389
0.3106599616525887,-0.23599282879383146
-0.12779457993917648,-0.061425518868883415
0.16420377408098893,-0.09442287647150466
-0.30135456157700613,-0.5993514625451432
-0.13146450447777494,0.07469351434848621
0.23373664222093413,-0.3544524943158541
0.06007392482657074,-0.2809601411350154
0.37636767586177033,-0.1343541291702442
0.0124566073963122,0.10630043310783964
-0.01241832393865241,-0.24771284094012472
-0.46067346962949146,0.15844559870436292
0.08549169351001294,-0.19773612512512195
-0.8135655562299738,-0.741308533052648
0.1869891145683834,-0.25245448348093047
0.17237138978027855,-0.05965817088418729
0.3777043192913811,0.19645364323756825
0.2900740867734021,-0.020313190567106825
0.27756325148939104,-0.3880799138687835
0.10452945402514455,0.2273671787523809
0.04784281631897281,-0.16483011000088185
0.24667307361246518,-0.10337552735515568
-0.05162725819507219,-0.034033555814280414
-0.4343715052558888,0.06741175699648604
-0.05925475274632445,-0.06462020202212986
0.2850484181049197,-0.06995551261584727
0.14980898638960222,0.32749408827104765
0.6666241835715266,0.3602387179608863
0.05014571779927702,-0.42740922922687846
-0.26813786054261385,-0.5087455456934727
-0.1380915314972457,-0.16904311106325895
-0.12051237094631403,0.1407617264674364
-0.24837198808634733,0.2505513660109073
0.37987871722710936,0.3045017392019173
-0.38280772023127396,-0.3779660937130416
0.015316229970519154,0.23620782365794593
0.004759070188373151,0.2759851742685188
-0.11868104195838576,0.3014215922944601
0.24094880531484775,-0.017422044693453705
-0.06742064242140286,-0.09665107398427594
-0.25841787557094964,0.18639059927817028
0.13930848330199572,-0.06863027681385486
0.011613397597495162,-0.08062553305831881
0.33459849432718086,0.44760508852977327
0.07262420575199688,0.049150482576309086
0.5588437840274968,-0.00477192827636485
-0.3973988423109441,0.016275242119468746
-0.028258282580997978,0.08926114467129052
-0.1596537970712399,-0.06490470981032337
0.17843377377650813,-0.036804965380541135
0.04497192270266062,-0.04490501494487363
0.13918653929634217,0.02602129553640505
-0.006039931191804247,0.2729445824107567
0.1242714236550488,-0.6855549340198137
-0.004917227272347197,-0.11057105083821255
0.01505916121806845,-0.08620089267858606
0.14415882547618017,-0.13700462886879128
0.12408427729407472,0.16455009395115522
0.47326938840610466,0.16387654366015125
-0.10156725809758145,-0.20029391223756202
-0.03406901916983863,0.011742445739660054
0.5628753847503779,0.24063144952995888
0.16564729521513422,-0.06319260436287816
-0.28742118771747377,-0.1029615300613697
0.01309362942722575,-0.28792976343433835
0.07553389843778047,0.04725532225940257
-0.35039429043891296,-0.2665209857920989
-0.6006642533069153,-0.7331757454921015
-0.03915526152178125,0.2956914100429796
0.12975420559944303,-0.25955524479937675
-0.010143995705583234,0.2603194648875946
0.09084200215458733,-0.11526320278242812
0.562282568522298,0.3002159312864511
0.12257311694184747,0.05366996295518084
0.32813328959516097,0.06703570889997308
-0.062338109366197235,-0.16481253867915718
-0.0034214441219264343,0.11185364260448177
-0.05249422542961079,-0.07017956694997318
-0.07830667306584771,-0.11929587989393492
-0.3322434100802784,0.09909803517467773
-0.1949583027701744,-0.3500956390429281
0.21080286073689858,0.2235471993680384
-0.43520775089068375,0.35516476912518596
-0.16691049497915364,0.08989339523815892
0.27387814658654264,-0.19289888147678363
-0.008181960310485702,0.18797975386949883
0.0758692220675665,-0.18428062213379603
0.1335876482993631,-0.038991104506478816
-0.32683316509365345,0.20500561226147682
-0.039754268555772916,0.054644445635209
-0.1558117120395004,0.06178710492848125
0.011396809546870232,-0.21334631829099615
-0.40029643171291035,-0.11998032006849352
-0.081331505269032,-0.027949959232576208
0.13353647556413506,-0.16567051718765008
-0.21885295255706055,-0.3829709810705951
0.10500400002896003,-0.07290354138375496
0.004746258236147612,-0.04603534854235384
-0.2563833934179352,0.14131656965864622
0.2329529863841806,0.036781209983758
0.08972369582982563,0.3166809294108921
-0.14218043824455728,-0.19159430323445426
0.06653175049814344,-0.4615301550907775
-0.15408904458051367,0.08728253254612417
-0.23289413068554052,0.11671102780820626
-0.01078706899818748,0.025239656935364813
-0.22918170059192255,0.19240003937847244
0.05466622871680989,0.3262351489132022
-0.07603535437209784,-0.08023766873386014
-0.2844132339978194,-0.2843514937040343
0.149298144238575,0.06426428821469518
0.49105926821694856,0.18181667069222485
-0.1176268043946795,-0.1140536065538157
0.3466075786888609,0.1405690835615535
0.16154205633041469,-0.11712592887337123
-0.37099063667648624,-0.31822526690790354
-0.39069197742466444,0.010717328385420938
0.23622862829036234,0.0907302499298635
-0.5319444824130009,-0.14547396581233216
0.1850546600649779,-0.10980579698794864
0.13515576774466445,0.07131787904158884
-0.1908752571853806,0.17235989058892845
-0.039779504644177316,-0.4365733783932875
0.002661528715288357,-0.006881516436506769
0.17387406051381243,0.41602091678174885
-0.013468047782662074,-0.24058000134870305
0.2384610095230589,0.4489700903275129
-0.004660574921306066,-0.059995234726451636
0.0819880144308923,-0.2534755679231988
0.2344664616372471,0.24189053431222457
-0.07364210904293136,-0.37499944858916384
-0.4124774539433575,-0.18550208326535947
0.1368921107774442,0.20614523877699634
0.23057734067860464,-0.2005619603753646
0.014964054688467844,-0.09195537696186781
-0.3509133115605995,-0.07904159791102909
0.22906005392676193,0.10415294748046279
-0.199791270208347,-0.3242003023967261
-0.1823635062461668,0.1906979843873949
0.2264067988065523,0.17652035582712916
0.0725736435609168,0.016260849823079716
0.02549672106433894,0.004007003199039139
0.5251542204896695,-0.01037367988424891
-0.08384850100107807,-0.10392882272048112
-0.25474881917459063,-0.21776108878645736
0.2928257637179786,0.201162868999651
0.2183858082534989,-0.17376200316973925
0.08755475537792214,0.002461704986405832
-0.0969080423831751,0.05595444776690144
-0.07192824291538143,0.19848097604769585
-0.05567528425907073,-0.298720819742752
0.45664196824509273,0.2418723171070338
0.29923228043751404,-0.07232506160281688
-0.018276360959032192,0.07596694528208212
0.10170935027269497,0.40332204801946486
0.13870768430739752,-0.15500030458280267
-0.3855993921490664,0.5208289079014268
-0.025670145897803445,-0.1886087807362064
-0.0010652418293040226,-0.4011316016030405
0.0730324080015792,-0.026570206206833053
-0.3830244630753605,0.05446537601022599
-0.0932269763442584,0.0876639789088502
-0.2247800960279271,-0.15407495951156103
-0.26275043539451903,0.21762158359533654
0.13758786062710235,0.14777303972742387
-0.28810817746372674,0.46929146893478396
-0.28977291257825055,-0.1299176186091849
0.3162546577596527,-0.1059401921804049
-0.037201442025301165,-0.15764329235938918
0.22448754309001037,0.15051324490831977
0.1508073157348463,-0.43810027087726683
-0.030342732101514842,-0.16051897487920688
0.030525276379575066,-0.09470409913482462
-0.10736570817695391,0.08068861237689641
0.33558568150056034,-0.20748906531767453
-0.3085319939181758,-0.08849308908330766
0.10747757945281017,-0.2391991694043209
-0.03466495013778862,-0.06870226801435228
-0.4578695381208653,0.34484555242073245
0.732026021415549,-0.3103342378022768
-0.2859278630969818,-0.1585398267149478
-0.1724413561550471,0.01419691423019164
0.11795252475368727,0.19148938871827884
0.04923871344768624,0.18911472833390808
0.0778640690458001,0.5192834849284637
0.24160907044101945,0.11402869653671852
-0.3376165783731735,-0.14008373270093225
-0.28884251544818795,0.15948994687787732
-0.050672738740205996,-0.4849271851693003
-0.18062011904326086,-0.19071224838834355
-0.23429104319194405,-0.31552681185758646
0.23154395256187332,-0.09749117958909151
-0.11019297782328692,-0.17790992325017999
-0.07347507139806575,0.04759391485838933
0.25146932148704493,0.4067939253888079
0.2585387311281685,0.33249468807946647
0.24148858421081112,0.09985727124440762
0.5558465950209801,-0.11497371444566241
0.49013812420068037,-0.02927005311063775
0.2921428800936942,0.04348821492052824
-0.09357462093902738,0.152687350055863
-0.2684858706700931,-0.21923314765126517
0.025450914590573425,0.10405984238194442
0.3629494241917263,0.10019553835751906
-0.1664186624513987,-0.21698589920036138
0.1867376903231822,-0.046556569738356465
-0.5083857684320455,-0.2055232898046728
-0.18496561037727435,0.347389887040615
0.34939782885584464,0.1342779758138838
0.24326066444361816,0.33285672981836567
0.32380277151286724,-0.01158075623997863
-0.3174790266621059,-0.059321354505215175
0.03913765862513606,-0.100538144074264
0.029176770196449608,-0.10429855426025073
0.3687604237389776,0.24038920172604678
-0.15204336878605307,0.1737031233535334
0.29577470525161453,-0.12796577694901537
0.18856138828773525,0.22566560531278526
0.016548197741254975,0.05438337055263333
0.40826753889643835,0.3493711598481089
0.09007835127721761,-0.33059720192766634
-0.20103289961977236,-0.1646570902741746
0.05571987607731894,-0.062244988275920614
-0.07488083615561422,-0.11581386803035879
0.22969877492937021,-0.10338974557129618
-0.08002700680853599,0.21765065747626966
0.2393129246576223,-0.2145285999518784
0.21071098540293742,0.15360430404718245
0.19670424323202232,0.20989349374044183
0.27677142498215473,0.6607143156499181
0.10058948258450456,0.12593355401119094
0.08128311076464075,-0.220062613090047
-0.11780400940104159,-0.5830964484410491
-0.05175503674317395,-0.3186689867010007
-0.38289389972285603,0.29238343840282205
0.12166469844584557,0.00906687040263201
-0.2390123353605629,-0.13158227484403737
-0.25104372709260886,-0.4327847999037027
0.39768958612375205,0.28350488621687586
0.15001923223949548,0.1705391198331157
0.3804098735902517,0.31772529126325044
0.0031854310105335613,0.09857432891373297
0.1817397103556628,0.45695431329270103
-0.019203692916713536,0.039821945460947646
-0.20059721059209512,-0.28381522178736324
-0.07546865498023732,-0.7734129712168656
0.250551892235345,-0.12347145661994746
0.3776929941267896,-0.026188849810797436
0.011190652428689966,-0.11671127967174115
0.13050139580488823,-0.30556898866953003
-0.06489449229222116,-0.45973192483123443
0.07562378497325274,0.11900508066464789
-0.0675958940273667,0.45360296670569233
0.12096425327129558,-0.2011367878891491
0.10567344448665048,0.0208735765774695
0.6054834913075643,-0.07427297083026797
0.14295115429101557,0.013577375054715544
-0.015133747326599667,-0.18051385636406228
0.003185030922916391,-0.02099685046999278
-0.20396974227949183,0.20386853761311372
0.20072325491403345,0.03452891568101811
-0.3113238390577487,-0.2198282841964119
-0.34800034259744833,-0.11174219917059693
0.367206116125136,0.18460796790162623
0.3173992644232004,-0.7873147214265823
0.2884568430281861,0.12307350901176066
-0.391783136959135,-0.39232761642675806
-0.5152334543548763,-0.3120240338841826
-0.17550503511296942,-0.21216471992482408
-0.31644113826848597,-0.08291513039104403
-0.03840664237120252,0.02623676859919031
0.0858072850114503,0.14606235370286952
-0.34279848536839963,-0.04644532513153684
-0.2539719878562296,0.0018423545606079462
0.22923725193146877,0.3350024444418161
-0.7243838888262529,-0.2946283561687461
-0.05664449161204016,-0.12760594412712378
0.09405846082298955,0.059449796332974036
0.23702352477746144,-0.5560517422847536
-0.08865067338605234,-0.040233923036013725
0.20759261272674273,-0.12740466105332615
0.35314976305215895,0.16638368580016705
-0.39848426677506404,-0.011430375404711155
0.4010854132252983,0.10984378769756084
-0.08185850050789385,0.01060162616174976
-0.5066823375102226,-0.35412532154871595
-0.28789663571819635,-0.19431744750715507
-0.04639573433973849,0.3422361432741742
-0.07224998488150645,-0.26068566993518655
-0.07346812380689847,-0.14809654452166324
-0.0428971640884108,-0.25359626697388826
0.3354086188709057,0.18372409912646695
-0.2520136466024517,-0.11795883373182013
-0.27144061586959956,-0.04358007124253686
0.06779027301021269,-0.1883400553225582
0.06333280570817422,-0.16842472560907598
-0.6070073258286284,0.05505740993259406
-0.4217713167114062,-0.05083119323549993
0.24238493214611367,0.07980805498981064
0.017779065472679885,0.39569717993027237
0.13441966336185593,0.41216758753305227
0.41627553881720925,0.13131768408079425
-0.16290386931607928,-0.8112953771416151
-0.026532579690760495,-0.06989220323831091
0.18958874658323138,-0.09821596182300649
-0.0682865420589509,-0.1255731119920618
0.03487136462987109,0.1743063054055515
-0.3525321838591924,-0.33267215608453726
0.05962379865220269,0.3896929539438286
0.07413371861157839,0.06542562870941601
-0.3628173784279225,-0.16327431416904037
-0.22864652021714593,-0.5041864028093048
-0.099692852300401,0.21587644485605262
-0.21239602269573357,0.055349738261903626
-0.01868536061238046,-0.16406963216202855
-0.5734005968392742,0.09483279477502196
-0.16571959169206116,0.3675478822664667
-0.009462803318078625,-0.20444000215183952
0.12336702752457859,0.43181556939905835
0.14597691288213316,-0.27374041983003905
-0.3335722838236399,-0.22937026372618727
-0.0012344923759847626,-0.21977794191880373
0.13363560417818235,0.04436722694422004
0.1784848096402838,-0.13946881491785754
-0.10708401494203075,-0.16980583719912698
-0.31173913045854795,-0.08975104467483618
0.8256496866471784,0.2383280009612304
0.9209154505510677,-0.28802281501070004
0.01464178746112366,-0.3812004643773299
0.10683025228340412,-0.009762092208790983
0.09890262327980481,0.10104036226441399
0.020733671828259567,-0.23267306693451723
0.09570641135464997,0.2819972371628256
-0.1524199429102472,0.17930377152929897
0.08171895254375733,-0.4133063028544589
0.06725679182216336,0.09503214436586314
0.23609246816808488,-0.06513039236555321
0.13494795337131446,0.17040386014895978
0.02685794525115164,-0.019211297330980568
-0.35652590367101644,0.20933785435036867
0.016181588806453928,-0.2337106170835932
-0.39390265116911316,-0.08187158268055392
0.635649031108619,0.09519204736759855
-0.011835926791452862,0.32232398742640855
0.22123532522225575,0.007946350840387069
0.09759639076451779,-0.019579520269346888
-0.013108964537316064,-0.26097364448374927
0.4008795274202037,-0.27811691405836864
-0.3772338548368262,-0.5595186193052005
-0.3010434505236322,-0.21568203325105814
-0.44564756537670097,0.0133684867215153
0.2228544222758908,-0.2581481359809381
-0.465857562648531,-0.21297600024250044
0.09019890377731683,0.1643649708865027
0.4626851379559631,0.42640963631161444
-0.1219464116553951,-0.38334525292141675
0.05825292100386635,0.13094815404081397
0.2389891235888126,-0.0567582706273477
-0.03977119169263838,0.057111266940793846
0.6354745613323383,0.14036147586002073
0.6796688373746782,0.6101928491945063
0.16057368333228267,-0.022341987997895087
-0.20897554654787864,-0.056352994524919264
-0.02817268290113543,-0.13235358128069455
0.1353279757566789,-0.3309581063275015
0.008688023562788756,-0.04333258502459337
0.19671091868739132,0.09544895966608508
0.04494878740377276,0.1128975175121252
-0.27723943300941684,-0.3051962522626748
0.4023257950740462,-0.013829546145805812
-0.33186265379512814,-0.24324592937240774
-0.11523442270553722,-0.18364972612322053
0.5587370573709304,-0.13858770161369102
-0.3282300864396599,-0.527990848975405
-0.038586004943004695,-0.35594574465700823
5.661348211452151e-05,0.5846285284604444
-0.06303463906182573,-0.11517561044892884
-0.22143031789184683,-0.1937192625553478
0.2241557640275561,0.4044171631475445
-0.12959281361283903,-0.34758036754764426
0.1478875677439805,-0.10962581530892695
-0.5751124511124408,-0.18952294338994954
-0.32333814807913225,-0.19470215150313477
-0.26334241668275493,-0.18173016317029192
0.1166262509184494,0.02047384805880193
-0.14482970892649127,0.0172070721530523
0.45715976049947,0.2959865730871461
0.3736664164135374,0.25615677511626617
0.5010210137525657,-0.00947655280333989
0.0016667441687242344,0.03327068146583127
-0.06172529065559507,0.20945659458355756
-0.3077099106571977,-0.1096568279600008
0.1480083588796092,-0.3424645157165788
-0.22273548967852888,0.12852639470213362
-0.029276970459508108,-0.46080837576913375
-0.3334074360339801,0.08666997661521376
0.18471661150299995,0.44782861860556894
0.48375784956257134,-0.29044811768261725
-0.2787847733580312,-0.24824413878266496
-0.019285682436940496,-0.14934109509010846
0.32697218981597004,-0.16371696228848862
0.027554311139772004,0.3423977608489406
-0.21970633382778298,-0.23449855675814474
-0.04684011177880633,0.048407736411049264
-0.31456786168147943,-0.11830365661037819
-0.013152999092199698,-0.013054352697270528
-0.23256972869175538,0.1936803424092709
-0.2952063725310222,-0.10668630250123592
0.015293947514192266,-0.19888959519147084
-0.06512765122128387,-0.2915525143513711
0.1265712461259689,0.30789371128914744
0.06602411407104061,0.0725630086260956
-0.45063561881951675,-0.20716157912111646
-0.10102765797713473,0.20061499490251522
-0.2245639365447167,0.05040997674963815
-0.10939958046470596,0.09322137774877187
0.1364606041894504,-0.22878798833540262
-0.3043568319196526,-0.2435432967652899
-0.28497463991010774,-0.20217808378711702
-0.09281297415458027,0.1369511202302171
-0.24579520519265136,-0.08518298558451376
0.3873391312291901,0.11158038025295935
-0.21519752172282525,-0.3202897870927224
0.5186419534599798,0.5362695725327269
-0.44656580847556704,-0.26765832876510876
-0.011815982071305152,0.16282399968622358
-0.053625698776915594,0.26401329387239825
0.01514766013402132,-0.01503963001742714
-0.3350836033567083,-0.05239989100952589
0.5463520493232368,0.35157990468652806
0.2827882020573365,0.3905753892786303
0.20506292691127062,0.28688202335058965
-0.05859424275482368,0.45382969730829587
0.06370188548095009,-0.2920712421797415
-0.17213624008991987,0.2556181043656337
-0.30660235146571035,-0.035296911837828494
0.4479642005730606,0.2361309865951134
0.18217850679330666,-0.1562926557687947
0.015735785622721443,0.018650295888893446
-0.1853203815399641,-0.13575443741140913
0.27717866470056957,0.30891506447825806
-0.25065451894893975,-0.1589273193973042
0.16418076725002204,0.0997675933068066
0.062081819746107485,0.2611705376791892
0.03052689041272801,0.4570375596067804
0.2782769827825106,0.11269763248632904
-0.10460640053080575,-0.12459504870298063
0.19993666152449335,-0.1524259325360327
-0.38396635396621936,-0.2344783682904165
-0.20230905706666497,-0.2894409817210753
-0.06804809971945551,-0.008514159543472653
0.13489577474777095,0.2882460501349567
0.3147591284360322,0.3535223635089207
-0.13305940537035665,0.23549836558516563
-0.16845708476531218,0.02772652517344748
0.12156834487037128,0.2772175860404304
-0.15975901194773526,0.12329453221181139
0.2801160747633295,0.019318087831687175
-0.3465906902423235,-0.09603204540878713
-0.23322485180240357,0.27188923010779115
-0.03295357081915519,0.0689756413123443
0.2348774969762163,-0.00648962266740338
0.15084625814428215,0.09820042098219824
-0.2453490691054819,0.06487494002601883
0.09317646700594921,-0.19048354639701146
-0.04430774435821694,0.06985923801949628
0.44823319476456697,0.1920965735211007
-0.18346138991074934,0.5517210577889591
-0.036335357137577344,0.20058424662134927
-0.19903288406542713,-0.11120105103806428
-0.11343106455421866,0.004398254636161668
0.04479272361641715,-0.24617256607542248
0.012925302432160482,-0.26327644288398916
-0.142597201796748,-0.02570528756950205
-0.15387982268093378,0.20680602358513522
-0.15766987815217048,-0.1112843562428255
0.13711977668259023,0.36677938893587814
-0.02402892156344815,0.08657748409774459
0.004461578301400844,0.15679204014541828
-0.031157849353819277,0.11043224563985356
0.20265651000747728,0.12459041733923377
-0.5094973672072531,0.14675799521653068
-0.06265584772839694,0.12861689217982925
-0.08030993291545117,0.23786577187784805
-0.059397166237994146,0.19981318001235174
0.207648720760426,-0.3304188683300085
0.4909037603626207,-0.006283504230995466
-0.12200720678847338,0.23935162795038106
0.06663112382469394,0.18827686172259195
0.12451639572352168,-0.452741226979
0.28256521435238524,0.2624673008847934
-0.023299763791451367,0.054228079717012774
0.2306540136617611,0.05452390671837973
-0.3144968533642118,0.07984600787440996
0.38530801820422844,0.2828188925590345
-0.23607469546441817,0.086081800683614
0.05318108543015865,0.20501726588570135
0.29839435568101874,0.36926479717490973
0.022900163562692262,0.6139211282611292
-0.022051626466584623,-0.1715917840843608
-0.1893338579486698,-0.17054190686320092
-0.47928976244422195,0.2781452815995789
0.054501597466466524,-0.19788884137688156
0.1707280265154345,-0.5147440179419741
0.26053379273749905,0.27316338112004673
-0.11472624940720144,0.357024031308148
-0.018254790411658638,0.1318099731750438
-0.3919621401399492,-0.5485841792058715
0.40419241994414007,0.16065479721931003
-0.40600363771689835,-0.3960221429794822
-0.09035116340458449,-0.12896739469896965
0.10116210924381452,-0.08409684014598166
0.219319124929173,0.022181990359507842
-0.33177261820397175,-0.004593215752220416
-0.07060907735875416,-0.039325448542421385
0.33112598757499,0.02974623634157975
-0.03570207423549638,-0.2900958557591054
0.3806471667587198,0.030952025064863862
0.5063543421633799,0.41475424518589565
0.12977777958474188,-0.21012177630054618
-0.32603384392714496,-0.1774816838190938
0.16706713278747506,-0.4264083906930832
-0.1593552763879345,-0.06523358931993356
-0.03723665676458684,-0.04668225357407222
-0.20185703415097564,-0.35411802681003124
0.030806298938232658,0.03527985233865531
0.4067937264206808,-0.06312093287238162
0.03189189918403112,0.00011184983670325915
-0.2881509141243519,-0.318858633754601
0.30284862233644544,-0.16748497939336734
0.16991946136692132,-0.28820041459639983
0.1584618781237162,-0.06320804035332593
-0.3081721579816946,0.2392396682770975
-0.3736429786845034,-0.035394411465404285
-0.03945473571472842,0.15629683867296837
0.46372794975296133,-0.005576987209803453
0.23002653670121567,0.20208889665557325
-0.08864087254244198,-0.6108745743693188
-0.043084134759003065,-0.12067850112163235
-0.15400226440889608,-0.41628634555960486
0.1941749439695031,0.24715993758429342
-7.185648989477737e-05,-0.011941573271233574
-0.2649894967450421,0.2897757881723312
-0.19892282920348472,0.34162682712004117
0.10652693276400012,0.2190215346308033
0.11110735421737246,0.19059455135225997
-0.19094141876894594,-0.4196932814756354
0.332501631287004,0.08415527388287505
-0.2901069002953009,-0.15423647846295993
-0.2361018095503756,0.2674476062537912
-0.049249399942185225,0.16912247614136916
0.1740229595354825,-0.4753804663014743
-0.2754453546684513,0.08112642431379188
0.028393596860229783,0.4184188047556911
-0.04195409679273028,0.052860867309575614
0.057011189250426565,0.12679873812230028
-0.2270563545294424,0.009409965157372
-0.06797220073380712,-0.4794766263702717
0.057917608754225754,-0.09901467452859831
0.14560783567360897,-0.13027665712100403
-0.39707547833767654,-0.24146350815899564
-0.37003106752752885,0.15841735646126784
0.13438128666404148,0.43187407758505836
0.42634023581763186,0.32878967126874564
-0.03207320071626776,0.04513860540262559
0.0841587908542229,0.09084702944894346
0.2637820180555933,-0.20981320901118575
0.3085582326413125,-0.4916159368624063
-0.12507342890710355,-0.20038984262999937
0.2841923012817457,0.30605211141965055
0.1839502243049598,0.28965392815784075
0.42245248961331305,0.4612624403063401
0.02148241201971498,0.24445383252867922
0.025013660974223823,0.15662526921978662
0.061344947653122456,0.08526026581021842
-0.24636941143948324,-0.03050135521185396
0.40708535025637804,-0.022139462750589978
0.09048092905505001,-0.12548923022442954
0.03659136335971427,-0.4753138664315994
0.013977654468068422,-0.28039671298033303
-0.39743612331670286,-0.10631672684646384
0.17084960513029837,-0.24311928608548683
-0.46547700894930216,0.3639633497129369
0.21941797137275534,-0.08050094946264078
-0.2551354941109082,-0.11971946121924856
-0.17520289606498604,-0.4745213354605166
-0.20328825894465533,-0.46165222272850803
-0.07880415256654168,0.3277586817354086
0.19443305863713348,0.2287973344401066
0.04835442405785706,0.013026911361430457
0.20009641740747086,0.3406632795030695
-0.3120097639314602,-0.17208900169944308
-0.13720218766141065,0.04754721124418422
0.12366747078351958,0.16253555488415572
-0.3350976654442361,-0.39122229012109794
-0.11173939293671199,0.219791363455461
-0.12859105358780867,0.08275148686137056
-0.11016639373176201,0.11451070307490144
-0.15893176174089396,0.008836385710675772
0.08536971524963337,-0.08471171893099091
-0.17444256982037146,0.004935656033141009
0.11898969246532382,-0.14212828837929664
-0.16964883528922123,-0.32070010586484
0.15513910459079586,0.24899708922180966
-0.06277050194721481,-0.11139838176356076
-0.12847241448606816,0.5137514741171035
0.2580815925540688,0.06516034079036004
-0.2057463631791532,-0.45521589635245485
0.02848038286052913,0.08869194318125719
0.3023322265514258,0.4898806177672548
0.21264898754558093,0.17692301718465586
0.3810678972739951,0.03651754259130371
-0.3866843279982343,-0.10994607658631765
0.33143174040150486,0.06208959057758045
-0.1125220327105335,0.009915437890715653
0.27220987956003967,0.20943548536649706
0.008950749247864228,-0.14671306482133328
-0.00557924884179684,-0.27996306997982917
-0.09144946363096869,0.17764279098336525
-0.371866164153654,-0.4828424213585349
-0.11988132877186347,-0.31934008983195794
0.0036102717896767944,-0.2676376576309271
0.05912192507095104,-0.0670669490391851
-0.040509059796434446,0.05459108710800044
-0.28918101697265874,-0.531058428012699
-0.2897838314685437,0.4045033139573444
-0.022485343762908533,-0.18268649709210996
-0.1073983338091635,0.20719918210957253
-0.2209103191644463,-0.36634058420443555
-0.2938015653342349,-0.02411059343028427
0.004424340888110839,-0.014620384899747135
0.23822198256677596,-0.06427706697169888
0.33320645239773405,-0.00028120166384907057
-0.41095393081396503,-0.3660475577607275
0.41337962249401194,0.2123275319533082
-0.1971081832642972,0.020944741422630475
-0.28300229465313553,-0.45253295388716475
0.04438547555575982,-0.2127435857741927
0.18397955370993418,-0.1701389940770266
-0.06512633390685338,0.028438178409871333
0.0661279623239527,-0.036555365674154655
0.1949337623661427,0.25004104536931504
-0.17035382827673676,-0.24903872095926363
0.07089949661023318,-0.14844336159749863
-0.10802029978341768,0.04351711528315555
0.34653073834835857,0.09837155352644658
-0.22734577747669843,-0.12200775099621342
0.2248706119759564,-0.3214151078076053
-0.06943922317730274,0.16839730401330497
0.5684962788119078,0.7228498158192677
0.4353233907674781,0.006567580477443018
0.018464052719676657,0.7770117860976653
0.15567633981970935,-0.08262491173504898
-0.543268196626799,-0.2689785769338324
-0.35686055969928915,-0.47125827233312206
-0.4169970045787546,-0.3819916149448606
-0.2867991984393923,-0.011484229402846631
0.06185219521212248,-0.18867862344134056
-0.6227735824000397,-0.2096521373554872
-0.3991789778237237,-0.14821330436844127
0.09722649026904163,-0.16288038733772242
0.340914353062784,-0.21063641752566434
0.0007690660782545875,-0.2570434832515594
-0.17605284391683507,-0.1228252154856595
-0.15022552861115063,-0.43153037709450964
0.387656274420928,0.15496543754526507
0.1976291504330903,-0.14310123786459936
0.0038191748388930733,-0.3476591938120051
-0.2994043478518769,-0.23040063996031315
-0.17262568583637428,0.27453751032884466
0.40271592945127105,0.015450777498847273
-0.17297760084343192,-0.02115689184437968
-0.028597389577869718,-0.404551712337253
-0.058083688436159096,-0.09719258118965327
-0.06384373193309875,0.060118099024342994
-0.5881270448090757,-0.5157873503391209
0.21427271389947133,-0.14391817705588403
0.23354152090682528,0.22744897410384063
0.25775931842847283,0.2716021746331326
-0.34099975306735436,-0.2582190474920824
0.00878038495220181,0.21778686744468306
0.15064049724302014,0.3436609249164032
0.04934985933254374,-0.09254778260358817
0.31041955737056115,0.009940807387071947
-0.21914340996993018,0.060525967401473826
-0.101941577716441,-0.3447804307038555
0.059882028599828156,-0.10073491368722826
0.03882005014686612,-0.20473355328373438
-0.05800046442271446,-0.15582410968818233
0.018104190562400268,-0.09420593982230736
-0.04176830750742649,0.003977784779304006
0.5019302511805183,0.29140239878239127
-0.32819222478312443,0.2890267941761142
-0.518372440158899,-0.11809130702315249
0.14192754307892577,-0.18069686681973782
-0.09811022385947343,0.059193236137018324
0.5627659730171048,0.07561500008865112
0.22319919458118528,-0.14851441314509237
-0.19914158109815125,0.3954515594458114
0.08435862583744469,-0.1270632894309156
-0.10645963360798293,0.058286939174299356
-0.022947042910858317,0.058183779985343444
0.05629157518558049,-0.3360322898559743
0.16242888511003595,-0.2176589094186965
-0.005179028616712021,0.1715464990956288
0.19368368030279684,-0.2982566775631323
0.022534166850828687,-0.405600381882402
-0.16982008964430553,0.15383722500989344
0.06653335475045802,0.02277531698430186
-0.05051639980679523,-0.059390757877721315
0.17652486372386333,-0.2621284538387769
-0.441535098532032,0.3028284562048356
-0.11617879685909452,-0.007341131386271157
-0.10631182140708095,0.34606148477235565
0.33993223819379,-0.1060855050535851
0.02770087038758347,0.08635597529410706
-0.1462826976126356,-0.050167705253470044
0.1930230748535049,0.16385656451859637
-0.01999347091737805,0.24888658435848343
0.49368533032763273,-0.05769008672716934
0.2565450186660302,-0.0042549462421595805
-0.2650773391226789,-0.3733205800451775
-0.21749101579200306,-0.17438830939367753
0.22036893470072075,0.022350376211803694
0.060909579855144724,-0.1893707111379708
-0.05393161392390444,-0.13817277909628728
-0.25758111204778794,0.05685814431415819
0.16001325890988832,0.09994131094251203
0.3510819113397924,-0.313636772337931
0.13521315118937283,0.47886056933704413
0.14765704963668957,0.4607100943381678
-0.40052415372683736,0.12076438202726658
-0.04798229569565201,-0.0800475041678205
0.2262415486226359,0.19727969019409008
-0.3281901875566649,-0.18163367787214763
-0.10394700951374934,-0.05618764814622142
-0.4025893392513535,-0.01641042290149523
-0.06783846813561392,-0.22137249086762043
-0.20604889847424865,0.07152638482848057
-0.0626273433611188,0.03293687121087966
-0.35195432961076734,-0.20126596951772924
-0.07499565571620256,-0.19070604397236265
-0.6415864203752527,-0.1600116829832636
0.08156393315639857,0.08920265991852966
-0.02510112351016236,0.16406286937695444
-0.09378275742954797,-0.09986921523250747
-0.3310146108299914,-0.049275131302684454
0.0655130161042302,-0.5368930441132095
0.1309859442449892,-0.13931659757464815
-0.20940570704910347,-0.063314406268893
0.21952047650931497,-0.15797517906952
0.052955005994730533,0.2347199246259204
0.4829886364574568,0.40149845270797035
0.09255177274408266,-0.010753424531511886
0.15024127507613236,-0.1451347114026965
-0.04221831261143467,-0.327331534892342
-0.17207898159468873,0.03266870304199002
-0.29952771359159913,-0.13922500762936238
0.003793992434913496,0.259117118238057
-0.062384152718165664,-0.06770814166975006
0.2652729783211276,0.38628567511927914
0.05046393824331922,-0.1329675201189897
-0.2045350692447237,-0.06131954305168181
-0.6167002774046152,0.006541729329428701
-0.10526605119266116,-0.2924914569834149
-0.17579221766262257,-0.07149841536935592
0.19318599356499042,-0.031157443894191027
0.11823887523964681,0.05489111312251498
-0.46695415019260694,0.15191361601851766
-0.2269859190037602,-0.20400776408669413
0.009970595014143463,0.02468753461583481
-0.2767731204790981,0.3099893251546252
0.5184811081748458,0.2405821251845408
-0.0981545309835885,0.049220052916385544
0.03200587321352104,0.07237035097526698
-0.07995908014581109,0.08011473505078795
0.03360278448395913,0.3727033884149285
-0.3259472025965719,-0.12947848109934898
-0.16751494052051694,-0.1472443765484008
-0.06061326222200862,-0.22817084286829212
0.27025523858522227,0.16644729125624333
0.537913996510483,0.09746497230277923
-0.10877430182396036,0.3123859148468917
0.28474365488067765,-0.15126073214061705
0.05714335736375627,-0.16841110463860706
0.4793525185411587,0.3833156597731102
-0.18081945920543563,-0.36226441946052823
0.2325234205772964,-0.2909110079090301
0.28986013345185263,-0.011390946630214924
0.3512002551315456,0.009648873507238769
0.18637166220376206,-0.16058611840497913
-0.025700149216336277,-0.21591928016568568
-0.2915079778007411,-0.21658705895314367
0.018539881728348816,-0.1997043069084523
-0.10781747220488348,-0.2595645527674984
0.2275301807767329,-0.06668895692152578
0.2218309366255024,-0.42116167437625696
0.41424575330574726,0.7672126444488662
0.3082724084819949,-0.18459809572143
0.03770099592134665,-0.14947937807240103
-0.30179517793734045,-0.11989363240227624
0.20487159946152056,0.018291567588497815
-0.11607054982178432,-0.2849123649692372
-0.04532961673529251,-0.011269330881721766
-0.16337864716382086,-0.30260108086795867
-0.3099324339200121,-0.13917317780936964
-0.5845864621523774,0.12672937890942676
-0.4499862113219959,0.014091681521698906
0.02444350271116441,0.17953109651272686
0.11633395093700917,-0.2510555990602961
0.4581896173610412,-0.7042860755480718
0.06801085242676314,-0.05750939592519758
0.03730204947152844,-0.015211203932124863
-0.6211814193477523,-0.4269591386385366
-0.49042649682455547,-0.07010257596198803
-0.08982406495158998,0.12429198225147273
-0.020304478842761462,-0.00030982406557846783
0.04891515147346107,-0.19709613763084868
0.010158344115124004,-0.009530761076487903
-0.21362876729254526,-0.4439356425916406
-0.17588943158576364,-0.23865017656917398
0.36098650317576964,0.061119710971463945
0.013268826864414024,-0.030578702696996935
0.16341953683565172,-0.2804681457520721
-0.07454250151916895,0.37224414367315045
0.33513843322473647,-0.25261894747416497
-0.26620350994372427,0.045963776769771626
0.05097813872426309,-0.3900995370245539
-0.07876009428126983,-0.12378569809716798
-0.22648819488723027,-0.30226052282618143
0.1668003799571597,0.19151157795423898
-0.0468148493172909,0.36131424299736437
-0.3224519546671306,-0.183977481199231
0.2318862568355488,0.497877518337633
0.2407813812599452,0.07968344249277187
-0.12352596409692027,-0.3004315393095235
-0.14749815693608384,0.15131826797368444
0.3551502259406465,0.2697670423261733
0.17458008884354087,-0.07963470574177135
-0.3883295412357022,0.18411663132851533
0.3591597724302267,0.3654480182573686
0.04422150360459038,0.3054946389700246
-0.18106393069103668,0.09963058762218346
-0.4294210400961186,0.15759514578404596
0.14246223916221876,-0.20446411456795527
-0.15398320381514843,-0.06014354568306133
-0.04489428903785667,0.11375174480949403
0.3180556693329516,0.016893914998770323
0.13768684841180615,0.05992289704593339
0.11805698789773017,0.18489077414441385
0.025917403827328007,-0.25295669860696546
0.07690058624389896,0.08023601442629098
0.07814551535043758,0.2595050685559728
0.005193150808759751,0.21868826077596112
-0.31099637834142846,0.12740698475321507
-0.04799965949884276,0.6203422796556017
-0.22984707855984585,-0.07846813567074526
-0.2652572950717906,0.11817873347001304
-0.29284639608202817,-0.3048907487626998
0.2827012969295307,-0.09018605818004667
0.3383644986633017,0.1526247030297113
-0.19109152563201748,-0.22848211105769567
-0.3168258654363776,-0.23266161800312568
0.1786837959519262,-0.029433712354604787
-0.14996075271117268,-0.38253287706736927
-0.12930199220830388,0.6005413997071812
-0.1204021568305875,-0.09091785373166794
-0.3065795214851742,-0.275566568845953
-0.2091827093267508,-0.3470870506125099
-0.12797642129122808,0.008175581881493421
0.06469657418845091,0.0596100880704332
-0.17766008812917222,-0.0790556975848337
-0.4043933716113429,0.22805134607081284
0.1856921800431882,0.1397889126170935
-0.43518652476793573,-0.22538232937671387
-0.24967224285684556,-0.1524550354505785
0.05534843487776388,0.32213805092160586
0.020228075536942218,-0.26327501452657126
0.3277834554579571,-0.3776529149845934
0.17283353052737413,0.26665289346718646
-0.15589356051098585,0.5731181474499003
0.006343334145385046,0.055137677800722165
0.11127905855847127,-0.0764055519862947
-0.03693326690259558,0.09575933894567548
-0.012768429204087339,0.036799412325028744
0.18212519222392032,-0.24345074430549923
-0.0595838298603616,-0.10487770311859411
0.00864197109090944,0.06766493459596003
0.007497311573790138,0.16448967798329692
-0.30501159141571393,0.1789554751602543
0.2869112832973803,0.06719417246788945
-0.2508001641942593,0.49425252050156976
-0.18343828125818806,-0.16521934400770483
0.18146620105982147,-0.017951344447562856
-0.21583539792627185,0.00312832579932064
0.04010941818809337,0.2307711623854492
0.182591608345615,0.2512770241294496
0.13042508442917716,-0.0658643428637729
-0.036940567400331366,0.0858722972447966
0.2834720202891973,0.24686369558149174
0.1092524354215579,-0.10540602584012446
0.16244066310406838,0.8549283479554243
-0.40714278801002746,0.15203715690655023
-0.04032585967852036,-0.3751412271144279
0.28553380513278287,0.05553989980458013
-0.03158245477725774,-0.034413427788301254
-0.19696643119628804,-0.208646991268867
0.21194065806055978,0.27847678101382733
0.41843778266265824,-0.19497649859397115
0.07145997661172339,-0.4009391204934233
0.3094376882581906,-0.32153432285523986
-0.17413089960370087,-0.07005134137416223
-0.08061729692747067,0.4960056228085335
-0.05786102226166316,0.04910629659050481
0.4191686654821516,0.37847587815707506
0.14435489100998694,0.1944192275191159
0.0875558945338119,0.14893733665706668
-0.045465983177152614,0.08416415419372687
-0.16320199607076008,0.36644142394576185
0.12747481684529438,0.12647460455850706
-0.09467044565490455,-0.06911569801987454
-0.3254851051488269,-0.34485745486742125
-0.03133987787266182,-0.030655390553871193
0.6614731439711866,0.36336537822815423
0.03640218425813283,-0.012402618746782636
-0.4906806206963567,-0.18625029492478867
0.11520990112198952,0.35282941179170374
0.16113907663514698,-0.0067245670106987196
0.20517528114404837,-0.19768281192488257
0.06862189036532632,0.07623562187797636
-0.07334626002941248,-0.032409647552851535
-0.2105174066230501,-0.03791444135134273
-0.0644245061406071,0.1400951711226003
0.08435332593697253,-0.2111219279463469
-0.2556732958381085,-0.08124470523283335
-0.02054037387331351,-0.29670517422718845
-0.40134280388320365,0.06662969768435131
-0.726841197421501,0.21170075260411622
-0.4822518139498273,-0.19984210648313497
0.2628377677369683,0.01929039868749202
0.2338875526912268,0.07248547719135047
-0.006168536822207836,-0.14366568479773345
-0.4075522356036639,-0.006080254673557271
-0.047440944302400326,-0.06896610318587242
0.11924864107277275,-0.6545866535713764
-0.12461386875155053,-0.012322384487616996
-0.10889920891169584,0.13178884480113576
0.038377509803119256,-0.09077354413643418
0.5663144692601048,0.052040848859374975
-0.07041749509975302,0.5112126610542851
-0.2529622335147981,0.05195065990980253
-0.11691095136816092,0.1306980029581551
-0.23492753448528436,-0.08392717550338247
-0.10390762747445609,0.29204302478971583
0.3761003616170243,-0.020043395910732776
0.7395856930013573,0.3340663736104848
0.33791932527248175,-0.0110607067225981
-0.07853484887886367,0.03748660123781512
-0.3584155284738693,-0.042180821365322134
-0.2448254976991981,-0.09104568360843646
0.18369781271404817,0.18558674793906382
-0.48259461386409724,-0.554089275955183
-0.2535203803342039,-0.13646597609545105
-0.06032337722861336,0.1946532745498167
0.051766921830070166,0.26421154242823985
-0.29434103655230853,0.4189090099138401
0.05658732253007286,-0.4833111761707212
0.013130475308987727,-0.03296100721679796
-0.2223678172464749,-0.2227430791550187
-0.10066867579331118,-0.20133344070373882
-0.00012290300413886988,-0.33360697916535653
-0.6722287388867292,-0.05495160619975298
-0.6468585967721041,-0.15259875647522314
-0.31553973825104087,0.08393133887543373
-0.08088057398205588,0.4421014584822404
-0.15165816499270865,-0.10954932827631145
0.4641833131611206,-0.21965928729817427
0.049826793663774634,-0.32064968169840397
-0.10369351352100703,-0.09005079691354728
0.25808275532171066,-0.3837080107140648
0.1388057476032643,0.2815120877730836
0.6476216125821596,0.2137104220883966
0.21634065255489401,0.12817810551098516
-0.015312810394358533,0.30184581483526
-0.0594126536784078,0.5047942783439786
-0.1995676693317765,-0.17667094016682344
0.13286470217356774,-0.2175752156517782
-0.37099591749171623,0.05346165268222781
-0.10434861451817694,-0.21805973295425587
0.18778072592873382,0.0517136610170627
0.12963245578919735,-0.20413803966763727
0.30291206600828663,-0.10362210352298624
-0.40601759891948747,0.26323767370560813
0.08342412655963358,0.16362604858141636
0.12478564824800703,0.3176002386323296
0.05322517937406832,-0.04794833722711384
0.02061833654336327,0.12428979099835062
0.021931529886776525,-0.35830452364338905
-0.06856873807833999,-0.31617901054381814
-0.02707533780293911,0.026642269081997114
0.16568718700537827,0.4555325558483498
0.1236339572726437,-0.6132662944686599
0.1934155546300733,-0.026911741796299706
0.23874142178667593,0.08303433398075852
-0.33806824348383296,-0.2998701157347206
-0.01638816825891868,-0.15361924297364796
-0.27250462179318136,-0.07837595851081522
0.5433318160843645,0.01713493838240459
-0.3329556856438847,0.17411375000376197
-0.0016204145053031365,-0.012435734487741736
-0.6228806536504367,-0.34489299144544117
-0.20396091136775582,-0.018923549276816453
-0.12898865377139274,-0.04763708405365173
-0.3541847250564647,-0.07750788213297245
-0.04087823004000166,0.3209878431596611
-0.6808160745911294,0.007683394881008484
0.021399872527036398,-0.09328044304332092
0.02051891902937238,0.2574980517917342
-0.32484974203405503,-0.4862085000607268
-0.18708247425382865,0.19000952351131944
0.4697016839594031,0.06360651451365157
0.14022425864916507,0.27902230193585853
0.2877101253469622,0.15220006834844776
-0.17750828346296565,0.4431725192055751
-0.379948053336277,-0.2137624314631993
-0.34192484685338526,0.4638954415753338
0.058761606810388715,-0.07229602841173657
-0.09945768430318092,-0.10145394032938626
-0.16295153279034866,-0.08855170274504327
0.4608822542598455,-0.04416193861235611
0.29779538662706423,-0.22118792744357954
-0.40771551826884195,-0.27624053414721833
0.02453742500191462,0.13751170171595523
0.5794674090470413,-0.15665803539313172
-0.22260275785547587,-0.41079753133528013
0.39796025260449663,-0.5753968142983306
-0.1356745762109997,-0.1438283127508586
-0.323827700330908,0.012414315380911011
-0.10792742327401515,0.25404812981388747
0.30982828340036495,0.12727874708916526
-0.09915694228283431,0.07011548644569625
0.07368579454013414,-0.22508641624980674
0.356458466689046,0.3087825577605817
-0.04491399221961781,0.3149797554487277
-0.14500804575648754,-0.026535087589106696
0.8707806010706073,0.12862627646064503
-0.22307472070233392,0.26140932514052634
-0.3270815420801544,-0.5440292354378732
0.08904132966849249,0.043668455259322676
-0.03735741093885381,-0.10778688491432808
-0.296754957544726,-0.25737386447509053
-0.14949890951533107,-0.023006720052558095
0.026149251435810192,-0.04805286586733439
-0.3322374013954591,-0.06142026433784401
0.08307616272620401,0.4121927257455096
0.02474962942702307,-0.12313634616867866
-0.438437438479345,0.38851566765814133
-0.4565460484917964,0.03730385270425109
0.13053051069168384,-0.1497972951647004
-0.01212828816736065,-0.1721724770755443
0.02513237681138572,0.03768978846981062
0.3733583417587824,-0.4109673568348687
-0.049531640974152885,0.032413614991726715
0.2292008426967782,0.2507443331726657
-0.38927175251907326,-0.143256249569161
0.1061500201904793,-0.013355192620338832
-0.015527120567606762,-0.0018962493951672178
-0.2723200915912582,-0.08152551351200955
-0.046170060467216195,0.17703566536243384
0.36154466364974225,0.22955509535768723
0.05352281007010561,-0.23084972388961092
-0.03701234337854113,0.5053774860746466
-0.5314005762890979,0.002024105000878844
0.1955361380973439,-0.10032959619360955
-0.17737940092621146,0.14096669447520577
0.15958015949032675,-0.3076805693961004
0.029747147180357415,-0.27575245967423795
-0.25678238008270005,0.25342274294627837
0.20609159090565374,0.3004973438464747
0.6919913846808703,-0.23328881905065743
-0.34894891912222226,-0.1442548448035454
-0.16611710325319706,0.2389544804070005
-0.7466420672510108,-0.37982272771457204
-0.006282715629516924,-0.37236658204834383
-0.0800963474376032,0.03551570927089168
0.49187262715154867,0.22342524780553227
-0.21767074319925384,0.23788556482912215
-0.03354916562264156,-0.2824329491344274
-0.04132136177319551,-0.297852069652554
0.0009180110415910761,-0.09866623052520614
0.3005806824070006,0.01854224837119763
0.10736376615843692,0.4062095855516882
-0.08141129420997746,-0.03350272642133597
-0.19607059684404257,-0.4270099117499881
0.07969013248445944,0.11018217824313642
0.3602353465057868,-0.12386173716132172
-0.1545752015283089,0.14659917495435862
-0.36118032202450867,-0.2907185204559778
0.15122168168741668,0.11361503980891052
-0.10125001834296828,-0.03666129986759052
0.24127552469841548,-0.16609227650530303
0.10905711811056736,0.15949647864903224
0.4109009506470419,-0.06626504205304673
-0.0642154336751469,-0.27801092959559404
0.36162783317096725,0.31319263545217124
-0.23194827331357068,0.22246977961582304
-0.28637367030336025,0.4400211545920847
0.3053716249800335,0.5600922126412242
0.06202794408423319,-0.0827813741743223
-0.18036139516871447,-0.26236523705606324
0.3440156261280418,-0.024677687237294674
-0.3517478775098737,-0.0472771439240436
-0.3001659276637928,0.019497792082678062
-0.2296360839353523,-0.1690861397823763
-0.007853937395969717,-0.07951273282502985
0.09392829793869477,-0.18915684829633767
0.19290411004257357,0.1948893017131984
-0.2799328131769795,0.10290069243363427
0.108742994715082,0.051320069980146904
-0.5761768889174946,0.06809670198919174
0.2723441242638446,-0.08385581205099378
0.17992035802370418,0.24194942678572398
0.43593153640174603,0.17825380795734386
0.26360924606332864,-0.214940185443742
-0.13659663712619668,0.42011755268756484
-0.2736168639284472,-0.11349083263613832
0.024197791098525864,0.015756908977575652
0.06290423631454302,0.019347897619725583
0.026945587976034763,-0.07112966995451558
0.03371348894020763,-0.02302571224664096
-0.26624048364052744,-0.4468733134177252
0.06635893363545303,-0.08138966459001407
-0.3023526208249838,-0.4590967229315934
0.34311299769656123,0.28984678807056385
-0.17508873099217417,0.15028301372986352
-0.06436879516153124,0.16484753541859304
0.41877497864230784,0.24493751677430275
-0.07328012147854226,-0.12875827625460845
0.3048227171445925,-0.20853712622692205
-0.036680590348477767,-0.19751091216069983
0.010287862836443134,0.39775153139045216
0.10707681570601922,0.16005019473409807
-0.17658642873877609,0.24557632805462287
-0.36990620109651134,-0.09949881462490745
0.326070045999389,0.10945772582451524
-0.04712114546307365,0.33784974320982736
0.3357151132245283,0.2665238273891013
-0.17116256902410512,-0.24731779225951336
0.05153939093023128,0.46100477083564706
0.1525907462693508,-0.3614164054611779
0.2775540195248565,0.18021401767574527
0.1562031023173783,0.42561415101201355
-0.16659088484353693,-0.24480659079879505
0.790276191799236,0.12800621626492925
-0.2109802338789119,-0.37101613587106214
-0.004419362866138884,-0.13716927686034225
0.17356406305787556,-0.18889285708790174
0.06254324016704284,0.19097377705124444
-0.0825609527012102,0.0532922860779668
0.2597789493185236,0.4045454229306121
0.0636971048786681,0.05210788585095411
-0.11843104158808393,0.2842655498386027
-0.06496240463352952,-0.1409068604650334
-0.2926410974728785,-0.05885544925494082
0.009832037906966172,0.1892628880160434
-0.2460894235829408,-0.6128993920502066
-0.004973527698114128,0.3625881448661956
0.149357391442113,0.3776735008176404
-0.1571803174133496,-0.3890467542235484
-0.39911504885956356,-0.15722524966918947
0.3702331686244182,0.2978342903075752
0.056229676433993486,-0.10517499326773361
0.13538165763199095,-0.35214010513338734
-0.15153318141320773,-0.07958798573311292
-0.05106586193941779,-0.07444185872045402
-0.4283731304991674,-0.3819022154778274
0.2664718493760069,0.003175097056965331
0.02908686068950072,-0.13036394114421315
-0.1551493382464905,0.3489538266340598
0.14712896565619107,0.16886868248494072
-0.1930639941183845,-0.37080300789321113
-0.19634272139044154,-0.035885765961077974
0.18766185855710282,-0.10657329165620649
0.05044443886043202,0.1064337601531931
-0.14653691609168126,0.26551594725332917
0.07109569256160156,-0.15572006846682845
0.5158375186656979,0.11001541270284669
-0.1491370575496773,0.11767816002486432
-0.03430757030536493,-0.16967315972535812
-0.47694167109522356,-0.3063510512603006
0.026397462785460683,-0.02290469053870271
0.047711673948614086,0.19317912736160686
-0.18273179978989137,0.12200341344782972
-0.010558257620779467,0.19910442956649893
0.29968017984048373,-0.4268752672823046
0.02389555033752089,0.20857417077850451
0.15067281221239268,-0.49868601342595265
0.19113768359775915,0.296116810150537
0.011021947069832035,-0.03495772144056573
0.43270458644501786,0.21108730973721965
-0.18548369296334183,0.0223702043944368
0.07716227329162403,-0.49861213708221613
-0.08304790646250111,0.3263738374101082
-0.8144473369094457,-0.4643704334962505
0.16523742117473733,0.37019672965969036
0.22195749726289493,0.2769881742061281
0.08027855810608857,-0.2538070027061227
-0.19392732902963852,-0.2586930550468949
-0.38832034573811086,-0.08485690485100429
-0.013359853458566141,-0.02373498399487617
0.5129536913084418,0.2068217141823424
0.060175686522806686,0.03882729457486637
0.4173173236695825,0.2551982513057681
-0.19215085403807736,-0.11556170259625557
0.09398684975636472,0.19070679005588595
-0.12259867637962946,-0.1439052333404554
-0.2610119113299963,0.5211744002926729
0.11292725631124444,0.05873853096297106
0.11065225835771644,0.2071568352518238
-0.017344138480103077,-0.19727448500600178
-0.3874649830762118,-0.10186394479298068
0.22942105088109113,-0.02213715905767849
0.14609514079934643,0.10450924150789775
-0.3293143191632433,-0.10070959190396324
0.13878897100705234,-0.03948945657472687
-0.09884915137598559,-0.40771484789198753
0.3064230763141406,0.1286655730078364
-0.24192345757742456,0.05676934420073282
0.20743729817751275,-0.04991544659806897
0.16656047481428382,0.5626089219843994
0.084055503104959,0.24785486551235678
0.39977134045449025,0.13956549994722214
0.24047365954042121,-0.2493125197053911
-0.11246574807888667,0.12202393787610126
0.1528278999135747,-0.2871934973433369
0.010364212117440067,-0.013398535744936484
0.04966138501475498,-0.1890605321470072
0.22690219130474604,0.14570303863753142
0.4011974153885159,0.2069093006437464
-0.013361358629686997,0.22176336520185064
-0.09200860138357597,-0.474006434429912
0.034335630466611936,-0.13108464337945566
0.05161151445447283,-0.02131781352577612
0.13824454108324713,0.20387054708653102
-0.09706524829378844,0.07042691656407386
0.18135224246653833,0.13482809109669516
0.38235729691684633,0.14756908053811418
0.21011497737724175,0.1149777938151624
0.33442961507989033,0.10492869113819649
0.08929014586338399,-0.0677115585379763
0.00787240646226084,-0.06234244624318432
-0.06024579336589391,0.3535392705463129
0.1189334762160049,0.48601263029047415
-0.2339722789314462,-0.20342364326557452
0.24745815912055272,0.49116824186987035
0.059690203084908744,-0.20256193381186444
0.3161941667484798,0.06395916521533627
0.3304717464722175,0.11951751975727137
0.017424978506859437,0.3817431991080284
0.42307232499207037,0.2855790343524781
0.45688544597154884,0.42421338639724465
-0.12403027310764397,-0.44510921692883704
-0.0940264253896873,0.05667284172892062
0.14618239085990892,0.07077993069198345
0.1543182786733979,0.008263806085534698
-0.24727353550797843,-0.1105997934523693
-0.3714876516829052,-0.12290677979466648
-0.21083678743427703,-0.5603965918669453
0.08337952570615474,0.048367404563767966
0.08239076109635744,-0.2790518473866944
0.3675698588069101,0.21753225989868946
0.6765318977810836,0.26368539138123964
-0.07659779034170348,0.06552176129214222
-0.06723532900645478,0.27444169801384094
0.02723902167821216,-0.21157732273469249
-0.011104934182668532,-0.09757297569081673
-0.008840231946601258,0.01496230041672117
-0.06857171432230949,0.29681664504605243
-0.4213300514502975,-0.32132986904442723
-0.19311198299356144,-0.22842525770614738
-0.02106499301093554,0.2112557495640779
0.008109103224601065,0.08341251205129119
0.07765861513310211,-0.10708879627326948
0.2078291671266921,0.25684219923040835
0.17327453247376334,0.23347315679736502
-0.2440062835005234,0.15306418780661202
0.019417451254720008,-0.27150859196079813
-0.2921539833659321,-0.1530138417534516
0.3640003950078126,0.15026596195183775
0.13991512995123245,-0.11760931923026734
0.18829878414901452,-0.2010266561356295
0.0475070991932079,0.1804152319616407
-0.03977639674497822,0.0035801383054118894
0.04972264365476796,0.5853330517745965
-0.3415985621170287,-0.032709809192707925
-0.05483100996564928,0.25894414278618827
-0.06339471257691695,-0.4597302173318596
-0.27072184637598623,-0.1995464250876749
-0.049288242028276384,-0.4094747910727063
0.06721155186518536,0.4468767653547976
-0.0898415850597609,-0.32445013858499056
0.07748585864573276,-0.6727149726280999
0.16370666763203956,0.39708091745715657
-0.13809013922650812,-0.04662484601167203
-0.10051711726957131,-0.08924365678653469
-0.15107763653813291,0.13493841690789257
0.13800717757101053,0.4371814523600228
0.09437129287812439,0.3655052845927177
0.17273248615381165,0.4619917889643068
0.05333569056633804,0.21345212139514297
-0.162178416631108,0.1495104577676122
0.14834887821670492,-0.0960213615065098
-0.010592381032533281,0.23643873696009043
0.04904909099392714,0.08311292641483085
-0.2748745743139826,0.23685001747464596
-0.0502677289621767,0.21027591382559235
-0.17319036503604998,0.16224610908303194
-0.43901998924345653,-0.4029263840537326
0.027262732302695783,0.4538330378281752
0.23110255740673236,-0.11702590261923192
-0.3890147766466532,-0.29302993922221077
-0.23246475882916134,-0.19135693558827566
0.4689955603841735,0.2780307919080482
0.1870233966187904,-0.2484819985393755
-0.0579047587502672,-0.07122258792758583
-0.2010752507208139,0.2844963955209207
-0.28690942073168557,-0.04073463685403988
-0.20076248682755563,-0.09907141389631466
-0.09057817180289292,-0.13204485062694823
-0.1632258586065351,-0.3523872097227358
0.12422243072395425,0.22144991999759847
0.05481284157370853,-0.5101262375493086
-0.008683781447764546,-0.22062446926437662
0.3661463281565602,-0.09544658798136246
-0.31429364371755836,-0.025968416727942995
-0.2800139024296282,-0.02395604431811866
0.16510523165497792,-0.23079976540073094
-0.038583108643427184,-0.29478706301560814
0.03751224148524181,-0.034148093053029134
0.12314627236191002,-0.22669025931857478
-0.10068242869826388,-0.2394368852385534
-0.02106146360432294,-0.1298771590709014
-0.006447263725733256,-0.3832700374159355
0.2044875301876783,0.18910673637694753
0.011796400572123703,0.37065484018210654
0.16371097313993752,0.13001990526943655
-0.2941731222850944,-0.05509396572195285
-0.0008940874783740757,0.003958983251054645
0.05440059549902767,-0.15799866175169566
-0.00955100514035502,0.3521268907680603
-0.03607609644125837,-0.29256618365027043
-0.2499542188222629,-0.07564324663217512
0.04026770425307905,0.2205489658755961
0.350248732875596,0.21998743554550307
0.022700886338106577,-0.35133610985164354
-0.05858040691100396,-0.12180260019843454
-0.38079966287169437,-0.16835872266568025
-0.3392509342991655,-0.23503662128576522
-0.09863971502718619,0.395213679392436
0.17256597515536043,-0.2280960570419785
-0.22266100388660323,-0.06478702535251654
0.1688549399327646,0.21205983859023805
0.10879352434336094,-0.06046441570302399
0.2630678296056326,-0.10269092066718732
0.4454835686115308,-0.17800845631520937
0.06816374948509758,0.03074262664121814
0.30782216299203047,0.2882861467257005
-0.058676553232332916,-0.2625359800175427
0.14102299403486165,-0.14204342729461175
-0.4274742396663859,-0.03788188701506431
0.06283642149396715,-0.01594416010117127
0.009889381562507205,0.002023482520349617
-0.21185429222331714,-0.17232041074148885
0.00911460262478001,0.4345274464337228
-0.31353378879596416,0.48509807582748415
0.0804554512362892,-0.06898154239650271
0.3749760010611075,-0.21352530483327223
0.046627262926669445,-0.4586029541437743
-0.12864039225671056,0.06911408160427923
0.17941559907244933,0.37445630830856946
-0.06916073387353068,-0.17914261350812677
0.21230801167285224,-0.09539740106302225
-0.06828177580307254,0.14220534947951852
0.2759633965505336,-0.008325313529382046
0.2602365032049868,0.25723379489983456
-0.0932825111061334,-0.19794552980246075
0.43003208229182105,0.05498257390600317
-0.14185154455888427,-0.36466202196837916
-0.0631485370279733,0.11521569959526197
-0.2924268296680189,-0.4014603379626632
0.08751990665332221,-0.20106000598974516
-0.22607350860323402,-0.007320045082096849
0.41537765995073855,0.3308917943742374
-0.547931891172653,0.19505190839992387
0.22853109760652657,0.4427422480123955
-0.17555567624115645,-0.029659344891205686
-0.4172606285393715,-0.3540445494623957
0.3531782522529598,0.3350652190663878
0.45385556250512993,0.24708641684708677
0.04846524053143545,0.04762554748543677
-0.0007730640579320916,0.4339274701353417
0.43221526770165397,0.21107178353971456
-0.19400378658601072,0.023250464503962093
0.35060768190244884,-0.37146951558112545
0.3020892333199614,0.20496573966253318
0.04967192631604778,0.24730093017037774
-0.15387275036444198,0.31794839724561313
-0.06965757756546963,0.2133725458209117
-0.008845986485822886,0.09664918053592694
-0.22612138368733795,-0.03993472630060465
0.18364278520256586,-0.24340529620658266
0.16917487869967746,0.055535608837604805
0.15659736337696892,0.5323313441679122
0.1612825981329648,-0.3769687808347694
0.034939798185477634,-0.0075128604473692125
0.07749608164907172,0.38389316055386974
-0.12864354924083857,-0.11744100347122083
-0.18522784203802017,-0.03460346834397781
0.14591605086301518,0.010948777175380215
0.2888490429995931,0.08685829086783535
0.08272168744775821,0.21183262144906828
-0.2740819711193344,0.5149555555787578
0.14665061570235502,0.44846230667514025
0.10503681131754344,-0.08475463068179791
0.07197549490926479,0.04487647249113245
-0.08876341025260216,0.03740664698677389
0.06357695403929313,-0.05664447118829744
-0.08170774855815434,-0.12488513783943735
-0.4391340534985339,0.27809724134303343
-0.0694042896822375,-0.17201099475237006
0.30074510436859897,0.43205740296340284
0.270405703368989,-0.03741350385264581
-0.04291017486887048,-0.1806636636676731
-0.25630303026354195,-0.2922593285818086
-0.29816701331999984,-0.3635894057809458
-0.20246129254381393,-0.09068821407327696
0.1229664445666941,0.07950352960876465
-0.30592579229585115,-0.4108040522077049
0.036614033369748056,-0.24576498080710524
-0.48452732141635496,-0.15168018118589124
-0.16062108258989935,-0.2458592312711191
0.13848983239426477,0.001465607949592475
-0.1964849088364717,-0.21739545359049164
-0.24473994589194886,0.31834029037204603
-0.17747507505135598,-0.4152231969440968
-0.19332729156877307,-0.06556288345359358
-0.03579575372493123,-0.2602115256807515
0.3049998410177133,-0.22405609218799644
0.5985954364864874,0.11171493185902902
0.13513653889060195,0.47536570017677426
0.045142598936609525,-0.09866215993783381
0.15214155193398401,0.44263187219323274
-0.008719358731819027,-0.11223310061818598
-0.1320968765422681,0.25844009821738695
0.03793337973070089,-0.03056806797444242
0.04416873161737195,-0.03144513893103943
0.20732630698460924,0.16537224025853653
0.10303369294034853,0.4613385670531776
-0.3216958959317358,-0.2239689584015721
-0.013767407804121359,0.056674989302428036
0.06919244092025172,0.3333147759673125
-0.007153795920103844,-0.28102644450249753
-0.10350530269357756,-0.36188772643391115
0.10659447343688248,-0.13615943316459247
-0.5317935405636164,-0.44991452695590756
0.03878919119321815,-0.04147691411384319
0.38149065998731163,0.2622323677186528
0.08400431976153797,0.07969765927390052
-0.322183586513275,-0.24922306495406316
-0.06540152868177077,-0.2148788184228744
0.11644647270377499,0.44757385822927503
0.29472525256584287,0.16155621476132814
0.09305952020102133,0.2575482039163858
0.34947131410289456,0.5107988320948036
0.38876378125856575,0.09850522803582205
-0.053089241225051674,-0.3476895548083622
-0.3866999612895684,-0.43628269788580076
-0.5462309418254168,-0.4544548250135998
-0.22409391817207,0.0897820668945441
-0.19964617220416994,0.01753749315184433
0.2065895871417028,-0.12521180686621358
0.2623741018941825,-0.3651490207595788
-0.19814734229849243,0.07147686416922026
0.12932355403034104,0.053360937352048075
0.16519749968293598,0.11133159091150292
0.2678108034638428,0.14478509279546942
0.5013334186831547,0.10660039493567737
-0.21832566903545686,0.008008484701405565
-0.5868052489566936,-0.7433754222836352
-0.08464783423181343,0.0487485101558121
0.040524511313183395,-0.3072415541366167
-0.7505831881195925,-0.3893532405826143
-0.1682642863465506,0.1497187948355557
0.9804323057639068,0.47731181949932733
-0.3524189794594609,0.03410701663191358
0.18169728348920247,0.5017468156687808
-0.3900544439410867,0.022114777511036254
-0.42814294451435675,-0.06511886055033125
-0.0704087443673095,-0.2952760682939553
0.0626908320918523,-0.48037013632533077
0.4045658670291832,-0.06152152099362476
0.36673218857277945,0.4512474970198944
0.20383228293852537,-0.16210790525593724
-0.17332695290655825,-0.25386245931301654
0.002355421870632437,0.41028946639072394
-0.38706283376895356,-0.1402202501743791
-0.20445512644290842,-0.10745678005276597
-0.0837601326266708,0.22777297500022728
0.10326870432241898,0.06051209874997628
-0.3291480478814741,0.3109113990029443
-0.020505280386902098,0.23674889071829894
-0.6750403124271711,-0.133549652077494
0.09236115448883954,0.20590967542690877
0.21477560456566755,-0.4083995258442444
0.0062267506258348775,0.17488852961986
-0.13691770266593659,-0.2464115086115883
0.20767676610170532,-0.10387061084380879
-0.08049861725785522,-0.12748748541738752
-0.24901515292579937,-0.16613948006310977
-0.2453908565954855,0.25291113502984325
-0.001494081923113158,-0.1832455987744245
0.17281466114406296,0.10276487708612092
0.530204726934012,0.3052085545172241
0.11875776206017956,0.19597856067127747
-0.6060676664932911,-0.19161153426537997
0.07024553460067387,0.016876366082587378
0.28486085448799575,0.49112250280297504
0.5907301141811621,0.1653075874083044
0.17339850523766157,0.09368924714435435
0.31439130822548417,0.12533741796698347
-0.017494789881354167,0.29339314884843587
0.16472166985574896,0.1415606925045597
-0.28615631783632145,-0.047470404135408796
0.1513487386939311,-0.05797282678057884
0.24258864175921327,0.34860004102044206
-0.06831525762218232,-0.062353725007746136
-0.33391863159663954,-0.09690485013207212
-0.2564386368635102,0.03216467315370563
-0.02221926702636278,-0.21128897904005872
0.09397470714931384,-0.16378564166692053
0.06862575459383982,0.13394222110162962
-0.037569516832728696,-0.020258602793750267
-0.027233797762093153,-0.0798099341569135
-0.3645121673872878,-0.28335949083600614
-0.43665183234155214,-0.09280199516033796
0.3522460564072727,-0.004764413716398155
0.21834310163997608,0.1695257936911739
0.18675584971700845,0.22556127489501668
0.07496604685479413,0.2967005775813819
0.5651978973010746,0.053611984609656924
-0.03571602124468524,0.09883661561214317
-0.04409774418885713,0.0034605237473511116
-0.3377971785753881,-0.13736185933543343
0.06248395075078679,0.3094413583261057
0.021699605238967926,0.32499144521516793
-0.3324086759385047,-0.0735210521737958
-0.18464731618436683,-0.19103212729858118
-0.1797485457690737,-0.21150713481579445
0.01140126929007495,-0.11439590010640877
0.0704764163404738,-0.08454311164672614
0.12731272191569645,-0.4252951952944182
-0.07388666047112968,-0.39666206305285673
-0.056217388510975776,-0.2268076286854436
-0.284296558648982,-0.44067232264933026
-0.04955581505775983,-0.3627692109536788
-0.4296831153597029,0.007175280334873795
0.30946426723662573,-0.3117306451851577
0.36536955796348647,0.21457417193034958
-0.11540040160243385,-0.08977330924377226
-0.6061429766971982,-0.29677477593994134
0.1318876401020832,0.10228505031427304
0.052645313697136376,0.17013487726409263
0.11347079640984156,0.28883340761089277
-0.2083071662196995,0.048288942965539774
-0.17072257750513434,0.12776735235948802
0.0035108895632519357,0.2477433453171596
0.14626556527187565,0.15046445085895713
-0.17008756562243704,-0.08504306307834873
-0.10960029063256786,0.1836323970270677
-0.1746679093294038,0.01304507385769984
-0.08255315720097148,0.25800103788709294
0.04946983741814576,0.2148493334591316
-0.2746320747310009,0.19377975623359353
0.11745865662144407,0.050342282927823626
0.31035523052124964,-0.0689775266872561
-0.12352741486181978,0.17460343354563748
-0.12385385384327259,-0.3143369815505133
-0.25745804087565605,-0.10194592696336585
0.44173016706600254,0.34965186562675066
-0.12032577623481698,0.20130032607587311
-0.34132118014612556,-0.009386005460131462
0.06605210565031325,0.1590792687684472
0.06094185505273327,0.11959000463295195
0.3113460332587008,0.05878297369268249
-0.10554336296971516,-0.20783218239223025
0.08881461605849755,0.43620502448728987
0.18368183601832422,0.12254966546644581
0.312286570647016,0.636174515278875
0.06470910879258175,-0.2868836122274977
-0.018336261799900267,0.2958918189417285
0.010257541022689729,0.010329408372367179
0.01297192685614124,-0.19620715487864474
0.46018366123267773,0.2748094428223431
0.4617064584573543,-0.23282292829175993
0.17383687108893783,0.15021794150016218
0.34574965230341526,-0.0381194846145846
-0.18823080963185237,-0.29293109704326037
-0.0016773682314039989,-0.11846697219596926
0.27999141841787495,-0.22451692515053234
-0.15974288749588877,0.24769193194400446
0.18614113834964524,-0.1782699196816111
0.08348775844325278,0.13802077561833417
0.30879090030193124,-0.19758669422244332
-0.187544454558505,0.26016304945078333
-0.18265590861234005,-0.3726729520577322
-0.0865858323313798,-0.1435295449122034
-0.11560246697677884,-0.29690666075838357
-0.2473984277672943,0.054629036624049505
0.5127692317547822,0.16571080055448692
-0.39064936853446647,0.3884908166240633
0.3601022201638938,0.30437965870409645
-0.03748606361778928,-0.630197256943528
-0.4563208049117897,0.26257222536928937
-0.1811486722117526,0.33436835941298787
-0.14590184169820364,0.06638344021621377
0.1352466408766499,0.2687005061689529
-0.047333641157359954,-0.4194793251083767
-0.12960096736447027,0.031228281258163564
-0.0686217443947792,0.3140185628159006
0.03751095416367341,-0.09065179500132906
-0.08428992069057124,-0.19051229668488168
0.16935603515380612,0.061172522161607776
-0.011628438817644719,-0.2747278740245806
0.02926699122831706,0.3624330439493159
0.11622878193301638,-0.01296700044745526
0.195931399811874,-0.03379564608278245
-0.14488137047464691,-0.22658587714075765
0.3268160004153383,0.36991842343303394
0.23543815128156603,0.0896621663942297
-0.030684063129491054,-0.03793486692532275
-0.3659759722831697,0.12836907704689807
0.015138448929070448,0.046720060871105105
-0.20271377976522503,-0.12585676045211536
0.014585684858770731,0.1570406582468704
0.015140529156449789,0.2572595544730462
0.06409378563426897,0.1488593703453475
0.2647519565245891,0.33410951944412165
0.03569922534156271,0.06935790772867646
0.10887041485294853,0.13985595163236028
0.2642392900132267,-0.08606509149830512
-0.212309775382475,0.19715678539829687
0.5807652770482065,0.2083561553761203
-0.18979050566599703,0.22530859628827035
-0.45770424712571395,-0.06859573438112729
-0.17851822394677724,-0.02317810646377587
0.23287263660616245,-0.31272171147152467
0.001573732555706334,0.2882520111719195
-0.32516497840377834,-0.005914795036894073
-0.2228832141316496,-0.09198317797067371
-0.07328238490398552,0.23154544986112371
-0.23621489712346078,-0.14297797853299932
0.3158917135956604,0.19421122778505293
0.13350316519270303,0.11694437738324473
-0.14031577714015292,-0.2213391167085727
-0.42168650048054995,-0.7766394295298746
-0.047516453023677026,-0.49001994410742966
-0.06655326096776588,0.1420700920536249
-0.2570776770093159,-0.17145075853607974
-0.08845278768480318,-0.418449458269848
0.22364462516506353,-0.03400239285199969
0.23922361614939772,0.2873973591988947
0.0658216333682653,0.01727879822943205
-0.17618156749331232,-0.02355508176905315
-0.013197629781079799,-0.06316346349082123
0.5050829095183806,0.263470243289017
-0.20386707642818186,0.07145509385224653
0.0964854388748624,-0.24582380155470368
-0.04766799911808531,0.032250923299982706
0.2183856286242385,0.4359245854134485
0.1207688057281374,0.2569005515848202
-0.04043782012269456,0.2002889413562109
-0.1304597185048705,-0.32247805033088167
-0.21032384196746864,0.10013504664890789
-0.35826547721276486,-0.38469458845281906
0.07543675578171602,-0.14490248950547027
0.010313839540008791,-0.17800630041663326
0.05116158271626495,-0.04174874204175596
-0.028991768976956774,-0.13185075205101376
0.03425998734552344,0.1109032208889665
0.05397914698693355,0.1329810896925035
0.2975390013924155,0.3216656489452724
-0.045697830759425996,0.2503252691764675
-0.2504628716195774,-0.4240912129334438
-0.20348221826244217,-0.3575598411381613
-0.1744134747191898,-0.3283173537981715
-0.13739856956993013,0.023914939750512242
-0.13472163198512174,0.050879064573841094
-0.2224327997748321,-0.11651834321892561
-0.1788823046899406,0.20114858359899024
-0.2747415132143294,0.23412398979065877
-0.4900498468671996,0.04071639191515989
-0.1830439943896854,0.032277616157665875
0.1894779238084042,-0.67526425269098
0.16496370197514507,-0.07440410662531985
-0.12512136217178593,-0.07629134351949594
0.046692122938375144,0.15464553064795847
0.3217408086204894,-0.015473491228523841
-0.3452032339096932,-0.10881744249232815
-0.4314690696945947,-0.1377231270365665
0.13579526805494682,-0.46643772006242107
0.04971684471743384,0.0866602907699568
-0.06537814213165749,0.04516138617475797
0.04762267782537181,0.2041073823001672
-0.24668902090180309,-0.043619829653269916
-0.39387533497830485,0.17091477066477734
0.011655261778757219,0.16316377333845392
-0.2505743990805312,-0.1340506051863077
0.21543879412364758,-0.01637236841478403
-0.046499226702807685,-0.11936982959091116
-0.3395994744650271,0.30774997684204347
0.17889904336846466,0.16272506920968086
-0.14346876043839488,-0.027916495375813203
-0.07159685060558224,-0.05045827249969994
0.12090290024045297,-0.008550666196786178
0.154435421389514,-0.029620062198866773
-0.034856013693242094,-0.04652545519502199
0.03964682325489594,0.2645114200306802
-0.06579895839203019,0.056676241270811036
-0.19174180978949948,-0.21040116319656785
-0.33493704509016,-0.31594340097607776
-0.033960988547512866,0.4007990713323441
0.16640167328184277,-0.16394759023783653
-0.1709563221983276,-0.4396801384983046
0.03468302459645534,-0.2794080396523413
-0.39542233378521024,-0.367405613361061
-0.1716066904460966,-0.45998373807349496
-0.29391763309975844,0.014202933528222779
-0.09968334476335779,-0.32698009826153507
0.12521432087854378,0.4107676150448162
0.16611245666583263,0.310168325494772
-0.026357113215260908,-0.3725594521288107
-0.12610945552932967,0.13720581706689522
0.4499152211290419,0.10988815832957421
-0.48300736556767615,-0.5165717523906365
-0.12355824846059216,-0.2260676889018568
0.017036637380351504,0.1523231272458991
0.36760352237529226,0.06803275818199742
0.11413469526581303,-0.1359406962609964
-0.19470991516393052,-0.19080290526336438
0.20881331320588012,-0.3643808451435381
-0.28828281292464214,-0.28695907139644933
-0.031187513163555964,-0.09941106133673981
0.12288958222330712,0.1260896306724157
-0.25254249758325376,-0.1377956183110231
-0.10066281611408705,-0.06742445976942092
0.28593200098737837,0.13630833342513696
0.03765847785248527,-0.3822547899022124
-0.03013013062632156,-0.0847700393620692
0.17427504405183378,0.48317923118495326
-0.0829975450109166,-0.31444166597183015
0.14378608323497905,0.0033958507522571612
-0.05357310697607629,0.15304244962767227
0.6971852929609943,0.3103639295858185
-0.2059998599186713,-0.26104860150100156
0.2067384146667031,-0.07603778381039174
-0.2585890373651492,0.2700965648321843
-0.4435845202096672,-0.3927781713685953
0.13313641946078048,0.23959070334676397
0.07241483490537863,0.02106021290208978
-0.012387191321080184,-0.13260545527605125
0.1177320212551086,-0.03413971298387033
0.2605329211180527,0.08843014045394318
0.3852877071558795,0.4677745469227084
0.20666368685804054,-0.028268891151611183
0.3204989537665755,0.09477999243719433
-0.23863530503060065,0.3223056586937798
0.14433683220012755,0.091007490288451
0.09624367261504262,-0.016438677649426178
-0.01889990163616571,0.11132481021855567
-0.019273190989825332,-0.025388006040632006
0.18451123018382035,0.3086493646085964
0.30977498346369414,0.44443926708657144
-0.037880368151640836,-0.085059608430977
0.06691571958496963,-0.06700598339991135
-0.14374883883498513,-0.15922159943650316
0.193107482635301,0.25080761872245083
-0.029760985757505968,-0.1585096869235405
-0.1023961915312277,-0.08721703103979489
-0.047095533766629616,-0.33987705793942913
-0.12835713162636705,0.054361045804946294
0.4236650467613144,0.3242208662658444
-0.42090566844542854,0.0029664106245287625
-0.08903646230053244,-0.5140657871407579
-0.022420206927567552,0.024320125356260876
0.03561200361870593,0.16238318833798962
0.5784691221553961,0.2640616623630154
-0.019972537332488917,-0.29775765498946083
0.2925339365121694,-0.4349719016665975
0.23197639536395687,-0.03191886202964418
0.30846960884729163,0.16892711022263265
-0.16779484403391015,-0.024443546670597976
-0.09368533214543355,0.04774215034619701
0.3234438303333715,0.46727973565822395
0.35448345979780127,-0.06559189620171112
0.04939252901165455,0.14357903327110358
0.16029146876934924,-0.0027055818565157566
-0.1643658943094325,-0.1020164884692694
0.008247441438567968,-3.411577453768952e-05
-0.08783835180056311,-0.048220596139477476
-0.11645926013357633,-0.23586704231083355
-0.1267149344754756,-0.7283382178087516
0.17435896891664268,0.5278595655157098
-0.10624669390124582,-0.15593663947276906
0.0505803895640251,-0.48149401912644696
-0.01586470940372438,-0.11267898431990987
0.014243213205562507,0.1514460084468887
0.08731871915596898,0.047857282599143396
-0.09408038301381631,-0.06216733507959198
0.05549585354592158,0.2208722524043053
0.12019610446430945,-0.10993676291244608
-0.014595971768422426,0.38057192759558506
0.26828768782213314,-0.388528772051555
-0.16360509279671104,-0.19189806032912332
-0.12821167668168107,0.15406189780727025
0.10847106463962472,0.12706130752214087
0.022062964959872745,0.2660359086366668
-0.2508029407000096,-0.046370168829992925
0.5872806131806843,0.2150692144026042
-0.2474370935813054,-0.18074624103868941
-0.23616314693519788,0.03366737550602734
-0.2714931045541461,-0.10209157078277474
-0.10975452360890042,-0.08282954018724273
-0.1405010634654149,-0.015496446670264593
-0.149625014230648,-0.35884569582587966
-0.20390115823253668,-0.14365803261680293
0.384963626313443,-0.13081326519328074
-0.35013216811283887,-0.2953256423593702
-0.05478495819859553,0.1713733119969434
0.3514018837188442,0.3203039420098589
-0.21934318398370217,-0.15492909993795073
-0.5067623404488513,0.2990208898644907
0.40510860569292123,-0.08975747983160946
-0.7185179151118979,0.29211630223358487
-0.25271640022926706,0.14217787478015262
-0.26124442146719506,0.21946795957813672
0.24059592106902372,-0.19845601512014974
-0.015820600089117554,0.1637076436120707
0.04828053738869916,0.6237029978140504
0.23525203933340863,0.2820297327816496
0.07549244777890578,0.050584413744602416
-0.12298050707591324,-0.4228108509278461
-0.005799435993280096,0.22564870010104296
0.3449335028236264,-0.13332398195628228
-0.14859684851313246,0.2929262911306525
-0.37855242018605617,-0.3543162521039951
-0.2423851411653349,-0.005891321542081101
-0.224757427927982,0.09493278955644857
-0.33516366742008435,-0.23371493789396194
-0.01505948878090375,0.24311020497480557
0.036037265225730156,0.1880322255551434
-0.47453976130143344,-0.13215442809625516
-0.4448448703767796,-0.29165037803443056
0.11330367265582361,0.15679797681814747
-0.18661657452093516,0.10622671709619777
-0.2566266505729395,-0.09600679642525461
-0.03101558213496717,0.10895921751879384
-0.3187896416903047,-0.15878057198468704
-0.05087462001221292,0.03549285297170269
0.3432024456779159,0.05879213166109811
-0.21988963596611785,-0.645920612523443
0.2735834437632249,0.16599861328979704
0.2764912626503893,0.27164280842129856
0.271206779084613,0.0901982531606015
0.3998056758467408,-0.004020744453115564
0.058945467485548506,0.0631604459799341
-0.11533555110689155,-0.1371317194537615
0.11410350688537989,0.007135033452458238
0.08323697966213424,-0.13527047464386907
-0.09058420601106329,-0.40816853159216493
-0.18621817460646914,-0.047686926387162785
-0.19663487416542283,0.1923131636508827
0.04540908883781527,0.26694199202571206
0.07803232419430207,0.13246633980442227
0.14799909101438005,0.04048450543714735
0.15505906900346972,0.15478306636808925
-0.11465244916485802,-0.2088286557808227
0.429969471705077,0.2049458751264894
0.27347952932672087,0.40011050421652455
-0.23917519739222978,-0.14337632471272957
0.013313510576343578,-0.37712538890024966
0.4134717393211498,0.04047324065138368
-0.1035724930336692,0.01958642170333173
-0.28700021269056253,-0.28601767862125893
0.28812809600734357,0.2517220182113259
-0.49018615544731187,-0.40355866460225814
-0.11831930330708355,-0.06369889672589028
-0.06964470072262614,0.15832181947023782
0.29704093275035315,0.20007804101018142
-0.008202920411905951,0.1649212403294089
0.06736650298016565,-0.37608007357789397
-0.06659528586650477,0.004094289139561545
0.1885619520848044,-0.08142603110727445
-0.07847199638539815,-0.1749064439218982
-0.030606427447226442,0.26342582412771853
-0.525551570448918,-0.3192291493238025
0.0628395189421106,-0.022333537438075535
-0.5434989296319824,-0.4302124457934473
-0.5540968088879928,0.3263710016957852
-0.2906359439764364,-0.79871111161541
0.5450556234706684,0.20813513693598665
-0.49015650685665163,-0.08333179504237148
0.20964404041318763,-0.23010034931172224
-0.12525453454275237,-0.1336700794197755
-0.3493995525890907,-0.06386757493392253
0.12218294959578214,-0.04104955070858086
0.06204318388202794,0.15890826691754317
0.23202092660294965,0.31174825577177095
0.06257213480098418,0.21220795982663498
0.116799297643364,-0.18029005644521304
0.3234946012507895,-0.16745887336674914
0.004897090462100899,-0.30870458581925686
-0.2153212053991464,-0.26640742916431154
0.13767045740205897,0.1253152225535909
0.42498794207192164,-0.14283812090799192
0.01220655937176276,-0.2624754055488096
0.1925368470966145,0.017458935430359906
-0.02405078695600608,0.17591921129676497
-0.051845853037528845,0.2534745533998478
0.14801520896755158,-0.38461073900196446
0.3797096088449079,0.16654491916634626
-0.30800658944927245,-0.23079756282158087
0.06838323467847222,0.08150791232432887
-0.20878382306734727,-0.015764730584736177
0.041650182620601,-0.4947875474786175
-0.23413542460319697,0.23739759584517148
0.037993306994787486,0.5877830705712515
0.057983204926022595,-0.24667855595104424
0.17335594361444082,0.06910376257502127
-0.41342749410996243,0.025416270515276406
-0.1393742732106143,-0.47438866746674274
0.03974346014962404,-0.1131541900397344
0.25395338245040056,0.10175901030753425
0.08299313125422411,0.24156128670516389
0.056052217375845585,0.12038959427833787
-0.007802233514266842,0.07530016762914
0.1441998665084156,-0.0773075379992834
-0.492912735162893,-0.43941743861999116
0.12965792749329133,0.21261178148529644
0.08176726001482763,-0.08925332941169876
0.2671141173432289,0.37223566922288065
-0.3000836585804227,0.30043633746846643
0.015859248170080536,0.040706678513023405
-0.44358366603053195,-0.10107123892251488
-0.03667067959674105,-0.42366373645624006
-0.07077231575073192,0.06644320421322807
0.5022702502852716,0.09201991786855421
-0.03883870543101268,-0.330781728011468
-0.11212377695290389,-0.025550432980008458
0.3993304459212985,0.2448618460269543
-0.027209463707071193,-0.23642673163256497
0.41157959778975456,-0.15089182063614553
-0.12481210820132027,-0.19095627145030164
0.02433055910981207,-0.24601605993369458
0.15591391371458924,-0.15251027627857502
-0.006359316709062999,0.0664929507062258
0.0986834614699053,-0.1341330039665516
0.185479394405785,0.35251813922095343
-0.3168078158398411,-0.04181031811623098
0.33147641263761124,0.1344179952865615
0.12963628103457298,0.38700761830375147
-0.24082887065036,0.01703105275342768
0.025932513666652175,0.16829518440680294
-0.04978468198050194,0.36071060018436585
-0.17483523609068063,-0.5180982743897985
0.21996748904395313,0.029331184148112036
0.25684578675588615,0.0022783516327214066
-0.23102197091156684,0.569566803861473
0.029249573535363192,-0.15114777267231952
0.24067171478959198,-0.5140233981822308
0.5754398989632009,0.40549899564203723
0.258545353335747,-0.04287565561592325
0.15502240855058552,-0.14625750808898857
-0.27712817628504455,-0.18506779437393273
0.5026225943006157,-0.28663590320173926
-0.023476765603932647,0.2598498459532614
0.15236815351495417,-0.3782211807887598
0.07245063417697602,0.03228150598389981
-0.2558695259110569,0.12232019261001807
-0.006282193988107777,-0.4893113844501361
0.20805260144186194,0.2727436748553896
0.39684874560838657,0.004214307090423395
0.14879532057801076,0.01884440214547302
-0.1802112051581517,0.027503112168004124
-0.28267846925874396,-0.21671553379170821
0.15399547108887998,0.2786882639719363
0.39526676392329235,-0.021725827552183087
0.090640886745468,-0.30417300242076667
-0.32228976993306013,-0.15762428158570263
0.16420693529983904,0.22310400596531188
-0.12805374600962266,0.17123850060209989
0.2083561472576032,0.02689677012240007
0.27154667593275916,0.3220313896420304
-0.282394470924412,0.2473432247133516
-0.07765760807672059,0.13951939596676713
-0.11930416769086652,-0.7173140249033578
-0.05688046333628345,-0.11183825919314012
0.10413002626564265,0.26761961525430217
-0.04140736937502498,-0.06992415109950718
-0.2355216889314474,-0.14669102424722372
-0.1908044028515397,0.030130098775362654
0.03199413364664961,-0.032913574769851586
-0.07812202297284952,0.1914645881475202
-0.10802442762396729,-0.22240096248706548
-0.06022637444848404,-0.3025125112015069
-0.0707877612147651,-0.06209310952958061
-0.44772551824323703,0.05330484741429109
-0.1211868767206591,-0.013894952902000308
0.24412205083323352,0.08375557399160005
-0.38113412606978275,-0.11378577548195773
0.09166315325262873,-0.07993836117671237
-0.015229989499135692,-0.36753840563680795
0.1854235477712082,-0.130339969697521
-0.0375998432770348,0.24463564291914144
-0.0238480960309846,0.14541515352658457
-0.24859186237823663,0.0171577415591805
0.12630543332456115,-0.09440220418273963
0.06665998922614177,-0.2599303030568967
0.1158408909918566,-0.0016426513009984763
0.07999773087437875,0.06337833828738532
-0.10305388702662654,-0.15887118036444936
-0.08763557824809072,-0.06341128782411197
0.3061925426492979,0.4267111570644561
-0.2212195678249795,0.018511088299485823
-0.34764411006919776,0.3990676891501297
-0.1126668535634059,0.04757655770205583
0.0030562803572661795,0.2042774656427565
-0.34085284665173116,-0.30820654406179776
0.06569524148049434,-0.09512603337025018
-0.30838582906827394,-0.15495768306012514
-0.07138389958225201,0.1581716610525008
0.4875406631980586,0.24522655487443273
0.3128955396542332,0.3338153984594814
0.19930638832638992,-0.5068919489234742
-0.05487005484414221,-0.021027965837315633
0.18239640267147098,0.4407602506845474
0.137874868797911,-0.14130292578733863
-0.3518481483354132,0.2724148040119726
-0.03256095827667244,-0.2935126954974403
0.2555523860132756,-0.2612712692226765
-0.017260034809381444,0.079798572593861
-0.2030032957938679,0.056439280391802134
0.6383329183177923,0.4522275626155915
0.010558473353042894,0.00367873849354538
0.052273090552087335,0.08420941996576542
-0.573501625863565,-0.3471017432972573
0.07973905898338175,0.1627167762870324
-0.35676555958549383,-0.0349303580722141
-0.1369854718256596,-0.17893914081109355
0.13204698596627945,-0.161719265020635
0.1358293324350584,-0.21328619611227786
0.13863757611503696,-0.025686369110616395
-0.4400082660180485,-0.2760385085813624
-0.0041329479647652,-0.09951023587303998
-0.04158678139119845,-0.12550057989350383
0.5440270995300225,0.397898435465132
0.21249905476143524,-0.22799209212003863
-0.4532712081673898,0.20168537215423646
-0.09615647926400644,0.04000977391580581
0.27631997642880624,0.21339829242586225
-0.08313854306876804,-0.4239378602551395
-0.27464570228266066,-0.25427832546871115
-0.05842146904204153,0.1610014780428337
0.33180906916399916,0.04779691231870545
0.014629046833217777,-0.22938466982274366
0.12536574787538168,0.142110579719259
-0.11890001128077433,-0.47907591340421085
0.376768237576986,0.23346390046448048
-0.26636244496483824,0.04148632251969693
0.11048435503339003,-0.16198548711753089
-0.018725416932570713,0.299025213139319
0.19391258863293728,0.11516386921801894
-0.13927332801976605,0.18823977947199633
0.2557168467270874,-0.274516224460252
-0.05496070071133332,0.19221147575450628
0.5181268563842416,0.11418201008497661
0.3913000023025116,0.18741720672072207
-0.13956909358805766,-0.2210923448281866
0.16950481340078238,0.25168121164110024
0.26051932287154317,-0.09767154638751184
0.2800072014331216,-0.18999163917493947
-0.01627790206915173,0.3189623055243211
-0.09660495996922872,-0.2688956609927247
-0.26442359748209365,0.2273386156096564
-0.19128400271100393,0.48782713960485835
-0.06500642171699322,0.18132544009365023
-0.34145450346682904,-0.2113995660982454
-0.09032561353181037,-0.5154745859590429
0.5128606798073085,0.4379644533898584
-0.45488167110130906,-0.20401396001367456
0.03684476474714058,0.27378870781019604
0.24634882957822848,0.31162414138222594
-0.6973113454823859,0.06401020842022874
-0.07616656788680858,0.011357727559091747
-0.29365856724470346,-0.23445619813181945
-0.5248151420291115,-0.22366886744228737
-0.62372087200221,0.31877641431250453
0.046248816359381384,-0.12378247948040876
-0.22563282564673123,-0.4278671435364686
0.001939393348410262,0.1466396462319608
0.016216086151298676,0.224440360685997
0.11482712637885932,-0.051814579401758716
0.10490614600457134,0.3614889853942764
-0.06389971748974742,-0.21866495924062834
0.1329915704361558,-0.09620256962865698
-0.36381997602542687,-0.39262335819081123
-0.08012007035702447,0.39048260308934024
0.18493030469402882,-0.0946484780567008
0.08438411013028102,0.37967801597919076
0.05526484022300758,0.6210728650121373
-0.11795831725764552,-0.4139646174331038
-0.10081055407673926,0.35891569310954474
-0.14124978717826797,-0.11709297664326475
-0.36355944750587516,-0.5373623474773817
-0.1628320527584155,0.00947706411461236
0.1406117213412114,-0.4547246543022274
-0.5384306810510341,-0.15019636846036016
-0.17754333352699922,-0.0054651918781515865
0.23739825161875255,0.3789725422477552
-0.018856934643592654,0.38963376516146286
0.32493902627965904,-0.20771272970853372
0.23244744158179242,0.12466917854267257
-0.27356365650268755,-0.40552193262801495
0.2414816194585877,-0.04669098092834483
0.3889404564589483,-0.1497035085205719
0.06480635038711488,0.057619726755896127
0.00994099979376053,0.47277239194651166
-0.2480859729832719,-0.22224683178031274
-0.17731614410249696,0.3474769740968699
0.09895652339541211,0.13503810063757926
-0.0864660091107393,-0.4069470183619823
0.33898068175478285,0.2579962534946006
0.3115477725542049,0.38551712629323925
0.0746082939317267,0.33220597911004884
-0.07286015253760486,0.4384000844416444
0.007014506997749654,-0.13994855601220105
-0.059095898506966005,-0.03268560350320937
-0.15785719296211764,-0.11909436513031829
0.2675792165270211,0.2324295943643131
0.23644795157866466,-0.3540729343785186
0.3025522780433452,-0.04020259880092108
0.5510375339222999,0.048623190336091755
-0.1623633213676362,0.055256641164038105
-0.054008569782144036,-0.3417844708850482
-0.23840702715902085,0.10341866705050468
-0.15310604749564452,-0.07424300733890829
0.0504937053410729,-0.2747640013949995
0.26067201586208877,0.2944706130922996
0.10260727697861058,-0.1487127645865076
0.09045501943956938,-0.22874571710345348
0.04752366189177568,0.14792118298363105
0.3571405341779614,0.4393318254040434
-0.2390512864906873,-0.22034607065597717
-0.008009839890258504,-0.3097901431697533
-0.3156819785050338,-0.19379529994453495
0.25023053136869705,0.037577543901419125
-0.147597622042428,-0.31574944797839255
-0.21156139756210002,-0.12975790784309849
0.35902233857680566,-0.014737142881833311
0.4519683790186162,-0.08677039786102492
0.11491568468504726,0.1252167973797292
-0.11236684217976464,-0.19031314632130394
0.022132294895049195,-0.13117988769113653
0.24741668038736186,0.4023574704564232
0.2869076210828663,0.08860361230073299
0.2602550509261385,0.3314743352758663
-0.805671725184648,-0.27481625994920666
-0.22566626361346934,0.10966157888330003
-0.22046633913928823,0.14090115128200267
0.14975992179655465,0.2052413705066881
0.318156923963718,-0.10158536975450227
-0.09483987357296735,-0.5064397939085847
0.32864095753300465,0.2953274078342258
-0.0730185822006428,0.020839052428375953
-0.05756981488747746,-0.7802338541136234
0.09594745366432636,0.016586825185449558
0.14028437372916366,0.14038612750821863
0.24812758880532174,-0.18585967621434976
0.36908771939913226,0.5475558472367388
-0.33653609344795715,-0.32784037323784226
-0.1738354440319323,-0.05231218701589869
-0.2582114523678122,-0.19193291574089416
0.42248999779605245,-0.00464810921100639
0.19047129447417777,0.31817297019409985
0.49915418649092563,0.6754314521326327
-0.021724799733806005,-0.1866392518566165
0.003566435636202468,0.060382305703498056
0.0829550721177982,0.02523332385690245
-0.04851249546557537,0.3235119034586344
-0.029964222113759383,0.04361964705951697
0.07933938861439821,-0.015416627222008431
0.054063435461336636,-0.06272420749338471
0.08554377336443393,0.21810561902618059
-0.07972662937703055,0.009483235744003091
-0.43828867461830157,-0.383036091927869
0.0541219273925355,0.4060383777727261
0.005786433993712046,0.4235962664076122
0.35645690319746987,-0.3004429188578539
0.1803814204407848,0.04769294347573007
-0.09370406863622191,0.4264435387761212
0.3627352225447729,0.2527887286763774
-0.8035681692947502,-0.5296213450980881
0.023745827165514845,-0.17336784418625975
-0.20495892717156777,0.29086505857111467
-0.5975455962070905,-0.46401610394760934
0.04562625444534241,0.27816555109919716
0.6332845452497922,0.32780759608619314
0.2818093856235919,0.12276587608360222
-0.040097142912781436,-0.2126921029287
0.0025442636237038145,-0.351430452199319
0.15055641423422172,0.3279575278835415
-0.17777779512483116,-0.036490021187875275
0.544334469826013,0.3907180376508342
-0.19077564069181788,-0.07969237326977416
-0.0827926229705193,0.2668230759414068
-0.10722428082139324,-0.4136077976564587
-0.040095236542141074,-0.3108985344368669
-0.06404347825332816,-0.24925340062455034
-0.08126851244084672,0.23106172957410606
0.10910511609098501,-0.09872074893245629
-0.1704599464670006,0.16402312818922782
0.2453321569509939,-0.012195580261469795
0.22211018823060927,0.1661371349644359
0.06726302954518798,-0.048230464126460836
-0.06163873279999537,0.12884366825654442
0.01118680420799153,0.009777031027355219
-0.6591196888572947,0.04759579605517609
0.03711888196149809,-0.2886952051319696
0.0588120911121787,0.35089554349920016
-0.056537416881358465,0.004842163057632413
0.10672818904429247,0.3347594277293333
0.11714978946805742,0.15331372416196956
-0.006956324618329644,-0.5277355100047235
0.032185772919128136,-0.09390993325003834
0.46460369026783005,-0.3222616490381517
-0.393130989662404,-0.708491045922576
-0.5284231861799552,-0.314201305136101
0.052753788165964266,0.400453549970191
-0.2296589656230634,-0.38184144829298705
-0.1453736986671438,-0.24545398686409184
-0.06310395035381938,0.0867160685031886
-0.059244864907066576,-0.05778589350317367
-0.27073225515230537,0.11715348363289235
0.08244317201847476,-0.058358429653330844
-0.023670814734705805,-0.5437937543608711
0.2520593004817403,0.1929266563523473
0.10260811092524248,0.06414796182025763
-0.11475300633540321,-0.44591006898247665
-0.3855679997645321,-0.28844492158893204
0.21413646409397244,-0.06930584613080829
-0.06802771411717054,0.1482623218344327
0.16291437988724244,0.17069913529749525
0.24900426351512273,0.40070040877818114
-0.3082730503302865,0.00836534784583996
-0.1267051490516334,-0.04028879492222674
-0.348942230932238,0.09937585191079333
-0.18420781766870595,-0.10667352946913941
0.22354137780875116,0.1595734099607502
0.3059988751320567,0.30223112899220883
-0.275496619338812,0.1408086146401368
0.4217952253166071,0.1109270606598504
-0.07208173752041272,-0.42138711768796844
0.18002114534144603,0.052883444217402154
-0.19162484726230275,-0.1849464089315567
-0.06777818328328702,0.04805280147998841
0.030478369258575614,-0.22440853112868248
-0.046821127767577284,-0.2135535828375139
0.13728146865426324,0.2669764260984897
0.31175549209742415,0.13087898340886195
0.012920822174284662,-0.17500325298122857
0.2303857923906184,0.4101512190816019
0.4536991488256242,0.25800341791750053
-0.067171767010125,0.07134024862762721
-0.008515884492334836,0.3996819621843739
0.0037293857385147606,-0.34729002667125874
-0.08083310886068444,-0.31523590670808627
-0.19146751021066558,-0.14107115921953858
0.2945207416362627,-0.17246564688508445
0.18354246486039383,0.1609480279904384
0.15887639857577968,0.5200101046787544
-0.28770786919055696,-0.21399386345925103
0.3447643410285531,-0.1784040689976432
-0.24703885245242574,0.06362551333453162
0.2119947417501232,0.05078315421444848
-0.06876763909639175,-0.2908803012227185
-0.37766697505951885,-0.0657228034432882
0.1602034387665639,0.12333213171371982
0.02741096946033883,0.23520183294590086
0.05322941361669506,0.7678736723167261
-0.17746034966358357,-0.04416282133776947
-0.13938148633290698,0.31210636884207893
0.2955766539926762,-0.017441225311479975
-0.18773554475186816,-0.19237701285787595
-0.3524887052049016,-0.0705108741892508
-0.09265698019615236,-0.16447087512366185
0.27685157819225353,-0.12867874993832668
0.5055541138311335,0.36740481178158424
0.3295273110864362,-0.005506773763468213
0.14019608908626802,0.1687108141287248
-0.36652525684128684,-0.3353718131674179
-0.4040912490428867,-0.31034672588046647
0.17348258975145392,-0.21161324127951678
0.26463825035210775,0.23596096012639423
0.06069727646189731,0.0322332131451477
0.1323176244759106,0.013821256218375114
-0.23060899675381066,0.30327906133538785
0.22993168741440445,0.402201317302807
0.20414213637782697,0.014033980652317018
-0.18430161056305602,0.01240380506195925
-0.19965675324374357,-0.043958742183965685
0.14068816049243812,-0.1296104485545265
0.03261602303267551,0.38751173557944046
0.05494799041481555,-0.30650789254102195
0.03223404695620014,0.22655447751422153
0.14247775889661607,-0.3098460629656156
-0.379491857870724,-0.05632982039881451
-0.03986405179185903,0.2774512729952684
0.05728272126651401,0.3362362263622291
0.09807402550327375,0.5029796279611863
-0.11202381304124714,0.2756145792933234
-0.34716710252871047,-0.1281148774755974
-0.07822587117682699,0.14597363368912325
-0.052077185782712095,-0.19692051460751892
0.10467850039580738,0.22947060559698435
-0.07187160288750752,-0.12608463683029883
-0.1433136302784981,-0.26179910217738844
0.12596215673160618,0.031248864615095184
0.21721962292416655,-0.32526867288580363
-0.19012212631412523,-0.048546599066584935
0.2333819690311596,0.16856043770114643
0.4819113781239651,0.28735235326502795
0.13126515936875888,0.351767460151521
-0.09183277918647849,-0.2626937083894391
-0.17190858698682362,-0.22968163291344743
-0.15912919081306312,0.28067593572695854
-0.1818700316232622,-0.38540675708011984
0.026832593251167748,0.11347404036585353
0.013253813179199776,0.6749680662788377
0.01976594710836459,0.5319737824065648
0.3662312152431937,0.4537563849364695
0.4054105958141602,0.5314705333354593
0.09542961683515164,0.38860868669891413
0.20270892046029745,0.36803271593984926
-0.14803509917607433,-0.38955377797228624
0.4570430668060833,-0.025616085309612138
0.07999534036160862,-0.26196406837564756
-0.3035685799978612,-0.2576248804056757
0.06139964530501354,-0.16038012170495386
0.005499157238927142,0.11974639264013918
0.05505772095062678,0.033419279837103626
0.16432075475816021,0.48353650712686536
-0.04976517314950777,-0.05763696145493757
-0.23170713936694212,-0.33954871239975093
-0.08518886845410466,0.010544921495546564
0.22480205470952783,0.39687119562806034
-0.09639845526590188,-0.14654758060019446
-0.22485906079289125,0.32325584632039733
0.02750341861143851,0.08657367048172393
0.17447446108549067,-0.16344734332207506
0.14077354927083136,0.1674053964223149
0.003088189531382051,-0.08261535234945451
0.12968298298498485,0.2378419660692068
-0.26083576603539077,0.004229563792576916
-0.04577384775278984,-0.25797627499160236
-0.17044338433021788,0.10539425398884332
-0.06661627221962081,0.09848344964580422
0.015635718881124708,0.08856932089065753
-0.1483193507043045,-0.13751193908856266
0.24505900054218044,0.1813156144748161
-0.06809243139458455,0.21081442799282918
-0.2903740630581536,-0.5274202300413089
-0.06742532498330694,0.15659929471934125
0.20086661949634013,0.11878186390810422
0.09059782168644681,0.12280770481504075
0.0426543087272781,0.14867968049474334
-0.021558070187180544,0.011572550759320248
-0.12603690020319688,0.2710768298488094
-0.1334767459803832,0.2441950247314872
0.06406072459479967,-0.1619818531899663
0.45574365145220924,0.1331195101345431
0.17551127766414668,0.440473917303001
0.04657193926061851,0.2593392064985
-0.6022171427165328,-0.11448801231699232
-0.11946644939986899,0.00168206131538878
0.18074482161545802,0.052760840929449715
-0.08551605594184952,-0.1187260067029344
-0.3902341569823257,-0.12024220586447536
0.030775295812876108,-0.12782519569806064
0.11596583243677555,-0.39611774865477684
0.0086971361214417,-0.37328892501732663
0.39358578225307256,0.282711851744793
0.0500735641214075,-0.21070595508102136
0.30522310476555414,-0.0044161140776502765
-0.0034070906857858537,0.14489380358724038
-0.04897524913988134,0.024824741085382226
-0.028479651462999106,0.09021037389038858
-0.06292084203211464,0.036600692396770884
0.14308952730847088,0.3121905698911974
-0.1743395723314315,0.11549668625055405
0.10981682425328888,0.12701460557116223
-0.3182098588491647,-0.1939417341340637
0.15086137366746027,0.3019871992611103
0.18406832566872672,-0.5388564984153249
-0.1680128331987516,0.06533713061133757
0.21809532811382765,0.01926803542277232
-0.3004767716454549,-0.5041720787893947
0.6432980123241331,0.2727911283999775
0.0070797623596911795,-0.10588813148504776
-0.2609077885191447,0.1077954105408236
0.1437781499751712,-0.3043451159850052
0.13174690709232095,-0.09576897230206474
0.059048268252601684,0.09169564105893618
0.11926073400701323,0.17347984029172878
0.44030552731689876,0.37010717764490453
-0.231109411068125,-0.20398111088103438
-0.043647863433235845,0.08405011851579565
-0.19006211797098244,-0.3563376656336113
-0.4584379567296448,-0.21996863175307282
0.0459181583969302,-0.1202769848917595
0.034992910557238285,-0.1269989738730825
0.04464870147123334,-0.06453490694722258
0.2808463333865812,0.6542703002479398
-0.10647792466894808,-0.477695163071514
-0.4021953474647327,-0.5035786861427589
0.24170257112355564,-0.11627613704253165
-0.04036365306080119,-0.31367965699868966
-0.22474014636052073,0.36755614591308405
0.2739821928885359,0.0004249533091838734
-0.27270823829883495,-0.13203705912691116
-0.12890777747202517,0.043261228364589364
0.1608533272294925,0.38976076140914234
0.03679093038303238,-0.05463361027325456
-0.0027571061967561383,0.04599067886040487
0.10868640571035364,0.16677734431710473
-0.10399546647662249,-0.07951684859354817
-0.003758442675355091,0.09786355698309622
0.04037541177554126,-0.15360225439320188
-0.03117044518346861,-0.08155623665330154
-0.3048288969212297,-0.30485212398797457
0.10272486748459786,0.026206339266874153
-0.1238044559463047,0.29913247185894104
0.02292324542773462,-0.020894725319099566
0.5973897079995587,-0.011878097142018075
-0.3108566822041061,-0.14109551058354358
0.12634663190066328,0.12527057281897322
0.30017996952567144,-0.21121377675819691
0.09106042174824365,-0.0038167459785819918
0.1138943822163817,0.31295973417340467
-0.14842301514157583,0.28859824750612373
-0.07566756041852428,-0.11482345200948897
-0.22653282196420127,-0.2603057712652399
-0.3058084434248158,-0.15119147793430573
-0.2399968385065453,-0.47645698054328345
-0.3661876098349941,-0.19975503156633834
-0.0054748043379599905,0.20688776589803481
-0.07722706497685479,0.023662847802355284
-0.1814017861262684,-0.06716229227673308
0.23122970449265018,-0.09110066838471907
-0.6467811067860715,-0.25497154592700044
0.5707504972041636,0.3667906543567871
-0.004783695668189674,-0.11399277247191006
0.04441986437430393,-0.2974423644708786
0.09070779566783596,0.017330097231314026
0.0693344185879622,0.06845841480698368
0.029721780577890447,-0.21995444323976632
0.11748218535171726,-0.1901250600816368
0.06802587231902865,0.06978774456720196
0.39946423086844596,0.4246616424341737
0.22676164086138037,-0.15451329293713786
-0.12378738490054185,-0.33708322383249284
-0.10720162805466477,-0.11482306064889294
0.10707561997285138,-0.4378860635416485
0.4904200809245016,0.27554859399854337
0.02407541117921201,0.2097921817320544
-0.18931275835113073,-0.16494712775492312
-0.41637937810616,-0.37154678605307756
0.06475262294498908,0.04599091970046392
0.0699299980319759,-0.07564249336943961
0.17544430159304206,0.19160288772744297
-0.20714002258136663,-0.40604227002561394
0.4831933340149988,-0.14283499911484618
0.39001018115184866,0.34962531484452214
-0.13638066870564575,-0.1958120061877358
-0.2971087240225233,-0.6471538059533268
-0.36205200302345203,0.3484608838137345
0.18098963725578474,0.055052097938131005
0.1811537569264131,0.6403577945138009
0.46978542193724143,0.2949482308765235
-0.6439977740324369,-0.5842680448850174
0.33693436605680266,0.13346591155139367
-0.36733012319215985,0.325481875310465
0.3421913305489081,-0.05217795624910566
0.11676128660845166,0.3368052396810695
0.20430319145923528,0.31075171283121167
0.08792635890356734,-0.08216122425788243
0.45400544596817316,-0.04140219860145355
-0.11340846259040795,0.00033743689494798186
-0.47582274208272085,-0.20153740517245217
-0.34837288909302166,-0.4372490124425926
0.25644297333116967,-0.6186909352698885
0.21961188897505662,0.17169327508430626
-0.32130298394025825,-0.2612753781830295
-0.02635078381820327,-0.05760196704154544
0.20640518943264427,-0.26428295579435684
-0.15299081409664858,-0.05750479618024824
0.5399548526089625,0.5667608115130812
-0.3241230847574989,-0.09420919853373128
-0.1088687261535743,-0.522474842073289
0.4536456375608244,0.31076734073907536
0.06374656731789326,0.2838808434633385
-0.076284625382131,-0.05218897199826578
0.2512530852255745,0.11077605803050664
0.35622121351951697,0.18214594557435534
0.02166611653579995,-0.48303087828946495
0.16965036406093645,-0.1442290757996514
-0.13859871149246658,0.2161249365784813
-0.26168402315708794,0.21987099043634536
0.10609638630664715,-0.20583653742513466
0.07985665816989108,-0.24874247503531985
-0.09556430036578926,-0.18805763676287385
0.04094222910952994,-0.30584992863583754
-0.03662144221742819,0.15736990672385298
-0.04026192287560156,-0.32148248788875533
0.44525960932422204,0.020734665966606954
-0.20449096303039177,0.09987700911138168
0.01070341630515552,0.14127327966329106
-0.14113455365430158,0.4479970075504642
-0.13627965244064358,0.1687982109301577
0.1343286184035941,0.0243426689994608
0.49579572883918227,0.2319327302387719
-0.16282308841082166,0.06973132155847424
-0.2365773470012898,0.41750076620382826
-0.034575402889823414,-0.07001225541260733
-0.6657855958163268,-0.3058731073369245
-0.04203650848774532,-0.08316449004497664
0.01023009892832557,-0.03552117122980726
-0.0712767831148233,-0.30895262157234865
-0.2079587544792003,-0.5027891698245062
-0.16180655211397635,0.002169053502349356
-0.010466385890742754,-0.054773757561152395
-0.13669420507166677,0.07221594162964888
0.2212087630428537,-0.15118347417087394
-0.09125382546240618,0.041556654365089006
-0.2463667289802815,0.1842940067259094
0.022362941524766925,0.030248866369496776
-0.24975763122422603,-0.2009732829489532
0.037289453138509156,-0.06637171769206626
-0.26569357590391335,0.1127388154504592
0.009813377808067824,-0.28202869885410103
-0.25402153072203576,0.06716688771169495
-0.09913423120243445,0.11910491758803861
0.05603986695869133,-0.07465941748273729
-0.14460089946723226,0.1705878397143963
0.06824564362053255,-0.11360611141840714
0.05347100697051278,-0.14228760276605226
-0.08716262060957687,0.02095292905106887
0.2647588272657751,0.4884513381360544
0.30650483381597365,-0.14116542036060156
-0.1898054683650728,-0.09335822700146627
-0.21068109180181244,-0.21044494412540654
-0.12346555464038798,-0.3001094238823265
-0.3793166717556396,-0.10379671198750509
0.14571540361069482,-0.013884285013687308
0.3106347486248044,-0.2120700607780055
-0.008716378775317122,0.19946022810900907
-0.11715931940062178,0.04064508810746496
0.20424955139698975,0.28779614932346365
-0.05215059463499288,-0.0720710150578455
0.09368695324554338,-0.18454510144657463
0.12838013828431727,-0.27367139229059456
-0.20726973375379143,-0.13351116131622287
0.08001939621882354,-0.3140152064479254
0.07945268332979608,-0.14341690237431626
0.016966094784423565,0.1070015823148521
0.28850954813773244,-0.14010594916302488
-0.14810489977975783,0.27843524925213115
0.06485355782303256,0.011017237577884127
-0.33618610677710353,-0.1401830789799987
-0.3505155324632226,0.19501598116251703
-0.19307411619348483,-0.008672155204102536
-0.26227474922684424,-0.5655797555857839
-0.08042651947522794,-0.22779572554905592
-0.1550965065931157,0.17902646066951614
-0.05665917876810098,-0.028595911849223173
0.03760557368382673,0.12516383412165583
0.38369079550991825,-0.08334467517776453
0.0014313095668992174,0.17661464079977607
-0.04308096841775846,0.2974433422069036
-0.03504992310232201,-0.029631483422168495
-0.12141018048757898,0.0873707946516647
-0.02745492565029479,-0.13281100936242043
0.1267464066644257,-0.11173324457824096
0.04832187373985681,0.19815902632139668
0.16026516311151123,0.21890368663004645
-0.28222438975847614,-0.4043677648499486
-0.19058196804238225,-0.012665270865644914
-0.18983465584381945,-0.21572367585582194
-0.2310737631815496,0.0013964506267983474
-0.31667561185183307,0.11474589231756453
0.09897827572786053,0.3630232378592595
-0.5900407531022479,-0.05469001891919477
-0.16881337838949967,-0.09208815086216003
0.11845495822171374,0.15296782267021566
-0.09899874140458369,-0.25387201950226473
-0.30012062838691805,-0.18645078700520562
0.15120791084737614,-0.03326136695339188
0.3717215609830069,0.39629385759521785
-0.378925614101686,0.35203373143438266
-0.14055158741646187,-0.3004835484348271
-0.35085077409650134,-0.02427162983426398
-0.05681217800736863,-0.028824465205233383
-0.31348648745768004,-0.013537359033694026
-0.14568140306451716,0.158211624613998
0.13339149428606434,0.1934719933659772
-0.06265792039711063,0.2153397941448265
0.10779605947199315,0.7040942750863091
-0.19075200471140527,-0.1842149923702077
0.1748207458510383,0.07620899262580866
0.34626414616407314,0.10134836578130785
-0.04457159305528987,-0.0770475773323007
-0.19098993556146235,-0.09748603452210704
-0.1498860783501006,-0.1036168382526676
-0.228619609546229,-0.16331386830324723
0.38557926071622534,-0.35091553644182094
0.31615891642386046,-0.2805831191962455
0.21961448915725906,0.21380083259407573
0.4685185984176745,0.11463899865620665
-0.1734356992455949,0.5265548183559897
-0.029859846911528095,0.10673402466902984
0.27413247909960775,-0.14003147045290903
-0.31950907169292636,0.30638280008653995
-0.617490604551839,-0.28446131970275307
-0.032740015544586464,-0.02139084212898433
-0.23592869630323351,-0.06620659496957466
-0.11514011269015205,-0.2993436493103065
-0.12213268279053849,-0.11044694613658473
-0.10037074330646809,-0.2643460464437215
0.22213964112306894,0.14658944037455346
0.350804351184475,0.09613401440614913
-0.04967348812419643,0.2125377868769468
0.26381384261887947,-0.15847625686505803
-0.21342897930463764,-0.2769734392597528
-0.03544996944354678,-0.1745993520541783
-0.06175621436114285,-0.11171173522771523
-0.19033142075674153,0.06141868468488915
-0.872137944526833,-0.4519050320115258
-0.18088320893227863,-0.49853848188132804
-0.11070751447300971,-0.1263427474783063
-0.17737270892621793,0.13834978247675722
-0.02364394399125246,-0.37249830580493143
0.2718430676107,0.07888524403219248
-0.08673221281853083,-0.17510604545876035
0.2635383208892119,0.32500450747754106
-0.05475910317352147,0.1659208539703375
-0.42205389197112353,-0.1928027096120265
0.17692687636232932,0.049527624835888
0.2038887319730698,-0.5543723036810345
0.04624087559056041,-0.08228634293413868
0.25828481254684055,0.24659978853414163
-0.15218152853573913,-0.2757899475028487
0.21011713694066736,0.12038309169330573
0.09108105433498435,0.2988975189767297
-0.1552129045378388,-0.361737292411744
-0.23280674459454173,-0.3884784419393197
0.1222129208924513,0.09003100990195002
-0.34786642955631775,0.705352433586109
0.0007810286815035336,0.14390094991408225
0.054903770523492525,-0.019403093528425754
0.010550555908144374,0.43968357392432855
0.24692417160783992,-0.23920750104911317
0.06387236923057898,-0.16761603014333185
-0.39218955575804626,-0.19404068253530346
-0.15318891799359116,0.007078091961779095
0.2717379604476192,0.47899323109974123
-0.3622445144694177,0.22003917897406428
-0.09773480383440775,0.10602398863454966
0.17127930245865094,0.381497468728093
-0.12572795021730768,-0.27210290439315427
-0.06423595101299107,-0.1515665215853005
-0.21696881375240554,0.1309094681689309
-0.10221041593986763,0.061127031072140875
0.006440650647502354,0.10992036413022764
-0.025376130979333913,0.14102965293573194
0.054233019234214676,-0.06416901763039363
-0.17837396258026944,0.011359862709393641
-0.06643740435081355,0.0665767539382727
-0.25425477723076095,-0.4808647741108488
0.21941520549105428,-0.04364291061705544
0.32745016168796526,0.01503836494614697
0.2394866310060823,-0.3601230286075263
-0.1754506851259404,-0.010171868527941552
-0.4713743068612755,0.2696307604510689
-0.11250583431445657,0.08924819761024617
0.42460837219726616,0.19091819386119874
-0.006000161545335344,0.4698931246754417
0.2659220378560436,0.02831858682915481
-0.07328709995062148,0.2988638785455116
-0.1319084429202337,-0.39000315963869675
-0.24128583677651214,0.027173930995506586
0.0071980525558886605,-0.13619319905182278
0.5794799292773553,0.19336424821527662
0.21779014477305395,0.19334279909000693
0.6329660377539872,0.3001944297509307
-0.08360945436740173,0.2866252464197077
-0.08869203411210244,0.07135904254189046
-0.3741735101659237,-0.19180094525351277
0.21187445312447414,0.032348756750423764
-0.23905695612736014,-0.24446977659185684
0.6107343697265003,0.26317336352278636
-0.0766627391898007,0.23817076737242954
-0.08750382679470958,-0.2629117807328754
-0.2423236852392214,-0.12988160428469894
-0.4901247344417916,0.046349138034345004
-0.06350130806261786,-0.3931065028602452
0.383986179862791,0.39559411914247394
-0.3410005010930292,-0.06648835254979789
0.36493870832608066,-0.5289047990874262
0.1430007799497042,-0.2755586140779075
-0.4838740049493689,0.22118041854668946
0.2879752091790325,0.40812544455132393
-0.2510165037018167,-0.1560163714571662
0.011516783233743626,0.10827773216651078
-0.24530939693515227,-0.1883131282085733
0.07250052940638066,0.03933810279423258
-0.2893766303642576,0.19026450445566814
0.25549312609571406,0.16871411904510072
0.020666610286900994,0.08666715690216585
-0.04009019979137101,0.4753426498435815
-0.16679115556498658,0.04197012851625337
-0.20929906635316864,-0.08805110685767992
-0.14267994615328153,0.3558584965445867
0.40356305251033703,-0.26765524857627565
0.28077423620532777,-0.4971236242391598
-0.3850628005938209,-0.06378059879642532
0.21462355046310275,-0.31718326629549254
0.04269268059759277,0.5048674404421409
-0.23627000395673867,0.03154826232406019
-0.45911746937870485,-0.5232746496710329
-0.1895763553212193,0.3606581680215074
-0.03265281507203908,-0.05591678318024162
-0.15739083419440816,-0.042735024454931415
0.10389386652524688,-0.0357586901191879
0.20457310182617755,0.09273200331670957
-0.5731937545807171,0.4839542246106687
-0.14229235202952634,0.184512166394867
0.33896764134436996,0.2930984566389897
0.2036760858535728,0.14646996525096986
0.18099125557945886,-0.4668979435327557
0.16071296170289068,-0.030058944427863905
-0.24367284019731236,-0.085022748255322
0.011583372444923674,-0.4356436120228884
-0.31722206850361445,-0.41351354374178007
0.17158051066143443,0.19688472356582704
0.38255727179056664,0.5671882196797724
-0.17132922656028268,0.08126092040645311
-0.4257412220708146,-0.23633896003474525
-0.13508112355265672,-0.24359109357149195
-0.13006369767947384,0.15543814003442435
0.07024740189104899,0.051077506239182315
-0.2401127281421988,-0.4507460526403427
0.30632916881854655,0.06862667225592649
-0.4240489951934353,-0.44026715777588465
-0.21687412894669755,-0.2267076472014588
0.03745349920775074,0.050319131710375116
-0.0074306379180448506,0.1136856997147057
-0.15572804234822196,0.03215898001014313
0.2662606744515768,-0.05361758539679079
0.02761886634422307,-0.1146713074569638
0.5081410477838209,0.1012949598715683
0.048198771122912876,-0.20586363316542344
0.16561085821848143,0.17847808321071285
0.16111738946423104,0.2107608821574663
0.15532875123141146,-0.006858869254105342
0.3194463736630182,0.451752480593015
-0.19686028639683362,0.07690928763003724
0.19239436274824076,0.03846207126263903
0.11411846903355907,-0.014123342324797577
-0.2972096832204415,-0.15839973346380723
-0.4272784952060592,-0.15389699800765044
-0.2884240856784914,0.13551015292390556
-0.09638613716071784,-0.19697474980831695
0.004804514225513667,0.03404010127505277
0.42334510496190786,0.19627783409143834
-0.07845696607654991,-0.20616645505529319
0.029252747660583972,0.3889567560317208
-0.40143246204653305,-0.02744779686247434
-0.06830455164174805,0.46169273484686807
-0.19259098866099794,-0.17049836479265895
-0.11537446690021903,-0.26403861691743596
0.016701510332460017,0.24884509821436393
-0.018426470094499617,-0.4493892260011571
-0.09266659595212416,-0.19432571998131992
-0.06953853202210715,-0.09898640850504982
0.11067804721594068,0.23446298548086006
-0.31172692367260463,-0.07691426172189987
-0.3835853237722842,-0.49343955399491285
-0.06592472317245272,-0.1083138994415903
0.059925314122254984,-0.2172514354482159
-0.307883125770806,-0.25998731957722787
0.0718836111210004,0.3940961841834102
0.13952609769907784,-0.35293781909828975
-0.14727738866102993,-0.12662387676934425
0.05320737788172219,-0.13253105871211637
-0.11846045436322533,-0.3230589907548715
-0.2275400626370081,-0.3937246138656372
-0.26321975738987113,0.09731107027611739
-0.5574605006718505,-0.02905652513234192
-0.12996147796697746,-0.1020548859639604
-0.0001739923490092617,0.2839683290780441
-0.04415564230136271,-0.06056652929673405
0.6459660832781587,0.2934705843991803
-0.3686204260947341,-0.17933982363137538
0.1266081923096364,-0.02693527565221308
0.1409448205333747,0.3751928604287487
0.16140921721229767,0.3277884022806182
-0.19762571677332172,0.06423963217968548
-0.11714065272543209,0.19763869891527333
-0.11674705344229344,-0.24557856871448933
0.6154844441131628,0.1542644295573686
0.22228811975744095,-0.45029823029363353
0.588795063704407,0.198620923117989
-0.3956991612980703,0.14523830709866353
0.02798019492522726,0.1827749694697112
-0.39792351896023703,-0.23511089075746605
-0.41415710269788847,-0.4955708569909219
-0.4577314240916968,-0.36000693089342634
-0.18868659334586826,0.1036353345043735
-0.3222764951452289,0.09949299619007593
0.23853036188885735,0.13298555152492858
-0.21775685639874912,-0.12194797935264615
0.22353748661576217,0.10464224808175393
0.0281051845481459,0.1984885464777399
-0.04242920753308773,0.5391034196867961
0.2580914767365524,-0.09585071149183971
0.266514251820672,0.11506448738175015
-0.24227698390202806,0.20104220651553076
0.19410662959183822,0.020230148595456073
0.08478523045110024,0.03863237079743958
0.38985213635306776,-0.24585999638299338
-0.015591494080528128,0.4476637854713388
-0.1691034285643408,0.20028817408774574
-0.13085688533887704,-0.4423146631939783
-0.22211516008410104,-0.19607897977667982
-0.50696034980206,0.050354181529019
0.4142383005968367,0.0021485568493748754
0.017473997816065567,0.11571146797911147
0.2661635313311391,0.22939136361564855
-0.07704183631885984,0.040352465043191475
-0.1462706089303556,-0.0979751072686291
0.28880634971442354,0.1580157831298601
-0.20512601613317374,-0.03673186865914871
0.052463839263275996,-0.025142250729158964
-0.2900379014818461,-0.09406366041821554
-0.13210038836606816,0.1025271885819353
-0.05951252397937821,0.026924655532722375
-0.17472292302360007,0.057281489180602586
-0.03535555885962698,0.42679619330070634
-0.3604045226281833,-0.30219606338428046
-0.06786792198575894,-0.36937614305560923
-0.3826490158939815,-0.6503553177789199
0.3516492547310424,0.018449928829727017
-0.07293186410645956,-0.23996054574794615
-0.07247206520478584,0.3845656633526292
0.11291685197752294,0.07373403049496802
-0.02225920840171629,0.33757166375857256
0.30378218539323154,0.13354980992188747
0.3631883542810966,0.018719076431627794
0.18483843791921684,0.24223392259079735
-0.26833875545449765,-0.04614147501792224
0.5193221339798058,0.03666856285553854
-0.27532879504614166,0.19898358959658138
-0.11460085314306513,-0.3597088728038326
-0.011879908179534769,0.22559243845142568
0.056032416949285214,-0.3289106857259619
-0.6709338747548345,-0.15251196988105511
0.1175492431192099,0.15902007079722846
0.21930835108015326,0.13444675595623287
-0.16229043250352324,-0.03537143518980374
0.208004526632816,0.015458510920902568
-0.1887055503031291,0.16381971887074295
0.023199965046905437,-0.08810671077088172
0.4397769764840253,0.05133784850407441
-0.3569588728577678,0.15103663947008186
0.02509996129800739,0.2398205105642638
0.44808448927977085,0.43074357949044295
0.5174344729195602,0.20371119958384704
-0.4041708990459379,-0.32260514423188574
0.07254934767549655,-0.06672583419601064
0.18584634867410135,-0.0006391479197532008
-0.19565289005820846,0.33524513683529117
0.01584243079196336,0.0869673143375761
0.20684694071225784,-0.3491008445758748
-0.23539608044248103,0.24533609183323368
-0.06582735208413633,-0.14837449637633493
-0.32354128259841736,0.2549970501711503
0.0014169815916281615,-0.16488183824804134
-0.042621713680713866,-0.33684515072043597
0.23491064411057805,0.06413782137694818
0.23853530003580478,0.0634190007154686
-0.08755787256164,0.18854720132273506
0.2075775881080691,-0.24049699832571836
0.03762534598904379,-0.05101127410897413
-0.077620434876759,0.12726506508122684
-0.12635004071216566,0.12445526695652427
0.3420028445437061,-0.4354559180438883
-0.26096921656244015,0.1246401845243667
0.20395962546151222,-0.1661378121227041
-0.07884472245025775,-0.28825891580987395
0.10695660297717109,-0.0029865647737386796
-0.06024719915634555,0.029412376199084187
0.27169815518094925,0.575988233190847
-0.13803381529026473,0.2061529842504007
0.2966626476082242,-0.37228769120964966
0.29765058025688734,-0.09440052875790819
-0.33002034435591354,0.03207310492460357
-0.06383114222694913,-0.28372186367421004
-0.33402097170789247,-0.013557406377645785
0.17301542713920845,0.3592905523077668
0.19451039552452504,0.054084745244598345
0.2609914888212445,0.6433098834089321
0.2965207772756904,-0.10587930718535374
-0.16831447214508027,-0.08707961962794421
0.1268278779750697,0.5217826875544215
0.3257871507955952,-0.0908182479370097
0.19559752213535667,0.0023681853326892217
-0.05595312463083217,-0.19162633524730444
0.02802823568892057,-0.011536045010765123
-0.024114647548308856,0.10978536786161114
-0.15851626004341227,-0.007173481693388708
-0.22717364323774455,0.00592533466800446
0.08342054759695393,-0.040201451979246565
0.1919068483428433,0.21809351499079968
-0.5932563735138364,-0.5692397674039452
-0.007000047479858255,-0.19976340198087614
-0.22819650347538403,-0.13011911084509495
0.019303324114726923,0.021019626412006494
-0.40413277558263994,-0.02650318813002327
0.04573169961647981,0.06857817606319036
0.30691648797483795,0.04557160913989157
-0.040708134784975605,0.23261606783192326
-0.11419433195880496,-0.02838168507408995
0.23697528448854505,0.6288780959737794
-0.24839338910648723,0.047373362424767265
-0.47617753652035083,-0.6185194793464096
0.0026362357124730426,-0.2520007568540759
0.10769903226124405,0.045155345134995535
0.2584433833230868,-0.2412637836634149
-0.21769432460731328,0.26025630636668823
-0.03292393314507493,-0.06479845967040178
-0.03540554853207634,0.11569671056439383
0.28646671154239267,-0.22504118116729682
-0.112212334449305,-0.23792912115634507
0.11684285776417541,0.05628507312025113
0.01770175932854828,0.0543376986661341
-0.4502471204247257,0.067643211247699
-0.056734631288734336,0.12190328261108582
0.25288997927097623,0.48505203073352443
-0.03893109666908604,-0.17595930456570927
0.0627517530759925,-0.5141121781238794
-0.49272464799663346,0.3878653633589226
-0.09172786432359772,-0.13669301440285897
-0.16062021319050812,0.31234579112713245
-0.16731849626714654,-0.02078431171869511
-0.4746565213468051,0.4962742413830583
-0.26400365314346624,0.04967472182917972
-0.09004187103642623,0.1402609590868372
0.255212792658323,0.3298168278272211
0.3205668225097585,0.6688308369797124
0.4082438076394999,-0.12361785162651327
-0.493418865592179,-0.22689304035049557
0.0962998151724365,0.1855652325197531
-0.21828485360709313,0.42188517335297626
0.6056044776987991,-0.05926713353551114
-0.26973507355661164,-0.15994509035111318
-0.43320837083822705,-0.13948998846252939
-0.2558634322368418,0.013337255016339542
-0.015481007375322832,0.6068850452184343
-0.02919135189312369,0.3192893356748808
-0.13834407219001532,0.43513266965343456
0.23227899841581362,-0.14386441417430554
0.3089298639750656,0.5339155476456406
0.1705727016644715,-0.3329634999768889
0.639407467171322,0.027270839331126923
0.20956489664071376,0.30072355879274115
0.20617090107231598,-0.1644497797630294
0.013142978896862648,-0.0032710620127150585
0.28191404882427556,0.08732910945040859
-0.19276050271613354,-0.4547259557773511
-0.029343402634907575,0.20627566456551003
-0.10148293889982117,0.055639549418646156
0.4042699698207937,-0.08682959829068052
0.20147658458462528,0.13988119311518651
-0.13388942704246412,0.19745974836900682
-0.18711750095218355,0.4943326030528623
-0.34991165455317064,-0.024325943827105276
0.11042672587075558,-0.25055855694983503
0.16112687921464602,-0.20392115594147972
0.0516065604260089,-0.15228024537848658
-0.5230996465434952,-0.21389294548036994
0.2790975367034428,-0.0678079564808496
-0.11591784232224212,-0.2167688106008499
0.5003045470296515,0.14983718758933573
0.3493985808783793,0.3961965487859147
0.45756051708512635,0.22491434577209812
0.3236182247745036,-0.22756956075779658
0.13286924873393816,-0.08323552484231986
-0.024462566593417202,0.2962012471859452
0.3956155429077621,-0.017176188100024355
-0.24605453356960458,0.09641033941305639
-0.18671671409785245,-0.0841978398271897
-0.33499111796494374,-0.08114011596269795
-0.24021461439297004,-0.0881670495681171
-0.2902294447712998,0.175538279892451
0.2972371313512208,-0.37717028682283693
-0.11925629928647229,-0.1152026976921814
0.05553773525829235,-0.11412084855300529
-0.05900874855581224,-0.20235627059320377
-0.2745540218288562,0.1145230943029719
0.1844223265256559,-0.17439076041498883
-0.44308342658945693,0.053183142858238795
0.09043926446583894,-0.14037438204355357
0.07649520207846863,-0.5679056640089069
-0.3586140195832677,-0.37684118765093705
-0.27482808583002305,-0.5092041757235763
-0.11829568468080767,0.09850413088538909
0.06942262676076714,0.04840036831630364
0.5646800667017505,0.12419022988721011
-0.2065376639920021,-0.23542390622937168
-0.3343395929889985,-0.12118963956931299
0.06298679968641507,0.2135731210260437
0.10131088955075168,0.002106737252719105
0.14743323299328667,-0.3277214683071369
-0.22928832894365292,-0.3780698356332466
-0.1788478933304819,-0.12819011288307547
-0.22858030454331957,-0.29121025939431366
-0.2768025081153708,-0.18962964525122625
-0.06135368342887834,0.32472418309287954
0.062218168155901366,-0.6724111440899908
0.13932331328709743,-0.1362220354541857
0.21311765048048914,0.3958811194554892
-0.21116532881105032,-0.05758901617119372
-0.0420062343866467,-0.3688519017037052
0.3535046262061519,-0.16369574497931175
0.21649027166623783,-0.1822876827273734
-0.2383090066263851,-0.4735430313914749
-0.19716962818105327,0.2944582238796757
0.25687216497269716,-0.12249785236086252
-0.09039165924905407,0.09808260930039833
0.06719245053968556,-0.027943140174849283
-0.6043509620921501,-0.11601874870666196
0.40530417967047677,-0.1463139552448635
-0.22309103771917757,0.1603513328379584
0.2064355697650074,-0.03822416950113594
0.3717548928534217,-0.0591450902371077
-0.06277599132244059,0.11015638182763746
-0.2286050853147124,-0.4978426273725128
-0.07706160688943314,-0.18103373385445193
0.2608116471090053,0.0728459433764084
0.06577032124700043,0.4591831187417409
0.05903486789983829,0.24486455542109062
0.21104508879930184,-0.18329780550876618
0.14359939691069934,-0.22163711599630928
-0.2324421067590919,0.2991192755149503
-0.2138830529647063,-0.4468460627073592
-0.35060810471914394,0.3014849054773067
-0.23344167571783758,-0.18638143650547145
-0.10465056494392944,-0.016307343157911446
-0.30620045745352725,-0.5736587413511739
0.3450665440803929,-0.3923026173568835
0.10081184733798094,-0.5263785358331123
0.2598383756313762,0.18068982410463347
0.21842169881287074,0.3108851084527112
0.07574420929233194,-0.22303683666973553
-0.1390867783904447,0.46741036728363017
-0.028300492795990777,0.2454213059764485
0.056648694152039984,0.05224370916415227
0.038788789399075645,-0.3163160557543805
0.04213648778249869,0.1408389592703912
0.1191720147748756,-0.0668996799521834
0.09349303655947244,0.027189372399612985
0.10094413634548627,-0.20216098576578895
-0.21449152452686743,0.03682611392876893
-0.034690716834255085,-0.07818451820850976
0.1219798530066896,-0.014617750352726526
0.17968225081032055,-0.06474773253089548
0.1995888903614342,0.09928278120334885
-0.08556036254650569,0.13977232031170367
-0.5336427488250273,0.2375151173982547
-0.15137613285617935,0.19265975073744587
0.1480799927181384,0.11546843488623963
-0.21624477081305657,-0.0626990412067874
-0.058192001327939474,0.06459053665327394
-0.016691936431907587,0.16947126919412175
0.17993261365790084,-0.1056752819016132
0.2722918244717105,0.3663159946944502
-0.07441356718817319,-0.38148926856622783
0.09915819907149723,0.03350196605437058
0.0738212890537021,0.07097158444914765
-0.3291649700614609,-0.27393660673019066
-0.24144790574171993,-0.20797795272289832
-0.3488694338286994,-0.3151056603036908
-0.16414008611277334,0.037414114623480835
0.28052424093657774,-0.004474771811263932
-0.10771001919532672,-0.49086181944553886
-0.0926213880821393,-0.2776999680406869
0.00027314536615507515,0.08650904903545488
0.08387312551715204,-0.10827142822711348
0.24221591719410693,0.19668380995747217
-0.0783233853363937,-0.0014191346257960852
-0.20730964342931926,-0.25409231188466525
-0.1262562597352853,-0.2692546226047239
-0.08634729174593575,0.13321922642354062
-0.1555882881875487,0.2776726592151932
-0.5008715197412285,-0.6242942076594172
-0.058087986550541496,0.07840926144250514
0.29132058841924696,0.4357105121134008
0.12930331526775007,-0.009471375489539486
-0.08126285096715581,0.16847219310180786
-0.09121996712487919,-0.05440719623199849
-0.07947519337964437,0.029404689250993963
-0.2207422851582724,0.07164813776612564
0.38815787458813983,0.2302481491350889
-0.5472766202053827,-0.3798313896062689
-0.07736426813522032,-0.23790172486789382
0.49565131674966206,-0.05989612145272542
0.48849165036159214,-0.10458879594665521
-0.21409636530803852,-0.03641160803437824
0.24444910132086886,-0.047485366179902955
-0.17805412035020612,-0.19102044128343026
0.12260420795532918,-0.053220662693162786
-0.15649010461601728,-0.1471998052948907
-0.07231482175673201,-0.025493925355856015
0.1571764506751504,-0.10122226700953005
-0.30961345266422136,0.09145343465631327
0.1953953634112703,-0.25621926012524937
-0.18889445801909635,0.014335328608546947
-0.10271625369580743,-0.09379699407705223
0.051596347382776346,0.3656385364285188
-0.701903878162559,0.05261466688910782
0.05539906100530569,0.2073045684839063
-0.21362048342562787,0.0639215001766408
-0.2629533941432305,0.02545445281822709
0.07076632049532328,0.22812579666078625
0.19628260757146718,0.27885889768703415
-0.41262474842326413,0.13250831900886478
-0.3167855789267295,-0.19884315090769739
-0.024465421023190992,-0.2985657689863645
0.06357419105860737,0.005475145111137271
0.2580642714943585,0.11729900711621513
-0.5534167790543495,0.015539004612249616
0.14422744732847942,-0.14267482393654243
0.10774587956345974,-0.1689383835416928
0.007154153734376403,0.11990163247340359
-0.24250476210734093,-0.20551149387740061
-0.025677281850669205,0.09054066544728592
0.2658550197112562,-0.3701336229998532
0.10812309481229014,0.08654683229161629
-0.11867049537807953,0.2791018731588548
-0.014579208991887643,-0.31222659558894106
-0.09765933050507153,0.13696305147965648
0.013903410728166614,-0.4682176079367731
-0.15115371600616215,-0.4751766257040359
0.06801995827585647,-0.1424198827981877
0.019186731126400847,-0.0998562431123359
0.05986243003425297,-0.10123022260680636
0.3531349517692149,-0.1503551429970786
-0.286495007590953,0.31179406184489533
0.0644581501321659,0.08759880194102872
0.08998261573634424,0.3711048821377918
0.1183882597724307,0.08589391553488576
0.18064375071566519,-0.27887619303971933
-0.14481698642721766,0.009844319506013149
-0.15153054053657594,-0.4505372733839729
-0.09239683326406861,-0.240509890814666
0.1839407603682982,0.18852289839516112
0.24174042649248964,0.3041665671123303
-0.11833576688711349,-0.5127838561237238
0.0038807637202357354,-0.13177670206874673
-0.2583023133317791,-0.26415505422133867
0.014372174212154337,-0.1222180097064772
-0.13405762611364946,-0.2544350324681487
0.35024019763148223,0.029954946713233642
-0.28820710037709774,-0.0689869812739917
-0.19862395398812524,-0.0575982690004159
0.2513915271799672,0.05619163347388419
-0.05340788656957179,-0.13605577282108733
-0.09179481777537515,0.017527139156168603
0.22554132516304476,0.4526326881967822
0.11529355596671058,-0.08757082399284566
-0.13163480486953538,0.3451133695555111
-0.21640350794290072,-0.14737382640199317
-0.13316947136240365,-0.04870629869520903
0.07254002221040703,0.17443191658026944
-0.12161861600633952,0.1640609517648139
0.05164611681347191,-0.3196808385002117
0.16572732725538034,0.43406699345752225
0.2806540756609727,-0.3438166122072912
0.5341433121369595,-0.08410570765606745
0.21776859956318717,0.05814088421168545
0.09232607087784571,-0.10345808072210477
-0.06877817892907336,-0.26622243521231925
0.0947648569532099,-0.28939945125695715
-0.2580601363508253,-0.2542994776440219
-0.1260263898070201,-0.06838380840089067
-0.22369793195120755,0.030410315524310717
-0.01372145689036122,-0.03781885857162065
0.10600862088518574,-0.08427387327981681
0.24113431656472034,-0.12038397867865343
-0.2632136677621318,-0.34493017969972023
-0.23815474802813624,-0.10812884004435964
0.277381376360613,-0.06256331026769375
0.037703650810579636,-0.1599659506603781
-0.2676794540828388,0.22673597496811426
-0.1314526994037132,-0.022197099085501
-0.16696703380054123,0.2505575601172126
-0.1770090508194678,-0.03319088729370767
-0.059196558062647626,-0.30552336948330316
0.025563936111707746,-0.10270002576320783
0.20044692506096967,-0.08003381885692512
-0.2802286339208242,-0.5913917844340943
-0.15408137355325643,-0.4019389525579926
-0.06757420044271313,-0.4734288785040556
0.3573293777618067,-0.5821116121606842
-0.02028797173375848,0.17981970903102903
0.25795375026486456,0.16536030202867574
-0.10999617620603398,-0.07850497650565418
0.1747592582233534,-0.09559798971178483
-0.5315814292640791,0.22607947322058594
0.012876778429774914,-0.257517194805348
0.23240138815585068,-0.17847009876428704
-0.2905636933502753,-0.02510426444742411
0.17449450329838198,-0.2555908156328189
0.10158256368303549,-0.03769707691610321
-0.2034254760215146,0.16941620499783547
-0.44989506187852696,-0.1244949771450012
-0.3616519174135612,-0.09531908449708362
0.15303481501959013,-0.03443240091819621
0.37245645197302213,0.05100617208774619
-0.08914198019070371,-0.051019463276136295
-0.17827741503549427,0.31974636319039307
0.04427718585463627,-0.40574346018203167
0.17790873698799162,0.17731560130792054
0.12299015694023781,0.05493088146200452
-0.0359494610713995,-0.09878368451199317
0.2659415184750837,0.4942002488917128
0.24750933464313002,-0.3400290092614473
-0.029323663693506502,0.09276283791896989
-0.3195273378651033,-0.03234309578070463
-0.5686228631417934,-0.35973449786735895
-0.194489502631995,-0.686738346472302
0.008495065136592386,0.10749006165292452
-0.012985133966692628,0.07963225078407977
-0.08809315013340722,-0.3161663675308484
-0.326205230122523,-0.1728821116156573
0.5211687946944953,0.04432910520743974
-0.2953147465962961,0.27117993722446293
0.1496346973336687,0.46493505840309496
0.3672873377794629,-0.12972131266017273
-0.3161792585018169,0.12664946172932626
0.0587416182214256,0.01992400019405447
0.3942118930295428,-0.07915383217870832
-0.269277466593546,-0.05459890347040005
-0.6189641755334526,-0.06275329730833243
-0.32948479118541973,0.020925535542911447
0.36015077520912214,0.12635012354719885
-0.2750452934964788,-0.17707540346360867
-0.2874845780159536,0.05930014530065946
-0.45251313484742034,0.06252750284229469
0.09048235290408013,0.418172740091625
-0.31691609538768695,-0.3251036690835768
0.32337082239466275,0.11221089461589262
0.28647727056378364,0.5633154297828086
-0.21120652013703492,-0.2644681888552775
-0.08803259636867294,-0.30270892959924955
-0.27025814933429587,0.06393209653094349
0.0734937760198869,0.28321023278763746
-0.12601393872272493,0.3288004905199229
0.3307433085599488,-0.30255522985160305
-0.09955842278339179,0.04601624987759976
-0.25980212000784075,-0.31660278240272877
-0.026884301852898956,-0.27216744367183043
-0.2875222926093567,-0.035898534819523896
0.045683465318242314,-0.009012793175659051
-0.02195485189720137,-0.03787080667635496
-0.16819899665215904,-0.2141884637756668
-0.08670271795873946,-0.4311298552212221
0.10072394060642623,0.5182124873005507
0.5481627832947464,0.14094753625625078
-0.04996551318685401,-0.22204655726108255
0.40709170357677765,-0.17909673316464214
-0.1129851413377578,-0.17664314082521723
0.09270145826514221,0.36324019372993227
-0.12256008945890816,0.1866768963803429
-0.022935647732851106,0.3713370175409311
0.20286517932461556,-0.2299721849799724
0.026403759058882037,0.09101673800638416
-0.05578231943159068,0.3583575834840607
0.3318294638965192,0.07118131542134128
-0.1837052399873761,-0.25554931311047485
-0.9137329440623652,-0.40600760166990724
-0.018887720044945704,-0.5743620891397476
-0.4106430388021414,-0.570540187570284
0.25549288893331923,0.17355826129104165
-0.2951477745258493,0.2514005065103964
-0.3274416580132561,0.40196669773962623
0.2290627472021449,0.09227059047046401
0.21931866136486378,0.056026881831256634
-0.12021468804378388,-0.1305882930744252
-0.18893774501468122,-0.11987952389651411
-0.5706791495514741,-0.8991629249674066
-0.04876474450451749,-0.5288488937748786
0.03462533068272339,0.20156537929079613
-0.15304326956267547,-0.08174792135084545
-0.008174344656367231,0.2527547241138638
-0.1364743847948123,0.17162887363390997
0.5856516422410603,-0.09198803362764915
0.06854560901031906,-0.04297587346136844
-0.34985460507431415,-0.1539523411201475
-0.04897010926652766,0.03943066496666103
-0.23511252994118756,-0.19378940872475123
-0.17308834109659404,0.36937218063515964
-0.03336580594851725,0.007049394499284881
0.30879631430067433,-0.662477682981923
0.017184281395848586,-0.0020463119571454552
0.11495310825467683,-0.23675932233295674
-0.33193933768905837,0.004891748099919697
0.013012435581748218,-0.12318456301586345
-0.09895005208941972,0.1791421132427183
0.09990270301751551,0.0706898567909195
-0.16272302791458743,-0.6542569054254105
0.0067699352873064386,0.22154051993968768
-0.06399307388792672,-0.048608614215160106
0.2265318523219253,-0.25702318393277046
0.37186627320905963,0.577946088889858
-0.4077475728945002,-0.14621509304625432
0.2791312272771155,0.19020346022509807
-0.2857807135460742,-0.117280705270572
-0.4041161029125241,-0.11056948400895361
-0.17057447755069838,-0.06341429587553485
-0.22882488486227673,-0.16914286683148247
0.3750457388076883,-0.19562773322147028
-0.32535597691057566,-0.08552736805315443
0.2682159704296576,0.2841488130162797
0.18425365110521139,-0.16895237121444817
0.07940119340774227,0.1920603024911819
0.07291100611696358,0.2086791194999523
0.0588257638873143,-0.08763062380850309
0.1549073045401948,0.37392855324842983
-0.341955729922192,-0.24466574636094238
-0.02910109589482907,-0.2638790576723437
-0.2131546294059416,-0.20910856555109658
0.15976900444601924,0.47715549102814553
0.4418132161922776,-0.08648547863971914
-0.03451336120613,-0.23531652010282092
-0.13409337299401194,0.23065752172997525
-0.12779284675314576,0.5771552430252158
-0.11663343630386004,-0.09474993080862394
-0.6756086948221252,-0.3812765623457204
-0.08440693556946623,-0.17072497838407769
-0.2010207638533838,-0.4206862988142562
0.03609872498618571,0.18631986068851794
0.008174820124980036,-0.3851800453331547
-0.011693729927522304,0.039526963734368745
-0.20702539327892297,-0.15812597755462723
0.107991473620562,0.0019620862198456803
-0.13051027148805724,-0.14608488616995288
-0.24332560224944633,0.07222596601401048
-0.11457373874595907,-0.03323553905684202
0.24150807681715375,0.21702962316451757
-0.5334565950475324,-0.08801823214803138
0.13725160763907643,0.3819553896466267
-0.061116575714183004,0.31723103970531336
0.5630404666732648,-0.010807217558208248
-0.22959211663112636,-0.005400502553410492
-0.40160536949746406,-0.12786949788676927
0.17470544730832846,-0.10653666424031229
-0.4059575880471738,-0.02510088863976562
-0.20060748801415254,0.11759835066872151
-0.3425465860710308,0.08732690239462894
-0.0064312375196912035,-0.06492905553904435
-0.0968174299550882,0.35405034641917105
-0.10678793649372692,-0.4153940736935607
0.016036688487130666,0.01579666873331954
-0.39121754057987046,-0.2533574028372453
-0.20767406140501316,0.1593885022951913
-0.30429817869583164,0.090680243227708
0.08984771097723421,0.18523491793465724
-0.07434576563379794,0.05497642565022408
-0.1970236025049509,0.3430499429915902
-0.2541608486456999,-0.38136179440331774
-0.41316041137161946,-0.32664201987809566
0.006995376035990047,-0.14914266844186294
0.19236546345250113,-0.5627925494737664
0.24327705559602378,-0.3858100298495338
-0.24910567588654028,0.002786588577080274
-0.11821255855547491,-0.5902682364179933
0.20308501054575642,0.14510253483474309
-0.09706784806609858,-0.29430504841837146
0.12020401921608295,-0.023719906115904323
-0.0051560457766205575,0.011628516578288646
-0.007610877144255272,-0.05662522859869678
0.2084513191056975,-0.09942157893797042
-0.26443953156464006,0.0394658735476171
0.2515180827638669,0.11269381607354739
0.2519245930964462,0.0818574051257713
-0.37147655761475445,-0.31753727736012644
-0.18166821908331632,0.2654489843991251
-0.15534253953304977,-0.01010282859994852
-0.18869411851788834,-0.06973336034577912
0.0016139922538520987,0.04109982094048566
0.01749357732475384,0.386466354604309
-0.02357898511998302,-0.06334730190778086
0.18125097939806617,0.14304945474894154
-0.19540307120109762,-0.2585676943176209
0.4208327743587819,-0.0249336343697451
0.17277031749481256,0.12637307577975657
-0.05888439730173045,-0.03759517793628299
0.15160714523600344,-0.004471278740970744
0.10885891479101027,0.19342224726442853
0.26411304488479015,0.15824248337456717
-0.012941473798834688,-0.1783975723627038
0.2706586001556928,0.17759282857510364
0.19304529675189602,-0.25193690680602754
-0.10497911258321943,0.035608129483289154
-0.20368838066578324,0.1892135834400538
-0.13069749530207783,0.10191444173176424
-0.2330974404122048,-0.2170019462304508
0.3130892507117951,0.2494948737477983
0.39061502562680833,-0.07037430804071726
0.27580159464882875,0.25404967432227027
-0.14731267190872196,0.09973833064582412
-0.38998021978294917,0.0057430708119694035
0.034184986427075986,-0.12650206785390755
0.0758691516340225,0.4089746109023736
0.43496881588160285,0.3388415840670357
-0.2008011052744717,0.00152880150421461
-0.4133665396948684,-0.09730775377782377
0.22967973791168975,0.278079053790783
0.039698305300166215,0.1155481909485313
0.056770001915765284,-0.49509848185759747
-0.3355821110526684,-0.0973627928527706
-0.01200101742713693,-0.004284992419174863
-0.041031492305353655,-0.24337291844860467
0.18940436370620514,0.3062688616820502
0.11303014209448879,0.05472600404236995
-0.036370825195804035,0.18513462282656293
-0.1983982928578106,-0.14926210535560017
-0.4967969572828822,-0.059537492836038916
-0.1732003496931631,0.13618592434495724
0.060374663804168505,0.10312106883817734
0.0539708614646402,-0.1784989245564403
0.04390040898133566,0.06133282783534442
0.2929399891764591,-0.35495772107783935
-0.0371537406989033,-0.5116570966161399
0.23556366108612317,0.42404306915823
-0.4008045173205856,0.10421424609971364
0.1717792127854846,0.027142029300252165
-0.03772147916303232,-0.09303086955180705
-0.09267590417609381,-0.27502033950199606
0.10747176368936086,0.17424991732432726
0.10285932513395632,0.20387950253571882
-0.17917927430207678,0.03294316918165292
-0.18953455493894866,-0.1897852973176486
0.4016339286430425,0.5500731132517234
0.18331865159840466,0.36563015609522753
0.22573933014981354,0.0028000660910202785
-0.24773542512760194,0.14810331281304814
0.1893882956186372,0.055026869024320524
-0.14249781569248193,0.5560057235615037
-0.43410994772174644,0.05067357580654111
-0.2781004819271591,0.0031975408351291945
0.42057578864316364,0.15989410884386704
-0.07910283813805342,0.2669640588453466
-0.0064425231083867825,-0.24826333676483237
0.07542469022145942,0.07059032141418436
-0.0237118058328185,-0.19817387206536552
0.3481850263595764,-0.21443329219019786
-0.26114731734397634,0.12084796434046395
0.1425881541035067,0.24670946462473184
-0.12001739153860548,-0.23026193260882524
-0.0633237213864058,0.021256534581683688
0.22856023742971623,0.30298675741651904
-0.17120382341798016,-0.2802159359913693
-0.059636438293823923,0.21927160020422487
-0.21260622127367215,-0.04527496285834046
-0.2900999863275748,-0.09896026536092128
-0.0920002326387353,-0.17632510780036909
-0.18241831391001337,-0.2140847442377712
0.2670489783372847,0.0685237027057326
0.24816975292995036,-0.18101994149987166
-0.23461654048970765,-0.2634289684281577
0.2569858080416507,0.7706695647220061
-0.25181018535165434,-0.15319432324302096
0.020341686069997415,0.11323584812885358
0.2889617314111094,0.2087235984872248
-0.17992262105797108,-0.04816641500850137
-0.19115485390305192,-0.06439841988521579
0.05660417584840293,-0.30410390563090944
-0.1595179175281069,-0.12031558114923618
0.047694498500854075,0.0512786315385334
-0.09153733124250543,0.10236689482772333
-0.28199407281407013,0.05930436042745137
-0.32736159264096154,0.16894931752632464
-0.08678079363283772,0.2914313304522201
-0.10400936491064022,-0.14919118084760197
0.002709405959184045,-0.5553953606120431
0.03169937843645476,0.35053166685848375
0.0796527653968726,0.05475225701287442
0.018355263939259268,-0.2869729620008864
0.06577195656257265,-0.7008682759075815
0.12115816583413892,0.052082474209724776
0.4088609968088162,-0.0920142920364298
-0.0620516187892704,0.014067705279851243
0.021562443172686116,0.2998313393581393
0.19630630942781854,-0.0006131815781361334
0.27526263684385044,-0.1822838006261571
-0.15124638182135808,0.18857973901447164
0.0794400877815672,-0.07145933679154612
-0.2502601675907873,-0.0986273497715997
-0.16294101255811916,-0.24850775565656363
0.08177807189635604,-0.3468116232903763
-0.02702945711768689,0.22073082446282927
-0.0788896631200284,-0.2017998362879687
-0.06408028990917963,0.2310743762478261
-0.32229033522284783,-0.037114928748486
-0.1808607173993335,0.13913037896253136
-0.12971457408994921,0.2637298668847257
0.17433175539419565,0.22494479713858556
0.0682187204087557,-0.16633881408402984
-0.22009422476340368,-0.10710639188436671
-0.037746396477028224,-0.05654873379073201
0.042378594695950185,0.4793963962504181
-0.09622928127412671,0.24876680346524777
0.5078755823109166,-0.17284366071820623
0.11521821698751855,-0.2984326783691917
0.15516128932499168,0.1598895978882207
-0.019699033184401735,-0.21880762705269285
-0.007836812391896084,-0.11483883622056536
0.051691632512181215,0.11799261361879688
-0.45574729354171467,0.07027537816707877
-0.14113937319328038,0.4462591218777399
0.2512399778219482,0.3812172020907594
-0.26156408266012393,-0.02490095611777638
0.4277445981052563,-0.20760867130004323
-0.012198525840786723,0.3931641000264771
0.018272832834867473,0.03345598725899861
-0.09728550487590516,-0.2556747848216441
0.06978777398176204,0.17002194334612403
-0.4677455486628662,-0.21647891881765316
-0.015289491612790088,-0.53002005226028
-0.11878067190372307,0.0637303754963506
0.4227455369285396,0.3390561634677412
0.0771826265470888,0.31167623170637004
-0.21209703537673963,0.1776406864242146
0.3643229696263638,-0.4274956750986188
-0.04584948331250147,0.14114670587239544
0.146375365820027,0.2651685764634796
-0.3201827246625826,0.25654422499662327
-0.03655342073195882,-0.38471231071608786
0.006931346081991478,0.22642777651785884
-0.24603748565016287,-0.4554565390899062
-0.03836112627596009,-0.04426524741308004
0.48850018470011386,-0.2658891552315404
0.38247458361053727,-0.07246271830530632
-0.10697926175917986,0.07753821641044507
-0.2745816711589255,-0.10160240343309085
-0.04912113722424243,0.08110804345137071
-0.01858594896964369,-0.04444965722072186
0.22339969032553414,0.01839033879913917
-0.11105894151236721,-0.26234820453724433
0.3626239424307925,0.1504491986527063
-0.4418322082684418,0.5473131235481786
-0.28329958327501237,-0.07701974296535577
0.13935928570116984,-0.019281546184474984
0.03122292926045996,-0.031337743334816565
0.10989758273760787,-0.2671680581118352
0.12972558589899674,0.3270239117491473
0.48536019062633723,0.1697764856750817
0.13372305470284493,-0.02170811175604777
-0.29853836692751573,-0.11584050917006723
-0.05887634573262862,-0.2679008170790522
0.35463054814417294,-0.46640088399439006
-0.29290357338094253,-0.3819319628664337
0.03451656543714635,-0.0483220303525415
-0.0661180402450577,-0.2800158239293329
-0.17229454297994787,-0.0157359798883405
0.1950992738386014,0.07474611189936434
0.05908363195322226,0.05488061904205753
-0.13386864375728103,-0.5259177081398708
-0.07085964630020787,-0.16835203463339285
0.5208620826719205,0.010184067308229279
0.07278032424938534,-0.13505723423846128
0.471118094647242,0.700727732985052
0.046801054143801805,-0.3143528673590419
0.20434917972874272,-0.304195429077887
-0.3437750195039522,0.4326489872841625
0.05555252725104302,-0.5297352544966804
-0.2472120237122409,-0.6434361015285581
-0.09080344931900487,0.08234038925215932
-0.5070255595547329,0.19867065238479928
0.0905172621667543,-0.48308453922708844
-0.014443748833169104,-0.03396861893697206
0.31614394149817365,-0.012440493438391554
0.16718095679256714,0.08794725179032983
0.15754056890465645,0.1538082177129328
0.23867666965919598,-0.08449727080399586
0.5158276366079483,0.18318203359586985
-0.21300412338870403,0.16899142467661168
-0.1075467511409237,0.11157845520074207
0.2933457543828082,0.3028526197893917
-0.14397852709348857,-0.0934214250329177
0.18463649313281183,0.32575473080995676
0.10686310309087667,-0.4090196666490795
0.21680407512997668,0.3290346255008999
-0.2134058710742492,-0.08797392094970667
0.5764186067689382,-0.01859701801354715
0.07721237453180478,0.23217160486868063
0.3292134682089447,0.016399421654328897
-0.1426730199078065,0.0019082343812218759
-0.30347678878962625,-0.059359245726341825
0.16875236888262524,-0.13928789298580416
-0.3168730052539794,-0.13961254853697988
0.06133047102174481,0.1492110066852975
0.18076832045195315,0.16642695492889784
-0.1419036799122534,-0.045984474571443563
0.10852113745986894,-0.15314147911167542
-0.008842619023202698,-0.19208043932419097
0.021188610309593996,-0.5561048816510352
-0.07365903680332093,-0.21084356593591685
0.18333976495820134,0.3563096920421957
0.16169935397335844,0.1721436314957518
-0.431315377307218,-0.01800639791343702
0.138633597736761,0.18171766365236933
0.037657857446865464,0.17081773181342771
0.03483727781195295,-0.3276241690503277
0.39625671882187563,-0.1832586151283889
0.631229248432493,0.1942457840119672
0.23523755878509742,0.20932286806270475
-0.07956772957232625,0.4276906748851026
-0.23902885192747503,0.47884765000823487
-0.18889489479813437,0.36683378110312687
0.03254812586935498,0.1410383327223002
-0.14246527103531678,0.03758623763927035
-0.2928482722765491,0.27936139991327436
-0.3773442105009527,-0.5529804241845832
-0.06762660709468693,-0.32085295683540876
0.06908196707720693,-0.07298969053395905
-0.27089789984488755,0.013267513565675182
0.14214616957753679,0.2254017763053347
-2.39725724375638e-05,-0.0741444046623755
-0.2803633899565432,0.002348888537454965
-0.19826519178111882,-0.22387891182324646
-0.2766252690485613,-0.35799377307084085
-0.1418741230995158,0.15035458621044712
0.17141402128065222,-0.052432233893928815
0.42276452472627657,0.4222847513929282
-0.019163129325330455,-0.15031586009221898
0.18411828700007826,0.23056320294246996
0.17096195472206374,-0.14038268175559926
-0.5145708284629796,-0.2737762413055222
0.16072776137432795,0.08418235479177451
0.11970249351863302,-0.053065524307004466
-0.18903375952207802,-0.13176665173153146
-0.03234438838071987,-0.3376302380355276
-0.24528596130816432,-0.000314901701032324
0.11276755447330987,-0.16374938137123432
-0.10670050579465191,0.06741983405795618
-0.046695616432154835,-0.0114474175925741
0.30340952268964,0.4327109640005315
-0.1220553959021817,-0.0804091947798814
-0.44031027237310727,-0.13238715597259634
0.17225877117576516,0.2321867289080219
-0.3261620794064382,-0.06062476057388538
0.13688400264703546,-0.09729696444541427
0.0719207427492298,0.4117986881803714
0.16864403831520774,-0.4010500498085004
-0.30251245840974234,-0.17297011311637547
0.12611870814711287,0.27479937747454086
0.05836810948244973,-0.20833873796692812
0.3928172559497396,0.21214707279057857
-0.040899045885503235,0.05259051062751805
-0.17144014983147923,0.05086753455366841
-0.2982383090184582,-0.43398203694611887
-0.35664877084117086,-0.20748166441683658
0.06735100900033966,0.21928480381410428
-0.045833310070481054,0.2918707488356209
-0.11461125179319377,0.23025110791333261
0.020832028076672393,0.33699945612927074
0.5459859661372894,0.3244248501725273
-0.36098914041818697,0.011842602155579293
-0.2284515057740221,0.28647226964289163
-0.04050351186360854,0.0902182274862311
0.19657583376552518,0.37223786873228776
-0.3296235378356973,-0.3668600486998185
-0.035980392686207736,0.18660953710151465
0.007567214652811909,0.6906821704627265
0.1116269437021588,-0.18394275027794896
0.19965865874270877,0.465204011030208
-0.24525160437947974,0.1843095712031834
-0.024104903326403266,0.0783119944824744
-0.1417909812906969,0.1594762015427672
-0.02564437198472584,0.31494660099339455
0.14792848205290623,0.2085517091318497
-0.11758049500697594,-0.0894077576888085
0.17552249140595902,0.2006341706761494
0.10078761181224813,0.166083850620356
-0.04030452244384178,-0.1546415976346204
0.07695848695421453,-0.1730507717639702
-0.22361732947568028,0.17178645475124563
0.1474077067527114,-0.16841827463138448
-0.03948810902911041,0.3378864527978374
-0.4042224588987272,-0.37805985580522317
-0.1216530204712311,0.2555761320001149
-0.010124422425819141,0.014416559148148536
-0.07692134342266072,0.4822413076675499
0.27232802285525665,0.14518410726721803
0.24200134406670593,0.012068855551212117
0.5099026613394539,-0.04611234492269315
0.07157160683104377,-0.2769922163939482
0.34507297084810484,-0.20482078334336323
-0.19219775554444193,-0.18395123848422842
0.2424552166301226,-0.23741524063570243
-0.48819494637430577,-0.324841267441682
0.06325808373412602,0.2888934467446617
-0.4726942225709066,-0.12426466307109767
0.06536611000460565,0.15150524438401955
0.14710818121222716,-0.4216234952398326
0.7079889365379032,0.09834121323002692
0.27129951126327634,0.007679629504564942
-0.37785762357252645,-0.16717342780942487
0.22765684361492017,-0.18053482127303616
0.0585966442270919,-0.30300406062118773
0.028093231762785796,-0.12457520552996176
0.20442176297853923,-0.18397883324138767
-0.262171725298557,-0.20311513028261102
0.17444798626937422,-0.0460347438622687
-0.2901723822330558,0.0954456845673194
0.4184288493032616,0.24022178373605757
0.2962347634233299,-0.04052851815072398
0.18038330420992565,0.8379054066799554
0.0268472445935441,0.13793711258640393
0.07192151286704095,0.11425868099637511
5.442222486480748e-05,-0.14448284982128165
-0.0838365882829418,-0.06307017357623035
0.027098252692332955,-0.3145601038839252
0.13374297365065502,-0.012964393269997185
-0.3277794946172157,0.15197716405735495
-0.46606657412275554,-0.4263290712433583
-0.01708773680192439,-0.14099307797870708
0.03808352352691612,0.04542170065106949
0.07479554454685998,-0.09164645032811443
-0.0964368543730976,-0.040650244843397625
-0.07796047258693062,0.17951088350749297
-0.109818003170813,0.18258757479910684
0.3958695739547433,0.32502023743554853
0.0470565367492731,0.0019773311204753386
-0.10485288577304305,0.03839567484532616
0.10780254333290964,0.06257224492008465
-0.0926844753233647,0.11892897928098817
-0.17698942236396095,-0.1664866481204638
0.4609058550065569,0.1846389236308423
-0.09929383648499153,-0.29693114623061595
-0.4887633236258498,-0.3001546813133575
-0.5167895504534705,-0.30400983448578683
0.4907241675152486,-0.024675820152717232
0.011912805843039264,-0.07933761714513729
-0.31167410451033223,0.11129024898309799
-0.17605607422021133,-0.19078339323072582
0.17563585053850186,-0.018357026488150855
-0.5109333536008421,0.28767953189196793
0.3552978456495322,0.04169177498887513
0.04436678945880499,-0.5220039685849169
0.12371205816185173,0.1238245155367428
-0.028079721712803245,0.05541933956556289
-0.3341418940163336,0.11037555332190653
-0.11708460484688757,-0.027025288149772786
0.3248205907800784,0.04846070558335553
-0.008032498743351334,0.4034482537266541
-0.1451957224445433,-0.07201736063303449
0.1622203237517805,-0.13568597181684952
0.06459143564885476,0.04371273913886145
0.05036100792577621,-0.10497836719457151
0.11225781771846317,-0.203059879366464
-0.4341944266017924,-0.306738212036334
-0.32552089737248163,-0.37332593139984566
-0.3317353315938379,-0.1194178563673642
0.2093520343864787,-0.23996121662922246
0.17814490992922813,0.4014944931026865
-0.24560474170953886,0.0013793910368467457
0.15334442757668437,-0.6646993803765432
-0.3154607611611193,0.22163900182596727
-0.1393993273977755,0.2594260969096174
-0.353947849658692,0.1733835277848991
-0.130543166897732,-0.03379908727100558
-0.3550582567080907,0.009612620713124933
0.009791524369991846,0.1141923090057676
0.03271450636979194,-0.16122072080985825
0.5450592451030035,-0.33551830166494734
0.03416862415799451,0.05182878369083015
0.10589590628571581,0.019554444541214144
0.29919164125184383,0.32499864613608065
-0.011082283319992628,0.27586504540609075
-0.42717648019991,-0.2823374860196825
0.006174748693207562,-0.09371994487004953
-0.07813036767682706,0.1613719945290084
-0.06212796829003332,0.005605322523535255
0.2909420134982907,-0.09902275075527957
-0.1252385247791423,-0.37094983544831006
-0.346400351094718,0.09347944724764576
0.2383236058411514,0.4042700884256644
-0.19601213652000024,-0.040515547032126856
-0.043748546757456215,-0.006881974984134398
0.04004148404962501,-0.18464010530214411
0.07536295409553581,-0.04938679757553104
0.17189349918384056,0.5443217374986038
0.3411091993933793,0.041148365946432404
0.053896590598745214,0.003169940847964007
-0.12563955643307073,-0.020928032847550748
0.1934274376310984,0.16071901896585963
0.06658883001497456,0.014630164648466825
-0.21948484132410792,-0.21639091925633105
0.20020465220682834,-0.16509210274294783
0.15327470529253154,0.03247643994747089
-0.36322559177936,-0.5370090724038762
0.15216415510799136,0.12597928693093285
0.3426139674767247,0.3415030894791844
0.3564890372627151,0.4104306563928044
0.18977423768034507,0.20043076437624868
-0.040156015815601465,0.00015378559008437904
-0.47093931220193636,-0.10136697979672775
0.11714643002660058,0.2859596609007528
-0.20963355758159694,-0.1924532910672462
-0.13735663460717457,0.05177254962559549
-0.03922906039014276,-0.36190211740270145
-0.1778509629733228,-0.13962090384001075
-0.36669871072760263,0.148375731725905
0.39953722300011857,0.21145938610593545
-0.16801800921767426,-0.3400050448118467
0.24483163288883938,0.09859049455175742
-0.30645354865131763,-0.6433185273233554
-0.18920759628272685,-0.46506403723549333
0.229448378310335,0.6657290657620945
0.31632661926591593,0.0489331073576414
0.19032676104744736,0.016250245175209718
0.5301825133583328,0.2898297947035332
0.14293918279427617,0.468626690471527
-0.12565252084715223,-0.18710882490941827
-0.179096258890136,-0.1887090310665013
-0.2077230285417208,-0.0851442156803975
-0.5397081802513628,-0.3064051231511728
0.4180923438154514,0.3803216145583472
0.24958854622728335,0.17723291203294197
-0.2593881965734932,-0.3537903084115941
0.10093785399445301,-0.007484147759125445
0.12600723505315542,0.36971244439988016
0.10505268126363854,0.08983237012112105
0.00840215015176005,-0.04624303623604821
-0.04974344282206282,-0.21822353679802758
-0.08066357244381243,0.11374216942760401
-0.1192256969221916,-0.030175500652018357
0.022830435091238388,-0.010078490449860677
-0.06885733674241508,-0.0900284329605645
0.23837974016961092,0.12067242724632955
0.33412270197702126,0.20439706745294556
0.5219318649127789,0.08140601069868385
0.20194238299485784,-0.06098010200329717
-0.4699945736615785,0.3283009229380946
0.270615875352904,-0.10094085122752154
0.08165383214703906,0.3116762064406369
-0.1376104171320769,0.21425135703438128
0.011101124405289164,-0.11977053635169371
-0.04279315085575022,-0.17564927387210177
0.005885133306554828,0.00319331535688023
0.10876442670449243,0.052261106870322656
-0.20163962342948716,-0.17466446627698767
0.027488122343833202,0.5849315647848704
0.05123769039933672,0.02066281848227426
0.28169051022879893,0.02981620895938567
-0.16491458022726543,-0.1795924541283345
-0.6244692559352052,0.05145030829421312
0.26875565335960866,-0.17583361315602797
0.20233243054869862,0.060836674112014454
-0.033505287873453096,-0.1631115427943675
-0.1443352153434123,-0.0388049519825091
0.16608686761662156,-0.13780756019833526
0.1389360244356014,-0.6595384102748674
0.1284631784381807,0.3181216119329848
0.12405160338822145,-0.20218973428043543
0.04916544527091582,-0.1498071903302561
0.05675191354137207,0.14344495345334116
-0.14976986735874145,0.0590498307913316
-0.15480513090532538,-0.329672694904825
-0.11237443666923295,-0.30222645764442985
-0.2947324999808987,0.04659046164163419
0.2214355280741179,0.13339418955841062
0.1296894156404618,0.07980575388499528
0.5844130248376721,0.0032970226167801583
0.06746293851496536,0.09348134931058709
0.22072604785471975,0.06549164605607614
-0.023545061587146223,-0.13718414655930636
0.2628677969252582,0.15247288196522363
-0.2755440876424387,0.16324256526540293
0.2546355361621031,0.12139918895129287
-0.5323903464968917,-0.584350019552463
0.5019816111596126,0.051340418447247474
-0.11788326772770054,-0.022242597350206984
0.2327855104860125,0.10532265674799053
-0.18425192677278177,-0.09536450095885204
0.02439407693733794,-0.0033843265386743764
0.05983748909593737,-0.10160759387030793
0.4374163823500164,0.622844637353724
-0.2614202399694473,0.22409895952340922
-0.16546579765884958,0.013554520185834062
0.03556927050060442,0.2775035519680669
0.1747670178954435,-0.15174227825898998
-0.39692937818943247,-0.2115404540106856
-0.006736750514568149,-0.06761197956339143
-0.12392008795257914,0.34723623081754945
-0.023036319287680594,0.34088663174570144
0.023773841124551245,0.6400138033935964
0.28557674259651483,0.402163568500526
0.272401354417679,-0.2134604378963108
0.26230025358515374,-0.04616845583363153
-0.3365918064707342,0.145438618059534
-0.06735215206424697,-0.1633764506869601
-0.08900451467193787,-0.12926792465458367
-0.04989101113076374,-0.24687369751807867
-0.29150236873651125,0.09615784157275484
0.34158618835799226,0.17384342766035146
-0.2519594572372023,-0.5354603650004299
-0.028523594711511967,0.2812360934603864
-0.548423772195318,0.034140446842814524
0.3363361629578819,0.02535114089702502
0.2741898287888568,-0.15030220773393685
-0.36230803052468125,0.26942313162884557
0.10679641551940354,-0.28446985270209324
-0.07448403209566674,0.26280189693415656
0.043073984633349896,0.7606942790361353
0.16185824682200992,0.16744635863650928
-0.1935906551271559,-0.10737318949872615
0.303865693730702,0.20810550126783672
-0.17592731918355436,0.04229972054117171
-0.01908046301194013,0.25703176632369606
0.023824193850251005,-0.6948350696056447
-0.15183560022242856,0.015479767453743513
0.3268040767063563,-0.09758612645976679
-0.08553797335925803,-0.38246445860384426
-0.12397078842684243,0.20518970006106643
0.1285638616382413,0.3300024357544172
0.04774770303028506,0.3741941232591997
-0.55450644254267,-0.04101125265825813
-0.15213497360334444,-0.038167420629493555
0.3333624421669168,0.06856944833293382
-0.09003342842917528,-0.19815017627672943
0.262334857499428,0.12520550392597368
-0.3264232840760196,0.027542054812911814
0.06725166060485346,0.18315012838549014
-0.07444099903479308,-0.3467125464760024
0.09480715858971928,0.6301384144076668
0.20243580392436974,-0.4198705118755087
-0.12152779298874426,0.2550645994548115
0.44783896658096034,0.5231229772155569
-0.39319004686866044,-0.017145727087685025
-0.2553382423831324,0.22156445139639536
-0.09306890974186334,0.33983318006175917
0.29902881968186645,0.12582394593147622
-0.16950507908146784,-0.0014296863804817714
-0.010503812202133252,0.11443448730863849
-0.4109160346063784,-0.1736621113386002
0.08018441749467661,0.18473397317867377
-0.32409171315098295,0.3428208121037639
0.31267297283287654,0.01608782591074744
0.1682392051211811,-0.3377700186004559
0.2966252253193188,0.2356189028101637
-0.41827062909347923,0.01070595068966233
0.19507717116693418,0.22390752627874327
0.3078752432068173,-0.15039999371928553
0.036117991278177865,-0.3650418452365292
0.40195518769759064,-0.37855059245905937
-0.1227048746107998,-0.09214390554205869
0.20117952043429702,-0.38146833276327685
0.06842624593873507,-0.10876357145359364
-0.04295076189195254,0.60295548608943
-0.16897054062978464,-0.12927056352346564
0.05377538595770693,0.3588890020358674
-0.05864072429610007,-0.015491870155593064
0.3365039265700699,-0.5016285936781963
-0.25349720718814694,-0.01367333117587829
0.03646940950650564,-0.36441193192567034
0.24611118982571514,-0.45432083486787855
0.3938025165687671,0.6082846209520052
-0.25831235331322044,-0.09923885279829558
-0.04364592170425347,-0.42695918288698925
-0.3632660951198044,-0.5053971952649262
0.42073722526034274,0.04637482215762692
-0.15779870921514544,0.1385261781796987
-0.2900643602755175,-0.13679107156925036
-0.5933884867738763,-0.2798906064689568
0.20066680290810843,0.30751674213363067
0.26412903933434545,0.26128871548922056
-0.21290995055910106,0.11466357352222678
-0.6522790813347759,-0.2479493933790013
-0.05408120713722959,0.13422492854559906
-0.14471872148891238,0.0070464242148288786
-0.13811051945436748,0.0866588959949699
-0.09575700767487418,-0.37215264904179257
-0.2016837370636718,-0.08709850102902092
0.17200063489344433,0.06261691070493858
-0.2450738299867457,-0.7384989914603398
-0.4896974801142334,-0.3979169944709099
-0.7359643773373846,-0.7469995534242321
-0.3767723471186007,-0.33924325155712826
-0.1427641380020844,-0.2868346939224253
-0.075045098653292,0.16030462506826
-0.16885560429776184,-0.38880233226283495
0.02764468681940607,-0.2307845379660633
-0.02454210378815083,-0.3424319065256627
0.13676687286689523,-0.09338865600731952
0.3529670644256026,-0.0960007186902086
0.07088660983635417,-0.22409551840977843
-0.4028887646971363,-0.24208019237683343
-0.020851236805191985,0.38500205657509556
-0.0003653214053226655,-0.07152548268962976
0.15484277976244687,0.1811893598089397
0.24788367350992843,-0.12465850983638108
0.14276586002382008,0.10606423251326506
0.44818406284532103,-0.02009952954297418
0.05399622351092037,0.0011776103315999467
0.4022352161293195,0.8393737058048767
-0.1900733225288311,-0.19398723305839008
-0.3535682463284264,0.10095734738415699
0.07376662608847236,0.333147482234774
-0.21002635642537884,-0.028700412178265
0.1251686818777337,-0.056875067723618694
0.10580502657993643,0.15993150788351437
-0.19008380457865073,0.17774230626231424
0.06262829352163113,0.2611096815714335
0.06004005048935409,-0.0065578074231711254
0.012106000028109246,0.1366801430225539
-0.04263694845899692,0.09475263280510766
-0.08159521043228735,-0.1677690034652015
0.18618255027087385,0.00509462195700893
0.35334178929336035,0.0875179687373265
0.06406441581953848,0.05564245858572395
0.17491444985538857,-0.5035082102081283
0.24040973646065805,-0.14588902350776392
0.4009508168433804,0.24161480953265257
-0.13287479553282633,-0.28777096488378046
-0.0030095879021778023,-0.030230886180430936
0.2501938063184803,0.505130088258276
-0.20544270456435348,0.02476335037498658
0.08933531529872507,0.16365991284081222
-0.13785328708527525,0.19997435150254422
0.09986792243047776,-0.3208505005614959
-0.3398943987069387,-0.3183602663114249
0.48068327656747767,0.10791962112973189
-0.06014169752870289,0.12022397732462024
-0.06626590138615934,0.10206800108818512
-0.14159263044797102,-0.16490214129573297
0.15704218470649103,0.10042080831875953
-0.03670000802903296,-0.06850839213038484
-0.06046059903298663,0.06921629255954233
-0.3038879431654875,-0.2628135799851322
-0.038371191181221564,-0.0018617831064331768
0.03581635087473687,-0.04015502669190522
0.25310672973604165,0.06314923933610672
-0.024640343698361575,-0.042145949665592757
0.19496684673629894,-0.2089384850284634
0.11928562067200446,-0.08943261301205072
0.2107486173292938,-0.44951796941986955
0.0285674586660372,-0.10638990743430994
0.24197795599967956,0.15609748071967508
0.030120096509615526,0.23397337796662823
0.17199531259269013,0.1621968374227563
-0.07085138904974649,0.40709444588417537
0.08727487517394351,0.05817450250106752
0.3321994351590966,0.4814916639772275
0.09259737870939565,0.01540256491691537
0.37586301963333135,0.06164938350239093
0.09509247971090215,-0.4093547856887025
0.19009521386222678,-0.19528081801166344
0.15600550111610065,-0.03361851920811664
0.15466524381725938,0.03972259164453117
0.3926957992887007,0.12082827280625531
0.18806419011534664,0.09373344125217631
0.016003710139934815,-0.4996348506102599
0.25850933046187163,-0.02364340289999027
0.14303430346413248,-0.07171933283977085
-0.800659859984314,-0.4425262996402281
0.22277004903630077,-0.30606432251174637
-0.40241038888877384,-0.25599586974604255
0.12026845858398862,0.18680713993063036
0.08749476929150235,-0.1720578744101249
0.04351863082000052,-0.15405270092599485
-0.033336400659032345,-0.1357103856083069
-0.4594178749516971,-0.16625073917596284
0.10615121196161621,-0.45494259557603556
0.04168996371122929,-0.07470998687018655
-0.23969535588661184,-0.22452549836523528
-0.18506836471910743,-0.22413605307702633
0.08926220819892985,0.08386618781185926
-0.37532319973946515,-0.029493178758336715
0.05357650759575567,-0.14245713363118268
-0.04875155193190729,0.44120858597166174
-0.29584602534800036,0.048801277119896645
0.11426724688623068,0.012857878200076434
0.017878450911259943,0.39747609409470436
-0.20164115100451704,-0.07456944817442708
0.09987633168407926,-0.37916815844350826
-0.23293312402555988,0.09398533421633819
0.20109893240533652,-0.19873179791442103
-0.009951894445825884,-0.6074413835521166
-0.18377724311912189,-0.29970923579579006
0.16914273373850144,0.1981691533266536
-0.2222725273909407,0.05210447296407267
-0.10419050316153004,0.1730962049287405
0.19584862230501188,0.09576408597321197
-0.04674292815094706,0.0740912007019025
0.22749246856087882,0.3093177307026196
-0.28024487528001574,-0.15639852479874655
0.16601273680328685,-0.0448530246466161
0.3847143784337499,0.23886279601356156
-0.5456261481212793,-0.4953212983216445
0.03756296478594622,0.12264686059492254
-0.10583259509718308,0.5330162989274063
-0.048871024249069715,-0.044268681325901595
0.26746033107917117,-0.009179446742554538
-0.10257857462991572,0.054273643255751076
0.32854182178786173,0.25854595569555117
-0.027853317737238308,0.2231671702211194
0.45893012687831175,0.15133478199912082
0.4122673345019301,-0.07139065261527547
-0.16626962807308665,-0.03804774139199303
0.03894130616710194,0.5294570582722467
-0.09843626732764166,-0.08383644143686336
0.11047068750251934,-0.20935646351026307
-0.21014876073001063,-0.33520219775295346
-0.009577169087568952,-0.09125572277054123
-0.010683821365151164,0.09733410556869825
0.02042329769463366,0.5064166749328088
-0.09599331811594641,-0.2672386636063674
0.17681413793466036,0.09091144587405872
0.22073160607726927,-0.3104303869653237
0.04248285644516478,0.2345493356425776
-0.01618978167696604,0.14007095107304668
-0.08558860893535629,-0.4987299164084649
-0.474852428076365,-0.2505004281093088
0.451730820651593,0.547543985323179
-0.2549164038935807,-0.28234525406719235
-0.16494077530318849,0.049412679114074896
0.4036166959908373,0.1709873878185732
0.2833482588633355,-0.03984189035498394
0.030101549960271107,0.05426582957353219
-0.23092132742872554,0.11760329996027986
-0.270603251600487,0.2612612076592379
0.2760941776340004,0.3413335393296389
-0.20168153394997207,0.28925038147458326
0.27400485160946125,-0.12295958529048065
0.0962590987659627,0.194976241713084
-0.11970477728305469,-0.18968143712385402
-0.06478427500286472,-0.09769063164832513
-0.38863154722183624,-0.15132783343511771
-0.318289902202838,0.6098852940444706
0.2582649644422484,-0.12611888863260945
0.04181336805208128,-0.08762089049150022
-0.007796640379184864,-0.3587883222272575
-0.5615425584652378,-0.0626732791131614
0.08638789975917803,0.07737170373199657
-0.49024511374108043,0.20346424986048625
0.016387264980433986,0.05445931121250544
0.348637524459421,-0.021529729880141422
0.022206231053601113,-0.2565027247468441
-0.24904428466035397,0.1334805530082075
-0.10432371026607591,-0.27264602079023187
0.02099218402174724,-0.1198146811335563
0.46092208778048055,-0.0019236918414564763
0.3270041771039467,0.5591499471715144
-0.0026884587243570725,0.002934246276823528
-0.1763762062134993,-0.2553304545320743
-0.15173881172084613,-0.038576570094773194
-0.11119292599766753,-0.20405531580044692
-0.0968014078334374,0.2854436000964209
-0.38648308531848913,-0.15149871180556976
0.34220001593414123,0.43944307104495567
0.022407604333446733,-0.12271758388384596
0.0798058283648446,-0.1715646353937495
0.18587871312593848,0.6278557561805035
-0.08458873264042839,0.15582975834026855
0.11921322329679905,-0.25632022853692926
0.1178692147040917,0.15251449727018337
-0.015891396961626777,0.05503727505178126
0.11052606420328831,0.03159993892084956
-0.13491647391982572,-0.11976252122243987
0.19865205746327355,0.0007305952969733138
0.42793151680913816,0.16373929777797283
-0.3007986904995283,-0.5744302170733944
0.16169482286940076,-0.0009810222250263966
0.2030626247718644,0.12867457485050246
0.09258787275442093,0.04577384482787139
0.031081429468380734,0.09914858630346139
-0.20277772631581287,-0.15369969014183466
-0.08309030444323848,0.06941472841915884
0.015496750141457034,0.44510045087812716
0.1227056195634377,0.2798671125078153
0.34389647975546805,0.5844395566620445
0.14917309383484953,-0.04914728558876429
0.37289827402418096,0.05363248566463353
-0.06403048254032807,0.04253384005038468
0.12241036749612802,0.17107099790586147
-0.27901321991608563,0.05554256194007198
0.012019972039743391,-0.21071427162313733
0.037742914117100804,0.417468485041488
-0.2751695211593619,-0.11788492524736122
0.16160979545280743,-0.15885234973829807
0.14978199544797915,-0.3867941857405081
0.310180330592553,0.24270401165657152
0.23028680937694668,0.5933059051241805
-0.18465068055354575,0.03897681302697277
-0.2357858247954735,0.09869294913236257
0.0956450894939964,-0.61778381087939
-0.15455641068624318,-0.0943221678272434
-0.16465089229982455,-0.1262722532170525
0.13122839747280832,-0.35746117054593474
0.19466834576988604,0.05662928344048088
0.36340379274581835,-0.031559957358789206
0.1773563818277018,0.015655140008150954
0.4472651478134412,-0.06443582301282619
0.04242189683698808,0.001284796996255944
0.3016818882037537,0.19596796017761334
0.1918744596057278,0.34484512836406966
-0.1411919003762671,-0.28232851470095655
-0.07139249260534519,0.18955593648605717
0.825035444393761,0.2466456231463397
0.07478179985238048,0.12810076870345138
-0.6155839763762296,-0.3571118752734751
-0.2090486212072509,-0.2767739804728141
-0.05657347275034129,0.2857220786674229
-0.4423012701798627,-0.37610538878697547
-0.08712420510311071,-0.25345249448226764
0.19226130815307502,0.2907546945542203
-0.10002078004330005,-0.008513286905559097
-0.1583196944968856,-0.022709675226298433
0.24862088275311675,0.1965729127760756
-0.015467223032491343,-0.0251873076443448
0.22105966777706615,0.22667191423757965
-0.11237349121034851,-0.19605811661220673
0.09175855292741564,-0.0467169925306164
0.18105203744380693,0.2556309544104965
0.19945395477306907,0.21144827212454378
0.3898312377562709,0.023485300876333135
0.4218599334838811,-0.27863529566950973
0.629396950818852,0.12790623731518178
0.33220741849136054,-0.03498263910857049
-0.3211915227763939,0.05805103439907082
-0.44583404639105784,0.12180198546700044
-0.2760702168094824,-0.1722457974094284
-0.4337217003061611,-0.13397691350515575
0.20748230438934862,-0.1196502060248827
0.2879733190150513,-0.030300956335286677
-0.2561000967230629,-0.039524087427535624
0.20978388778029275,0.15454321805385215
0.18605349357741963,-0.07608846151818095
0.43106258661584673,0.2863902359628756
0.15614833219444502,-0.3142211968847999
0.12890068151647274,0.026001533613596244
0.25494294499704084,-0.33338994489418944
-0.17140975856817459,-0.09401028607546275
0.49013956482738563,-0.22166942494849373
-0.1857046594605108,0.33490162158510256
0.13006375222711816,0.009655996814909558
-0.06560791495689276,-0.592488371851719
0.08630481101723463,0.14219199021345877
0.23111883671110064,-0.08687743146352248
0.20791913222885142,0.3746470738509165
0.21904832354603648,-0.042742874712531305
-0.12396121241298116,-0.1124278436943282
-0.05750419549814361,0.4681450076879728
0.16226137277652025,0.09656288049687511
0.2485037228060826,0.3733229771296079
0.08070992619976343,0.07982476363333767
0.25579928761165716,0.10026463505572873
0.06981373482590651,0.16837233995706452
0.4627813611111531,0.44691128807100033
-0.21428491342588937,0.019607906724725878
0.1496496214749151,-0.18146190669358778
-0.2022114631842366,0.1641724825685995
0.08357318069222275,-0.16857618133930063
0.022436952036827943,-0.18262009874484605
-0.008303784322287086,0.18230992158003825
-0.3240722635002386,-0.42581730447515803
0.05572328612346517,-0.04058319380871804
0.13459264923771957,-0.22294071439193616
-0.7257955818956695,0.20731557175532464
-0.19543464441319258,-0.08637764389563492
-0.2968291645838256,-0.21116606775901756
-0.5196848418296418,-0.3962649777214357
-0.05009229797932839,0.07831549682283108
0.06284859123649124,0.06426950303040783
0.0014334438826788486,-0.5395237537936929
-0.12624634734246265,0.01978789113804612
0.05232382351001079,-0.07912502973057187
0.33266306934655154,0.09629902956456735
-0.17213618058547275,0.2884423311436979
0.04032274644813329,0.4826612540214493
0.27730527965334195,0.05035017931263928
-2.059773757094652e-05,0.08163286983871315
-0.0037592978332160083,0.190533451250178
-0.38446410197840775,-0.2750556838279494
-0.04368435955487215,0.008463713291277599
0.487429839908908,-0.13366490800728562
0.02090964963476438,0.07660820769378533
0.2765514139625462,-0.29555574713627714
-0.5871953117787867,-0.1926925820978208
-0.5849859834390007,-0.3463970020558643
-0.11821847829487478,-0.10570334641536747
0.03289240222753466,0.2638193970545081
0.043380064031187014,0.19746587987374087
-0.10959194134344706,-0.05647220280867889
0.01735807692794361,-0.06867434107335198
0.21152416477926614,-0.2276618184993168
0.17780118273944764,-0.08826090330379072
-0.02526400285780241,0.013860834691883947
0.4061796366633592,0.31381502719667187
0.053444657296785034,0.14133335588761126
0.1749379512981206,0.2596859197986391
0.17087885242732728,-0.03563067364272046
0.5706201042159348,0.47120972083004575
-0.1362064354972876,-0.23442446210646592
0.11208107989791599,0.11201240782793867
0.017224552506511642,-0.07185038664373619
0.16478810878015276,0.07011877446024113
0.5372665358643632,0.03188318353854769
0.008799152428791939,-0.39865139667924593
-0.19054036727542203,-0.31179394174516045
0.18537745150465165,0.02275772276281417
0.27663905901644187,-0.0024732285184245906
0.021834836672500517,-0.05703705809461085
0.009714618567083852,0.37281560065982666
-0.2419618299749578,-0.2379642814365634
-0.14243346876386334,0.2209946776857274
0.02127016596166683,0.3666219082692105
0.4155824809183086,0.11751228660440752
-0.2561905476930534,0.24026526933920142
0.26264317607648896,-0.10770445818673344
0.18055891467674506,-0.12010154290304358
0.17430135458531584,-0.017060321288415264
-0.1990026458535706,-0.1079305972724868
0.16764619191561295,-0.06943410235938283
0.36178181750623667,-0.33957395724711875
-0.3269834958205864,0.11323115633435026
0.41413664617935897,0.0501080157844046
-0.2777579373677586,0.06859988461925334
0.15155436047967005,0.08896758949713417
-0.194541978323595,0.07984313833932082
-0.4289189482014758,-0.16312637441946554
-0.19958712295263506,0.13831766042240307
0.039767550624466345,-0.21284340455403142
-0.1370090061519155,-0.11191484325777745
0.24765511889315228,-0.09015091937708682
0.2094558471117707,-0.5251350866650059
0.23647265470676612,-0.2586966395120027
-0.008536609021428642,0.1051801801176657
-0.4064467351780229,-0.46476024756188195
0.18652999070826531,0.14661739364144077
0.025261967153002995,0.24690348281765606
-0.34865616165500013,-0.2822054233470582
0.06682721266988736,0.17299889646037506
-0.2790665782180425,-0.08076390265890927
-0.42815738181746077,-0.25210950374835706
0.23938093082518802,-0.2558653253458656
-0.06983810189467829,0.1196898680155462
0.04720385332887338,0.41558157993209155
-0.39817649813855066,-0.043472576368810384
-0.03417699228098296,-0.30923507932539196
0.0635834235846924,-0.5216230339345129
-0.2456015452441524,0.23106663182479437
0.03553365213820673,0.2098712170397015
0.14044471719389348,0.3254074589722891
0.08637757498947539,-0.20336024953110185
-0.10029954973804216,-0.011675750451998488
0.3973225531574611,-0.10963926961751255
0.07562317843707038,-0.5559095507890051
0.3053409503398659,-0.5406297499541978
-0.14924000172154683,-0.4123733616788904
-0.33261776473573607,-0.015237112891266908
0.08799587869860924,-0.009756942176301972
0.46610446686476525,0.07664449118027661
-0.0817889378669286,-0.0354018750245044
-0.09974407581094709,-0.4104613448274212
0.03676444125501893,-0.2600729077587166
-0.03923798917073157,0.17796864795979356
-0.1767237655258766,0.15607317458818443
-0.24016444468499823,0.24944572516062916
-0.09148100804172428,-0.2638254887840929
-0.19012726892200776,-0.6325939148032383
0.21443436067765964,-0.11223215040085137
-0.22096115017146928,0.16165233155207828
0.46710768045781376,0.01885470653273354
0.3953628768837819,0.19906878726400623
-0.05909941611586481,0.07443450342921112
-0.024926033978968073,0.17552069688884725
-0.008693939851407866,-0.04854370399571065
-0.19064807151257682,0.12009671579244625
0.19099692153985964,-0.012060823327476808
0.3271971601856704,0.20023823655426917
0.20583780837186302,-0.3784720512320891
-0.04049117738836454,-0.34575120553101685
-0.2748959454520708,-0.10161040290697029
-0.3200028943090308,-0.22348366029706354
0.06393770575809128,-0.14271735916852507
-0.061976443916113406,-0.0830426231263408
0.305018498342647,0.11695804172725681
-0.41339905497651014,-0.38790842991301683
-0.13981039196628195,0.2350326747317562
0.2097429178328866,0.07298990993010931
-0.2361156773904583,0.019991974549751258
0.33168529587003254,0.25991205366772424
-0.23002913446026957,-0.3116460231698797
0.147055997709147,-0.12011068099593422
0.12407087899499446,-0.021734059005355636
0.207046391663619,-0.13567752041040798
-0.02041153499136515,-0.27637238743919973
0.08710554127050917,-0.16924695840915563
0.1151625462447465,0.32207542823252394
-0.5027841851524629,0.181903416862691
0.034624552791224616,-0.24345834536107464
-0.1993055780681212,0.15266089007865308
-0.5271354822321606,-0.5249562803102628
-0.11620080661123892,0.2208477067565289
-0.25055866201876115,-0.030251988199144285
0.026613624435200593,0.04615036197365318
0.10242047566883149,-0.07284761517253524
0.12975122482410842,-0.2840410981958743
0.20889746307414467,-0.3642941039787405
0.20471318014376944,0.27345747100613343
0.22863537972669634,0.43293548401509896
0.09917681031153852,-0.030092075020672265
0.07474463740294504,0.08995310637269618
0.3691824374829945,0.13331465944584375
-0.04825011752030654,0.40852239914116495
0.2696555314720327,0.1481162198005613
-0.6835120946797665,0.05499989855670776
-0.5318835834118235,-0.23800708392367964
-0.22757966615007427,-0.03358527063865848
0.035319220443459226,-0.3046999171349244
-0.13013457235674128,-0.3865988310901122
-0.019919073701137525,0.11025560959295633
0.20792617709212033,0.23052255566955362
0.45718835477899955,-0.15978676272976983
-0.14609850545230363,-0.43303528651301215
0.07023513617694907,-0.4897285502110882
0.054574562652184126,-0.0008964307323128745
-0.19936021101507018,0.1230594501107898
-0.3523716838686498,-0.13475450771787062
-0.17813574901061852,0.10583765597132377
-0.21548071738807154,0.03674666891716641
-0.1870735299169212,-0.20605963232346872
-0.0042197364250521445,0.27595541748523256
-0.16268784063269756,-0.6768201517705763
0.08367074971999307,-0.486664367808217
0.02193716267178932,-0.13583297207795283
-0.10086761395929193,0.3595111808762606
0.3250791095145332,0.25440914853015584
0.09003481794396154,0.5813870198709553
0.2927407215319627,0.14171388462391538
0.303272092642396,-0.11809399415610786
0.06226704167748302,0.014890707491953387
0.34163266675380133,-0.06479663226456626
-0.3588489494869659,-0.03131825888716485
-0.4053733280739042,-0.6208723867667725
0.3555566272416705,-0.027570356427782952
0.0731940452024707,0.08566939229036595
0.308549440983308,0.18584207189683186
-0.21611475012043985,-0.06120967145030926
-0.24363003333943756,-0.22092811398882972
0.16579140607039825,0.06505666127915892
-0.12664397380965378,0.23534830332247203
-0.061447619376712774,0.0056344251922097665
-0.3615322807438291,-0.1302370128260568
-0.11427302758950915,-0.1124501500382173
-0.36242161146669677,-0.4978895355518335
-0.11381196587042912,0.11941398712254035
-0.5952135840230827,-0.3736516144172043
-0.11105074353545046,-0.06891611507550323
-0.0003468210221201086,0.24217294403576334
-0.016414367236343493,-0.2789315742135357
0.34041324969663295,-0.11549017581912731
-0.23570398071902815,-0.9109940078765612
-0.051357334279927586,0.04401730937949326
0.023460034536785114,0.08794229368992858
0.15341471748208077,0.4833744240535604
-0.17068967725329393,-0.07869164320665599
-0.052734981255164286,0.016276654336654692
-0.20786728386448486,0.2540151701477558
-0.18037299235874152,-0.10009887912511342
-0.10168414944133411,-0.15069408319773905
0.30755919091813066,0.06196034833761771
0.28940056581714274,0.03643992922176454
-0.651774608910371,-0.3696408159162276
-0.4507421041131157,-0.024534751507906852
-0.2289643785475998,-0.33277231453570216
0.31541707698089366,0.2607324663602468
0.2712138375406487,-0.15361951172506771
-0.02701508118395772,-0.045742786829557736
-0.2806493004853671,0.018024657733274062
0.0674014416601273,-0.0795145194004648
0.06594499287810027,0.3282878820593615
0.22389867749119827,-0.05262579111040543
0.20086176506499384,-0.011851427158963233
-0.1282225924392183,-0.40868619281378293
-0.14435411955043068,0.03711896954135352
0.021710422398519287,0.09456219441424776
0.022501819696103067,0.167160534277934
-0.326995940927559,0.22173053028132292
0.36227727073710325,0.06340315035130567
0.6342406620351646,0.09689746604126535
-0.09865784610897009,-0.03290974333672843
-0.11411728818706446,0.42412987900749366
0.3679400114077995,0.25711185522919844
-0.42975862390029784,-0.1416486764539503
-0.10020637819889563,-0.295004940469965
-0.03927085526082043,0.0885108531915258
0.28121604237193953,0.24982494419096302
0.25606536086222226,0.40576003423914525
-0.18086111285696288,-0.3616388106404828
0.07076374488664329,-0.08301939370055277
-0.245440742697508,-0.16482401313938164
0.1293460826570634,0.039529532642846886
-0.08518741912391002,-0.1995898837707125
0.5440227642137013,0.15700762671847585
-0.19710676159276744,-0.04628764363466849
-0.6326038617618891,-0.22010127468365387
0.006636959520339609,-0.07503480704444272
-0.1781775754308944,0.27051087403065205
0.3360153226908023,0.21745132150255034
0.09683078031011813,-0.1148810120916506
0.28876267209662493,0.22711583273548944
0.06585823717515364,-0.12400825566496142
0.2946789116804717,-0.30893337899967893
-0.1404576115725928,-0.1401262841120347
0.024325274580703764,-0.3553932985145493
0.006894236733854737,0.16986856570746076
-0.274701371460307,-0.36867646899335454
0.24702043000218246,0.11542136383825426
0.059906528669890706,-0.030149975643620194
-0.0042711814845748895,-0.11668914661984657
-0.49664235902454223,0.013388234730682205
-0.10119555844665891,0.21303882148496908
-0.11720388756505744,0.12526970998304263
0.13669552531111162,0.17240711504928985
-0.0041187621707246816,0.06506701327631967
-0.08006307385749617,-0.38708753377228355
-0.5380073343143624,-0.3592237162423645
-0.20469696157766293,-0.44950680735152926
0.20196782465521096,-0.2525465259905356
0.11869955185829476,-0.20692658951910922
-0.15913775655551884,-0.0065918987786924305
-0.08559237492994344,0.1265722914617011
-0.017742116983547104,-0.19697034577357844
0.0821939580178223,0.3743244828191519
-0.004124946272954154,0.23244819400670474
-0.43881363592484024,-0.36688881005424767
-0.21244875216998843,-0.13391638803867267
-0.06663981335122914,-0.28629086178101654
0.1508383113151811,-0.18035936360170857
-0.3845807044659536,-0.01028470743134929
0.01925164660688925,0.19720228407392013
0.37155556694283254,0.012060741198301297
-0.11273869626003244,0.04491945167268124
0.11582315577110218,0.4116802795922913
-0.03622782229478742,0.08776603628098732
0.09213168921272569,0.23587989620792138
0.178016950710737,-0.11613568555527262
-0.3596722531994668,-0.15778241504405924
0.10340894302497661,0.217605886742667
0.5011081465268971,0.1362540878013146
-0.4781312750208633,0.29532927465636755
0.09012282990079627,0.26084091111151025
0.19652807779734355,-0.26483991840983023
-0.021317766245332038,0.12612515543900685
-0.09360282694859647,0.025247244262371345
-0.07354725370603875,0.05148776953742564
0.07780634709014235,-0.07494110886182233
-0.19999932515578342,0.2078085327974661
-0.17388605358483392,0.45057940346362446
0.0027660360024846127,-0.028745618778548036
0.17634811146206644,-0.07856381822821538
-0.3791439331799827,0.11393950883497941
0.04970536455056617,0.029798089040205884
-0.11170467631476289,0.12421410879148566
0.2735917496145361,-0.055607532328361735
0.3002488415833833,0.4359629422188822
-0.027261870154727003,0.13202581528053012
-0.3880994274932765,-0.10541843952286616
0.044204025098965385,0.12439159790689021
-0.012141769317219104,0.010322287824933149
0.25502484483737853,0.3579533266710715
0.16464061760035847,-0.09811870333155705
0.20084773850251564,-0.1576388635589434
0.2773777850175247,-0.024189584734799752
0.05059019657489387,-0.1873880870997635
0.06871547935104318,-0.17739209018822205
0.06327846899478497,-0.46498047657981484
-0.20991690165854127,-0.022049470009698376
-0.28571210668907987,-0.13383234598946295
0.10803621804275036,-0.018931469644466792
0.3802960377574528,0.214964385636729
-0.30898104972542395,-0.5993234301816031
-0.12414177126139671,-0.08457194264744879
0.0889880282375126,-0.3985212982588743
0.24475995823275512,0.01323001339829329
0.1269622594891482,0.3463057851260151
-0.22503123745839376,0.18828242272717352
0.013297454192639408,0.3164652201620285
0.08453281122649105,0.3856007905371528
0.08762260166694864,-0.030504172069109846
-0.12947980070462675,0.08771545422601998
0.03853227746235251,0.16324451586321595
0.3019505805594089,0.4018624164215679
-0.17055704697468266,0.22137567818701487
-0.14541338479882915,0.09622372604627136
0.30299832524075354,0.13953687165141884
-0.44251373919991216,0.08666941903689236
0.062180850018041196,-0.013527017615492536
0.09679976563543997,-0.12577296575660576
0.012322415975970183,0.10979630819001511
-0.0680899207185688,-0.07304034722350804
0.3886523414505831,0.23536334594301728
0.1530075436844166,-0.25412508440902815
0.29743915924318987,-0.21006250585032923
-0.14675600645428336,-0.027342149257782673
-0.2511850824871885,0.028528191866063368
-0.3150111023100915,0.4216081663695131
0.1659717622999214,0.2982270567373026
0.15560591303861668,0.4325597140986494
0.01738089257583377,0.0823718367031369
0.16481888744742978,-0.196229328258946
0.19805312397986097,-0.3387224677183743
-0.37090907836534054,0.24706726914708302
-0.11412455002337268,-0.15006636228317433
-0.2076872433017941,0.06787561144647582
0.2706719301730243,0.22439828253817626
0.19695740972931228,0.1153643684747305
-0.07702693999250754,-0.5023235058960654
0.022497770165441917,-0.12129682470429226
0.4063216343407883,0.02324247472262644
-0.03543737506733831,-0.24552179068301494
-0.4863693216512034,-0.1799354743033671
0.23029794788511213,-0.10691721623559074
0.04959750396737862,0.021108916479612452
0.10482176936711105,-0.2358818090186084
0.01390136510893926,0.5388141260582328
0.0049760319763977314,-0.3344358033562359
-0.2909138401286843,-0.2332834680519706
0.06640741260070723,0.5352379677175381
-0.2214383875501541,-0.18623450909250105
-0.06560770216427499,-0.13447722940284298
0.40715765032502504,0.019716481640755415
0.790353118696549,0.16414526112851047
0.39560662461772517,-0.12207627104693242
0.043885644215212447,-0.034382379791679775
-0.003128199889221905,0.018096435376510966
-0.871521936733984,-0.05574205588132121
0.25438277143803556,-0.11255827189665642
0.19436294529264908,0.03437639240418909
0.22866363010171062,-0.04099209785053619
-0.021883994307302253,0.4344123708492603
0.25066998492059545,-0.004985461967555128
0.053519542512301774,0.16792154124521944
-0.010761474377871257,0.2603664272450408
0.1527373705602303,0.34086329629585044
-0.028224182113277596,-0.14609582735996152
0.15594511970186042,0.7237492947334568
-0.09939478012111924,0.1978078023345688
-0.07005120010369033,-0.07558731530478043
-0.23275699631988864,0.1728237550357635
0.10707396557012341,0.1145965728952808
0.09595997594766646,0.32122372547878086
-0.08557940818603861,-0.03918678679126593
0.39258444005782084,-0.23795469939193065
-0.38515442078513484,-0.08098839391641693
0.3928743757554713,0.6412059920459503
0.04856328890020656,-0.4932341928907522
-0.11885167840274287,0.019802240782649718
-0.1268368168173205,-0.13062962820007024
0.0514429570490097,0.2621518756802078
0.295215196080834,-0.14182381086880272
-0.22204250978820425,0.09906914669076058
-0.15605835696603473,0.5354625190572866
0.2493777513500433,0.041077007019087994
-0.4875968776621318,0.23530862696657795
-0.5036013093648403,-0.05781750388526151
0.14437351422961572,0.4222760611410654
-0.21330450417103095,-0.036821085596137476
-0.17738160539147876,-0.42998598085042367
0.2977722460562325,0.10795461295396903
0.26829005631420694,-0.010923671988081262
-0.07646918087801488,-0.43401456206099476
0.0371381780294167,-0.3911687939939814
0.1608846092292738,0.2728041945666192
-0.019212407303627225,-0.18611859067353628
-0.598498582437686,-0.2904809160916564
0.08980433634904403,0.05653638822240422
-0.15412274094370026,0.20028057271738706
0.5210192325193903,0.3785298236028865
0.35466647044311017,0.26359583137518494
0.022352076298749163,0.03245625332621585
0.3388946316333056,-0.07194068054098643
0.2677866327955822,0.14589364266765917
-0.36651246669057214,0.14720755597451485
-0.1584861746979049,-0.15990961842962634
0.2104456707582532,0.1531352638828003
-0.19151078678699676,0.062897888739033
0.6127623499116948,0.049964409937369614
-0.30813840150786276,-0.10146255411971189
-0.0004953237952115901,0.16317266318262239
-0.3588597935976242,0.026521882493114317
0.021509757201296675,0.26374634764300514
-0.17029977839167246,0.4694839893958234
-0.393787910962296,0.051541676147297474
0.2585248974581261,-0.18071825650063583
-0.13645858211655992,-0.039684796332611356
-0.2705088375994578,-0.1378764665604954
-0.030372490105994687,0.007697539703519242
-0.015517768292346142,0.0523252857675753
0.26751695538989917,0.010286266793628663
-0.14855264509647229,-0.2184695971777301
0.10028181641803999,0.4360506715948036
0.11496365835551975,0.1813789243498034
-0.38074406971422237,-0.017097256356995036
-0.267587376445896,0.18047981142010297
-0.05356439377614444,0.1019565927922512
0.2580692498637777,0.054158463221676834
-0.3612281544591297,0.1504311701804165
0.17324265873686107,0.038104001542040786
-0.2219453138089346,0.046613974245770275
0.2927162279554473,0.25807411796968116
-0.4371874402252173,-0.31005907039349906
-0.1088055381154581,-0.4567248959186225
0.1398390842733522,0.03468108810003599
-0.008557710302959234,0.004290009425315436
-0.0473368977180816,0.002406772993981925
0.38877931967604196,0.6333289609542215
-0.12782180068961074,0.3363100056947455
-0.07668158232382145,-0.11909334514913002
0.30550435636251594,0.02860875784505057
0.1371662568454488,-0.4850686974311446
0.18284127704344574,0.12642891521560332
-0.11550744471602432,0.11545937444821307
-0.10100035830702583,-0.33928487252812906
-0.003893417721790893,0.2017288935249003
0.10186695337892017,-0.09364897316371752
-0.24321649467341433,-0.2564742982540018
-0.11981916380926722,0.18845850936212258
0.03491762159169112,-0.2975312306380495
0.16405044044279374,-0.09161702571726259
-0.07379703726718852,0.20829883634026441
0.24520357040077084,-0.3791244186528758
0.26806519217365865,-0.30445001017880824
-0.05642868571256247,0.09656405349590269
0.19974959714578008,-0.12515400501150117
0.1553998008082966,-0.3529878073506508
-0.17351316484957666,-0.2456714303678941
0.06024044411874367,0.03640369492479163
0.2292225766509482,0.011742885170719218
-0.29700018872033795,-0.20384070982655875
0.19901171057499753,-0.047344485458607935
-0.30094723514314087,0.06661959883651689
0.14548438492880256,-0.14874805532318625
0.03578932727313807,0.1197405018777943
0.29405046132544527,-0.13108201908018333
-0.006581409034813014,0.35916471849937137
0.2830481169029592,0.06846260651746788
-0.3285961758493424,0.049616932589305995
-0.13087990132717328,0.3009141451462678
-0.4343779017937417,-0.019855856631340832
-0.3795598054121954,-0.07373248885161089
-0.049141356605703276,0.06819608298914917
-0.10134377031277124,-0.02853284834483634
0.04105945864462767,-0.30321201358970484
-0.21246103940188435,-0.4968124496354891
0.5051901741409413,0.26933093579805956
0.3385512064899532,0.10072630325742118
-0.34010204381352704,-0.10546880831129146
-0.027662430915865448,0.07517147544474061
-0.21986796409670437,-0.1624587232201065
-0.03847942551249724,-0.5404611849764241
0.16804035923212615,0.06386579585739327
0.6100510358603385,0.1704008472918578
-0.005117419158338193,-0.03703451499937129
0.027423159666622444,0.027165585466376294
0.31056873373227434,-0.04885495418410782
0.17367528063658969,0.06556862675152701
-0.14528847073609455,-0.23206301743782407
-0.29994506062860365,0.05478773641551127
0.17943459799270028,-0.045239496635882816
0.13666209737277107,-0.048594521124636345
0.2057236515419601,0.3072507329911795
0.36225289124756294,0.06296128001683662
0.31130184102790626,-0.3663318062796509
0.10232080548846549,-0.4631550835148666
0.2604966070738357,0.1505731211900001
0.39678593113047905,0.06489458566945339
0.2244795124077525,-0.026887900843236036
-0.016921238196289923,0.3163372966293379
0.2755532588792777,-0.1264020993605181
0.405160427346434,0.04098178294612073
0.29171718723569795,0.40161650825063044
0.018520538860641943,0.03424367052621587
-0.7056721464536477,-0.24995396157449165
-0.06398930804625497,0.039657151705709014
-0.05026266643457031,0.25358491260178645
-0.08002028426409744,0.02289245649201637
-0.2541571552640489,0.17486180808550314
0.5687539125054475,0.514103801612134
0.0694738063515306,-0.015975460983264737
0.31629015154160595,-0.21649976437243923
0.10167685236130314,0.49615454848827184
0.045087956522658006,0.27541464886620476
-0.02462207385723417,-0.16394621471876228
-0.2799709039447496,-0.34877723874593863
0.10316366867294051,-0.21276986410367782
-0.12604299840794234,-0.36862340483894
0.12445325058437157,-0.25333590982773224
0.1742062244208315,0.1416275954627189
0.0679081519959523,0.017348255798656592
0.02217598454994821,0.15665139287721852
-0.40562218262167143,-0.3470724808963421
-0.42696145490706117,-0.25893726344204804
-0.4475340575622798,-0.14177787368824493
-0.1335409961215337,-0.012110431037309823
-0.1984940932921355,-0.13715757384977986
-0.12360680936059451,-0.02301600488221981
0.1311707374303766,-0.7410292926335701
-0.2220118269297522,-0.26394037689187516
0.3925546901508631,0.5559782362578058
-0.3084970866722132,-0.3665413145365989
-0.07100029732830573,-0.028920297448785146
-0.022226144634024385,-0.4100534349272318
0.454502758988173,0.4880896326416288
0.2956209394906922,0.011197730646754011
0.2832533812582912,0.32182894735092465
-0.3815405211436736,-0.28360241630456623
-0.22607205963466015,-0.4316465989403008
-0.15005015049837508,-0.10689371226976116
0.040647606349661254,-0.11230576619551762
-0.3454695900022387,0.22588869775171144
-0.36544282253965626,0.19632444148597897
-0.043218032513674454,0.008761335477437023
-0.07099994199578794,-0.2726962015912822
0.4127924831218431,0.26156829863718706
0.12946688296920394,-0.32369522536547984
0.21628363535185444,-0.28224552881367043
-0.1756671560020197,0.06600283442682126
0.0424469014759832,0.07244237521207468
-0.0659756915966092,-0.19733671761345054
0.016427479031531057,0.04256569768682882
-0.19451744009297,0.15498761863346472
0.14626346251708683,0.19357429325470094
0.2519344312706844,0.43294915376324883
-0.10701747428729576,0.08477833221741286
0.11492333085577378,0.1860457720036937
0.12849689723135888,0.1068317169018439
-0.10912698701074994,-0.7073144254384591
0.14272649710305743,-0.0039175894959401145
-0.3463461375752346,-0.22388799291694753
-0.3069698259259011,-0.23959197031628957
-0.08263009747534858,0.5573555277452027
0.08651582096863673,0.2522572942039967
-0.1868775981564146,-0.017195859340705395
0.041699080534672715,0.0377917744276049
0.4292048170838581,0.14600292122235542
0.013731229305851186,0.0644053790357474
0.2659854819749822,-0.02921710235243359
0.45694579578527134,-0.3220119522619646
0.060357295673366236,0.30358852246679996
0.021386775591479258,-0.03253477423189822
0.01381148246317859,0.24661141439894446
-0.20188596986888618,-0.2845491103829965
-0.2597109573299926,-0.05832370551021146
-0.3139462977201907,0.45866596730760095
0.14294365649598959,-0.2893804909319413
0.18417263686734148,0.05328090121956369
-0.09612500556500093,-0.19959455532943973
-0.6500366747040841,0.029123474743340573
-0.028563684139072808,0.27494973951202584
0.031148776320361976,-0.16379883372227413
0.35072053012849636,0.12851392209021825
0.10821172025815948,0.272911233707711
-0.057876843311585636,0.035595395941776416
-0.23406506660325735,0.12758978159439374
-0.3018392300595615,-0.1421801205086618
0.18909329105146705,-0.4452788913805449
0.1526988323264018,0.1660490338902087
-0.23442833692951812,0.1907195055430738
0.28282391473275964,0.26188475630381897
-0.5242299528326735,0.3497052521584818
-0.14389797858511133,-0.30322472400806116
-0.035825315419548455,0.3613895183844313
0.08840028642324418,-0.30408571877847057
-0.34649713251794656,0.19705877997932936
-0.17906586566125504,-0.2837424228432199
-0.2356255708933289,-0.10316021156472391
-0.07818317638859504,-0.24031928029397628
-0.0757595015935079,0.06625591311055537
-0.05202123363835128,0.15334331027047673
0.3894891476263432,0.3521495932805429
-0.16690995286712182,-0.14419757204151815
0.29431560807497925,0.04505573052097376
0.14229197394248572,-0.5571963152340704
0.2487816759182962,0.03826002621619917
0.18290666443761266,-0.13014490710258853
0.11393834996242029,0.021944388677054717
-0.48651843049379734,-0.23746192449761797
-0.12648434589661528,0.20529016058990013
0.10556930556011689,0.03379358462720942
0.03866236076394548,-0.17802839293568373
0.07186550153927698,-0.07481402997268906
0.3176775405401568,-0.22288613177903624
-0.14552408738265737,0.1321899535879895
0.26230386511779413,0.4301276140341399
-0.09646866606568767,0.48973401230405245
0.39429330774220644,0.14524473336511637
0.10311815823859383,-0.21085076567392574
-0.00654252801274015,-0.02562057961524545
-0.07768997602017791,-0.27847616082568893
-0.025199213273863093,-0.2062304226379119
-0.14069979107815164,-0.07326578048599332
0.4322597657768475,0.4665363360570621
0.45649398971342237,0.18885179070429622
0.40137182823837386,-0.09457817851579906
-0.09214901642133928,-0.1443655506275667
-0.07286838102071592,-0.22997987792967237
-0.2484606659207764,0.1142700244958344
0.1625046326458851,-0.16609120521913975
-0.2522163793014761,0.04912241956800634
0.5084508742841383,0.2687099236001899
0.03548054675333171,0.20563296940151068
0.47808226244634344,-0.10236892915329045
0.3881699216013669,0.21105859189899476
-0.2353276030372316,-0.24769379546487535
-0.01092984143204534,-0.11264954584001183
-0.00750254482059571,0.01710807927444662
-0.025083470426234086,0.2219731280943148
0.2877308938466521,0.1026393036898702
-0.12284861277351176,-0.04337385900383388
0.3808664335896832,0.6084237891077702
0.3004015230183741,0.03488644904196869
-0.14365388615053182,0.3014417199849709
0.45883459751856664,0.5461100319833117
-0.1807436529822843,0.050825301520332475
-0.2241755496985654,0.06469540404503671
0.012923565570805267,-0.38192491877513435
0.17779633247939078,0.27149373532473486
-0.09031305324595455,0.2661618779762548
0.16189677238257993,0.00956544103703826
0.21373576761036353,0.22077052574515324
0.16916183165057444,-0.6300614624258128
0.1099647931871533,0.5245297468410844
-0.28421360097441645,-0.24530800381522483
0.3261021479674104,-0.006965672403203906
0.2649754076323832,0.02471515313367655
-0.08348732317819466,0.15621548505078414
-0.3213947558706042,0.048651496829918865
0.25111771963067453,-0.2099959258197885
-0.15331479953215343,-0.4247414764114915
0.01738378953624739,0.044907538778349895
-0.46124088069995123,0.29706195039785793
0.6322501074092959,0.353238286083523
-0.11082038861969289,0.40924293158631275
-0.8581259455996035,-0.16251888979726978
0.1468539115474099,-0.007564560904939267
0.424003974044667,0.3399918254014613
0.13328813946522883,0.006609510518939476
0.1672263786808354,-0.2493283340371001
-0.23756518787103487,0.25151593794292804
0.22862788123842162,-0.28892795797152265
0.008133923422102826,0.38243701003646424
-0.1172080919148248,0.3223341679430337
-0.08879946817326419,0.1781237585433061
-0.044284340703380276,0.641526090389654
0.12139560038118304,-0.6243930009065969
0.0565726543581223,0.023832940822891977
-0.059751873760445745,0.21098315269965726
0.01986115246685694,0.16080539740019853
0.035308105893276855,0.19027147192870622
0.2482475881524256,0.3826902367141785
0.2517589704436107,-0.07235786722863204
0.19211922608120072,0.07933624876370558
-0.10942604116399152,0.23206039693434663
0.25653287384200907,-0.04564113337357353
-0.07124471776816622,-0.46893628796986375
-0.10283575622699659,0.6184032789552103
0.16187633037438245,0.6356464182940768
0.4623993313996228,-0.1130312240047041
0.11295343553294547,0.10569823714264621
-0.4426151157824776,-0.3783571591798248
-0.0481178191432476,0.21433869521666088
0.012044725080575563,0.0630447095672249
0.3770474420435142,-0.0593246100588113
0.003535276023489741,0.16643801791343776
0.08791966285913673,0.13011805666814055
-0.20285602638697273,0.33912409319554626
0.2416624720189719,-0.39159328688742195
0.23936762311527687,-0.020952755397241722
0.6053463643169412,-0.03611212677804413
-0.1895803407239885,0.13835609107447444
0.2372303097332105,-0.2644480725362088
-0.04517139901046474,-0.01847637337411295
-0.16772868945878153,0.07647599583524864
0.3474545594015117,0.18543690833589102
0.2085902722319851,-0.3769519791780542
-0.18276259197896283,0.25386502902176605
0.41874695111571314,0.3869085901298478
-0.006869630372621645,-0.013104254994749915
0.04965543244147201,-0.40133956924803504
-0.0211436731618222,-0.008481510599245169
-0.15824837995340757,-0.023547541522485844
-0.05140545277837823,-0.03144252609782394
0.03225943971688842,-0.5354499614422574
0.3468904127334641,-0.3815172667577595
-0.14496931103564858,-0.0389730359218757
0.1004016932360637,0.2951359508587655
0.2433297187262561,-0.055058699136660144
-0.21553431559349037,0.26287132410251074
0.0417144868139597,-0.07875836389216302
0.3212499908337972,0.6597363626428296
0.3656441563337589,0.3076876007176236
0.07382387030736026,-0.03264762726264427
0.0822759487244936,0.34667888151130843
0.5273990911406535,0.22762849411572736
-0.25978199274055536,-0.04986472030280387
-0.3314366492701847,0.1369968786535043
0.41657574746642023,-0.0665243830613378
0.37521231528563354,0.22115356495886565
0.44604231589843435,0.024809756132603843
0.06951564891316171,-0.41839573160461513
0.16708050462211857,0.5116249748882108
-0.03609168617653368,0.36333870891354875
0.16760150698112716,0.12867205450825073
0.07167165848644663,-0.3972188167318099
0.0663391790291159,-0.06967538121704003
0.2934191682665214,0.01951571036568382
-0.19392561952476095,-0.36519816320525433
0.25056670985021257,-0.07836238634627554
-0.10117962879349676,0.1225284767172486
-0.08967394176000944,-0.1415323357133202
0.49280299777904907,0.12656101590453944
-0.39442157043750903,-0.030702356956889023
-0.11338233887641855,0.24087345808814312
0.18864573515243613,0.5372419080573048
0.32448440709532433,0.11648773351292833
0.012063319522093698,-0.2919067659290794
0.2806918258455843,0.04547471164461956
-0.091245930307993,-0.48803022943629193
0.07155700203179403,0.07559250448144388
0.16791189910950852,0.23208595913718735
-0.03270939946010921,0.13954615722735372
0.22955169951328278,-0.028194781642515414
-0.2585559936064413,0.15070016404934797
0.09308720231594868,-0.2534684967395224
0.11280634398094798,0.054521397423977165
-0.5732214355426564,0.17474963605142824
0.40409311887532257,0.45445504099098627
0.08738595778818277,-0.07932860885124696
-0.1609685025410981,0.030712062297244203
0.16498640315262203,0.21989879662146555
-0.1110601639062438,0.4413338069497091
0.2815398258192621,0.007162154030583141
-0.08987781053098416,-0.12400303229943359
0.2146950093280046,0.6327683324374492
0.20723090877557407,0.19490840401229168
-0.3782073605025866,-0.5928256738632144
0.2495397747982636,0.21524772764044636
-0.0013601471636936026,0.6048083634242609
-0.1171309679938725,-0.007997393397108275
0.4285039937753589,-0.05509429432533423
-0.14807569520736552,-0.26894923658031733
0.15821370014037917,0.4208342182891224
-0.13720952401579795,0.08615248846147334
-0.039266925347821766,-0.07183832572110638
-0.3717114830176798,0.10068416568789067
-0.1497668094305514,0.4197717125804218
-0.39674990359734996,-0.18781724498614683
0.2096435420311068,0.002377056100166958
-0.04494693613734006,-0.165541175879637
0.4517309920400758,0.3837338300738577
0.037998263788086684,-0.006224670907922076
-0.060700074496905176,-0.18957307245723232
0.6044790708329083,0.4135033729235468
0.41319154622926174,0.03137332457699713
-0.16210464895041476,-0.36391294580449274
0.303286001602537,-0.0730813132744449
-0.2858768800707147,0.1549529735454256
0.0917007008248646,0.312386894857186
-0.13342662444252434,0.3316469999281108
-0.23437099913579432,0.27906705903768275
-0.04422617972848402,0.09235109616606096
0.3275732142897116,0.20498731038041024
-0.016458471030102537,-0.03778788989100539
-0.13200221584170363,-0.17793727847423402
-0.250474370572151,-0.12045555130904538
-0.1394691369993305,-0.38095021392537753
0.26877923632260686,0.15135563407208863
0.4855861739906745,0.37452276977649934
0.3445054276610685,-0.15888051673146347
0.13667678878964334,-0.10869838483930493
-0.2619182179868199,-0.48844735748675083
0.049936273596324826,0.012274539028785477
0.14697730466804348,0.07498328822849856
-0.031091467754680177,-0.34769184739730896
-0.3107436105044169,-0.36497299339888645
-0.3525713811464348,-0.009675797249826349
0.11545047313169353,-0.0449983125624825
0.032108846149879584,-0.10276077448348403
-0.10367998443393336,0.09303909483808474
0.4127436177683657,0.04757381485195016
-0.01678798554060316,0.1280279183173565
0.2552214706384559,-0.18971869878618408
-0.19088179487957213,-0.22960036179979015
-0.20086589911117358,-0.11635009057847197
0.21526349238203932,0.023092722202998368
0.16421979863492814,0.09420752442977381
-0.0008477029309706468,-0.339249934204719
0.5055246688941588,0.4237966551375327
-0.16678355759632435,0.07016058190556052
-0.05889734759599586,0.5274859508479328
-0.02274618384269508,-0.24494415441811393
0.4178616386697136,-0.0249367089777961
0.14518951841839137,0.049421101005762524
0.08839209662789181,0.20469249760300537
0.08451596012072757,0.1250909099738182
-0.22370961730479957,-0.24051290159468272
0.07082869461328148,0.03653384034927384
0.44252432728983826,-0.06931903014119459
0.2460479957772714,-0.3443181474730923
-0.20315693000468202,0.4799563058428955
-0.2522818069082877,0.04475005573817245
0.3188540536548104,-0.14416861542132817
-0.08933534771805982,0.06661445799788314
-0.11649000800533513,-0.3288044464738805
0.48995364878930503,0.1629494101839625
0.2030497721451426,0.13620457157865193
-0.2896814417778569,0.07908920667990738
-0.3777625713249876,0.09958198149821479
0.17875003318962152,-0.15161664704464659
-0.0664793111650779,-0.03828094199560514
0.3576394854181253,0.4016315443589684
0.1481729295166616,0.18181850039444458
-0.2490902680044199,-0.41005851703815477
0.28515795644460395,0.0329447341637085
0.15809241410350808,-0.028639047110698684
0.05291242433508831,0.051128627970608194
0.4195011985322613,-0.13175637578915367
0.6502969964931755,-0.13560411683006762
-0.17396315407883062,-0.030387455191237808
-0.24392911746510454,-0.045572700892338454
0.4293437058663157,0.20251618069078267
0.33890661116943777,0.6405570385680475
0.12815201252623903,0.31377811483734924
-0.39500051784631696,-0.20251740080883662
0.34306755926258287,0.27795993351167564
-0.024057540099173366,0.25814211036110807
0.46435621604117944,0.010255334805844592
-0.09010074472140943,-0.3098111194500833
0.04184778820198705,-0.12500791702125177
-0.12181811763711198,-0.3731315068830682
0.2694602678644381,-0.2842768673660418
0.3150624368979272,0.3552445918101759
-0.04888785665609016,0.26649830579603906
0.3337395407230927,0.23380582711420578
-0.04730123936318097,-0.27363906557524814
0.5562319401007176,0.42053039279690724
0.10824489955784189,-0.06575226650605738
-0.11221801914809414,-0.116522569300629
-0.5044809278906721,-0.3050198453161543
-0.2398083142162993,-0.0963760090692923
-0.21288506978357125,-0.39362770624986054
-0.22416504004783358,-0.3089793924288806
-0.05849271131944323,-0.0031792994844252885
0.21867047268933107,-0.13210948092682878
-0.19018737322692977,0.008798391978378596
-0.21589259437879657,-0.3521219815312672
0.20351611662013244,-0.005553684305554131
-0.09893483944879243,-0.15718193564622446
-0.3200615611169124,-0.029060236105022414
0.3135807993406824,-0.2457597005951433
0.010802138293158358,0.06587210647000173
-0.13588826374686602,-0.3597758199864096
0.08814473169085262,-0.0660830371457373
0.1013608326410174,0.08343385297207932
-0.24046054551278834,-0.29865112358503915
-0.438583354945361,-0.19460246453206018
0.05725045044598095,0.07055614290114369
-0.3763642402716708,-0.10497672081344568
0.12313282321294977,-0.0473926956407506
-0.016831570295679537,-0.0644954228142013
-0.01020547865950791,-0.13273826145124396
0.33034042462084273,-0.05258101663901271
-0.2924027603730719,0.047269066880510836
-0.44816974744737376,0.2830762883498954
0.31448740814016407,-0.09290745909913765
0.2639137349680727,0.41625183388987497
-0.1206632384558873,0.20127273048502267
0.11984652160993778,0.051587236512770564
0.09333307583005239,-0.14531144167854695
-0.024605554098192726,-0.19474502600222507
-0.26962523908924674,0.16910137332505124
-0.0309788802482064,0.1274368049159086
0.1600982856031682,-0.010816935469939691
-0.10550057646160617,-0.01766557987833284
-0.29382500786876875,-0.07176745153552085
0.27627356873278924,0.1051057444434056
0.33142885404628486,-0.35057152410945064
0.43224312244429774,0.1350745339616003
0.3322385904450709,-0.24307622221561898
0.08191319291420633,0.15879367781381434
-0.06154746429299702,0.21841151417064184
0.15800353818586896,-0.1472743504051051
-0.2804063836239592,0.03987599805849402
-0.19054593756346266,-0.4056791617576186
0.10939176915440103,0.2817435405865698
0.02529880307840696,-0.4465452642782601
-0.10956684811229134,0.3703507570318346
-0.002582618347296608,0.03820086394379251
-0.07244639422811527,-0.14261875560660145
0.11261994598346159,-0.2010363781987299
-0.6443270936421932,-0.1512352250122448
0.05420374842443106,-0.30751629828556926
0.2580529351056567,0.1982918038947772
0.24624968322477142,0.17834744875712744
0.19522401103696893,-0.11783801108427332
-0.31815170052181585,-0.1415969990795797
-0.0320679758896382,0.09263544970523334
0.25608831397949283,0.2791532531631685
-0.08559594685925022,0.33465295979650295
-0.2772840655735882,-0.15473406458896308
0.1515753854297231,0.28049137881769914
0.39129299866671646,0.2004485120847265
0.07597359895789127,0.3059239302102673
0.11845765943186566,0.04246635525804936
-0.21154006449948454,-0.16818067676183912
0.3701184501155251,0.22621708364182372
-0.23639405268749325,0.09601337177621488
0.3868490232040025,-0.08979148307030353
-0.20728836255969676,0.0541710354844716
0.3196086945439259,-0.5217770781519308
-0.06916383138537195,-0.24806791144894397
0.022069813289890692,0.01193838184658336
0.6404370052824575,0.2524366486200239
-0.3901376774083713,0.06188367703109895
0.12233565635650936,-0.3829382670640197
0.061048271580267675,-0.42737091540243083
0.09344390741834532,-0.3120648918715116
0.00560975637824625,-0.2151918659188953
-0.08375139008579988,-0.07269759691693378
0.00041126810791773796,0.0736046807281208
-0.439163975495648,-0.13813036942346343
0.1832274379684821,-0.24908525524772546
0.023639436035950406,0.07697492749650066
-0.3893127836351898,-0.2879737870306524
0.2816181213456259,0.26867974884582113
0.23334272104751447,0.14077282596439455
0.22742806590724102,0.04675379427215843
0.049838924016719126,-0.11352395561956992
-0.1317962422197274,0.15052746632463518
0.22668366508905471,0.15130366511229446
0.0420146500352453,0.41760416629717434
0.27802210382238396,-0.07601912033395117
-0.4203625292833679,0.22413687654818878
0.069573180417314,-0.4473811599464228
-0.005005019421579014,-0.24031079689744514
-0.09209550953908698,-0.31224697719157546
-0.15194165482841332,-0.15875574589798463
0.06467486512790967,-0.25657233896892806
-0.10006879095418508,-0.2520736834148185
-0.06717217791086667,0.25671113971433535
0.1869950721649865,0.35729347919451965
-0.15060903233283723,-0.11741793952118078
0.06114039632832747,0.011828469197662821
-0.07946799853473793,0.050572604480708584
-0.41123103168483327,0.2231398092197089
0.16144796671308018,-0.04576158203527897
-0.21035064384872354,0.39819747454347365
0.118942805131482,-0.01136896795163119
-0.08678214654725784,0.39937214701083884
0.07318938036521422,-0.11190515984778256
0.15702336847585324,0.3373575387400051
-0.08047796929188265,-0.27691897125077863
-0.006965525753229659,-0.44608586469111866
-0.386522924839502,-0.09468444155394425
-0.03739534422868065,-0.11788647512786837
-0.2825229962580548,-0.27657874861145676
-0.25428045019681556,-0.056714807454458775
0.45174272945816873,0.503836276975008
-0.3128946986291099,-0.1872932239478865
-0.0392118486702684,-0.3466054415870434
0.18165965975589582,-0.24404300217413347
-0.2754157414727842,-0.43297516684963105
0.32147061183917297,-0.1687985763682489
0.18273569104641893,-0.1454808761220682
0.23886796256440468,0.17806913518196438
-0.13326744431011497,0.10731121921015079
-0.1731650423210477,-0.15869969353116584
0.2067538178772461,0.027548582439942907
0.04317785191431208,-0.038583964599590924
0.09611795753999573,-0.16042821515697842
0.1006588135872029,0.16826387762778927
-0.038038949752711805,0.30681745740059657
-0.4637964268795931,0.2348224033260155
0.004020661070108537,-0.1750570389224548
0.1356288335230622,0.3317907819320917
-0.4042706084514752,0.13676072802696435
0.5727824804128032,-0.3195439106952649
-0.4445830315923348,-0.3650020460106721
0.04476874532406682,-0.03909616109905464
0.1125314552043307,-0.059029608298180936
-0.7728414939396504,-0.17390973184493974
0.2911241137697582,0.3079660149286578
-0.22043630847423687,-0.1843587195075815
-0.12544852376567284,-0.09790753813161734
0.11989695814074057,0.04278716807835623
0.10450479378427911,-0.07708514801682895
-0.04929314027722321,-0.024175331435902902
0.22977799602112145,-0.014523991099945815
-0.003042818590695535,0.13708896935754022
-0.23770047883446405,-0.28419819045565015
-0.18916979564387545,-0.6178481210951916
-0.15335265687874722,-0.176336701225572
0.08798606150731343,-0.05374239963376804
-0.09130871774261959,-0.1311606604087998
-0.03858367759972589,0.4703471090770973
-0.23895223179453212,-0.30702541140088696
-0.022702843215494033,0.22284394902276916
-0.27173591166156125,0.04831478036545286
-0.08252181789093982,0.2286577518813348
0.20871085383562657,-0.08228842508604635
-0.1411729080154907,-0.09639988571483737
0.22682160608718185,0.0879554989378006
-0.22343827242720957,-0.46150151502506115
0.4708951664151586,0.13656767059702501
0.001617932239265973,-0.08339170791385751
0.03736802849175578,-0.22177305269360012
0.12470470757350702,0.06224262680670373
0.0006339663284011189,-0.013113858488423644
0.05731080076811461,0.11854146772231867
-0.008418611616223613,-0.09490884956337052
-0.05114329247426228,0.15264939250150575
0.39074060620375994,0.0028873827610191045
-0.10713709865859625,-0.2839534949565757
0.3709492480271152,0.028124376712540138
-0.04096657008000323,-0.14815486455192006
-0.5270891968229238,-0.2503140283398774
-0.19740243573680943,-0.04563197798776152
0.07044119698721783,-0.02386591496872322
-0.3547343301686655,-0.20466347376568927
-0.06941055782287449,0.02813618830264611
-0.26101482936483733,0.37080397681483457
-0.04469244835408481,-0.32135967917683683
-0.23202337533639633,0.07511657348351579
0.11960233246517483,-0.37862211642787436
0.2551037616633467,0.14902863056828342
0.5960708273709961,0.09795616914303495
-0.3121998941623118,0.0429789846957269
-0.04667525484351743,-0.2145198562126907
0.022196565276864578,0.1854873207061135
-0.1615873575357065,-0.13867687965803924
-0.1478839308083046,0.06882531226725871
0.047998349153210794,0.023349163634933074
-0.08048926353966518,-0.2801940508047449
-0.37491757060526804,-0.28064833873463463
-0.08587202865800146,-0.24846067002763242
0.20773523120910747,-0.2729049228745675
0.19566404054746678,0.2060436389422305
0.020221002100361696,-0.32695774335989947
0.17819826351202836,0.2199381059473229
-0.11086974972115426,0.2084519135553225
0.06993637417489895,-0.19409118210604007
0.060701629556089334,0.39150442486924997
0.0007897617931987531,0.0075911607551867565
0.07757696692848559,-0.08024742467781577
0.018076522131217306,-0.547965415457804
0.3841594355636122,0.567695911121002
0.07824326569837153,0.15913574369424127
-0.23242166875181705,0.097387147702344
0.006869702609734334,0.10317424778006383
-0.24958686384874937,-0.003658276895545501
-0.3454476694337121,-0.6313473691596315
0.07315649323596334,0.27788987136121734
-0.12506442729696782,0.04826528760196586
-0.39530679025950594,-0.5145530725472399
-0.049796594415482634,-0.03996369270745913
-0.011745006980916711,-0.12322699082386337
0.29369406379314045,0.23147552869662705
-0.1357645030039581,0.05663654861934541
0.2655986488592213,-0.19798012553713953
-0.4821556192872387,0.29244416394842704
-0.20396553430331538,-0.05504294231630979
-0.024992883952651417,0.2913388014676446
-0.14615576437008398,-0.13030214802620954
-0.18600696560956476,-0.07384144520172203
-0.11224960903416455,0.10530453488063843
-0.11541573351011679,0.14300901059585416
0.36980130276200524,-0.020043013911689334
0.38026370274435733,0.08339510242215996
-0.12356006078833158,-0.12435509994881382
0.1767203643976256,-0.4168330632517396
0.0753484752860826,-0.14856342446233733
0.632842354629879,0.0010810937850686429
0.0618274833419619,0.13975886941803708
0.25308330295986914,0.02054120879446444
-0.4137385732282173,0.031374619617660957
0.16011695305710413,0.050857963668865636
0.28790074633643276,-0.3283472978336263
-0.3305031327255334,0.0939345262597593
-0.3745420744289392,0.07544578120264596
-0.3661231106361921,-0.07885941735291356
0.4644801299309403,0.3415867300278493
-0.1797532613462706,-0.050144421650564236
0.04426542662881553,-0.32067601496335146
0.5969219313678065,-0.15083606112031278
0.29026940683766417,0.1377975250419443
0.3453975436754212,-0.46545250281194234
0.11122831921579873,-0.04363454177720252
0.07982881913088276,0.3244964591226085
-0.033572139978507255,0.04606703291745101
0.03620362268468739,-0.12902547453732466
-0.20648534510920985,0.23531634897733883
-0.46702772754127275,0.05264479030637116
-0.2018201703398118,-0.4793036570024688
-0.34695050150299495,-0.5154869156745469
-0.48485828273926235,-0.18110876458670963
0.14196886946943302,0.4356648109857001
-0.17436856628659272,-0.3520248424479516
-0.2867496709920249,-0.16467961928051972
-0.4273415473748069,0.0513030266811702
-0.07190022280029275,-0.14960097366454778
0.09837197525947615,-0.011637744487337438
0.19928880828828804,-0.12776928520876457
-0.2854980370679366,0.23696500452013777
0.23507287176116334,-0.009455066404540104
-0.27095813229336785,-0.20990946048509293
-0.17516989223289292,-0.28471159978196753
-0.14347145927371882,0.43461376331838925
0.35005827645509463,0.2661441994266453
0.31773556432754313,0.1109095517523396
-0.3182930015730362,-0.07967705848562609
-0.00026993126669863643,0.21924126920535533
-0.27805196489482903,-0.07806286652619193
-0.39805333702851836,-0.08123626502927245
-0.18375175388904652,0.03642998651120387
0.007499320605802769,-0.45530712269775875
0.22397432698481748,-0.16747825643219597
0.0038402290656778665,-0.07065374651600267
0.3429324856824876,0.14074012471742686
0.474978103427594,0.4523777500526072
-0.026413215783930275,0.19603160756791063
0.5464274058323912,0.54136390530711
0.12807076777991006,-0.11293377786468742
0.334628687728678,0.011261303960393699
-0.05828386172678081,0.0007452846823343327
0.28179808064884876,0.2712890318199049
0.1441217771167465,0.12092754923355932
0.27530566772341325,-0.17361862012209872
-0.002562872084583589,-0.32890703536088906
-0.13399283599860673,0.053855282648223916
0.4269818074468761,0.46184803298767396
-0.08885588288830168,-0.11386448366190377
-0.0750751871147082,-0.40330160805666504
0.2477210859261634,-0.1579139330740968
-0.306482271681952,0.023351085719467646
0.1848424273702068,0.14782578140364802
-0.20506828043505995,-0.4494888657337717
0.06948910706866367,-0.24912105789166622
-0.06629383309692824,0.10107886464844504
0.1018797766727196,0.16350380672512668
-0.1576236791243023,0.07101548581511734
0.4202021116398033,0.262741609901107
-0.023670523342745456,-0.2554597748134849
0.5842750003727062,-0.2599844956679448
0.24606582824313478,-0.296145342371615
-0.2525630685544845,-0.25827477812780664
-0.08460486899151916,0.19679529266469498
0.0667431845040186,0.17547033977958418
0.20207299924184027,-0.09587343372890354
-0.00639200096022649,0.2918454035245383
0.04019114781593351,-0.2347449581795859
0.04002888723934534,0.024001030771964686
0.3800803043821309,0.08016223673379316
-0.16263329148416159,0.055576781971862124
-0.05219097677592469,-0.15453028536333674
0.028111437700165717,0.21957094310920622
0.028312949947853355,-0.042909685893963594
-0.057236315778224724,0.14542638407929512
-0.21522986016780032,-0.5329742730470329
0.20636774368911223,-0.10867885726796728
-0.043838272094263754,0.2232012310524584
-0.23248664873212627,-0.14217000685861753
-0.030986877637043962,-0.8025097190582257
0.2965632537565238,0.07869155827976415
-0.1483289240438864,-0.05595919143717058
-0.026009887082032796,0.24481270786514456
-0.17472814747708187,0.20560706084487348
-0.24359047053936742,0.08133696838816987
0.367957026133742,0.23875714420047908
0.17716832665215976,0.2375085167132951
0.2382777074294876,0.062265116113882336
0.46576776440893985,0.3631528773032694
-0.0795012278877854,0.04997553079139968
-0.40796738475427413,-0.0910972203230342
0.2330812461412476,-0.363070191316831
0.33793575020116623,0.22716018547833966
0.251748347987955,-0.3647643546216737
0.2273567666320498,-0.28006867811908204
-0.17739242781208223,0.24701089172512602
0.07687715549988217,0.17735360114155074
0.1939076099202271,0.6325930112425838
0.03501298378744424,0.0777300749573732
-0.045047411875221724,-0.049808901010451045
0.024025195437925192,-0.015788735721859758
0.059722809967419924,-0.012330158797353816
-0.44806663954525,-0.1143370760405568
0.41518600724213994,0.5857174587893811
-0.09755320688797581,-0.18525204246008986
-0.28235044457390795,-0.4116479727070294
0.1396272143508067,0.22819232786397334
-0.14898197539341718,0.0257971501839545
0.14603075573706323,-0.11445615203344325
-0.07101965041973528,-0.09994919226688641
-0.3775265820150641,0.08706298169251096
-0.11480390470123254,-0.2352912919111978
-0.0023181608924064353,0.030975727293435153
0.27898029845280037,0.03555045960531476
-0.015040434293408955,-0.0014070170485413998
-0.4118021765351039,-0.19703947473954955
-0.5487463316167365,-0.4940399780488653
-0.26265780413417295,0.0006658252760986192
0.1662884031587995,0.18272440067264722
0.4716884110437406,0.7614550874456057
0.5400155383368505,-0.03856424544026212
0.4688124797928091,0.2971064599449765
-0.15752370617369135,-0.6985911750826911
-0.15398593541927064,0.5300320318113894
-0.048725705065892785,0.36434469419021887
-0.4513953314330849,0.12640682533141698
-0.1283633199686223,-0.08581529024066616
-0.09779129112737657,0.397937285364026
0.061603436705015086,-0.08787658903679114
0.05744428608394871,-0.034201248453780815
0.24237535614017222,-0.04624919696325364
0.07663982877417302,0.46415169837060716
0.008533578185898592,-0.09129469175878879
-0.0060353002763524795,0.05682880353476417
-0.17703385557065787,0.10271913282156228
0.446607037944301,-0.3934103605809103
0.1877897808528741,0.08233157609261235
-0.2736766013388742,-0.06801040969305869
-0.2046719401675905,0.2944276919491698
0.05337411328601135,-0.010272921699973368
0.07556747838565925,0.5564476827208981
-0.21107698326705204,-0.1304075906591014
-0.013298682363614691,0.012239286773460251
0.34050050340046933,-0.20436748381791572
0.23860170498336009,0.3254087910307115
-0.329593175172156,-0.13080009218962216
-0.17927058829852005,0.3077991544377
0.034593494957894225,-0.4043528865450791
0.19996206344034068,0.03853403434692753
0.20473754375757974,0.17914728546961228
-0.03651372728485549,0.20182641802867518
-0.046927215341519266,0.08926889889377462
0.03766264913692668,0.2140539615294973
-0.03788410243857817,0.18014981615377174
0.011757838927619014,0.5374044416976047
0.17190410396013703,-0.11247494476404064
0.123175972923611,-0.029290423984395096
-0.4380042381776592,-0.11926160428220287
0.07723433363575227,0.3368911861708716
-0.2997687632271029,-0.10085813485538171
0.03467849777463827,0.5881967571776955
-0.45477863522227385,-0.14910243695490027
-0.14115664732563896,0.049441382455703245
0.4527363296814778,-0.05901426734935826
0.48966351336902003,0.466332302188467
0.04196540606802659,-0.09363771368284865
-0.09503047660680355,0.187670644791239
-0.1701811509711065,-0.1732833412005316
0.3041862277758042,-0.25614580673579385
0.34764659203722414,0.142742766283338
0.03638447079250124,0.09066248042596331
0.11441153353084933,-0.0921673600183501
0.12562982817201673,-0.20520990517782797
0.2808041592075081,0.3635265311321052
0.304727045118151,0.08460715172475723
0.2922923488051567,0.10227020831948876
0.4359945906312771,0.20748703941051003
0.18794455055541687,-0.0002542046193187047
-0.08197333954791491,0.3613207502401783
0.020004936064774343,0.14900260497207754
-0.12323347892427673,-0.03889622181087838
-0.21080060822417263,0.2501822285750804
-0.19177082578006166,-0.27594900798505295
0.021018449686592732,0.23510443218914057
0.0867933064903976,-0.053285513630707104
0.0338532669280847,-0.348603791979861
-0.2139969261794581,-0.27649214961015106
-0.09246914275723207,0.21051858612823476
-0.04040134719416102,0.5090599601763709
0.041196377030207516,0.37735493735066217
0.3220513220364385,-0.012008017997742471
0.19327798425065038,-0.25389585725958375
0.006048325862586561,-0.3928396102819665
0.17860508088301902,0.16656736527427424
0.5395327698393593,0.5347574952382668
-0.07791665114950636,0.11963162726443202
-0.21173849258791652,0.0439114619453288
-0.07769215804645781,-0.017667808290165034
0.02755089911729916,0.01185552219447907
0.03000040901173112,0.05584382207132048
-0.1984149280231673,-0.12136647598955634
0.05807088469430375,-0.12648295585991143
-0.1741343524920831,0.28040253571629636
0.3215155123988744,0.42212243677412925
0.3215987361925809,-0.2301393855838544
-0.06877185820464547,0.16241057227708441
0.2894317638265276,-0.07248623646505142
0.022657132034532172,-0.47950764441483273
-0.13706865716530098,-0.2465166237089486
-0.2086584148399292,-0.01567292008824638
0.11536154962397772,0.21543263414760216
-0.3676770898262659,0.0923291553647394
-0.06423208542143845,0.08000883710483024
-0.17000108857135174,-0.3163206511448034
0.2476605222212243,-0.12614882285588927
0.019711510899283396,0.3263295204145021
0.15445016059334737,0.342845073992094
-0.06066836282262979,0.14096080032871394
0.17371325841747406,0.3753910820497239
-0.5488597185879555,-0.13725145650322015
-0.26817089574370756,-0.07218015329841825
0.23773055516697383,-0.02205819757603339
0.4314219728527985,0.3342564923582608
-0.0508333950450402,-0.4904189961091349
0.1595173925248231,-0.06882118463793026
0.1039268441547875,-0.16865602966568347
0.2626194578438474,-0.18678714126433782
0.582236962532165,0.25005969192649213
0.40540017748913293,-0.13268891441394956
0.5667223182869862,-0.3079490674877239
-0.0052302561256866,0.1762414057598045
0.11408627584917512,-0.42271093814768845
-0.33126531664422704,0.2540238653591316
-0.07126053680596957,0.10830345182887126
0.3255409737240622,-0.09201266706525008
0.24875901641654652,0.14384672991001535
0.4212323155208122,0.37575007311323805
0.007764325365387064,-0.1636177922085076
-0.05348761149271285,-0.1308400118427664
-0.24929209066873834,-0.10089789902129967
-0.32023075229310566,-0.30574024608471556
0.22517506621672037,0.4588233244782878
-0.43727339904870083,-0.27609332940918313
0.22044949370175437,0.14935767048160237
0.5063212830093953,0.017988897868432493
-0.038786326566184734,0.28177880730870986
0.38513549150160686,-0.03626161434125966
-0.08299683691956014,-0.3667311320491385
0.15790892465680553,-0.1261091069884609
-0.6211868018525786,0.044682809930937525
0.621260717720773,-0.5811330075119466
-0.6340980387977684,-0.15316286749863095
-0.14720919864818494,0.10335561478992149
0.08729360276619189,0.25967496847717064
-0.23962807558170984,0.0038573416463150195
-0.049074720404055305,0.052397947154575096
-0.21148423302884548,-0.2022929695676102
-0.20309819225654988,-0.7840057307292086
-0.03461686432354598,0.1437834768075769
0.09478781726462747,0.21638556343095874
0.3081584375157116,0.4495408734918508
-0.21350155813189814,0.203651025320918
-0.6028670587751186,-0.0165773340439698
-0.19602608915791078,0.09519088388212955
0.28851171464510333,-0.16988904272392819
0.2239998733504144,0.11970555277128495
0.026579246992536318,-0.22825650796720987
0.11400483087189156,0.1581743630629866
-0.25164689267064083,0.12162553852871207
0.1627979286168205,-0.07607199454879952
-0.009550321091584388,0.36200237517715694
-0.06977385192270662,-0.15609540948739187
0.05692559077391426,0.35484861348574465
-0.034025209474073205,0.040584010447788636
-0.18456303708854876,-0.2833323703065534
0.09437734186631358,0.1013809063334222
-0.05013799456772997,0.02492794322102085
-0.14418272334758767,-0.29647813550951907
-0.06229864759865951,0.032577947883209904
0.13720177501718947,-0.16815110010305342
-0.035721267391577334,0.30448684501328566
0.1929746488139594,0.17573980635698103
-0.26356747751027954,-0.18186544754333406
-0.00022024392573820147,0.03577478861171664
-0.30561870114545364,-0.10641320399165886
-0.20024225635901832,-0.025638801974984568
-0.10027383942820879,0.012067868075987588
0.096717171134448,0.15785508003963794
0.06964093035216758,-0.24044452734463478
-0.13849390339097112,-0.31106005041708373
-0.11764107365529065,-0.028964001053385025
-0.22136778792166897,-0.360428755989635
-0.2526772568609382,-0.2149181647632119
0.03148944648269116,0.18650820753422306
-0.22211396334107808,0.09958166367940974
0.01987036856856884,0.25249622962442597
0.6350879578193498,0.2845919067837331
0.31825240736551413,0.4462366718224791
-0.07741404836283448,-0.03229534794594221
-0.2511305087379167,0.2947125388368448
0.36382882453934745,0.270228871076769
-0.10829162804243295,-0.3051217072613155
-0.3871520442934227,0.0057820379818818895
-0.07037490473069186,0.3638792643066323
0.29086267448021236,-0.023062903218062678
-0.3239532231416578,-0.1397510856053398
0.20735757255446063,0.11234262150957598
0.5047467033254905,0.1908510116974963
-0.25632910758064376,0.16854645880780564
-0.26235533569951497,-0.10399863716461857
-0.416131625787077,0.44640300653811654
0.4518364297532788,-0.05721797949393014
0.12611829486711257,0.07388845924681282
-0.24837435050750464,-0.2863009460213461
-0.2842965503634799,-0.4385375052945547
0.35711941102690287,-0.09131894079232722
0.2032340714520887,0.5455808644833859
-0.07548220678279595,-0.09526290926463975
-0.10282641248249214,0.12099580815090048
0.3065449283868704,0.2893921559376932
-0.3558672179114455,0.04746561252393353
-0.3982740432482217,0.12965578139547626
0.2476330252039796,-0.3680493462239723
0.15409194371418153,-0.01987512825450326
-0.04934113521646619,0.47668434560965756
-0.04334663600325391,-0.1267149468502868
0.20756965186247997,0.10934475032106686
-0.10070563602625608,0.12692133372086056
0.3655957556539618,0.16818654697173982
-0.12401406488575216,-0.05723643710201163
0.4410172838249386,-0.11410093374161141
0.2035029230209027,0.07322162183400223
0.09909176040893596,0.12956489247220632
-0.052296188917948024,0.13317301975412033
-0.28029848401743046,0.005258302985540691
-0.4558444199882316,-0.10039878970270825
-0.09313810832395793,-0.18091542134992208
0.17049448653709123,0.4508614448995556
-0.31460097507205,-0.1151503251146202
0.0665728764532051,-0.016490300770629227
-0.27616228018275035,-0.33089576291663614
-0.31373942105073327,-0.5564420196912941
0.025511228145512564,0.07259124640380338
0.04796892528296003,-0.5425703974232219
0.3622513134866369,0.5081400397120939
-0.0026751585528057495,0.120974425704483
0.17489286734407758,0.1976312476736106
-0.10564023859820958,0.009855852856295982
-0.0579624790745523,0.34191846745896226
-0.16254707563434123,-0.07405438262799192
-0.17408726873745167,0.11172614168796477
-0.06332523517902228,-0.10993486434403885
0.0792794707466682,0.24925894192038597
-0.25469463754076954,-0.3801889055470022
-0.06480868913351374,-0.25675752897470056
-0.33379517148619064,0.10187010796342565
0.3938205991605199,0.6908967948426978
0.04598523864232396,-0.05591582632129859
0.5569794901468038,0.14210893662680962
-0.08686015511147177,0.5218671535860957
0.37881608277012824,0.20830969995382742
-0.025989244706636123,-0.06948673640549366
0.0977594286959955,-0.01820532341285615
-0.09742683379673381,0.12056497309504137
-0.24177551753831023,-0.023928683274243308
-0.033433304443407544,-0.12770186754042737
0.12166300829099931,-0.23329767189188783
-0.5594007165483662,-0.4168604078619403
0.09919620177781242,-0.2959384673409147
0.2685327120005758,0.24664158448889628
-0.006775801044818394,-0.06326781184359197
-0.15881914908985925,-0.12812719077687787
-0.15119730457204372,-0.20484469328846538
0.23960493556804846,0.27995776285098256
-0.14687788560146495,0.42328129440590956
0.04884963735383713,-0.05430700671049327
0.19618972225192757,0.4759348557789476
-0.2173289388587861,0.17839618032706145
0.18840386140695078,-0.17052143028742114
0.29169185532895336,0.08977077956317148
-0.02949818901706228,-0.183325682851193
-0.32873930935092116,-0.03469081457818454
0.03171538842059044,0.05557906711712405
0.10016003071489418,-0.1498261026448977
-0.0755208303855139,-0.3295092606461505
0.1104678881786657,-0.2588554704366484
-0.05547134922281356,-0.34055441161921657
0.2973543474382657,0.27655558343596953
-0.23765487318801465,-0.09606141491894453
0.10188380703818202,-0.3456422553598031
-0.2643624108920506,-0.21577052624289605
-0.2924827161265006,-0.35018913022700476
0.002789385369005124,-0.006037974542057446
0.3946343155826613,0.08996602045611633
0.20375257551039902,-0.24070310294733496
0.0815683828471392,0.24137228515982212
0.018763483140878837,0.0022594258272529894
0.06601291995995394,-0.22743692754773642
0.20180790431603393,0.31145363092538136
-0.4461363571016485,-0.23690128688142092
0.2166182130486483,-0.13703659820076072
0.027417501622411914,-0.3308963812188893
-0.3672915933946595,-0.27551797550203067
0.4336148415050064,0.005725593749961929
-0.2499582562877121,-0.031385390531296437
0.23674421128698891,0.027282030858693792
-0.17366087305619554,-0.1280962421565538
-0.20400361362470737,-0.04277372008093169
-0.06631185952482789,-0.07447885692990087
-0.44699470930884866,-0.5300538713026282
0.08292272980455269,0.24613016745120514
-0.11551259613414715,-0.5855170475817509
-0.24525475157634397,0.05990824591853929
0.3432046741943692,0.3557115045529725
-0.13258060571954527,0.06481766078812003
-0.02393384920377193,0.030957061438195092
0.05144646231892073,0.19595829092275932
-0.036486339604815204,-0.4268567264023033
-0.22341086764714146,-0.2447220131217176
-0.1114731030018323,-0.01685418482279403
-0.10637608085266362,0.18121848562955112
0.01356713940311431,-0.06562226207346203
0.10835826034070825,0.13191029791089415
-0.006397803328163527,0.103424667634313
-0.07202145452044445,-0.4252183782058119
0.4352867074498494,-0.22990248435361085
-0.16740663930792749,0.2879777836950604
0.07021857230792707,0.5633753382726137
-0.3566541866560444,-0.21041692285686853
0.16672119494242166,-0.17576441888424355
-0.28462245483106025,0.21930590320492158
0.4258593590024269,0.265367955655739
-0.11706546368442239,-0.5807086385007768
-0.05379755914030535,0.007549982060471864
-0.09960073299032197,-0.016681686797857774
0.23381038057352305,0.2608092679339225
-0.1529641401020233,-0.09324262971185597
0.17308912268395707,0.16025853246004743
-0.7648360194100239,-0.04601652441411322
-0.15285309540200392,0.23296692245354775
0.3871017836251898,0.07630250540895847
0.222208507150954,0.24394600758247129
-0.060781800175569875,0.14218631633021683
0.26919209430895447,-0.00035192828641593957
0.1119485991085675,0.38351369466888824
-0.3521044542863148,-0.08789230652661682
0.006185628097972577,0.10548200855990059
-0.05498741329891498,-0.16194348638900163
0.17077320260905407,0.15331075747178272
0.07538771634329139,0.5962345213929897
0.12799942223788224,-0.08429071668856981
-0.27627781234320303,-0.07121611610043717
-0.020330218954238838,0.17599265461104946
0.17175466449104979,-0.2310622078887427
-0.13822605803147783,0.16861023254086194
-0.09811914018623613,-0.0018383260176057731
-0.18750850300079866,-0.27913763248734547
0.055506448764729925,-0.7222053326879102
0.265861544363743,0.06718901524155724
-0.5215045868480942,-0.16493807900370164
-0.07525340419927061,-0.3370574388593069
0.10868090901292705,-0.30846295047244293
0.23067735911476558,0.18781740989030973
-0.09412377233229773,-0.22118259166961088
-0.16929093258383984,-0.4197636771760041
-0.054717555918744824,-0.16096822555891727
-0.5848364738548599,0.2689617912500608
-0.12367014992467099,0.2975747101674423
-0.007490213766537365,0.4268553727233653
0.08308515538598779,0.1286974531512961
-0.18097025860315302,-0.2483823864359992
-0.12374010571153685,0.4601062000049495
0.04413302326167764,0.18986359333321254
0.06086089810132314,0.0423543646306275
0.18236151228671035,0.2304655186451385
-0.13648789266745567,0.37994452769031634
0.24611992065368435,0.03284375436298224
0.06929275917613767,-0.11781002315985646
0.00545145252889964,0.2213317582316389
-0.32756523711101276,0.1820598001347215
-0.1791622492903143,0.1260119258844837
-0.02489683965201028,-0.44216924418016695
-0.2028610832117733,0.04435193820095516
-0.08245075485417698,-0.21464334245627545
0.05844506749987828,0.6766394901088546
0.3080698238336909,-0.4411916870133813
-0.39366585433584406,0.29223610163662095
0.02178736192261709,0.0014414719323195453
-0.03200776326335086,0.032025877634450466
-0.022103810210216443,-0.12053504335410643
0.22228372248173095,0.01137450680177413
-0.11096930515320132,-0.06670537491343086
-0.2871657063848488,-0.44459619829682967
-0.22871073876390527,-0.5492037524788284
-0.3716973781600638,0.30353194597713934
0.07024615360500416,-0.44869724686278006
-0.2159031614172756,-0.1469796353557561
0.11454527108207142,0.4201127587269376
0.2836258887852017,-0.055293086633647265
-0.3162796566140843,0.19633456938421112
-0.13158869985880708,-0.15934282757967108
-0.1351787845656359,0.025736039851801413
-0.3013679000507571,0.23186827192419393
-0.20701092989867032,-0.7629146784286344
-0.07244740576855448,0.009165322714133393
0.17420825202512533,-0.049815020778530575
-0.41801845549937316,-0.01900331651838399
-0.4687351121632053,0.2219105734022202
-0.06943320780576505,0.07750524847508326
0.1377074860239433,0.00528021791668885
-0.6054721450323778,0.1053239805504532
-0.15405382616263133,-0.33767469223546254
-0.7129228763494921,0.2602876497128475
0.42774833125949985,-0.08284997107465557
0.48256796135511104,-0.09881660502078783
-0.37760845059093556,0.2732752024139457
-0.14106338177925246,0.1690717974156556
0.346173953720768,-0.26133112473832315
0.257883182246243,0.15686133620730103
0.2885628482352763,-0.3232928942428342
-0.15982986725254844,-0.1738954263230053
0.5389638418470238,0.30089042531781474
0.07790359928288337,0.07143916799704692
0.1657777909486792,-0.18913996939976266
0.1432629856419125,0.36882654441884505
-0.05443921004225367,0.23593849367768827
0.272814031974744,0.2695738734672997
0.20399738224683467,-0.11581747981436284
0.02351729668035194,0.07787641552658274
0.10066208900056361,-0.4747655816407191
0.2450307732238933,0.3588027035479665
0.3242704587504428,0.514837560996523
0.10308629040461045,0.05751042117187899
-0.10027593967761077,-0.04289465052131981
0.20027058001339956,-0.12908428712814798
-0.19078931168629643,-0.06761191460192895
0.08170953237984693,0.13166632932664166
-0.4137159958137414,-0.019899492633312796
0.040912092452419224,-0.3227125772345562
0.42213730117902665,0.10543554926122571
-0.006659995032294321,-0.07269600724502404
0.02651220239287859,0.3603487731192837
-0.032727793164634755,-0.10503172176989153
-0.3947245467633538,-0.5275518931741225
-8.693039101824558e-06,-0.2206592452994968
0.09134374535393147,0.13365523994700743
0.405755326463073,-0.053359805411280804
0.3816911376310409,-0.10823374918471847
-0.4224924416505101,-0.1315253041811469
-0.4925244890066207,-0.5740093869500911
-0.026731354097616178,-0.03702387457193375
0.5042299827649088,0.23373021248896442
-0.09954381678722024,0.1307233328231289
-0.23111271171148623,-0.3343954792522696
0.4718103639464114,0.25432566158452663
0.17271262763450934,-0.13397775618312274
0.4941163415914617,0.17993432976053486
0.08397907661410228,0.27522665890217146
0.1518064966357984,0.37382241124183757
-0.15063220060064375,-0.37803334369872654
-0.038286685991308994,-0.07239140756012903
-0.1445281080551214,-0.22796224172725216
0.03234358659127624,0.2702648301976017
0.12088442308245914,0.4918771299670106
0.4688553258789713,-0.31064858141705004
-0.4414320433116164,0.05056056979194348
-0.037796067612230685,-0.05277628263128492
-0.009144041118439026,0.004511162954542802
-0.12134047773079812,-0.15740458722942183
-0.3458345354364156,-0.7129422298164283
0.2864231289674847,-0.16023430170706285
0.029193570697957968,0.33517940701444965
-0.06564152767442254,-0.23478760076136104
0.2723438490534227,-0.09865478242670155
0.2836540335049274,0.3919122568284728
-0.23991900455759607,0.3645263426030662
0.12287698560179636,0.170759725549085
-0.035909734190340895,0.032058592640619575
-0.269918546780958,-0.09501161532930918
-0.09667376327778307,-0.07735324106746702
0.13187438664373663,-0.061119023199859394
-0.07549539494767935,-0.008954414832478996
0.1581818344552276,0.08918236220708226
0.17186405004234978,-0.0752150560289722
-0.0663872135435754,-0.0053382949971984145
0.347174042645429,0.13797945514199417
-0.04666605665419165,-0.3786959610784283
-0.31862267347930995,-0.352765230721822
-0.26636088044280054,0.05462753334976927
0.4324105393524779,0.21815910960208698
-0.4709264139776112,-0.4233266466095819
0.5881383927162557,0.6621570721344631
0.22969802512851056,0.09326281714810591
-0.39135445740271707,-0.1398269553971006
-0.1416182235524313,0.0802951136408466
0.3506647658754945,-0.16645602415088323
0.3174460546631025,0.1454310322221531
-0.3899087582276905,-0.47422140624242753
0.020461628152549826,-0.2525771581767651
0.28381088612942107,0.06970470723218185
-0.29196439851139416,0.17662480937500857
-0.003851274687090263,-0.21324141812785016
0.19750100662027315,0.14547711294855198
0.010303365014991836,0.39190806405783324
-0.2652315265433448,-0.25518330009458823
0.48080313996756696,0.03140716882322903
-0.09485747687601546,-0.011725216485069528
0.018679962066701406,-0.12520215014200314
0.15321840329505929,0.24382930319875337
-0.0008325038391743373,-0.19569017460581992
0.09762602932126394,0.14013046767018442
-0.1984591071971321,0.11538527056296494
-0.18498463274602317,-0.6054471674726601
0.06818567517612704,-0.12575244394491158
0.1984975912525784,0.11714538531512465
-0.3619704132610929,-0.05823153414396462
0.1414457911106503,0.025432615559988332
0.05634917499011898,-0.23945902376034206
0.2674851723333936,-0.5682969300521099
0.2933090129829268,0.21787662587768744
0.2892968313519804,-0.43407059229528167
0.4720826019431626,0.02345594634392622
-0.10921490402461077,-0.08558851747929506
0.31142279184624255,-0.2403610772424122
-0.06767803531863659,-0.2864722416174325
0.039721525894777135,0.22637333256965256
0.5766586774363088,0.7946384144347506
0.023466505041177272,0.4350089908765424
-0.5485048028408125,-0.32964418859462036
0.35485791468417427,-0.174510152124023
0.10289186439092021,0.10857391122540269
-0.3526761980341707,0.3849630823446229
0.31764278358301334,-0.1830755799880597
-0.08472849132266948,0.040657756490408904
0.03143015526991159,-0.4450818452247754
-0.008164652449002318,0.11776526968341686
-0.14530740752366944,0.3457270660707999
0.16062139501461145,0.5339883666297349
0.26269358300544093,-0.25581113233985636
0.019222667792556814,0.31917540817902706
0.06137173534084911,-0.16854908094016813
0.07796419197534027,0.5648309180820535
-0.19314576988382792,0.1463474529390225
0.05193986075824998,0.2928112573664418
-0.0981526124678099,-0.2821804625555342
0.31133221655050647,0.1831577993106349
0.4259416608569835,0.2150952233284454
0.2204354029059345,-0.17653367261327532
0.48399644602387526,0.10103239292679954
-0.6073966051042632,-0.1713026671632923
-0.005182522921415418,0.12818048851189678
0.23344676266359105,0.10492799543019703
0.029294875936830108,-0.3902414674753196
-0.2396362460442597,-0.18636409272194038
-0.256791291578941,0.3600571772101958
-0.0388782697938241,0.003424957823216165
0.45658432069129173,0.2818729715596291
-0.4429022150040759,-0.14347676924026867
-0.03980983783846785,0.37992167827746937
0.3857880461759835,0.009355835854093797
0.2008593152171728,0.0814224199554209
0.09380799619127006,0.16595877179516338
-0.07343386461499396,0.15602273098984423
0.16851617503761349,-0.5255010202681706
-0.2543199501417654,-0.13245855872885967
0.15906736184355466,-0.005005915679285594
-0.23551792294424437,-0.0633619576503113
0.28831987593088504,0.3627842881536153
0.14611122718520544,-0.1538599197433814
-0.4944987295596263,0.16975071535755057
-0.19832001188926202,0.03516393893674464
-0.3719551307895032,-0.23229642159659541
-0.16292439444312432,-0.2668447718931434
-0.043368624137791384,0.23111292456228538
-0.4444045599634191,-0.1845400005039474
-0.02385282575639757,0.0876098458316933
0.11705733308135623,-0.08440158485996566
0.38531624004821396,0.06595964986439445
0.28503364845026935,0.4329220280839392
0.10999550911214762,0.2897759538204745
-0.5567577087481189,0.018673479130094466
-0.08941949600600675,-0.2571475749252705
0.11945071690241589,-0.06448302516072128
-0.31639218381477613,-0.2938324456992096
-0.2085063377575391,-0.023964123308474868
0.46859788911763284,0.24239144689397377
0.36474755791016295,0.3345967123622406
0.1218909283150724,0.24731162794468067
-0.21131431388568156,0.41681148784298866
-0.2160999544051092,-0.12102935009454245
-0.15420189323980105,0.0391466898676664
-0.016152289400742453,-0.5764698257322213
-0.15278755147653805,0.3557538005122569
0.03259382831867344,-0.035862228567175115
0.31735764839672354,-0.09908290927134072
-0.0327976518879443,0.2732424317671325
-0.2819551224137756,-0.14859974285249475
0.15440386955542038,0.11489307729109045
-0.28758611615106705,-0.538501834235401
-0.15487562359641394,-0.0424991948781721
-0.28258162785832636,-0.3432950865990863
0.16065066505905048,0.10888878235298302
-0.03335905693622554,-0.13976055361062023
-0.22854118185649497,-0.12334142966218747
-0.09056264412947465,-0.13376262853264145
0.26710018486959075,0.019052401200466324
0.3160902852560407,-0.27095450281351513
0.06790386510894587,-0.3926979624572649
-0.04894343693828068,-0.03757238968605933
-0.1343731876049627,-0.28792436626039286
-0.06787800046659818,-0.36434079387194623
0.012399794271695722,0.29056715190576937
0.13472546729652113,0.17953819768280993
0.36231592959538844,0.40868583123543617
-0.29079918306904934,-0.053633469969504355
0.27320826850275703,-0.1885328427922004
0.07270881275118188,0.2064483016210741
0.1938859088347818,0.10341634580217655
0.08504778513381037,-0.1689345895131512
0.3504678980387089,-0.09324159000617978
-0.13715887460692508,0.20247491792775965
0.16121534530521034,0.3970773503607718
0.3803265810493897,0.08517007618260133
0.17763303078283252,0.15029213419437762
0.08744382119782852,0.14834759072082426
-0.334974111832033,-0.16187478031856056
-0.25716124707471477,-0.04681138092089609
-0.2950637635107557,-0.42846481867146136
0.0899960044668382,-0.046510431513784596
-0.2283387456475595,-0.2988585228090718
0.010977595352475085,0.05475283787952977
0.23441210863612374,-0.028436598312115483
-0.04471539048093622,0.1624578858804052
0.1635426713182058,0.16063650978042568
0.10257866607724003,0.03590500779639117
-0.13612089879759665,-0.17073003724462177
0.24664040591828082,0.212597744485404
-0.2177831536220498,-0.5279450277101607
-0.33600470523512216,-0.3869180556445285
-0.07517265914101975,-0.22327447073251042
-0.2975501378404709,-0.31295205538180815
-0.17742914386763162,-0.24790753156703163
-0.3674812427311726,-0.2576653502815777
0.10734886902713761,0.14444408111869092
-0.19762525148214496,-0.27127998554935806
-0.21820768141789113,-0.16996908899527144
-0.2585790689788666,-0.24759437328519132
0.009884174627431989,0.11526471587354481
0.13036510928203546,-0.1331630045996177
0.21470311371941614,0.005550724397264119
-0.08076329168631617,-0.0527376445638267
0.04338181676387427,0.3108296375165485
0.6559880980725894,0.1328875692123752
-0.12667185642321768,0.30475619188772674
0.1710568801233986,-0.29101510553604204
-0.0939789103516731,0.48338921969714205
0.05684234039273646,0.22431476829942473
-0.24103600210313367,-0.3466779792210904
-0.030341582193476702,-0.09470925154530725
-0.15454408889002508,0.21840630621918514
0.3260757031410455,-0.3617100003772356
-0.2532002114960596,-0.5024890043579646
-0.0065662688718468665,-0.08021650176744657
0.16039528688786803,0.6044511723826889
-0.30344576991869493,-0.16628794127860994
-0.13564987784555627,-0.008086416610245695
-0.09055650978870332,-0.06267850484320096
0.05314526854268137,0.32200584966688
0.0951409089662376,0.06434444302108226
-0.3700136167813472,-0.5811459124870446
0.30494282136296524,-0.11716334046279515
0.15240693916792086,-0.11992866112508248
0.02500801445708361,-0.10956685256192633
0.24318144067769581,-0.2475283026333219
0.14108247802207824,0.06059472044371614
0.3198811635065059,-0.5557800296408157
0.16523237954507874,0.3073177014143778
-0.2955761798061404,-0.1723611573731348
-0.06637669369058298,-0.047464229011619216
0.1266686618826446,-0.48675844089337333
-0.41941695951000774,-0.25984734284058003
-0.19611548034496668,-0.25766303604916263
0.13341056981567656,-0.0382618795526427
0.2230182489760651,-0.2071831944230772
0.13015814497500078,-0.1034205993379448
0.27387778675444413,-0.09740034362793558
-0.5547863551839222,0.08955409935618237
0.04265618454528379,-0.14246111420165583
0.03418920946596535,0.23983433148015895
0.04125535970025128,0.47189218619184237
0.1981482562646189,0.060308387591363644
0.00023169681407174847,-0.08513926871464408
-0.17784926096067497,-0.08069979210728072
-0.19570143369047865,-0.3055905892945012
0.5293111181198678,0.22600470668039954
-0.09695441848215793,0.10852941693159868
0.10236906165487729,0.007009547035981621
0.028153098256846306,-0.08965338054145439
-0.03733376391067281,-0.2338897927365233
-0.26480159693754796,0.4183188096455294
-0.23516841025507015,-0.16844541040026204
-0.07253225245326678,-0.09762040115615908
-0.2273441149080642,-0.22243864317244286
-0.19691419972204113,0.014881775829527093
-0.40860301342611066,-0.27181266732545345
-0.019180542200809395,0.23522078720175707
0.2445950217237699,0.15169555432872223
-0.09435279906753928,-0.11758013905166038
0.2582891135890888,0.5183952012039631
-0.022646251549773514,0.2039844504955333
-0.16982138101690036,-0.04710589043996158
0.1890421986069367,0.04733499659814879
0.16342451479171763,0.2386585837813018
-0.00040510412272813494,0.3082628176498858
-0.17851191101115008,0.21265354977115614
-0.1359923105179285,-0.11876874155854013
0.1790145304699236,0.0287022774760776
0.02801962288036541,0.027352221466273943
0.4326208807070671,0.6710478240138145
0.23542804319802213,0.1284755334106668
0.015348772275337605,-0.12951924013753882
0.2680378290407378,-0.22946366856391281
0.2824394958820727,-0.22615977823333794
-0.45670597457418494,0.006027128604519707
-0.13496453122736327,-0.08597853435702768
0.02914456475863923,0.11454175761435585
0.274797020128632,-0.22441351572628115
-0.04020310748269698,0.1778005602254134
-0.168584377176361,0.03335760701288882
-0.10247208684683591,-0.35030957029983034
0.09040731489466554,0.2380618642976106
0.07853451434759184,0.08892073136977316
-0.013747532572231555,0.19113575570791236
0.3636319510304096,0.017410208022004055
0.26179029607580806,0.010358921257282667
-0.24851219570837746,-0.08987472136462148
0.15695250867297647,0.03477928716763296
0.33848946556136683,0.30626829425365476
-0.08085294637482611,-0.2780631537544118
0.054876401510611565,-0.2794689597768269
0.146581466246546,-0.031103371670689953
0.4324411432074995,-0.10524511613999682
-0.22487097243259713,-0.058315713589153766
0.5021770082549749,0.12294203261759902
-0.11488840267641671,-0.23639388459706637
-0.3750503704332235,-0.6417139880445503
-0.18383885876716674,0.1402456006909623
-0.258235951045436,0.026600649736318337
-0.17693276482883905,-0.3338294666561221
-0.0021209510900856454,0.194116747973756
-0.2878446023538714,-0.11781111756712868
0.06644955768857827,-0.277492797111792
-0.45846128470994296,-0.18767876658978755
0.36402592223126096,0.3807543678724794
0.14989421126244504,-0.25498113343764317
-0.19007104606743988,-0.27745038922904514
0.4300552462881799,-0.2943949826788321
-0.19713496744312184,-0.16000154210105924
0.40979012928686426,-0.048593585331816125
-0.2975329351747805,0.08339686379917677
-0.34981531225142243,0.2057834582657091
-0.11188624472311273,-0.4116381575299798
0.10032036466559217,-0.1470341027997056
0.2440854418216109,0.03575834203414781
-0.03958154828005784,0.2508273408015728
-0.22833066899955212,-0.41580488014892125
0.4567027840768077,-0.4435596661004323
-0.4043853619248809,-0.051095612907613094
-0.47901403449549923,0.11141420035656255
-0.13731206554460362,0.24200627774165193
0.4783367710068358,0.05911166144657964
0.18279601971445314,0.09062964225776009
-0.5129174360868095,0.13646577152968004
-0.19043973371385098,0.062329886005892524
0.5039873995819705,-0.1996460256544718
-0.06789457010358392,-0.0369389010016659
0.05114547422192683,0.21415252727043183
-0.07521413482004802,0.07808485712710915
-0.05748479033973487,0.36128372944177634
-0.20404065114658518,0.33257008598406607
0.0932948253916045,-0.08434856171544207
0.0039040450394687157,0.32345008527663666
-0.11095483895023311,-0.24163806714960306
-0.3164294969383429,-0.36582201418874094
0.15146972575214612,0.1104827252358217
-0.11946134220993754,-0.21026429457827728
0.09110813486332944,0.360001010289718
-0.15723073549156164,0.06536539839637934
-0.3164764214200581,-0.36905462860097354
-0.0364691964732698,-0.05274731833099935
0.19714376360465313,0.4671504662308257
0.30659393333556906,-0.15480721584273843
0.3353931624325802,0.08533894063121887
0.2397325214348897,0.2568719247538361
0.06896256366662955,0.33363615435991245
0.3743524089678872,0.15614763865122155
0.08377406922512712,0.11854360431413574
-0.09017739428128843,-0.1206614803602977
-0.49013302080878707,-0.2872893280079257
0.009970385504103035,-0.034344471669116805
0.34026939482894913,0.31279085633592696
0.1103674616718858,-0.3267214961674466
-0.14483488578631165,0.2518025367589921
-0.02021656232932656,0.34293666214662893
0.04985665381514538,-0.1994247956911189
0.16130477172862268,0.03713875836041297
0.3069360000134702,0.11423858636426189
0.047206215254250505,-0.37048058465714995
-0.13969645395154034,-0.20796883671405764
0.055101287303045095,0.37557271676817805
0.3698862460020719,-0.09034516617119377
0.08755718097887948,0.29287781663109097
0.17450560853382752,0.3353306728205789
0.17961165809493146,0.5354579813443938
0.3298809529712923,0.0491746287655374
0.009241412989229402,0.15439237892470092
0.09782361913969423,0.1692825300395535
0.5535116107018775,0.3473822459809396
-0.3987650593217018,-0.1913345752067144
-0.31209069196479405,-0.06269552882702426
-0.04133057288370688,-0.2769011170189582
-0.04332854972392266,0.174430094639601
-0.09798955114571688,-0.37560558851690934
-0.21547398701226253,0.1300308003422193
0.049001790207478566,0.0772658408267536
-0.11826073282285444,-0.23149425804376939
0.02924551307680696,0.5412960466736756
-0.0063627920207081756,-0.28277078377004444
-0.29503705127192065,-0.15204379793159667
-0.2607746866453493,-0.1668637556829597
0.35191244390731036,-0.2518158773550001
0.48109682603783405,-0.06915462949043434
0.17181887846013663,-0.09320684507883337
0.2751791078507485,0.4460199050138638
0.16943935081569575,-0.5494196444907188
-0.01028028958867768,0.27471167436103283
-0.23285626814057708,0.03795163258017099
-0.21684240138153557,-0.2628726205772026
0.4380528634900579,0.2288774940861421
-0.04806362501210232,0.252142784441133
0.11673514867095022,0.2854119361036208
-0.23121798932545196,-0.23537066899912845
-0.2865317860501149,0.3523558760676439
-0.019463589016173673,0.11158610299961674
-0.07701958604928097,0.022569451309001388
0.20533535607369804,0.16014805821135294
-0.3591764314006186,0.18141187321153893
-0.00598266218521529,-0.1690426496007077
0.24580680705571492,-0.07571764367634039
-0.08521694298134216,0.18392564560091895
0.3881935624019093,0.26585430274916744
0.2824474952863264,-0.3180096474827275
0.36965286793358004,0.0718963266203392
-0.05999705932271191,-0.27723632168794776
-0.282063590279494,0.40827758305921896
0.5721804208709445,0.023917314389656996
-0.15025017263473656,-0.07104068559268177
-0.24309008306791163,-0.9231219940161959
-0.3531758044492581,-0.2247908373624501
0.3741649447180614,0.46417887709998373
0.28510841463608155,-0.039514288573186146
-0.19641087193356183,-0.08209399956543027
0.44913894496654416,-0.0013243427224200117
-0.26029561276182756,0.07772412161618907
-0.16815151308325152,0.4653353302555983
0.32051294278085407,-0.15217481942895658
0.10096742763201647,-0.00466968280243904
0.04405391142778146,-0.4727902393389328
0.06432663668658785,-0.09129233638917217
-0.04738998257031878,0.25772865021639574
-0.17475880126353227,0.04646476203354638
-0.22583378163370954,0.3366803647985846
0.04279804150579986,0.062355275892398566
-0.20840512935061903,0.11912109910810789
-0.1799948992831831,-0.24575774540362286
0.26764596033024524,0.5801526243867615
0.004814896663030973,-0.679266337898599
-0.24429409795053128,-0.1305560555206484
0.11919377471971561,-0.25469799355260875
-0.18696351500057196,0.358637786546445
0.09662666040797942,-0.07776504782539258
-0.14480506909180987,-0.5147228832939218
0.25758489500085396,0.6420461316146637
-0.4573655634415709,-0.3850295211949803
0.3259457375499639,0.04083894544981285
-0.20555992304254858,0.14062429313969818
0.4241235130144495,0.4430947597476972
-0.011159552110023901,-0.013931975009989989
0.1413467459058849,0.4485613084640627
-0.028284249157492346,0.3963329824878877
0.18687506505913146,-0.2853037559738408
0.1879064322873825,-0.1812891864078762
-0.0026613689795762924,0.24822832459815647
-0.32520284824929013,-0.029058961505240555
0.10488577826750216,-0.10762144049598288
-0.014079680219352757,0.09460556559478575
-0.25468758845955364,0.336790186116303
0.28107381582262647,-0.10506937131830822
-0.11802270743113616,0.08915657916614043
-0.4067796385532779,0.500021800793051
-0.02193413421437768,-0.04648516038791095
0.13277773913476865,0.16429232599260857
0.1342975605922769,-0.12597353755254542
0.28651779452110226,0.19667749200137227
0.7125158355060742,0.43573989290634396
-0.23358059198963899,-0.3571116524962151
0.07047560675156507,-0.08992547237696166
0.11189261266934032,-0.06203846671284189
0.3642261963397963,0.11528612715004947
-0.12106669562091664,0.0801585943747396
-0.20173910525533986,0.10232711621522858
-0.09373146754593946,-0.0014657679533100856
-0.5594876251220647,0.003986344189597914
0.12270977375771468,-0.23509294169662223
-0.2593285862649019,-0.2711376304440493
0.1534134573018009,0.27887017653637963
0.25070395248500227,0.19172446514217592
-0.3177207249241703,0.15438429833244946
-0.62123013174838,-0.2028470280592629
0.1424521806079757,-0.23741315388755332
-0.024494506818592995,-0.17689952767413628
-0.3531311614350431,-0.11459651515765926
-0.006737479660718534,0.15804926912542594
0.055043260829496204,-0.1578228524777115
-0.1533587775143401,-0.1443553415688351
-0.2029343020537497,0.44615825662183484
0.2659024529352709,-0.2865751063613421
0.36749665806841364,0.24979471738592068
-0.10833566148741007,0.06556663059710786
-0.07762846485541729,0.12366707560006414
-0.13683008990285003,0.535454939488099
-0.036292065163809124,-0.07911353401393416
0.0005208906041206052,-0.1530887643558195
-0.03950609085126728,0.1794107859300804
0.20872352698721033,0.22628510669622684
0.22268966728540876,-0.15814809043181208
-0.4312099172862344,-0.09917448544370618
-0.4492118622384423,-0.12261742502086144
-0.09125758152743199,-0.22007370723775857
-0.1275651293065659,0.05656799045690692
0.5022324038546944,-0.14124778331716928
-0.05582962706703263,-0.19931647784855575
0.14298712471860775,0.025186149785478774
0.23619511126248235,0.563346286158585
0.04794537644853529,-0.1292509875839602
-0.03527911381474606,-0.19890962491308667
0.17773994488524925,0.05224867346104136
0.019474963501266093,-0.09818298357136764
0.32734300378802655,0.19130100114364199
0.346623302835736,0.22610429948145763
0.18729331212700498,-0.10460653842008283
-0.12231334953181272,0.2481949458245552
-0.16366405613983778,0.5824190418764699
-0.2319968563309335,-0.3771495186294528
0.24736697394034948,0.1005517110039743
-0.1469359959996202,-0.1385375079966405
-0.40074684017219236,-0.2309949430421298
0.2599033647021891,-0.11922716801098716
0.010345314924950806,-0.42404159874689074
0.07055768780257106,-0.2527917732432027
0.0032103458133407843,0.14625192174477572
-0.15213814069223727,-0.3201534961756055
-0.006693404976804518,-0.17236822491471815
0.15123256460012385,0.13044786138381448
-0.15438180227262233,-0.10182998662131161
0.19807253563188779,0.16536920487159554
-0.14221366527015136,-0.2556655977062411
0.3518403586377759,0.47864954537043886
0.018347948636708716,0.22055254387504586
-0.05184936764998452,0.05718684158640485
-0.161028565914877,0.6272708475709661
0.11235245651030319,-0.2320866065555306
-0.010030002227261482,0.2985832046371777
0.04208877208204945,0.11921556571672959
0.25511705067344886,-0.13925829875889398
0.550725255179762,0.2201643196978138
0.09353115775440891,0.004398035628392366
-0.1940845535453102,-0.0423325451333496
-0.10682632238537566,0.0795932477734829
-0.26346360305731703,-0.05933026354319996
-0.1238806174195125,0.024894809058212806
-0.08585356244750458,-0.010423088575957177
0.020771498455112,0.3035670307043908
-0.20813519601464112,-0.11243101028555506
0.06198615221060694,-0.18492861239042316
0.2289741099858281,0.47634180964433803
0.07335971329179959,0.24485446190786123
0.07894075934659453,-0.24243162871888682
0.057745433646743706,-0.00597136051853659
-0.06692274485293263,-0.0764986408876444
-0.06752479515007419,-0.12108733774211718
0.29336263370929366,0.007137495646665058
0.08559246479634874,0.09835593341716392
0.10499874610583755,0.21915853280307854
0.23399826280220914,-0.2673284894532896
0.22236517172360837,-0.021984087325163503
0.14415801129976355,-0.09461518289661094
0.3339976322970701,0.6037869555721541
0.020390727849851464,0.1198579189444518
0.1591339460434931,0.21038904257105542
-0.22297623119977222,0.22723150854306942
-0.05772270554502842,-0.32613209645352886
0.09149915396097817,-0.17386276927959352
0.5667683312130188,0.25527738181590737
0.1864704996354326,0.26750109856509646
-0.15631671254470636,-0.11699132639634319
0.18023324828008933,-0.025446998827546488
0.2876175755342613,0.2907527933693364
0.1037852282742719,0.17887735190808743
0.05184681808465418,-0.5317758445492607
-0.2788800532137983,-0.47229512527849593
0.12450788884474186,0.23527450737785113
-0.07820107220748126,0.010167940304214711
0.08736298999924098,-0.26600045039352793
0.6268683136013635,0.40103864438911346
-0.3452057483227293,-0.21145182604487744
-0.34984271248945986,-0.043887292999302954
-0.0580518533609088,-0.3006860651553755
0.1729810819264618,0.5264593230074919
-0.10597005776166954,0.15700892509747594
-0.05629355979671919,-0.012257337670490094
-0.2904900380911341,0.20757069723809737
-0.021522571852368187,0.0830485183066853
-0.14440638892760166,-0.17193451232234525
-0.1507840485094932,-0.33947638592447826
-0.12634071926368817,-0.21597726583010912
-0.037697162497573516,0.28887399796174673
0.06123257495930487,-0.11619228926702285
-0.13321886183223447,-0.5653850078223398
-0.1612849192502274,0.11050042075804052
0.15099262391429633,0.4830723018004785
-0.08799119550000888,0.09568347216302053
-0.19011456439769897,0.5086011722702231
-0.12133931882289385,0.007918837645027373
-0.15742385041489237,0.16620233627116868
-0.02709736062168197,0.01563296934507983
0.6369661966183696,0.0011625425702817016
0.013436164113346721,-0.40706686307971757
0.1410341830684063,0.13349278465685724
-0.14208333427819808,0.18265278973826274
0.0806828279184676,-0.2471816673042415
-0.06352656325463912,-0.05018504225652372
0.5414569380906653,0.2710504656245546
-0.06559923074003346,-0.04401149894002905
0.0405650061213003,-0.017175567807984703
-0.3488759658522331,-0.4859061062838752
-0.28273567955989065,0.07164891011231671
-0.3376287594024629,-0.4610317828580402
-0.16834107588893749,-0.024229002491074316
-0.02130212913694359,-0.6562188227970196
0.10632312892117386,-0.005814065008184429
0.41287178659515583,-0.2427457060492099
-0.18739282349496916,-0.23588222885655574
0.06257464430619991,-0.004456350145412509
0.3280629393871777,0.11478986860626628
-0.29878176660899425,-0.06918002449730878
-0.32715112318385753,-0.4736987225276569
-0.34965299966055563,-0.13611346349974263
0.21474912877024588,0.14054884001712104
0.025836278269372348,0.1653682489204517
-0.09145556581178184,0.08579510566402933
0.2818418971022745,0.19330354474664896
-0.15269112614954847,-0.11799805932887372
0.5577927401020424,-0.07583755023591848
-0.33427996701218693,0.24107500490414605
0.12845379928088496,0.08598575088001965
0.3373557388297871,0.005561463414281124
0.2839599448229233,0.2091608839157335
-0.30338247524104134,-0.4839372101095962
0.2670799850463793,-0.08449475821899123
-0.26919360069158704,-0.043785204788086854
-0.08433167544823802,-0.18027410709611127
0.24151924052671878,0.22154393655328106
-0.1984813337101778,-0.13325606063273443
0.49031153871042193,-0.014603915531922198
-0.401262099454827,0.03715588002126704
-0.4512572882909175,-0.2531707679151558
-0.13328053793238348,0.17288280508553472
-0.3744062918712693,0.14835211711162533
-0.007691238259274167,-0.3854469279979755
0.21541230782746157,0.025033318778321812
0.001965114847968066,0.06445601418337175
-0.027405531981152614,-0.19508540487667259
0.4061067770350387,0.3854208143969694
-0.2959352517825191,-0.14345986737316208
0.12366523436510257,-0.07019715613833145
-0.335290088708593,-0.05762100381782444
0.001275396867817515,0.050023496717005164
0.050555127745687795,0.25266137092781804
0.07957174330224456,0.19006754170538018
0.017911546014571764,-0.05654031684505805
-0.4096612480002187,-0.2242865606638587
-0.28317421908499374,-0.17084217745668964
0.15984006282259589,-0.36913122712274243
0.1848401538288794,0.30855480105511013
0.2536259738239367,-0.2142834253597698
0.13260322036550218,0.2312294224197656
-0.3312672897618375,-0.5049130942370309
0.11634802093415912,-0.2740097757476889
-0.029198175666902592,-0.2424019149388878
-0.045726418740209857,-0.3473728085146315
0.04596029274202808,0.016741933242461884
0.040498207321644324,-0.2492933500320771
-0.31259093550819944,-0.01724175284563269
0.14227066256027818,0.12984326650881708
-0.3227583653009449,0.3504951777005595
0.3276077187180921,0.2507014918817411
-0.4905664710251587,-0.5185398190828643
0.12481816755408202,0.17464226714216907
0.2717825133378046,0.06767159332325037
0.030147012661983927,0.1307757784928145
-0.25893125946997714,-0.11238297352003124
-0.2647847162200114,0.1515261454709831
-0.19951698772678317,-0.3516885482796329
-0.4005238493155194,-0.1390541177127284
-0.049356138018774476,0.06846936583139722
0.11984492383066102,-0.1128864808623325
0.1473254419716381,0.38783987725097335
0.3580983288195822,-0.21071335323151746
-0.3383733028782592,0.11653532620622535
-0.20650709218832988,-0.0793289214669505
-0.16330406879529633,-0.14347621944405695
-0.23339758029546492,-0.02633970977593415
-0.11957454027688916,-0.11803775843371853
-0.42330925940124287,0.08381657104231821
-0.24816397551512145,-0.234199851572342
0.11421645661927741,0.17952917213942823
-0.24313131690534706,-0.3856810669632187
-0.48573033765472445,-0.09265252566942099
0.3095433839268569,0.3974265606494717
-0.2371722413639951,-0.06350153049442887
0.022659157970843627,-0.03825135567902003
0.14768590542691298,-0.20058860921174268
0.13401549814280472,-0.23482201412937775
0.28453503371348254,-0.3011522472575784
0.17003931903558073,-0.01078828836098457
-0.15618864396042387,0.5525390544990272
-0.42012831142711693,-0.21670172656290218
0.34261270249765713,0.15173633815352633
0.029020259891900834,-0.29606140640986056
0.3452332923723739,0.06361611831072986
-0.42217642848930415,-0.05537610978904001
0.3959854244401235,0.09291343479522313
0.3091609032496584,-0.2056263416726481
0.02617200875010175,-0.2717581078657983
0.07831140584013503,-0.1497494789322323
-0.20487307243341793,0.05774268217447902
-0.2740757612418913,-0.35013846169379853
0.33062096926573664,-0.0028650786482193264
-0.2498208475174551,-0.053278047295091606
-0.2682011332363401,-0.2908502688972209
-0.13520115168113495,-0.2800645065936072
-0.20666434365419412,-0.007581169111523866
-0.2320148851450753,-0.41134622253784037
-0.325559997723824,-0.07229891556139491
-0.08263023589794426,0.0861791522599141
0.16811117504547718,0.18195272880041125
-0.22355765898744162,-0.13722809532759755
0.15696516466191124,-0.17054393134784573
-0.4454382246347024,0.24283858174760922
0.4209625189618629,0.08453058416053406
0.23398726063572267,-0.33171044449707887
0.38327340100023993,0.06822262852564984
-0.37257255968868624,-0.3169336786118902
-0.05443788408625703,0.07437347639086911
0.5250913859149114,0.20423335367545709
-0.06328052634412144,0.2278404194800852
-0.05673593271922333,0.07817187338804699
0.3460349326332486,0.13109019176522038
-0.2717009375488484,0.19258536453433492
0.11802280352689698,0.026101278045332445
0.1400241502429977,0.3786825924193143
-0.3501265096497664,-0.27531039374005223
-0.07301258432458615,0.1406092308130979
-0.2613389295203749,0.3390315451958648
0.2684792812866264,0.35993028831642776
-0.23677106959548483,0.27430498539343995
0.1582647033619231,0.17916016643559657
-0.26539134848601587,0.14481603902850296
0.015296454691031934,0.26890321927479105
0.1758382734694567,0.40381764130280945
-0.2403431105109902,0.09636729309943874
0.025278387048951505,-0.45188856207091765
0.13501885676992414,-0.03119588878794089
-0.31293891219646613,-0.02193904992349023
-0.023516703334375607,0.11371439095641042
0.058518304200379456,-0.07038146266939228
-0.2483319206850045,-0.5888173521820882
0.04800596143440218,0.43678173288253186
-0.3781925196753844,-0.4218906640036307
-0.20419194253581383,0.03089559923737101
-0.029745703794628972,0.061260062937447
0.18848982338267595,0.3768526175454576
0.15559632511515764,-0.4782549362758856
0.10591693213868919,0.21428411718064272
0.09431820028992939,-0.00765332702375674
-0.24276442123999228,-0.011497610656006612
0.10771749122127361,0.23503225062003386
0.20710997243861945,0.4522019226310981
0.08161828640021562,0.03265169769277831
0.14519327189388967,-0.340839475793791
0.0043092295892640945,-0.3214828963866898
0.24620542421843938,-0.2850019218355862
-0.0987958116561109,-0.2504132996736347
0.28092168559357983,0.44317273191800083
0.1060530074615323,-0.08355737744134897
0.11908426858135338,0.010893348329720083
-0.021171385288376036,0.07815434946828968
-0.22379234303041742,-0.060037832524405844
-0.16639222281516028,0.04195401200705893
-0.153705849498939,-0.15763272860057587
0.6296712931488492,0.07130739197734816
0.4294381834226978,0.0073202231952741595
0.1791402471862157,0.02011346981307762
0.025410212264727335,0.051450214138012096
0.6409001510259337,0.55689555217775
0.08054909942896497,0.25738142250511803
-0.1678607823282494,-0.1843753533498137
-0.4572053432599314,-0.2948064197345352
-0.29977619142901263,-0.01790450063289395
0.10929361254565212,0.023538020646248856
-0.00777050762705201,-0.06382253885914171
-0.05116458793752078,0.147991521984277
-0.015527614601925307,-0.1437156290279263
-0.034142438806791804,-0.045810505786409265
-0.18537712131965586,0.2507413243421661
-0.10270380563507825,-0.24472008152635638
0.2854800193190888,0.4490515467107162
-0.12223646818658936,-0.07087014458451031
0.20214775466564472,0.2877330037823136
0.22999022011695025,0.2586910822875444
0.2808026974335793,0.34556090671632783
0.3096769890371933,0.24059959299202358
-0.1162064828665226,0.3387245952590184
0.2257031224976917,-0.2199585834099789
-0.1631996068880588,-0.2518358752081369
0.3145729001917891,0.19852785885365443
-0.4496049358431731,-0.18072461459198447
-0.3232409644898037,0.2278595723198877
0.2390009732596306,-0.5524084091606902
0.07037742972383774,-0.0022332897203355515
0.1672643584384165,0.28592917248372707
-0.43402521338692734,0.008036744995440551
-0.2436190420673153,-0.294316130264413
0.27919469347667114,0.1953678338343749
0.04140224523905801,-0.13431612910125323
-0.07788242033426224,-7.310353263363956e-06
0.05991845913010591,0.09484200824754914
-0.12655189176207943,0.08530797149140912
-0.0038847655301831045,0.1405104887114398
0.23089289240062544,-0.23596414735995833
0.14994998437153,0.4568430217296065
0.25258409172918694,0.08180649473056159
0.1344182945201277,-0.37385771380891725
0.1759743228437651,-0.21327369704891141
-0.23369493112093925,-0.05133678292962513
-0.2495996625604965,0.5086644983154269
-0.31684539112633336,0.31155955761111775
-0.4968265522461115,0.10487503812370055
0.26487827587166735,0.1055202299000759
0.33759529398601773,0.43137825606441504
-0.03866847544736062,0.31291153505606406
0.17382154620998272,0.2262414693167906
-0.07218551954573373,-0.2506179241443789
-0.22899016400870933,-0.15168175100180634
0.13877946782993916,-0.002369310912607365
0.27501433755505494,0.14860690003573584
-0.07973757454602608,-0.06245229586836471
0.20395018923963817,-0.3005115800213711
0.2328831085872415,0.01857460269133202
0.08747347261017467,-0.6032715663287919
0.13916204603353105,-0.18590213836178202
0.6038011602202781,0.1046023708391341
0.08350640326507698,0.001600459892484753
0.3727525440875358,0.48010677401530866
-0.19094933275248308,-0.02609313590073886
0.1601214197063726,-0.07754923134801861
0.00023785088647514446,-0.10522146162628827
0.06788097266097246,0.22490460540927784
0.11166114012332753,-0.25197663651879665
0.015653444510354837,-0.13543945676973274
-0.0730913630956854,-0.271283978438303
0.10105405509940658,0.29494479221432024
0.3176803680973423,0.08547266066376279
-0.04951671591967144,-0.687010572509085
-0.16904447434375786,-0.7094951524943538
0.1601792102640221,0.2704735078586239
0.402864272232329,0.08044067886778165
0.14390085407489098,0.24433451805926823
0.05551607669784872,-0.05411316142486952
-0.1480443599612981,0.5377091063830632
0.06740940585573578,0.07967712610478651
0.6892574533043644,0.23613650291264082
-0.21193194490307504,-0.030946756905382577
-0.2415220725374557,-0.38663084957958316
0.14786627610934713,-0.2816926291717138
0.14788208883037487,-0.0494506174491985
0.13449529181858147,0.03886071955996556
-0.09558190107016797,0.26563696834201966
0.13400904035602854,-0.018429794010300864
-0.04233045757398085,-0.25744715082312186
-0.038107052498743584,-0.21611237709481462
0.1155129129151552,0.08357567086341669
-0.3638235810233122,0.007719368803544851
0.20248916735168138,-0.1192268402032248
-0.08362184241035499,-0.010120569537953768
0.5182229433670634,0.08259732178261728
-0.23154360651553738,0.14762099909444004
-0.10474756153084637,0.065969891003464
0.18274450886701082,-0.043473693744201215
0.48945937730713646,-0.08520658613307355
-0.049118269844471284,-0.15948540935343966
-0.010728344930188576,-0.09092508765126964
0.2555921289075023,0.09938980820464785
0.17640280484296778,0.019965950808343763
-0.18340570121436583,0.07513701225982443
-0.5848611034968257,0.046470393863797414
0.10152827918268405,-0.11376442475687681
0.4184841349399137,0.27797861947580554
0.10623889225273189,0.4375039597882542
-0.37457991459755713,-0.4207005148292031
0.36505527401438187,-0.3503898898534011
-0.3690957940260575,0.12030050239213608
0.1750837086879289,0.1791415453010535
0.07234898216671434,-0.16847307837753178
-0.31585258675410144,0.028768767107162956
-0.021637299889722485,-0.09624160357206511
0.6273141070642421,0.1312007211053917
-0.01787447390331833,-0.05644331512562426
0.0030511347352094754,-0.009900021543515557
0.12733248104935302,0.2524604974355467
-0.14493115553220542,0.050532836498048996
-0.21157429499857147,-0.3955256571163281
-0.016682247086481493,0.08989675861684981
0.2283389237908033,0.3934018890197166
-0.25214598927393417,-0.29925358448471795
-0.0627896769745485,-0.2390222912178026
-0.19829415264643976,0.0626214940349388
0.02779531036488657,-0.04578998050776546
0.06659481729365486,0.4185687108493745
-0.9175202683955154,-0.24402530292971047
0.07927361835108737,0.01991577757211783
-0.44875487655437446,-0.2745654747253105
0.1532258040765905,0.264954933241933
0.06339382557796788,-0.07395185973566601
-0.23431857095300174,-0.07144621536291057
-0.08045780003699703,0.326300632722482
0.013512261936339148,0.38953992197382625
-0.38331503838338443,0.3908846622711057
-0.2061125067755675,0.004122495747007771
0.31949672990832334,0.05517238750391032
-0.01181228558457175,-0.2408652690885602
-0.08171502482292427,0.4377501871440505
0.033801734207428054,0.1895800482805749
-0.03758225810645495,-0.1877299504185505
0.12121208764508025,-0.1788608031417307
0.28909375611569355,0.29708868111228437
0.055421730822477214,0.44927864692170266
-0.1959527060949817,0.3219831566550374
0.2566812805067349,-0.15645760495256564
-0.5366845109263894,0.37253237127512534
0.1120252347936057,-0.1420184117218157
0.16609706119745926,0.04892589166444713
-0.23591542982524477,0.1277466867259177
-0.18076972787723578,-0.06570197413249936
-0.49211223288989425,0.028595458823095433
-0.21473140670067634,-0.02062739482506552
0.09563453486542411,0.5076380791126751
-0.4472981836329044,-0.4698415799170337
-0.2652876031876355,-0.1990533873562914
0.10365724449981759,-0.23329685426293972
-0.13444323754698137,-0.33041158563259
-0.05535272882451837,-0.31217994681685446
0.10496676305698471,0.35789430577100323
-0.3172043047851435,0.22334480379852717
0.2150976125975565,0.1238536405708584
-0.09534279091595431,-0.021133519054548734
0.002462988397357021,-0.07682571977727129
-0.1042987232697802,0.26660542412188526
0.09425436980835764,-0.2970167769072014
-0.009224126510418065,-0.22044543688727106
0.013701298078479314,-0.4230248943590199
-0.15167572361338377,0.3241682295625442
0.26325289107637234,-0.373032578090314
0.08466459510109721,0.12896030275762518
-0.11405179795299003,-0.12520597597021219
0.05204576435601253,0.06291653773137813
-0.4241837655141671,-0.061694591653735725
-0.2956508785385504,-0.05215368725841393
-0.24613085320255862,-0.0480258752044263
-0.4036286502352157,-0.21172850829190232
-0.1415031769932402,-0.31135475340024354
-0.17690507147365095,0.2788790595818811
0.3200520500008596,-0.07705674333139105
0.4206952950676442,-0.07926883687018274
0.23709231508576878,-0.12109145392775407
-0.07358826402665654,0.3470009286524365
0.26295652493215305,0.2707434582588505
-0.22233236599665313,-0.26982646532663435
-0.2895927657932783,-0.2562128511143519
0.5431432551651678,-0.1459188529379663
0.25721654879626776,0.28132892340040505
-0.10567884166973408,-0.3528839974684866
-0.05842716870612433,-0.21672218499549442
0.2032205844189567,-0.015300964955914634
0.14516150720347681,0.23793581459429092
-0.06607390892845656,0.1937899293438747
-0.1918187741947688,-0.38488834251308185
-0.09019029861512921,-0.18572550483552588
-0.07599153666803445,-0.13878917361011037
-0.357388986585231,0.1600606997244921
-0.16145731027857899,-0.051882516052856154
0.15996189360388732,0.013692343747995835
-0.20107707085742973,-0.2638251247950181
-0.5720629064466811,-0.21950376219682885
0.17915544517451412,-0.014697041013065099
0.19378910818648093,-0.3839057256245792
0.08674506693988021,-0.15048288237233384
-0.24650444644491995,-0.17357330253365874
-0.1195129603703556,0.12809040720474135
0.07148453936901354,-0.1933166316382471
0.1492093411958879,-0.5120071427490371
0.02713617088321778,-0.005774756363895772
-0.13274984696762113,0.18541910079897683
0.291307857316159,-0.1587250026864198
-0.08847062097504689,0.06119045596692697
-0.025767814498058032,0.28292772535003585
-0.10049897598471105,-0.02502772149992433
0.23736326545284545,-0.03646901379092548
0.1490836130954863,0.546193327093647
-0.21749731561962599,-0.28897159791742716
-0.1703145520699704,0.07670681572911077
-0.27260667806396255,0.15547109687414568
-0.08373607711587318,-0.17860147043480465
-0.34572501750454354,0.007186608550179196
0.09833126258219932,0.30322241562344626
0.09472732467465685,0.2806212489979621
0.24176779349830899,0.18574032068249766
-0.34392405647851615,-0.47245543102953785
-0.3425492972500179,-0.23875421178624326
-0.06370970372560986,-0.29474578467751655
0.6679881047214656,-0.10964573108515353
0.28097871438518623,-0.06595210854921411
0.1293720905546206,-0.1841292004228005
-0.22769858749115027,0.14895057148931476
0.16384979718374632,0.6858027272904477
-0.05749010492105299,-0.08462822185504028
0.12513543914668954,0.0016063532193402925
0.2773322789284036,0.2490168473157166
0.3905155425385124,0.004382390499641376
-0.07059578270499561,0.03240699418122445
0.37071322237546495,0.32376658746791614
0.4010220296078693,0.0676972112135003
0.25248023588942864,-0.08114481349637556
0.20377656985308112,0.018704651157047718
0.021187087474398642,-0.1267676866347627
-0.02832596008085222,-0.2004657287913347
-0.06462744176494947,-0.234869590718814
0.011348469612903056,0.1560893213633387
-0.28381518443144843,0.2512027604294462
-0.13277347359446234,-0.46193597368066086
0.1857804325003358,-0.12695905047654363
0.020484600395308857,-0.08886528908099152
-0.1482855938388923,0.02813768344747346
-0.19611815844720745,0.09092582314827403
0.29926666079982756,0.21538823618946665
0.03517839737962557,0.15153130239315096
0.199314633086812,-0.24191135228504698
-0.21724285372371033,-0.12468082053596274
-0.05299947076325997,-0.2034776730900508
-0.021850604219325744,-0.11831872284680833
-0.35303314594303575,-0.3976235738392317
0.06980527472410399,0.04133062825807481
-0.257517686506689,-0.31538885835679836
0.11945890508043235,-0.05975756493636133
0.2137872626704665,0.039814881169276346
0.06947248809942108,-0.1798939449190823
-0.158674816815834,-0.3931977523260816
-0.6959577534133043,0.08776127502909732
0.1348130469316646,-0.29429023144963845
0.1608538389009935,0.5519831790173831
-0.16289462762987839,-0.2517377625242927
0.08604459200194113,0.21680150562287118
0.6627330684040265,-0.25560946426917325
-0.11766946787780393,-0.3345418889787779
-0.002700909758830303,-0.19391273028061246
-0.28336886746170564,0.464789018016918
-0.08478215506099736,-0.08468365700153634
0.09320261520061365,0.30587704848958264
-0.4184017468299378,-0.17121974996410863
-0.16051408066075937,-0.40275182371532103
-0.28486622003075884,0.13023819091170208
-0.050484750509416365,0.2894490269381655
-0.3625385815511692,-0.06989732787708425
0.287187400022559,0.15661994108425864
0.2297352040197335,0.2424161317591367
0.1086128580416929,-0.20223278260856295
-0.36132197824818496,-0.2917151662011545
-0.3569833814049771,-0.001680184656175536
0.305673650039554,0.1693964203775451
