Exposure,LicAge,VehAge,Gender,MariStat,SocioCateg,VehUsage,DrivAge,HasKmLimit,BonusMalus,VehBody,VehPrice,VehEngine,VehEnergy,VehMaxSpeed,VehClass,RiskVar,Garage
0.833,430,1,Male,Other,CSP42,Professional run,57,0,50,sedan,Q,direct injection overpowered,diesel,9,M2,12,Collective garage
0.749,292,4,Male,Other,CSP50,Professional,42,0,50,sedan,I,injection,regular,6,M1,18,None
0.833,372,5,Male,Other,CSP42,Professional,49,0,50,microvan,N,injection,regular,5,H,16,None
0.749,154,6,Male,Other,CSP50,Private+trip to office,31,0,68,sport utility vehicle,L,injection,regular,4,M2,5,Collective garage
0.073,143,5,Female,Other,CSP50,Private+trip to office,33,1,100,microvan,N,injection,regular,5,H,16,Collective garage
1.0,633,2,Male,Other,CSP60,Private,81,0,50,sedan,J,injection,regular,6,M1,16,Private garage
0.579,186,3,Female,Other,CSP50,Private,37,0,95,station wagon,C,injection,regular,2,A,16,None
0.416,179,1,Male,Other,CSP50,Private+trip to office,34,0,68,bus,L,direct injection overpowered,diesel,6,M1,15,None
0.678,411,2,Female,Other,OTHER,Professional,72,0,50,cabriolet,H,injection overpowered,regular,1,A,8,Private garage
0.194,165,4,Male,Alone,CSP50,Private,34,0,72,sedan,H,injection,regular,5,M1,18,None
0.364,533,5,Male,Other,CSP60,Private,62,0,50,other microvan,L,direct injection overpowered,diesel,5,M1,15,None
0.496,205,2,Female,Other,CSP50,Private+trip to office,37,0,54,sedan,G,injection,regular,6,B,17,Private garage
0.681,297,4,Female,Other,CSP50,Private,48,0,62,sedan,F,injection,regular,2,A,20,None
0.784,143,3,Male,Other,CSP48,Private+trip to office,38,0,64,sedan,H,direct injection overpowered,diesel,5,M1,11,None
0.833,488,8,Male,Other,CSP46,Professional,62,0,81,van,G,injection,diesel,4,M1,20,None
0.815,280,1,Male,Other,CSP50,Private+trip to office,50,0,85,coupe,N,direct injection overpowered,diesel,8,M2,14,None
0.695,133,5,Female,Alone,CSP50,Professional,30,0,64,sedan,E,injection,regular,3,B,12,None
0.583,175,1,Male,Alone,CSP50,Private,32,0,60,sedan,L,direct injection overpowered,diesel,7,M1,12,None
0.5,420,0,Male,Other,CSP1,Professional,53,0,50,coupe,P,injection,regular,9,M2,15,Private garage
0.833,315,0,Female,Other,CSP50,Private,52,0,100,sedan,F,injection,regular,4,A,16,None
0.631,171,2,Male,Other,CSP55,Professional,33,0,52,other microvan,O,injection,regular,6,H,15,None
0.749,256,6,Male,Other,CSP55,Private+trip to office,39,0,106,station wagon,I,injection,diesel,3,M1,20,None
0.735,430,1,Male,Other,CSP46,Professional,54,0,62,van,H,injection,diesel,1,0,17,None
0.628,311,2,Male,Other,CSP1,Professional,44,0,57,sedan,L,injection,regular,6,0,18,Private garage
0.583,238,8,Female,Other,CSP50,Private+trip to office,38,0,80,sedan,F,injection,regular,4,B,17,None
0.243,52,5,Female,Alone,CSP26,Private+trip to office,23,0,100,sedan,E,injection,regular,3,B,16,None
0.499,162,5,Male,Alone,CSP50,Private+trip to office,37,0,76,sedan,D,injection,regular,3,A,20,None
0.611,133,1,Male,Alone,CSP66,Private+trip to office,29,0,76,sedan,L,direct injection overpowered,diesel,8,M1,16,None
0.458,257,0,Male,Alone,CSP55,Private+trip to office,40,0,100,sedan,F,injection,regular,3,B,13,Collective garage
0.708,391,3,Female,Other,CSP50,Private+trip to office,50,0,62,sedan,E,injection,regular,4,B,15,None
0.833,431,4,Female,Other,CSP60,Private,66,0,50,sedan,L,injection,regular,8,M2,12,None
0.416,53,4,Male,Other,CSP46,Professional,52,0,95,sedan,E,injection,regular,2,A,14,Private garage
0.249,211,4,Female,Other,CSP50,Private,47,0,50,sedan,K,injection,regular,6,M1,15,None
0.129,154,3,Male,Other,CSP50,Private+trip to office,31,0,68,station wagon,I,direct injection overpowered,diesel,3,M1,18,None
0.782,309,2,Male,Alone,CSP48,Professional,44,0,112,sedan,L,direct injection overpowered,diesel,8,M1,16,Collective garage
0.161,443,6,Male,Other,CSP60,Private,65,0,50,sedan,E,injection,regular,3,B,10,Collective garage
0.536,260,2,Female,Other,CSP50,Private+trip to office,44,0,50,sedan,E,injection,regular,4,B,14,None
0.5,83,6,Male,Alone,CSP50,Private+trip to office,25,0,76,sedan,D,injection,regular,3,A,16,None
0.833,314,0,Female,Alone,CSP50,Private+trip to office,49,0,50,sedan,E,injection,regular,4,A,15,None
0.583,216,6,Male,Alone,CSP50,Private+trip to office,36,0,50,sedan,G,injection,regular,6,M1,16,None
0.5,629,8,Male,Other,CSP60,Private,70,0,50,sedan,V,injection,regular,8,H,16,Private garage
0.833,95,4,Female,Other,CSP50,Private+trip to office,28,0,76,sedan,E,injection,regular,2,B,17,None
0.143,210,3,Male,Alone,CSP50,Professional,35,0,54,station wagon,L,direct injection overpowered,diesel,7,M2,15,Private garage
0.086,158,4,Male,Other,CSP50,Private,42,0,54,sedan,F,injection,regular,4,B,16,Private garage
0.916,473,0,Male,Other,CSP50,Private+trip to office,60,0,50,sedan,I,direct injection overpowered,diesel,6,B,20,None
0.833,539,5,Male,Other,CSP60,Private,63,0,50,sedan,F,injection,regular,3,B,9,None
0.916,450,0,Female,Other,CSP42,Professional,56,0,79,microvan,L,direct injection overpowered,diesel,6,M1,8,Collective garage
0.478,306,4,Male,Other,CSP50,Professional,54,0,50,van,M,injection,diesel,10,0,5,None
0.249,166,2,Female,Other,CSP50,Private+trip to office,32,0,90,sedan,I,injection,regular,6,M1,15,Private garage
0.5,530,5,Female,Other,CSP60,Private,66,1,50,sedan,J,direct injection overpowered,diesel,6,M2,17,None
0.804,165,2,Female,Alone,CSP50,Private,36,0,90,sedan,G,injection,regular,4,B,18,None
0.122,329,6,Female,Other,CSP50,Professional,47,0,81,sport utility vehicle,L,injection,regular,4,M2,16,None
0.881,123,2,Male,Other,CSP50,Private+trip to office,28,0,90,station wagon,J,direct injection overpowered,diesel,5,M1,12,None
0.553,332,0,Male,Other,CSP1,Professional,46,0,50,sport utility vehicle,U,injection overpowered,regular,8,H,16,Private garage
0.583,177,6,Male,Alone,CSP50,Private+trip to office,33,0,50,sedan,E,injection,regular,3,B,13,None
0.788,418,0,Male,Other,CSP50,Private+trip to office,55,0,50,sedan,K,injection,regular,8,B,14,None
0.916,193,11,Male,Other,CSP50,Professional,37,0,54,van,C,carburation,regular,1,0,11,None
0.5,376,4,Male,Other,CSP50,Private+trip to office,50,0,50,sedan,P,direct injection overpowered,diesel,8,H,19,Collective garage
0.499,383,0,Male,Other,OTHER,Private+trip to office,50,0,50,microvan,M,direct injection overpowered,diesel,6,M1,16,Collective garage
0.083,450,4,Female,Other,CSP50,Private+trip to office,57,0,50,sedan,G,injection,regular,4,B,15,None
0.726,394,5,Female,Other,CSP50,Private+trip to office,51,0,50,sport utility vehicle,L,injection,regular,4,M2,16,None
1.0,351,5,Male,Other,CSP60,Private,74,0,50,sedan,P,injection,regular,9,H,1,Collective garage
0.583,264,3,Female,Other,CSP50,Private,50,0,68,sport utility vehicle,S,injection,regular,5,H,9,Collective garage
0.749,172,2,Female,Other,CSP50,Professional,47,0,50,coupe,N,injection overpowered,regular,9,M2,17,None
0.707,47,6,Female,Other,CSP50,Private+trip to office,27,0,95,sedan,C,injection,regular,2,B,15,None
0.49,356,4,Female,Other,CSP48,Professional,48,0,50,van,I,injection,regular,2,0,17,None
0.499,820,11,Male,Other,CSP60,Private,86,1,76,sedan,F,injection,regular,4,B,16,None
0.844,373,6,Male,Other,CSP55,Private+trip to office,49,0,50,cabriolet,K,injection,regular,5,M1,16,None
0.333,190,0,Male,Alone,CSP1,Professional,34,0,64,sedan,I,direct injection overpowered,diesel,5,B,15,None
1.0,473,2,Male,Other,OTHER,Professional run,57,0,50,sport utility vehicle,R,direct injection overpowered,diesel,6,H,18,Private garage
0.206,573,5,Male,Other,CSP60,Private,68,0,50,sedan,O,injection,regular,7,H,15,None
0.442,119,0,Male,Alone,CSP50,Private+trip to office,33,0,85,sedan,L,direct injection overpowered,diesel,7,M1,15,Collective garage
0.666,231,0,Male,Other,CSP49,Professional,38,0,50,van,M,direct injection overpowered,diesel,3,0,8,None
0.833,527,1,Female,Other,CSP42,Professional,66,0,50,van,F,direct injection overpowered,diesel,4,B,6,None
1.0,201,2,Male,Alone,CSP50,Professional,34,0,50,sport utility vehicle,R,direct injection overpowered,diesel,7,H,16,Collective garage
0.833,100,2,Male,Alone,CSP50,Professional run,28,0,100,van,E,injection,diesel,3,B,15,None
0.749,259,4,Female,Other,CSP50,Private+trip to office,51,0,72,sedan,G,injection,regular,4,B,12,None
0.916,644,2,Male,Other,CSP60,Private,76,0,50,sport utility vehicle,K,injection,regular,3,M2,11,None
0.188,758,4,Male,Other,CSP60,Private,82,0,50,sedan,N,injection,regular,8,H,16,None
0.047,429,8,Male,Other,CSP55,Private+trip to office,57,0,67,sedan,J,injection,regular,5,M1,13,Collective garage
0.717,216,8,Male,Other,CSP50,Private+trip to office,36,0,50,sedan,G,injection overpowered,diesel,4,B,17,None
0.833,443,1,Male,Other,CSP50,Private,55,0,50,sedan,M,injection,regular,8,H,16,None
0.755,315,2,Male,Other,CSP50,Private+trip to office,60,0,50,station wagon,O,direct injection overpowered,diesel,5,M2,16,None
0.833,277,6,Female,Alone,CSP46,Professional,46,0,64,sedan,E,injection,regular,3,B,2,None
0.416,467,0,Female,Other,CSP37,Private,57,0,50,sedan,H,injection,regular,3,B,7,None
0.666,139,2,Male,Alone,CSP66,Private+trip to office,37,0,85,cabriolet,OTHER,injection,regular,9,H,8,Collective garage
0.833,82,3,Female,Alone,CSP26,Private+trip to office,25,0,100,sedan,H,direct injection overpowered,diesel,4,B,5,None
0.989,251,4,Male,Alone,CSP50,Professional,39,0,51,sport utility vehicle,R,injection,regular,5,H,8,Collective garage
1.0,441,1,Male,Other,CSP60,Private,74,0,90,sedan,F,injection,regular,4,A,20,None
0.36,194,0,Female,Alone,CSP50,Private+trip to office,34,0,50,sedan,I,direct injection overpowered,diesel,4,B,20,None
0.333,242,1,Female,Other,CSP1,Private,44,0,95,sport utility vehicle,M,injection,regular,5,M2,9,Private garage
0.916,42,2,Female,Alone,CSP50,Private+trip to office,24,0,148,sedan,I,injection,regular,6,B,15,None
0.833,175,3,Male,Alone,CSP50,Professional,32,0,60,coupe,Q,injection overpowered,regular,9,H,8,Collective garage
0.692,169,0,Male,Other,CSP50,Private+trip to office,36,0,60,microvan,L,direct injection overpowered,diesel,6,M1,19,Collective garage
0.849,766,4,Male,Other,CSP60,Private,82,0,50,sedan,J,injection,regular,7,M2,17,None
0.35,361,6,Male,Alone,CSP50,Private,49,0,106,sedan,K,injection,regular,7,M2,16,Collective garage
0.666,385,2,Female,Other,CSP50,Private+trip to office,50,0,95,sedan,F,injection,regular,4,B,18,None
0.143,354,2,Male,Other,CSP66,Professional,48,0,70,sedan,U,injection,regular,9,H,17,Collective garage
1.0,429,0,Female,Other,CSP50,Private+trip to office,55,0,50,sedan,H,injection,regular,5,B,5,None
1.0,336,4,Male,Other,CSP46,Professional,46,0,50,van,E,injection,diesel,3,B,20,None
0.75,633,1,Male,Other,CSP60,Private,77,0,50,bus,K,injection,regular,7,M1,14,Private garage
0.25,342,5,Male,Other,CSP50,Private+trip to office,47,0,50,sedan,J,injection,regular,7,M2,20,None
0.413,238,5,Male,Alone,CSP50,Private,39,1,55,sedan,O,direct injection overpowered,diesel,8,M2,13,None
0.833,328,2,Male,Other,CSP50,Private,46,0,54,other microvan,M,direct injection overpowered,diesel,5,M2,15,None
0.583,487,0,Female,Other,CSP46,Professional,60,0,50,sedan,K,injection,regular,7,M1,16,Collective garage
0.833,190,3,Male,Other,CSP50,Private,35,0,68,sedan,F,injection,regular,6,B,8,None
0.25,126,8,Female,Alone,CSP50,Private+trip to office,33,0,80,sport utility vehicle,O,injection,regular,5,H,16,None
0.455,596,11,Male,Other,CSP60,Private,69,1,50,station wagon,J,injection,regular,7,M2,18,Private garage
0.333,279,1,Male,Other,CSP50,Private+trip to office,50,0,95,sedan,F,injection,regular,4,A,20,None
0.636,151,5,Female,Alone,CSP50,Private+trip to office,30,0,64,sedan,G,injection,regular,6,B,15,None
0.524,173,2,Male,Alone,CSP50,Private+trip to office,32,0,76,sedan,L,injection,regular,5,B,9,None
0.394,193,8,Male,Other,CSP55,Private+trip to office,34,0,58,sedan,H,injection,diesel,4,M1,15,Collective garage
0.749,445,5,Male,Other,CSP60,Private,76,0,60,sedan,G,injection,regular,6,B,17,None
0.36,137,1,Male,Other,CSP50,Private,29,0,72,sedan,J,injection,regular,6,M1,17,None
0.583,289,3,Male,Other,CSP42,Private+trip to office,46,0,59,van,F,injection,diesel,4,B,18,None
0.666,428,1,Male,Other,CSP55,Private,55,0,118,other microvan,L,direct injection overpowered,diesel,5,M1,16,None
0.916,244,1,Male,Other,CSP50,Private+trip to office,38,0,100,sedan,G,injection,regular,7,B,2,None
0.51,316,3,Male,Other,CSP55,Private+trip to office,44,0,50,sedan,G,injection,regular,3,B,8,Private garage
0.39,219,1,Male,Other,CSP50,Private,36,0,50,cabriolet,Q,direct injection overpowered,diesel,9,M2,16,Private garage
0.833,312,3,Male,Other,CSP50,Private+trip to office,50,0,52,microvan,J,injection,diesel,3,M1,18,Collective garage
0.833,282,2,Male,Other,CSP46,Professional,41,0,51,van,K,direct injection overpowered,diesel,3,0,19,None
0.692,86,5,Female,Other,CSP50,Professional,26,0,95,sedan,H,injection,regular,5,M1,1,None
0.497,93,0,Male,Other,CSP50,Professional,26,0,65,coupe,F,injection overpowered,regular,1,A,1,None
0.917,87,6,Female,Alone,CSP55,Private,25,1,80,sedan,D,injection,regular,3,A,15,None
0.117,55,5,Male,Other,CSP50,Private,23,0,85,coupe,O,injection,regular,9,M2,15,Private garage
0.564,442,1,Male,Alone,CSP55,Private+trip to office,56,0,118,sedan,H,injection,regular,3,B,17,None
0.991,558,2,Male,Other,CSP60,Private,64,0,50,sedan,K,injection,diesel,5,M2,15,Collective garage
0.467,305,2,Male,Other,CSP48,Professional,51,0,76,van,N,direct injection overpowered,diesel,3,0,17,None
0.75,150,0,Male,Other,CSP42,Professional,31,0,51,sport utility vehicle,M,injection,regular,5,M2,8,None
0.333,157,4,Female,Other,CSP50,Private,33,0,55,other microvan,N,injection,regular,6,H,17,Collective garage
0.853,578,1,Male,Other,OTHER,Professional,69,0,50,sedan,U,injection,regular,9,H,8,Private garage
0.15,302,4,Male,Other,CSP50,Professional,43,0,50,microvan,M,injection,regular,5,H,2,Private garage
0.249,63,2,Female,Alone,CSP50,Private,26,0,90,cabriolet,J,injection,regular,7,B,16,None
0.416,102,1,Female,Alone,CSP26,Private+trip to office,28,0,95,sedan,F,injection,regular,4,A,16,Collective garage
0.737,296,4,Male,Other,CSP55,Private+trip to office,45,0,50,other microvan,K,injection,regular,5,M2,11,Collective garage
0.666,455,1,Male,Other,CSP50,Private+trip to office,56,0,50,sedan,K,injection,regular,8,M2,5,None
0.753,126,4,Female,Alone,CSP50,Private+trip to office,29,0,100,sedan,H,direct injection overpowered,diesel,5,B,20,None
0.75,211,4,Female,Other,CSP50,Private+trip to office,39,0,67,sedan,H,injection,regular,5,M1,17,None
0.662,119,6,Male,Alone,CSP42,Professional,28,0,64,sedan,D,injection,regular,3,B,18,None
0.5,690,6,Male,Other,CSP60,Private,84,0,50,sedan,F,injection,regular,2,A,3,None
0.896,656,1,Male,Other,CSP60,Private,72,1,50,sedan,G,injection,regular,4,B,16,None
0.499,364,0,Male,Other,CSP50,Professional,59,0,76,sedan,E,injection,regular,4,A,1,Collective garage
0.471,132,5,Male,Alone,CSP50,Private+trip to office,33,0,60,sedan,F,injection,regular,3,A,18,None
0.916,188,2,Female,Other,CSP55,Private+trip to office,35,0,80,sedan,I,injection,regular,6,M1,19,None
0.583,484,2,Male,Other,CSP60,Private,67,0,73,sedan,J,injection,regular,6,M1,18,None
0.203,288,1,Male,Other,CSP50,Private,52,0,50,sedan,F,injection,regular,5,B,19,None
0.833,198,2,Female,Other,CSP50,Private,37,1,73,sedan,E,injection,regular,3,B,17,None
0.833,379,0,Female,Other,CSP55,Private+trip to office,52,1,50,sedan,E,injection,regular,3,A,13,None
0.375,344,2,Male,Other,CSP50,Professional,48,0,100,sedan,P,injection,regular,9,M2,1,None
0.416,86,0,Male,Alone,CSP55,Private,31,0,100,sedan,G,injection,regular,4,A,15,None
0.583,104,0,Female,Alone,CSP50,Private+trip to office,36,0,95,sedan,F,injection,regular,4,B,11,Collective garage
0.964,64,5,Male,Alone,CSP50,Private+trip to office,23,0,76,sedan,G,injection,regular,6,M1,16,None
0.499,411,2,Female,Other,CSP50,Private+trip to office,55,0,50,sedan,G,injection,regular,4,A,8,None
0.749,275,2,Female,Other,CSP50,Private+trip to office,50,0,72,sedan,E,injection,regular,5,B,17,None
0.829,419,1,Male,Other,CSP1,Professional,54,0,50,sport utility vehicle,R,direct injection overpowered,diesel,7,H,17,Collective garage
0.461,80,4,Female,Alone,CSP50,Private,35,1,80,cabriolet,K,injection,regular,6,M1,15,Collective garage
0.25,359,2,Male,Other,CSP50,Private+trip to office,48,0,75,sedan,L,direct injection overpowered,diesel,5,B,12,Collective garage
0.233,454,8,Female,Other,CSP1,Professional,60,0,50,sedan,G,injection,regular,5,B,9,None
0.583,463,0,Male,Other,CSP50,Professional,60,0,50,van,N,direct injection overpowered,diesel,1,0,15,None
0.75,98,1,Female,Other,CSP50,Private+trip to office,27,0,70,sedan,L,injection,regular,8,B,1,None
0.321,196,8,Male,Other,CSP50,Private+trip to office,38,0,58,sedan,F,injection,regular,5,B,13,None
0.75,117,5,Female,Other,CSP50,Private+trip to office,30,0,62,sedan,G,injection,regular,6,B,14,None
0.363,524,0,Male,Other,OTHER,Professional run,61,0,50,sedan,J,injection,regular,5,M1,10,None
0.916,568,4,Male,Other,CSP1,Professional,65,0,58,sedan,I,injection,regular,6,B,16,None
0.438,210,4,Female,Other,CSP50,Private+trip to office,42,0,60,sedan,E,injection,regular,3,B,2,None
0.583,387,8,Female,Other,CSP50,Private+trip to office,51,0,50,sedan,F,injection,regular,3,B,16,None
0.767,407,0,Male,Other,CSP50,Private,55,0,50,station wagon,K,direct injection overpowered,diesel,3,0,18,None
0.665,500,6,Male,Other,CSP49,Professional,61,0,50,van,G,injection,diesel,1,M1,11,None
0.743,477,0,Male,Other,CSP66,Professional,58,0,50,bus,L,direct injection overpowered,diesel,6,M1,7,Collective garage
0.68,277,1,Male,Other,CSP55,Private+trip to office,42,0,50,station wagon,L,injection,regular,6,M2,8,Collective garage
0.833,422,2,Male,Other,CSP50,Professional,53,0,50,sedan,D,injection,regular,3,A,17,None
0.753,278,0,Male,Other,CSP50,Private+trip to office,41,0,50,sport utility vehicle,S,direct injection overpowered,diesel,8,H,3,Collective garage
0.166,177,1,Female,Other,CSP50,Private,36,1,80,sedan,P,injection,regular,9,M1,16,Collective garage
0.379,179,5,Male,Other,CSP55,Private+trip to office,33,0,50,other microvan,K,injection,regular,4,M1,12,None
0.5,507,1,Male,Other,CSP60,Private,71,0,50,sedan,H,injection,regular,4,B,19,None
0.833,559,0,Male,Other,CSP50,Professional,71,0,95,sedan,L,injection,regular,8,M2,9,Private garage
0.532,447,11,Female,Other,CSP55,Private+trip to office,55,1,54,sedan,G,injection,regular,5,B,17,None
0.166,522,2,Female,Other,CSP55,Private+trip to office,63,0,74,sedan,J,injection,regular,6,M1,9,None
0.916,291,0,Female,Alone,CSP37,Private,43,0,50,microvan,L,injection,regular,6,M1,11,None
0.327,6,6,Female,Other,CSP50,Private+trip to office,23,0,100,sedan,E,injection,regular,2,A,11,None
0.416,118,1,Female,Alone,CSP50,Private+trip to office,27,0,95,sedan,H,injection,regular,5,B,15,None
0.4,460,11,Male,Other,CSP50,Private,57,0,50,sedan,H,carburation,regular,5,M2,18,None
0.833,215,1,Male,Other,CSP66,Professional,36,0,50,sedan,N,injection,regular,9,M2,9,None
0.939,195,0,Male,Other,CSP50,Private+trip to office,34,0,68,station wagon,N,direct injection overpowered,diesel,7,M2,14,None
0.416,134,4,Male,Other,CSP50,Private+trip to office,29,0,90,sedan,K,injection overpowered,diesel,5,M1,18,None
0.173,287,2,Male,Other,CSP42,Private+trip to office,51,0,50,other microvan,O,direct injection overpowered,diesel,5,H,3,None
0.583,529,2,Male,Other,CSP42,Professional run,63,0,53,sedan,K,injection,regular,7,B,7,Collective garage
0.85,267,3,Male,Other,CSP50,Private,40,0,50,sport utility vehicle,K,injection,regular,4,H,10,None
0.916,412,2,Female,Other,CSP50,Private+trip to office,54,0,80,sedan,H,injection,regular,5,B,15,None
0.382,522,6,Female,Other,CSP50,Private+trip to office,62,0,50,sedan,F,injection,regular,5,B,16,None
0.833,73,3,Male,Alone,CSP26,Private+trip to office,24,0,100,van,H,injection,diesel,2,M1,15,None
0.666,135,4,Male,Alone,CSP50,Private+trip to office,29,0,80,sedan,K,injection,regular,5,B,20,Collective garage
0.571,67,0,Female,Other,CSP26,Private+trip to office,23,0,85,sedan,J,injection,regular,8,B,6,None
0.5,425,8,Male,Other,CSP1,Professional,53,0,50,sedan,J,injection,regular,7,M1,17,Private garage
0.277,476,1,Male,Other,CSP50,Professional,68,0,56,sedan,O,injection,regular,9,M2,16,Collective garage
0.258,388,1,Female,Alone,CSP50,Private+trip to office,54,0,54,sedan,I,injection,regular,7,B,20,Private garage
0.323,81,5,Male,Alone,CSP50,Private+trip to office,24,0,85,sedan,G,injection,regular,5,M1,8,None
0.777,258,2,Male,Other,CSP50,Professional,40,0,62,sport utility vehicle,Q,direct injection overpowered,diesel,6,H,9,Private garage
0.394,150,0,Female,Alone,CSP50,Private+trip to office,32,0,66,sedan,K,injection,regular,6,B,16,Collective garage
0.75,489,0,Male,Other,CSP55,Private+trip to office,60,0,50,sedan,I,injection,regular,3,B,8,None
0.519,7,8,Male,Alone,CSP26,Private+trip to office,19,0,100,sedan,G,injection,regular,4,M1,18,None
0.166,484,0,Male,Other,CSP60,Private,58,0,50,sport utility vehicle,R,direct injection overpowered,diesel,9,H,16,Private garage
0.478,3,1,Female,Other,CSP50,Private,37,0,100,sedan,D,injection,regular,3,B,20,None
0.214,188,6,Female,Other,CSP55,Private+trip to office,34,0,63,microvan,J,injection,regular,4,M1,15,Private garage
0.666,147,6,Male,Other,CSP46,Professional,43,0,61,van,J,injection overpowered,diesel,3,0,12,None
0.523,214,1,Male,Other,CSP50,Professional,48,0,50,van,F,injection,diesel,1,0,18,None
0.416,327,5,Male,Other,CSP42,Private+trip to office,46,0,80,cabriolet,O,injection,regular,7,H,5,Private garage
0.75,134,0,Male,Other,CSP66,Professional,29,0,76,other microvan,M,direct injection overpowered,diesel,7,M1,8,None
0.45,532,3,Male,Other,CSP50,Private,62,1,50,cabriolet,E,injection overpowered,regular,1,A,17,None
0.552,556,11,Male,Other,CSP60,Private,67,1,50,sedan,Q,injection,regular,8,H,5,Collective garage
0.702,216,2,Female,Alone,CSP50,Private+trip to office,36,1,50,sedan,H,direct injection overpowered,diesel,4,B,15,None
0.749,378,5,Female,Other,CSP50,Professional,50,0,50,sedan,G,injection,regular,4,B,16,Collective garage
0.258,15,4,Female,Alone,CSP37,Private,41,0,100,sedan,I,injection,regular,4,B,17,None
0.746,140,5,Male,Alone,OTHER,Private+trip to office,32,0,68,sedan,H,injection,regular,6,M1,20,None
0.25,383,0,Male,Other,CSP46,Professional,55,0,50,station wagon,J,direct injection overpowered,diesel,5,M1,9,None
0.166,355,5,Male,Other,CSP42,Professional run,47,0,61,van,J,injection,diesel,1,0,18,None
0.416,442,2,Male,Other,CSP50,Private,56,0,95,sedan,K,direct injection overpowered,diesel,5,M2,16,Collective garage
0.416,364,0,Female,Alone,CSP50,Private+trip to office,50,0,50,sedan,L,direct injection overpowered,diesel,5,B,12,None
1.0,264,6,Male,Alone,CSP55,Private+trip to office,40,0,50,microvan,M,injection,regular,5,H,13,Private garage
0.499,250,6,Female,Other,CSP50,Private+trip to office,39,0,57,sedan,L,injection overpowered,diesel,6,M2,12,None
0.833,505,3,Female,Other,CSP50,Private,62,1,50,station wagon,F,injection,regular,4,B,15,None
0.689,157,4,Female,Other,CSP50,Private+trip to office,35,0,80,sedan,E,injection,regular,3,B,19,None
1.0,60,0,Male,Other,CSP50,Professional,46,0,106,sedan,J,direct injection overpowered,diesel,5,M1,13,None
0.249,63,3,Female,Alone,CSP50,Private+trip to office,27,0,80,sedan,G,injection,regular,6,B,13,None
0.692,561,5,Male,Other,CSP60,Private,74,0,68,sedan,L,injection,regular,5,B,17,None
0.349,134,3,Male,Alone,CSP50,Private,31,0,85,sedan,K,injection,regular,7,M1,18,Collective garage
0.305,78,2,Female,Alone,CSP50,Private+trip to office,25,0,100,sedan,I,direct injection overpowered,diesel,5,B,16,None
0.416,94,4,Male,Alone,CSP50,Professional,26,0,72,sedan,E,injection,diesel,3,B,10,None
0.583,490,4,Female,Alone,CSP50,Private,66,0,50,sedan,E,injection,regular,2,A,13,None
0.749,591,5,Female,Other,CSP66,Professional,68,0,50,sedan,E,injection,regular,3,B,16,None
0.706,272,8,Male,Other,CSP50,Private+trip to office,42,0,51,microvan,M,injection overpowered,regular,7,H,18,None
0.729,123,2,Male,Alone,CSP55,Private+trip to office,34,0,64,sport utility vehicle,O,direct injection overpowered,diesel,8,M1,9,None
1.0,522,2,Male,Other,CSP60,Private,72,0,50,sedan,I,direct injection overpowered,diesel,4,M1,15,Private garage
0.833,83,4,Male,Other,CSP55,Private,29,0,100,sedan,G,injection,diesel,4,B,9,None
0.916,130,0,Male,Alone,CSP50,Private+trip to office,28,0,90,coupe,C,injection overpowered,regular,1,A,8,None
0.282,213,6,Male,Other,CSP50,Private+trip to office,36,0,52,sedan,G,injection overpowered,diesel,4,B,17,None
0.5,583,8,Male,Other,CSP60,Private,76,0,55,sedan,I,injection,regular,5,M1,8,None
0.494,529,0,Male,Other,CSP60,Private,64,0,55,sedan,N,injection,regular,9,H,5,None
0.858,428,11,Male,Other,CSP1,Professional,54,0,50,sedan,K,injection,regular,7,H,13,None
0.117,298,0,Male,Other,CSP1,Private+trip to office,42,0,70,sport utility vehicle,R,direct injection overpowered,diesel,6,H,8,Private garage
0.333,394,4,Male,Alone,CSP50,Private+trip to office,51,0,50,sedan,G,injection,regular,5,B,4,None
0.333,74,1,Male,Alone,CSP26,Private+trip to office,25,0,90,sedan,E,injection,regular,4,A,1,None
0.749,42,0,Male,Alone,CSP1,Professional,22,0,100,coupe,F,injection overpowered,regular,1,A,16,None
0.363,91,0,Male,Alone,CSP42,Private,25,0,100,sedan,K,injection,regular,8,B,7,None
0.274,460,3,Male,Other,CSP60,Private,73,0,58,sedan,D,injection,regular,4,B,13,None
0.561,408,5,Female,Alone,CSP50,Private+trip to office,55,0,100,sedan,E,injection,regular,3,A,20,None
0.528,492,1,Female,Other,CSP1,Professional,66,0,50,sedan,G,injection,regular,4,A,8,None
0.552,330,5,Male,Other,CSP55,Private,54,0,50,sedan,J,injection,regular,6,M2,10,Private garage
0.439,120,3,Male,Other,CSP1,Professional,31,0,60,sedan,K,injection,regular,6,M1,7,None
0.75,314,4,Female,Alone,CSP50,Private+trip to office,45,0,67,other microvan,L,injection,regular,5,M2,16,None
0.333,576,0,Male,Other,CSP60,Private,68,0,52,sedan,M,direct injection overpowered,diesel,7,M2,12,None
0.083,691,2,Male,Other,CSP66,Professional,77,0,50,sedan,J,injection,regular,7,M1,16,Collective garage
0.749,165,6,Male,Alone,CSP48,Professional,32,0,67,van,I,injection,regular,2,0,17,Collective garage
0.794,440,0,Male,Other,CSP60,Private,67,0,50,sedan,N,direct injection overpowered,diesel,8,M2,11,Collective garage
0.166,104,1,Female,Alone,CSP50,Private+trip to office,28,0,72,sedan,I,direct injection overpowered,diesel,5,B,13,Collective garage
0.916,313,3,Male,Other,CSP50,Professional,52,0,50,microvan,M,injection overpowered,diesel,3,H,15,None
0.636,1,4,Female,Alone,CSP50,Private+trip to office,21,0,100,sedan,F,injection,regular,3,A,20,None
0.592,580,8,Male,Other,CSP60,Private,69,0,53,sedan,E,injection,regular,2,A,18,None
1.0,177,4,Male,Alone,CSP50,Private+trip to office,33,0,80,coupe,O,injection overpowered,regular,9,M1,17,None
0.446,466,4,Male,Other,CSP37,Private,56,0,50,sedan,E,injection,regular,3,A,19,None
0.833,166,1,Male,Other,CSP50,Professional,32,0,72,sedan,J,direct injection overpowered,diesel,5,M1,15,None
0.583,260,2,Female,Other,CSP55,Private,41,0,50,other microvan,K,injection,regular,6,M1,11,Private garage
0.833,236,2,Male,Other,CSP50,Professional,37,0,57,station wagon,G,injection,regular,1,M1,13,None
0.627,149,2,Male,Alone,CSP50,Private+trip to office,31,0,95,cabriolet,J,injection,regular,8,B,13,None
0.416,290,3,Male,Other,CSP50,Private+trip to office,43,0,50,sedan,O,direct injection overpowered,diesel,7,H,8,Private garage
0.336,556,0,Male,Other,CSP60,Private,69,0,80,sedan,M,direct injection overpowered,diesel,7,M2,16,None
0.348,261,0,Male,Other,CSP50,Professional,43,0,68,sedan,R,injection overpowered,regular,9,H,2,Collective garage
0.241,468,5,Male,Other,CSP50,Private+trip to office,58,0,50,sedan,F,injection,diesel,4,B,7,None
1.0,122,8,Female,Other,CSP50,Private+trip to office,28,0,68,sedan,G,injection,regular,4,M1,17,None
0.749,310,6,Male,Other,CSP55,Private+trip to office,44,0,50,sedan,M,injection,regular,8,H,11,None
0.756,704,2,Male,Other,CSP60,Private,82,0,50,sedan,E,injection,regular,3,B,15,None
0.749,435,6,Female,Other,OTHER,Professional,54,0,51,sedan,D,injection,regular,4,B,1,None
1.0,342,3,Male,Other,CSP48,Professional,47,0,50,other microvan,K,injection,regular,7,M1,11,None
0.166,380,5,Female,Other,CSP50,Private+trip to office,51,0,50,coupe,F,injection overpowered,regular,1,A,20,None
0.249,299,1,Male,Other,OTHER,Professional,44,0,50,sedan,J,injection,regular,6,B,8,Collective garage
0.916,92,0,Female,Other,CSP50,Private+trip to office,27,0,100,sedan,D,injection,regular,2,B,9,None
0.416,307,0,Male,Other,CSP55,Private+trip to office,48,0,50,microvan,N,injection,regular,5,H,8,Collective garage
0.416,251,4,Female,Other,CSP50,Private,42,0,80,sedan,F,injection,regular,2,A,16,None
0.916,215,0,Male,Other,CSP46,Professional,37,0,50,microvan,M,direct injection overpowered,diesel,3,M1,20,Collective garage
0.463,58,0,Female,Other,CSP50,Private+trip to office,33,0,85,sedan,H,direct injection overpowered,diesel,4,B,7,None
0.666,231,0,Male,Other,CSP50,Private,37,0,50,sedan,O,direct injection overpowered,diesel,8,M2,15,Collective garage
0.325,175,3,Male,Other,CSP50,Private+trip to office,33,0,100,sedan,I,injection,regular,5,M1,5,Collective garage
0.749,463,0,Male,Other,CSP66,Professional,61,0,80,sedan,Q,injection,regular,8,H,17,Collective garage
0.124,58,0,Female,Alone,CSP50,Private+trip to office,24,0,80,sedan,G,injection,regular,4,B,18,None
0.666,322,1,Female,Other,CSP50,Private,54,0,50,sedan,I,injection,regular,5,B,16,Collective garage
1.0,500,0,Male,Other,CSP60,Private,66,0,50,other microvan,Q,injection,regular,9,H,20,Collective garage
0.499,494,0,Male,Other,CSP50,Private,59,0,91,sedan,M,injection,regular,7,M1,20,None
0.325,425,0,Male,Other,CSP50,Professional,54,0,50,sport utility vehicle,U,injection,regular,8,H,6,Private garage
0.458,350,1,Female,Other,OTHER,Professional run,50,0,51,coupe,O,injection,regular,8,H,17,Collective garage
0.329,214,5,Female,Other,CSP50,Professional,38,0,106,microvan,N,injection overpowered,diesel,5,H,15,None
0.833,307,1,Female,Other,CSP50,Professional,45,0,54,sedan,J,injection,regular,7,B,4,None
0.293,370,1,Male,Other,CSP66,Professional,58,0,52,sedan,R,injection overpowered,regular,9,H,16,Collective garage
0.833,409,1,Male,Other,CSP55,Private+trip to office,59,0,50,sedan,O,injection,regular,9,M2,13,None
0.25,172,6,Male,Alone,CSP50,Professional,32,0,76,sedan,F,injection,regular,3,B,15,None
0.916,334,6,Male,Other,CSP50,Private+trip to office,47,0,72,sedan,D,injection,regular,3,A,11,None
0.75,23,0,Female,Alone,CSP50,Private+trip to office,23,0,95,sedan,E,injection,regular,4,A,19,Collective garage
0.435,429,3,Female,Other,CSP55,Private,55,0,50,coupe,N,injection,regular,8,M2,12,Private garage
0.655,51,6,Male,Other,CSP50,Professional,25,0,85,sedan,F,injection,regular,3,B,9,None
0.683,36,2,Female,Alone,CSP26,Private+trip to office,22,0,90,sedan,E,injection,regular,3,B,17,None
0.2,0,3,Female,Alone,CSP26,Private+trip to office,18,0,100,coupe,F,injection overpowered,regular,1,A,16,None
0.249,153,5,Male,Alone,CSP55,Private+trip to office,30,0,51,sedan,J,direct injection overpowered,diesel,5,M1,15,None
0.944,182,1,Male,Other,CSP50,Private,33,0,57,sedan,I,direct injection overpowered,diesel,5,M1,16,Collective garage
0.882,378,1,Female,Other,CSP60,Private,58,0,50,sedan,J,injection,regular,5,M1,17,None
0.897,172,2,Female,Other,CSP50,Private+trip to office,40,0,50,sport utility vehicle,M,injection,regular,6,M2,5,Collective garage
0.307,337,6,Male,Other,CSP50,Professional,46,0,57,microvan,P,injection,regular,6,H,9,Collective garage
0.75,133,0,Female,Other,CSP1,Private+trip to office,29,0,57,other microvan,L,injection,regular,6,M1,16,None
0.25,201,0,Female,Alone,CSP50,Private,35,0,100,bus,L,direct injection overpowered,diesel,4,0,13,Collective garage
0.636,132,5,Male,Other,CSP50,Private+trip to office,42,1,80,sedan,K,injection overpowered,diesel,5,M2,19,Collective garage
0.666,120,11,Female,Alone,CSP50,Private+trip to office,29,0,57,sedan,D,injection,regular,2,B,7,None
0.499,228,1,Male,Other,CSP50,Private,37,0,50,sedan,K,direct injection overpowered,diesel,5,B,15,None
0.666,102,4,Male,Alone,CSP55,Private+trip to office,26,0,100,sedan,D,injection,regular,3,B,19,None
0.035,119,6,Male,Other,CSP50,Private+trip to office,36,0,85,other microvan,K,direct injection overpowered,diesel,5,M1,5,None
0.469,587,0,Male,Other,CSP60,Private,74,0,50,sedan,S,injection overpowered,regular,9,H,2,Private garage
0.416,294,4,Male,Other,CSP1,Professional,43,0,50,sedan,P,injection,regular,9,H,17,Collective garage
0.889,12,0,Male,Alone,CSP26,Private+trip to office,19,0,100,sedan,D,injection,regular,2,B,19,None
0.583,246,2,Male,Other,CSP1,Private+trip to office,41,0,64,sport utility vehicle,P,injection,regular,5,H,16,Collective garage
0.903,548,1,Male,Other,CSP60,Private,69,0,50,sedan,L,direct injection overpowered,diesel,5,B,13,Private garage
1.0,498,3,Male,Other,CSP60,Private,77,0,50,sedan,H,injection,regular,6,M1,15,None
0.749,451,0,Female,Other,CSP50,Professional,58,0,58,coupe,P,injection,regular,9,M2,1,Collective garage
0.633,347,3,Male,Other,CSP48,Professional,47,0,55,van,K,direct injection overpowered,diesel,3,0,9,None
0.833,438,11,Male,Other,CSP50,Private+trip to office,55,0,50,microvan,N,injection overpowered,diesel,4,H,15,None
0.271,381,6,Female,Other,CSP55,Private+trip to office,57,0,80,sedan,H,injection,diesel,3,B,12,None
0.303,247,8,Male,Alone,CSP50,Private,38,1,85,cabriolet,Q,injection,regular,8,M2,11,Private garage
0.452,279,0,Female,Other,CSP55,Private+trip to office,41,0,50,sedan,J,injection,regular,6,M1,13,None
0.333,261,1,Male,Other,CSP50,Professional,40,0,50,microvan,N,direct injection overpowered,diesel,6,H,18,Collective garage
0.433,611,0,Male,Other,CSP60,Private,72,0,50,sedan,N,direct injection overpowered,diesel,8,M2,12,Collective garage
0.457,422,1,Female,Alone,CSP60,Private,60,0,50,sedan,I,injection,regular,6,B,12,Collective garage
0.127,126,2,Female,Other,CSP50,Private+trip to office,35,0,85,sedan,I,direct injection overpowered,diesel,5,B,14,None
0.749,393,3,Male,Other,CSP50,Private+trip to office,51,0,64,sedan,F,injection,regular,3,B,12,None
0.258,2,11,Female,Alone,CSP50,Private,23,0,100,sedan,D,injection,regular,2,A,20,None
0.271,252,5,Female,Other,CSP50,Private+trip to office,40,0,100,other microvan,L,injection,regular,3,H,19,None
0.749,144,4,Male,Other,CSP50,Private+trip to office,39,0,80,sedan,E,injection,regular,4,B,12,Collective garage
0.325,130,0,Male,Alone,CSP50,Private+trip to office,29,0,58,sedan,L,injection,regular,8,B,7,None
0.416,179,2,Female,Other,CSP37,Private,42,0,125,sport utility vehicle,L,injection,regular,5,H,20,Collective garage
0.833,483,8,Male,Other,CSP50,Private+trip to office,60,0,50,sedan,O,injection,regular,8,M2,20,None
0.083,449,0,Female,Other,CSP50,Private,55,0,50,cabriolet,K,injection,regular,5,B,17,None
0.547,74,0,Female,Alone,CSP46,Private,25,0,100,sedan,I,injection,regular,6,B,8,None
0.419,390,3,Male,Other,CSP50,Private+trip to office,51,0,50,sedan,F,injection,regular,3,B,19,None
0.499,515,2,Male,Other,CSP50,Private+trip to office,61,0,95,sport utility vehicle,O,injection overpowered,diesel,3,H,16,None
0.539,212,0,Male,Other,CSP46,Private+trip to office,42,0,64,van,L,direct injection overpowered,diesel,3,0,10,None
0.105,320,1,Male,Other,CSP1,Professional,45,0,148,sedan,Q,injection overpowered,regular,9,M2,16,Collective garage
0.467,216,0,Male,Other,CSP50,Private+trip to office,38,0,50,station wagon,N,direct injection overpowered,diesel,8,M2,15,None
0.87,535,0,Female,Other,CSP1,Private+trip to office,62,1,53,sedan,J,injection,regular,6,B,6,None
0.749,372,8,Male,Other,CSP50,Private+trip to office,53,0,50,sedan,I,injection,diesel,4,M1,17,None
0.5,446,1,Male,Other,CSP50,Private+trip to office,59,0,50,sedan,I,direct injection overpowered,diesel,5,B,20,None
0.583,115,3,Male,Other,CSP50,Private,36,1,95,microvan,K,direct injection overpowered,diesel,5,M1,12,Collective garage
0.666,44,3,Male,Other,CSP50,Private+trip to office,26,0,85,sedan,C,injection,regular,4,B,19,None
0.833,93,6,Male,Other,CSP1,Professional,26,0,72,sedan,I,injection,regular,6,M1,17,None
0.5,156,2,Male,Other,CSP50,Private+trip to office,42,0,54,sport utility vehicle,N,injection overpowered,diesel,4,H,6,Collective garage
1.0,603,3,Male,Other,CSP60,Private,70,0,50,sport utility vehicle,M,direct injection overpowered,diesel,3,H,13,Collective garage
0.833,266,2,Male,Other,CSP50,Private,45,0,50,coupe,OTHER,injection,regular,9,M2,13,Private garage
1.0,128,0,Male,Other,CSP55,Private,37,0,95,sedan,H,direct injection overpowered,diesel,5,B,11,None
0.132,470,6,Male,Other,CSP50,Private+trip to office,57,0,50,other microvan,N,injection overpowered,diesel,5,H,20,Collective garage
0.784,882,5,Male,Other,CSP60,Private,91,1,68,sedan,G,injection,regular,4,B,7,None
0.877,188,5,Male,Alone,CSP55,Private+trip to office,38,0,50,microvan,K,direct injection overpowered,diesel,5,M1,3,None
0.513,299,0,Male,Alone,CSP50,Private+trip to office,50,0,50,sedan,K,direct injection overpowered,diesel,6,M1,13,Collective garage
0.666,141,4,Male,Other,OTHER,Professional,29,0,60,coupe,O,injection,regular,9,M2,16,Private garage
0.5,415,4,Male,Other,CSP60,Private,76,1,50,sedan,J,injection,regular,7,M2,7,None
0.764,599,3,Female,Other,CSP60,Private,78,0,77,sedan,H,injection,regular,6,B,3,None
1.0,75,6,Female,Alone,CSP26,Private+trip to office,25,0,80,sedan,F,injection,regular,3,B,16,None
0.916,331,1,Male,Other,CSP50,Private+trip to office,45,0,100,coupe,E,injection overpowered,regular,1,A,9,None
0.689,345,0,Female,Other,CSP55,Private+trip to office,47,0,68,station wagon,J,direct injection overpowered,diesel,6,M1,15,Collective garage
0.333,123,4,Male,Alone,CSP50,Private+trip to office,28,0,80,sedan,E,injection,regular,3,A,5,Collective garage
0.591,87,3,Male,Other,CSP50,Private+trip to office,25,0,90,sedan,D,injection,regular,3,A,17,Private garage
0.576,133,8,Male,Alone,CSP50,Private+trip to office,29,0,90,sedan,J,injection,regular,6,M1,11,None
0.833,161,0,Male,Alone,CSP26,Private+trip to office,31,0,64,sedan,J,injection,regular,7,B,15,None
1.0,274,2,Male,Other,CSP50,Private+trip to office,42,0,118,other microvan,K,injection,regular,6,M1,15,None
0.983,331,2,Male,Alone,CSP50,Professional run,53,0,100,cabriolet,F,injection overpowered,regular,1,A,15,None
0.747,480,0,Male,Other,CSP50,Professional,58,0,50,sedan,J,injection,regular,6,B,15,None
0.426,103,6,Female,Other,CSP50,Private,29,0,90,sedan,E,injection,regular,3,B,19,None
0.617,1,2,Male,Alone,CSP26,Private+trip to office,19,0,100,sedan,F,injection,regular,4,A,6,None
0.763,390,11,Female,Other,CSP55,Private+trip to office,52,0,50,sedan,P,injection,regular,9,H,17,Private garage
0.249,148,3,Female,Alone,CSP50,Private+trip to office,31,0,68,sedan,I,injection,regular,6,M1,11,Collective garage
0.75,348,2,Male,Other,CSP50,Private,50,0,55,other microvan,N,direct injection overpowered,diesel,5,H,17,None
0.18,284,3,Male,Other,CSP50,Private+trip to office,41,0,50,sedan,N,direct injection overpowered,diesel,8,M2,15,Private garage
0.916,230,0,Male,Other,CSP50,Professional,37,0,62,microvan,L,injection,regular,7,M1,9,None
0.916,89,2,Female,Alone,CSP50,Private+trip to office,27,0,90,sedan,I,direct injection overpowered,diesel,5,B,12,Collective garage
0.916,216,0,Female,Other,CSP50,Private+trip to office,41,0,50,sedan,D,injection,regular,3,A,13,None
0.166,393,0,Female,Other,CSP50,Private,51,1,50,sedan,I,injection,regular,7,B,16,None
0.583,64,2,Female,Alone,CSP50,Private+trip to office,25,0,95,sedan,G,direct injection overpowered,diesel,4,B,11,None
0.5,619,6,Female,Other,CSP60,Private,73,0,57,sedan,M,injection,regular,7,H,14,None
0.603,119,0,Female,Alone,CSP1,Professional,28,0,72,sedan,G,injection,regular,4,B,5,None
0.333,137,2,Male,Alone,CSP1,Private,33,0,100,sedan,J,direct injection overpowered,diesel,5,M1,18,None
0.408,149,2,Male,Other,CSP55,Private+trip to office,32,0,85,sedan,J,direct injection overpowered,diesel,5,M1,18,None
0.666,292,6,Male,Other,CSP48,Private,51,0,90,other microvan,J,injection,regular,4,M1,20,None
1.0,356,5,Female,Other,CSP37,Private,56,0,50,sedan,D,injection,regular,3,A,16,None
0.427,355,8,Male,Other,CSP50,Private+trip to office,48,0,50,sedan,P,injection,regular,6,H,16,None
0.249,540,8,Male,Other,CSP50,Private+trip to office,67,0,50,sedan,U,injection,regular,8,H,16,Collective garage
0.916,220,0,Female,Other,CSP50,Professional,37,0,90,microvan,I,direct injection overpowered,diesel,3,M1,8,None
0.499,156,5,Male,Other,CSP50,Professional,31,0,68,sedan,G,injection,regular,6,B,11,None
0.638,496,3,Female,Other,CSP50,Private+trip to office,61,0,50,sedan,F,injection,regular,4,B,15,None
0.371,62,5,Female,Alone,CSP50,Private+trip to office,26,0,76,sedan,E,injection,regular,4,B,12,None
0.456,229,0,Male,Alone,CSP50,Private+trip to office,38,0,90,sedan,E,injection,regular,4,B,19,Private garage
0.827,396,3,Male,Other,CSP55,Private+trip to office,53,0,50,station wagon,K,direct injection overpowered,diesel,6,M1,19,Collective garage
0.547,198,1,Male,Alone,CSP66,Professional,34,0,75,other microvan,Q,direct injection overpowered,diesel,8,H,9,Collective garage
0.602,135,1,Male,Alone,CSP50,Private+trip to office,37,0,57,sedan,K,injection,regular,8,B,16,Collective garage
0.097,446,0,Male,Alone,CSP48,Professional,57,0,50,sedan,K,direct injection overpowered,diesel,6,M1,18,None
0.75,423,3,Male,Other,CSP50,Professional,57,0,58,other microvan,N,direct injection overpowered,diesel,5,H,8,None
0.407,108,1,Male,Alone,CSP50,Private+trip to office,30,0,100,sedan,J,injection,regular,7,B,7,None
0.666,239,5,Female,Alone,CSP50,Professional,38,0,100,station wagon,H,injection overpowered,diesel,5,M1,15,None
0.886,467,6,Male,Other,CSP60,Private,67,1,57,sedan,H,injection,regular,5,B,3,None
0.583,38,1,Male,Alone,CSP50,Private+trip to office,21,0,100,cabriolet,H,injection overpowered,regular,1,A,8,None
0.749,145,6,Male,Other,CSP50,Professional,30,0,51,sedan,H,injection,diesel,4,M1,18,None
0.65,370,4,Male,Other,CSP50,Private+trip to office,49,0,50,sedan,I,injection,regular,6,B,1,None
0.662,445,1,Male,Other,CSP50,Professional run,55,0,96,sedan,J,direct injection overpowered,diesel,5,M1,16,None
0.769,88,1,Male,Other,CSP50,Professional,31,0,140,sedan,K,direct injection overpowered,diesel,6,M1,16,None
0.868,485,6,Male,Other,CSP50,Private+trip to office,61,0,50,sedan,P,injection,regular,8,M2,7,Collective garage
0.833,105,2,Male,Alone,CSP55,Private,29,0,68,cabriolet,I,injection,regular,7,B,5,None
0.75,421,2,Female,Other,CSP48,Professional,67,0,76,sedan,D,injection,regular,3,A,16,None
0.5,517,1,Male,Other,CSP50,Professional,61,0,50,other microvan,L,direct injection overpowered,diesel,5,M1,15,None
0.916,695,3,Male,Other,CSP60,Private,78,0,50,sedan,N,direct injection overpowered,diesel,7,M2,16,Private garage
0.315,51,3,Female,Alone,CSP46,Private+trip to office,39,0,85,sedan,I,injection,regular,6,B,11,None
0.394,11,3,Female,Alone,CSP50,Private+trip to office,20,0,100,cabriolet,H,injection overpowered,regular,1,A,11,None
0.358,302,1,Female,Other,CSP50,Private,43,0,56,coupe,N,injection overpowered,regular,9,M2,16,Collective garage
0.583,222,4,Female,Other,CSP50,Private+trip to office,49,0,57,microvan,K,direct injection overpowered,diesel,3,M2,18,Collective garage
0.416,168,2,Female,Other,CSP55,Private,32,0,90,cabriolet,I,injection,regular,7,B,14,None
0.749,170,8,Male,Other,CSP50,Private+trip to office,32,0,50,cabriolet,L,injection,regular,5,M1,10,None
0.749,364,6,Male,Other,CSP50,Private+trip to office,54,0,76,sedan,K,injection,regular,7,M2,18,None
0.368,123,5,Male,Alone,CSP55,Private+trip to office,29,0,95,sedan,E,injection,regular,3,B,19,None
1.0,290,4,Female,Other,CSP50,Private+trip to office,45,0,51,station wagon,N,injection,regular,6,M2,11,None
1.0,227,3,Male,Other,CSP50,Private+trip to office,37,0,57,microvan,L,direct injection overpowered,diesel,3,M1,19,Collective garage
0.833,177,11,Male,Alone,CSP50,Private+trip to office,33,0,50,coupe,P,injection,regular,9,M2,8,Collective garage
0.499,268,0,Male,Other,CSP50,Private+trip to office,46,0,50,sport utility vehicle,OTHER,injection,regular,9,H,15,Private garage
0.019,218,1,Male,Alone,CSP50,Private+trip to office,36,0,59,sedan,H,direct injection overpowered,diesel,5,B,11,None
0.375,396,4,Male,Other,CSP50,Private+trip to office,51,0,75,sedan,K,injection,regular,7,M2,13,None
0.916,136,1,Female,Other,CSP50,Private+trip to office,29,0,61,sedan,H,injection,regular,5,M1,15,None
0.95,259,5,Female,Alone,CSP50,Private+trip to office,41,0,76,sedan,F,injection,regular,4,B,11,None
0.497,494,0,Male,Other,CSP50,Private+trip to office,59,0,54,sedan,G,injection,regular,4,A,16,None
0.583,251,1,Female,Other,CSP50,Professional,39,0,85,sedan,L,direct injection overpowered,diesel,7,M1,11,None
0.166,290,4,Male,Other,CSP50,Private+trip to office,44,0,54,sedan,P,direct injection overpowered,diesel,9,H,9,Collective garage
0.416,81,1,Female,Other,CSP50,Professional,31,0,95,sedan,H,injection,regular,6,B,10,None
1.0,663,2,Male,Other,CSP60,Private,82,0,50,sedan,K,injection,regular,8,M1,16,Collective garage
0.753,75,2,Female,Other,CSP50,Private+trip to office,34,0,95,sedan,E,injection,regular,4,A,15,None
0.479,263,0,Male,Other,CSP50,Private+trip to office,43,0,63,sedan,N,direct injection overpowered,diesel,8,M1,15,Private garage
0.705,168,0,Female,Alone,CSP50,Private+trip to office,33,0,76,sedan,J,injection,regular,4,M1,13,Private garage
0.337,460,6,Male,Other,CSP50,Private+trip to office,58,0,50,sedan,D,injection,regular,3,B,15,Private garage
0.497,118,8,Female,Other,CSP50,Private+trip to office,28,0,60,sedan,F,injection,regular,3,M1,20,None
0.916,203,2,Male,Other,CSP50,Private+trip to office,36,0,59,sedan,J,injection,regular,4,B,3,None
0.368,308,11,Male,Other,CSP50,Private+trip to office,43,0,50,microvan,M,injection,regular,5,H,17,None
0.75,494,0,Female,Other,CSP60,Private,60,0,50,sedan,R,direct injection overpowered,diesel,9,H,15,Private garage
0.076,461,2,Male,Other,CSP50,Private+trip to office,56,1,50,sedan,F,injection,regular,3,B,16,None
1.0,631,11,Male,Other,CSP60,Private,72,0,50,coupe,OTHER,injection,regular,9,H,19,Private garage
0.677,303,1,Female,Alone,CSP50,Private+trip to office,43,0,50,sedan,G,injection,regular,6,B,11,None
0.427,859,4,Female,Other,CSP60,Private,91,0,272,sedan,H,injection,regular,6,B,7,None
0.666,239,2,Male,Other,CSP49,Professional,38,0,50,van,M,direct injection overpowered,diesel,3,0,2,Private garage
0.5,319,0,Male,Other,CSP55,Private+trip to office,54,0,90,microvan,L,direct injection overpowered,diesel,5,M1,14,None
0.888,476,4,Female,Other,CSP42,Professional,58,0,50,sedan,H,injection,regular,6,B,16,None
0.759,510,4,Female,Other,CSP60,Private,73,1,50,sedan,I,injection,regular,5,M1,17,None
0.804,321,2,Male,Other,CSP46,Professional,52,0,56,van,L,direct injection overpowered,diesel,3,0,19,None
0.333,236,8,Female,Alone,CSP55,Private+trip to office,42,0,50,sedan,D,injection,regular,2,B,18,None
1.0,467,6,Male,Other,CSP50,Private,57,0,68,sedan,P,injection,regular,9,H,8,Collective garage
0.666,77,3,Female,Alone,CSP50,Private+trip to office,25,0,76,sedan,E,injection,regular,4,B,14,None
0.75,288,4,Male,Other,CSP50,Private+trip to office,43,0,68,sedan,K,injection,regular,8,M2,18,None
0.7,1,1,Male,Alone,CSP26,Private+trip to office,18,0,100,sedan,I,direct injection overpowered,diesel,5,B,16,None
1.0,498,1,Female,Other,CSP37,Private,60,0,80,sedan,M,direct injection overpowered,diesel,8,M1,7,None
0.75,553,2,Female,Other,CSP60,Private,65,1,50,sedan,E,injection,regular,4,A,12,Collective garage
0.83,144,5,Female,Other,CSP50,Private+trip to office,32,0,125,sedan,L,injection,regular,5,B,7,None
0.75,480,4,Male,Other,CSP50,Professional,58,0,50,sedan,H,injection,regular,5,M1,16,None
0.75,366,2,Male,Alone,CSP55,Private,53,0,95,sedan,F,injection,regular,5,B,19,Private garage
0.471,237,3,Male,Other,CSP50,Private+trip to office,43,0,90,sedan,M,direct injection overpowered,diesel,7,M1,17,None
0.423,90,0,Female,Alone,CSP50,Professional,31,0,80,sedan,J,direct injection overpowered,diesel,6,B,11,Private garage
0.833,198,3,Male,Other,CSP66,Professional,37,0,62,coupe,OTHER,injection,regular,9,H,9,Collective garage
0.749,163,3,Female,Alone,CSP50,Private,31,0,85,coupe,E,injection overpowered,regular,1,A,9,None
0.333,280,0,Male,Other,CSP55,Private+trip to office,44,0,68,sedan,H,direct injection overpowered,diesel,4,B,18,None
0.75,446,3,Male,Other,CSP50,Private+trip to office,55,0,72,sedan,F,injection,regular,5,B,12,None
0.666,188,5,Female,Other,CSP50,Private,34,1,50,sedan,F,injection,regular,3,B,16,Private garage
0.75,370,1,Male,Other,CSP50,Professional,57,0,50,sedan,G,direct injection overpowered,diesel,4,B,15,None
0.499,158,1,Male,Alone,CSP50,Professional,31,0,64,sedan,O,direct injection overpowered,diesel,8,M1,6,None
0.749,334,2,Male,Other,CSP1,Professional,47,0,80,other microvan,N,direct injection overpowered,diesel,5,M2,6,Collective garage
1.0,509,6,Male,Other,CSP60,Private,60,0,50,sedan,M,injection,regular,8,M2,8,Collective garage
0.553,50,0,Female,Other,CSP55,Private,22,0,80,sedan,J,direct injection overpowered,diesel,5,M1,13,None
0.249,154,6,Female,Other,CSP1,Private,47,0,53,sedan,E,injection,regular,2,A,6,None
0.382,464,0,Male,Other,CSP60,Private,60,0,90,sedan,K,direct injection overpowered,diesel,5,M1,19,Collective garage
0.666,207,4,Male,Other,CSP49,Professional,36,0,68,sport utility vehicle,M,injection,regular,4,H,10,Collective garage
0.75,53,2,Male,Other,CSP50,Professional,51,0,80,microvan,O,direct injection overpowered,diesel,5,H,11,Collective garage
0.142,157,8,Female,Other,CSP50,Private+trip to office,31,0,60,sedan,D,injection,regular,2,A,16,Collective garage
0.583,562,2,Male,Other,CSP50,Professional,64,0,50,sedan,Q,injection,regular,9,H,17,Private garage
0.833,374,3,Female,Other,CSP66,Private,50,0,85,sport utility vehicle,U,injection,regular,8,H,6,Private garage
0.391,409,2,Male,Other,CSP66,Professional,54,0,50,sedan,L,direct injection overpowered,diesel,5,B,16,Private garage
0.53,509,3,Female,Other,CSP60,Private,81,0,86,sedan,G,injection,regular,3,B,14,None
0.358,451,0,Male,Other,CSP1,Professional,56,0,50,sedan,N,direct injection overpowered,diesel,8,H,11,None
0.58,91,1,Male,Other,CSP50,Private,27,0,90,other microvan,L,direct injection overpowered,diesel,5,M1,19,None
0.583,511,0,Female,Alone,CSP60,Private,62,0,50,sedan,G,injection,regular,6,B,16,None
0.5,279,1,Male,Other,CSP66,Professional,41,0,50,sport utility vehicle,S,direct injection overpowered,diesel,7,H,17,Collective garage
0.375,110,0,Male,Other,CSP55,Private+trip to office,31,0,60,sedan,N,direct injection overpowered,diesel,8,M1,13,Private garage
0.942,321,1,Male,Other,CSP50,Professional,46,0,50,sedan,N,direct injection overpowered,diesel,8,M1,8,None
0.749,172,5,Male,Other,CSP42,Professional,37,0,72,sedan,H,injection,regular,6,M1,3,Collective garage
1.0,510,2,Female,Other,CSP42,Private+trip to office,61,1,51,sedan,G,injection,regular,6,B,1,None
0.5,274,2,Male,Other,CSP48,Private+trip to office,44,0,90,van,J,injection,diesel,1,0,18,None
1.0,433,8,Male,Other,OTHER,Professional,54,0,50,sedan,K,injection,regular,5,B,7,Private garage
0.749,484,6,Male,Other,CSP60,Private,62,0,50,coupe,P,injection overpowered,regular,9,H,13,Private garage
0.583,450,3,Female,Other,CSP50,Private+trip to office,57,0,93,sedan,G,injection,regular,4,A,16,None
1.0,404,1,Male,Other,OTHER,Professional run,52,0,50,sedan,P,direct injection overpowered,diesel,8,H,17,None
0.71,108,2,Male,Other,CSP50,Private,28,1,80,sedan,E,injection,regular,4,A,14,None
0.825,211,0,Male,Other,CSP50,Private,37,0,57,microvan,K,injection,regular,6,M1,16,Collective garage
0.259,453,2,Male,Other,CSP50,Private+trip to office,58,0,50,station wagon,S,injection,regular,9,H,12,Collective garage
0.146,93,0,Male,Other,CSP50,Private+trip to office,26,0,95,cabriolet,L,injection,regular,6,M1,19,None
0.35,240,4,Male,Other,CSP50,Professional,39,0,50,sedan,V,injection,regular,9,H,16,Private garage
0.523,175,6,Female,Other,CSP50,Private,49,0,100,sedan,J,injection,regular,7,H,9,None
0.591,534,11,Female,Other,CSP60,Private,77,1,50,sedan,E,injection,regular,4,B,8,None
0.833,174,3,Female,Alone,CSP50,Private+trip to office,32,0,68,sport utility vehicle,M,injection,regular,4,H,8,Private garage
0.699,267,2,Male,Other,CSP50,Private+trip to office,41,0,50,sedan,G,injection,regular,4,A,15,Collective garage
0.555,73,2,Female,Alone,CSP26,Private+trip to office,24,0,95,cabriolet,E,injection overpowered,regular,1,A,16,None
0.67,456,3,Female,Other,CSP50,Private+trip to office,59,0,50,sport utility vehicle,M,injection,regular,5,M2,16,None
0.207,466,5,Female,Other,CSP42,Private+trip to office,56,0,55,sedan,G,injection,regular,4,B,7,None
0.749,90,4,Female,Alone,CSP50,Private+trip to office,26,0,72,sedan,H,injection,regular,7,B,13,None
0.538,326,1,Male,Other,CSP49,Professional,49,0,50,station wagon,H,direct injection overpowered,diesel,2,M1,6,None
0.9,614,1,Female,Other,CSP60,Private,70,0,50,sedan,L,direct injection overpowered,diesel,7,M2,5,None
0.75,255,2,Male,Other,CSP50,Professional,55,0,125,sedan,O,injection,regular,8,H,14,Collective garage
0.833,326,6,Female,Other,CSP1,Professional,46,0,50,sedan,F,injection,regular,3,B,14,None
1.0,467,5,Male,Other,CSP50,Private+trip to office,59,0,50,sedan,J,direct injection overpowered,diesel,6,M1,13,None
0.95,403,5,Male,Other,CSP50,Private,55,0,52,sedan,D,injection,regular,3,B,15,None
0.736,247,3,Female,Other,CSP50,Private+trip to office,38,1,50,sedan,F,injection,regular,4,B,15,None
0.833,106,1,Female,Other,CSP50,Private+trip to office,26,0,95,sedan,K,injection,regular,8,B,15,None
0.478,132,2,Male,Other,CSP50,Private+trip to office,29,0,72,station wagon,M,direct injection overpowered,diesel,8,M2,15,None
1.0,382,5,Male,Other,CSP50,Professional,55,0,71,sedan,R,direct injection overpowered,diesel,9,H,11,Private garage
0.688,227,4,Male,Other,CSP50,Private+trip to office,37,0,59,sedan,K,injection,regular,6,M1,15,None
0.713,472,8,Female,Other,CSP55,Private+trip to office,61,0,50,sedan,I,injection,regular,5,M1,15,None
0.755,113,6,Male,Alone,CSP50,Private+trip to office,27,0,80,sedan,H,injection,regular,5,M1,19,None
0.749,385,3,Male,Other,CSP50,Professional,52,0,50,van,L,injection,diesel,1,0,5,Collective garage
0.155,476,4,Male,Other,CSP55,Private,58,0,50,sedan,L,direct injection overpowered,diesel,7,M2,15,None
1.0,432,2,Male,Other,CSP48,Professional,62,0,50,sedan,I,injection,regular,6,B,6,None
0.749,113,5,Female,Alone,CSP50,Private+trip to office,28,0,76,sedan,C,injection,regular,3,A,19,Private garage
0.302,465,2,Female,Other,CSP66,Professional,59,0,50,sedan,K,injection,regular,8,M1,18,None
0.166,586,1,Male,Alone,CSP60,Private,66,0,60,sedan,E,injection,regular,5,A,16,Collective garage
0.75,508,0,Male,Other,CSP1,Professional,60,0,50,sedan,N,injection,regular,9,M2,9,None
0.28,625,1,Female,Other,CSP50,Private+trip to office,74,0,50,sedan,H,injection,regular,4,B,15,None
0.956,591,2,Male,Other,CSP50,Private+trip to office,67,0,50,sedan,K,injection,regular,7,M2,17,Collective garage
0.166,481,5,Male,Other,CSP60,Private,66,0,50,sedan,E,injection,regular,3,B,20,None
0.75,208,1,Male,Alone,CSP50,Private+trip to office,36,0,95,sedan,G,injection,regular,6,B,19,None
0.666,133,1,Male,Alone,CSP50,Private+trip to office,29,0,90,sedan,K,injection,regular,8,B,15,None
0.333,180,4,Male,Other,CSP50,Private+trip to office,35,0,85,sedan,F,injection,regular,4,B,9,None
1.0,454,0,Male,Other,CSP50,Professional,56,0,50,sport utility vehicle,P,direct injection overpowered,diesel,8,M2,17,Private garage
0.916,551,4,Female,Other,CSP60,Private,65,0,50,sedan,F,injection,regular,3,B,17,None
0.916,597,3,Male,Other,CSP60,Private,73,0,60,station wagon,J,injection,regular,7,M2,11,None
0.719,401,3,Male,Other,CSP1,Professional,56,0,50,sedan,P,injection overpowered,regular,9,M2,16,Private garage
0.833,178,8,Male,Alone,CSP50,Private+trip to office,35,0,62,sedan,C,injection,regular,2,B,18,None
0.189,243,3,Male,Other,CSP50,Private+trip to office,38,0,50,microvan,N,injection,regular,6,H,3,Private garage
0.499,149,5,Male,Other,CSP50,Private,59,1,60,sedan,G,injection,regular,4,M1,14,None
0.75,428,8,Male,Other,CSP60,Private,76,1,50,sedan,C,carburation,regular,10,A,8,None
0.75,286,3,Female,Other,CSP50,Private+trip to office,52,0,50,sedan,M,direct injection overpowered,diesel,7,M1,9,None
0.499,271,2,Male,Other,CSP50,Private+trip to office,46,0,50,sedan,G,direct injection overpowered,diesel,4,B,15,Collective garage
0.416,284,8,Male,Other,CSP46,Professional,44,0,80,van,M,injection,diesel,1,0,19,None
0.508,501,0,Female,Other,CSP60,Private,62,0,50,sedan,G,injection,regular,4,B,13,None
0.749,264,2,Female,Other,CSP50,Private,40,0,100,sedan,K,direct injection overpowered,diesel,7,M1,16,None
0.833,173,3,Male,Alone,CSP50,Professional,32,0,50,sedan,J,direct injection overpowered,diesel,5,M1,15,Collective garage
0.091,115,5,Female,Other,CSP50,Private+trip to office,27,0,60,station wagon,N,injection,regular,7,M2,16,Collective garage
0.666,540,5,Male,Alone,CSP50,Private,63,1,62,sedan,D,injection,regular,3,A,19,None
0.394,399,3,Female,Other,CSP60,Private,69,1,50,sedan,J,injection,regular,6,M1,15,None
0.749,418,11,Male,Alone,CSP50,Private,52,0,50,coupe,M,injection,regular,7,H,20,None
0.784,361,0,Female,Other,CSP50,Private+trip to office,53,0,50,sedan,F,injection,regular,4,A,16,None
0.399,523,3,Male,Other,CSP50,Private+trip to office,63,0,62,sedan,M,injection,regular,8,H,12,None
0.916,284,6,Male,Other,CSP55,Private+trip to office,51,0,67,coupe,I,direct injection overpowered,diesel,5,M1,15,None
0.78,652,5,Female,Other,CSP60,Private,74,0,50,sedan,K,injection overpowered,diesel,5,M2,17,None
0.52,674,0,Female,Other,CSP60,Private,76,1,50,sedan,K,injection,regular,8,M1,15,None
0.456,58,8,Female,Alone,CSP50,Private,24,0,100,sedan,E,injection,regular,2,A,11,None
0.833,135,1,Male,Other,CSP50,Private,39,0,80,sedan,O,injection,regular,9,M2,16,None
0.315,73,2,Female,Other,CSP26,Private+trip to office,24,0,76,sedan,F,injection,diesel,4,M1,16,Private garage
0.5,357,1,Female,Other,CSP55,Private+trip to office,48,0,50,sedan,L,direct injection overpowered,diesel,6,M1,20,None
0.899,80,5,Female,Alone,CSP50,Private+trip to office,25,0,90,sedan,D,injection,regular,4,B,19,None
0.916,408,0,Male,Other,CSP1,Professional,64,0,50,sedan,E,injection,regular,4,A,16,Private garage
0.833,112,0,Male,Alone,CSP55,Private,28,0,85,cabriolet,J,injection,regular,8,B,7,Private garage
0.269,81,8,Male,Alone,CSP50,Private,24,0,76,sedan,K,injection,regular,8,M1,17,None
0.441,102,2,Male,Alone,CSP55,Private+trip to office,26,0,72,sedan,M,direct injection overpowered,diesel,8,M1,13,None
0.716,529,1,Male,Alone,CSP60,Private,62,0,50,sedan,G,injection,regular,6,B,15,Collective garage
0.166,128,5,Female,Other,CSP55,Private+trip to office,34,0,80,sedan,O,direct injection overpowered,diesel,8,H,19,Collective garage
0.163,74,0,Female,Alone,CSP55,Private+trip to office,28,0,100,sedan,E,injection,regular,3,B,18,None
0.666,440,6,Male,Other,CSP55,Professional,55,0,58,sedan,OTHER,injection,regular,1,A,12,None
0.749,215,4,Female,Other,CSP66,Private+trip to office,36,1,50,sedan,I,injection,regular,6,B,20,None
0.499,139,6,Male,Other,CSP66,Professional,29,0,100,cabriolet,Q,injection,regular,9,H,16,Private garage
1.0,314,0,Male,Other,CSP50,Professional,44,0,50,sedan,O,direct injection overpowered,diesel,8,H,14,None
0.499,425,1,Male,Other,CSP66,Professional,57,0,63,coupe,OTHER,injection,regular,9,H,2,Collective garage
0.753,279,0,Male,Other,CSP50,Professional,42,0,50,sedan,L,injection,regular,5,B,16,None
0.547,453,2,Female,Other,CSP55,Private+trip to office,60,0,50,sport utility vehicle,L,direct injection overpowered,diesel,8,M1,17,Private garage
0.666,528,4,Female,Other,CSP50,Professional,64,0,50,sedan,E,injection,regular,3,A,11,None
0.881,119,6,Male,Other,CSP50,Private+trip to office,36,0,85,other microvan,K,direct injection overpowered,diesel,5,M1,5,None
0.833,216,3,Female,Alone,CSP50,Private+trip to office,43,0,60,sedan,K,direct injection overpowered,diesel,6,M1,17,None
0.683,190,1,Female,Other,CSP50,Private+trip to office,37,0,50,sedan,H,injection,regular,5,B,15,None
0.583,276,4,Female,Other,CSP50,Professional,45,0,76,sedan,D,injection,regular,3,A,12,None
0.583,88,1,Male,Other,CSP50,Private+trip to office,26,0,95,sedan,H,injection,regular,7,B,15,None
0.916,287,2,Male,Other,CSP50,Professional,46,0,58,sport utility vehicle,R,injection,regular,5,H,3,Collective garage
0.916,256,3,Male,Other,CSP50,Private,42,0,55,sport utility vehicle,Q,injection overpowered,regular,9,M1,11,Collective garage
0.333,182,3,Male,Other,CSP55,Private+trip to office,33,0,85,sedan,D,injection,regular,3,B,13,None
0.358,229,6,Male,Other,CSP55,Private+trip to office,37,0,50,sedan,J,injection,regular,5,M2,8,None
0.424,333,2,Male,Other,CSP50,Private+trip to office,46,0,50,microvan,J,injection,regular,6,M1,16,None
0.426,361,0,Female,Other,CSP48,Professional,48,0,50,van,L,direct injection overpowered,diesel,3,0,17,None
0.75,251,3,Male,Other,CSP50,Private+trip to office,40,0,50,sedan,Q,injection,regular,9,H,7,None
0.794,376,0,Female,Other,CSP50,Private,58,0,50,sedan,L,injection,regular,7,B,17,None
0.068,237,5,Female,Alone,CSP50,Private+trip to office,39,0,68,sedan,E,injection,regular,4,B,14,None
0.916,297,5,Female,Other,CSP37,Private,43,1,50,sedan,J,injection,regular,7,M1,16,Collective garage
0.575,128,0,Female,Other,CSP50,Private+trip to office,29,0,90,sedan,F,injection,regular,4,A,5,None
1.0,83,4,Male,Other,CSP55,Private+trip to office,25,0,112,sedan,K,direct injection overpowered,diesel,7,M1,13,None
0.974,471,5,Male,Other,CSP60,Private,60,0,50,sedan,P,injection,regular,8,H,18,Private garage
0.755,110,4,Male,Other,CSP50,Private+trip to office,36,0,80,sedan,J,injection,regular,8,M2,15,None
0.692,303,6,Female,Other,CSP50,Private,45,0,50,microvan,N,injection,regular,5,H,12,None
1.0,569,5,Male,Other,CSP60,Private,67,0,50,coupe,M,injection,regular,8,M2,8,Collective garage
0.469,269,0,Female,Other,CSP55,Private+trip to office,41,0,60,cabriolet,M,injection,regular,7,M1,1,Collective garage
0.439,346,8,Male,Other,CSP55,Private+trip to office,47,0,50,sedan,N,injection,regular,8,H,20,None
0.583,371,1,Male,Other,CSP42,Private+trip to office,49,0,50,sport utility vehicle,Q,direct injection overpowered,diesel,7,H,8,Private garage
0.583,338,5,Male,Other,CSP50,Professional,46,0,58,station wagon,N,injection,regular,7,M2,16,Collective garage
0.707,220,6,Female,Alone,CSP55,Private+trip to office,37,0,50,sedan,E,injection,diesel,3,M1,19,Private garage
0.499,440,0,Female,Other,CSP50,Professional,56,0,50,sedan,J,injection,regular,7,B,16,None
0.416,432,6,Male,Other,CSP1,Professional,70,0,50,sedan,K,direct injection overpowered,diesel,5,M2,10,None
0.229,487,0,Male,Other,CSP50,Professional,58,0,51,sedan,Q,direct injection overpowered,diesel,9,M2,13,Private garage
0.333,271,3,Female,Alone,CSP50,Private,45,0,50,station wagon,E,injection,regular,4,M1,11,None
0.478,451,0,Male,Other,CSP50,Professional,56,0,62,sedan,M,direct injection overpowered,diesel,8,M1,18,Collective garage
0.086,129,4,Male,Other,CSP50,Private+trip to office,29,0,72,sedan,F,injection,diesel,3,B,15,None
0.416,532,1,Female,Other,CSP50,Professional,62,0,50,sedan,I,injection,regular,6,B,10,None
0.083,354,3,Female,Other,CSP50,Private,52,0,69,station wagon,K,direct injection overpowered,diesel,7,M1,9,None
0.25,384,1,Male,Other,CSP48,Professional,50,0,50,sedan,E,injection,regular,4,A,6,None
0.5,550,11,Male,Other,CSP50,Professional,65,0,50,sedan,V,injection,regular,9,H,16,Collective garage
0.277,528,2,Male,Other,CSP60,Private,65,0,50,sedan,F,injection,regular,6,B,18,Collective garage
0.25,150,5,Female,Alone,CSP1,Private+trip to office,30,0,85,coupe,D,injection overpowered,regular,1,A,9,None
0.342,403,11,Female,Alone,CSP50,Private+trip to office,53,0,69,sedan,C,carburation,regular,2,B,20,None
0.916,511,8,Female,Other,CSP60,Private,61,0,55,sedan,G,injection,regular,5,B,16,None
0.555,513,3,Male,Other,CSP50,Professional,61,0,68,sedan,G,injection,regular,4,A,16,Collective garage
0.916,54,5,Male,Alone,CSP26,Private+trip to office,22,0,100,coupe,O,injection,regular,9,M2,17,Collective garage
0.673,439,11,Male,Other,CSP60,Private,57,0,65,cabriolet,OTHER,injection,regular,9,H,19,Private garage
1.0,427,1,Male,Other,CSP42,Professional,54,0,50,sedan,M,direct injection overpowered,diesel,8,M2,11,Collective garage
0.666,364,1,Female,Other,CSP37,Private,70,0,50,sedan,H,injection,regular,3,B,16,None
0.95,406,4,Female,Other,CSP66,Private+trip to office,52,0,50,station wagon,L,direct injection overpowered,diesel,6,M2,16,None
0.166,155,4,Male,Alone,CSP55,Professional,32,0,68,sedan,H,injection,diesel,4,B,12,None
0.278,687,1,Male,Other,CSP60,Private,83,0,50,sedan,K,injection,regular,8,M1,13,None
0.692,559,5,Male,Other,CSP60,Private,65,0,50,sedan,G,injection,regular,6,B,20,None
0.499,441,6,Male,Other,CSP1,Professional,56,0,50,sedan,O,injection,regular,9,M2,18,None
0.849,273,11,Male,Other,CSP48,Professional,40,0,51,sedan,M,injection,regular,9,M1,7,None
0.842,268,1,Female,Other,CSP48,Professional,42,0,57,sedan,L,injection,regular,5,B,16,None
0.583,347,0,Male,Other,CSP42,Professional,47,0,50,microvan,Q,direct injection overpowered,diesel,8,H,15,Collective garage
0.499,394,3,Male,Other,CSP50,Private,55,0,50,sedan,D,injection,regular,4,B,7,None
0.5,163,3,Female,Alone,CSP50,Private,31,1,90,sedan,L,injection,regular,6,0,17,None
0.95,567,1,Female,Alone,CSP60,Private,75,0,50,sedan,H,direct injection overpowered,diesel,4,B,15,None
0.916,398,1,Male,Other,CSP50,Private+trip to office,51,0,50,sedan,H,injection,regular,7,B,16,None
0.3,70,3,Female,Alone,CSP50,Private+trip to office,24,0,80,sedan,D,injection,regular,3,A,15,None
0.408,380,1,Male,Alone,CSP60,Private,54,0,54,station wagon,L,injection,regular,5,M2,17,None
0.211,330,2,Male,Other,CSP60,Private,64,0,50,sedan,D,injection,regular,4,B,16,None
0.737,133,3,Male,Alone,CSP50,Private+trip to office,43,0,100,sedan,K,direct injection overpowered,diesel,5,M1,19,Collective garage
0.538,195,6,Male,Alone,CSP50,Private+trip to office,40,0,50,cabriolet,K,injection,regular,7,M1,20,Collective garage
0.249,321,2,Female,Alone,CSP50,Private+trip to office,46,0,57,sport utility vehicle,M,direct injection overpowered,diesel,4,H,18,None
0.591,417,0,Female,Other,CSP50,Private+trip to office,54,0,50,sedan,H,direct injection overpowered,diesel,5,B,8,None
0.91,438,0,Male,Other,CSP50,Professional,54,0,50,microvan,M,direct injection overpowered,diesel,6,M2,17,None
0.916,145,0,Male,Other,CSP1,Professional,30,0,53,sport utility vehicle,R,direct injection overpowered,diesel,4,H,17,Private garage
0.749,187,2,Female,Other,CSP50,Private+trip to office,46,1,112,sport utility vehicle,M,direct injection overpowered,diesel,4,H,19,Collective garage
0.166,145,2,Female,Alone,CSP50,Private+trip to office,31,0,100,sedan,H,direct injection overpowered,diesel,4,B,16,None
0.416,134,2,Male,Alone,CSP50,Private+trip to office,33,0,95,sedan,G,injection,diesel,4,B,12,None
0.583,157,2,Male,Other,CSP50,Professional,31,0,51,station wagon,I,direct injection overpowered,diesel,6,B,17,None
0.75,279,3,Male,Other,CSP48,Professional,42,0,64,microvan,J,injection,regular,6,M1,11,None
0.916,612,1,Male,Other,CSP60,Private,69,0,50,sedan,L,direct injection overpowered,diesel,8,M1,17,Collective garage
0.785,627,1,Male,Other,CSP60,Private,71,0,58,sedan,I,injection,regular,6,M1,7,None
0.452,304,1,Male,Other,CSP50,Private+trip to office,44,0,50,sedan,G,injection,regular,4,B,13,Collective garage
0.92,15,1,Male,Alone,CSP46,Professional,19,0,95,van,I,direct injection overpowered,diesel,4,0,1,None
0.579,284,0,Female,Other,CSP50,Private,49,1,85,microvan,I,injection,regular,4,M1,17,None
0.749,471,5,Male,Other,CSP60,Private,67,0,74,sedan,K,injection,regular,7,M2,20,None
0.75,517,6,Male,Other,CSP1,Private+trip to office,61,0,50,sedan,J,injection,regular,5,M1,8,None
0.499,173,2,Male,Other,CSP50,Private+trip to office,35,0,85,sedan,G,direct injection overpowered,diesel,4,B,10,None
0.55,354,6,Male,Other,CSP60,Private,61,0,50,sedan,J,injection,regular,7,M2,14,None
0.25,310,1,Male,Other,CSP50,Private,57,0,100,sedan,K,direct injection overpowered,diesel,6,M1,20,Collective garage
0.547,450,0,Female,Alone,CSP55,Private+trip to office,55,0,50,sedan,F,injection,regular,4,B,16,None
0.729,353,5,Female,Other,CSP50,Private+trip to office,49,0,50,other microvan,M,injection,regular,5,H,4,None
0.583,196,1,Female,Other,CSP50,Private+trip to office,36,0,50,cabriolet,F,injection overpowered,regular,1,A,16,None
0.916,239,0,Female,Other,CSP50,Private+trip to office,47,0,50,microvan,L,injection,regular,6,M1,7,None
0.56,416,1,Male,Other,CSP50,Professional,53,0,50,sedan,H,direct injection overpowered,diesel,4,B,13,None
0.21,499,6,Male,Other,CSP42,Private+trip to office,60,0,53,van,L,injection,diesel,1,0,1,None
0.326,49,3,Female,Alone,CSP26,Private+trip to office,22,0,85,sedan,E,injection,regular,3,B,16,None
0.916,444,8,Female,Other,CSP60,Private,56,0,57,sedan,O,injection,regular,7,H,7,None
0.149,105,8,Male,Other,CSP50,Private+trip to office,27,0,90,sedan,G,injection,diesel,4,M1,20,None
0.583,167,1,Male,Other,CSP50,Private+trip to office,32,0,64,sedan,L,direct injection overpowered,diesel,8,M1,8,None
0.416,113,3,Female,Alone,CSP26,Private+trip to office,29,0,112,sedan,F,injection,regular,3,B,5,Collective garage
0.416,308,2,Male,Other,CSP50,Private+trip to office,44,0,50,van,E,injection,diesel,3,B,17,Private garage
0.833,85,1,Female,Alone,CSP26,Private+trip to office,25,0,95,sedan,G,direct injection overpowered,diesel,4,B,13,None
0.125,316,3,Female,Alone,CSP50,Private+trip to office,47,0,50,sedan,J,direct injection overpowered,diesel,5,M1,20,Private garage
0.958,579,4,Male,Other,CSP60,Private,66,0,50,station wagon,L,injection,regular,8,M2,15,None
0.666,406,2,Female,Other,CSP55,Private+trip to office,54,0,50,sedan,K,direct injection overpowered,diesel,6,M1,16,None
1.0,644,0,Male,Other,CSP60,Private,73,0,50,sedan,H,injection,regular,4,B,15,None
0.833,99,1,Female,Other,CSP50,Professional,31,0,65,sedan,I,injection,regular,6,B,16,Collective garage
0.749,267,4,Female,Other,CSP1,Professional,44,0,50,microvan,K,injection,regular,6,M1,18,Collective garage
0.303,357,4,Male,Other,CSP50,Private+trip to office,48,0,50,microvan,M,injection,regular,5,H,5,None
0.815,493,8,Male,Other,CSP60,Private,64,0,50,sedan,D,injection,regular,3,B,17,None
0.641,271,5,Female,Other,CSP48,Professional,41,0,50,other microvan,M,injection overpowered,regular,7,H,12,Private garage
0.166,81,4,Female,Other,CSP50,Private+trip to office,59,0,80,microvan,K,injection,regular,6,M1,19,None
0.333,317,1,Female,Other,CSP1,Professional,45,0,57,bus,K,injection,regular,7,M1,16,None
0.825,68,0,Male,Alone,CSP50,Private,24,0,100,cabriolet,M,injection,regular,7,M1,2,Private garage
0.916,312,0,Male,Other,CSP50,Private,44,0,50,microvan,H,injection,regular,5,M1,16,None
0.666,228,8,Female,Alone,CSP55,Private+trip to office,42,0,50,sedan,D,injection,regular,2,B,18,None
0.502,354,2,Male,Other,CSP50,Private+trip to office,59,0,80,other microvan,K,injection,regular,5,M1,20,None
0.519,283,2,Female,Other,CSP50,Private,44,0,50,station wagon,N,direct injection overpowered,diesel,8,M2,17,Collective garage
0.196,260,8,Male,Other,CSP50,Private+trip to office,40,0,50,sedan,O,injection,regular,7,H,7,None
0.499,510,1,Male,Other,CSP60,Private,74,0,50,sedan,I,injection,regular,6,M1,17,None
0.833,141,8,Male,Alone,CSP50,Private+trip to office,31,0,85,sport utility vehicle,L,injection,regular,4,M2,18,None
1.0,548,0,Male,Other,CSP60,Private,63,0,50,sedan,Q,injection,regular,9,M2,12,Collective garage
0.143,119,6,Male,Other,CSP50,Private,28,0,60,sedan,O,injection,regular,9,M2,14,Private garage
1.0,378,6,Male,Other,CSP42,Professional,49,0,50,sedan,K,injection,regular,7,H,17,None
0.781,377,0,Female,Other,CSP49,Professional,49,0,50,sedan,G,injection,regular,4,B,16,None
0.75,128,2,Female,Other,CSP50,Private+trip to office,29,0,95,sedan,E,injection,regular,4,A,15,None
0.416,210,8,Female,Other,CSP50,Private+trip to office,36,0,50,sedan,N,injection,regular,6,H,19,Collective garage
0.563,222,3,Female,Alone,CSP42,Private+trip to office,36,0,50,sedan,D,injection,regular,3,A,12,Collective garage
0.5,131,1,Male,Alone,CSP1,Professional,30,0,80,sedan,Q,direct injection overpowered,diesel,9,M2,11,Collective garage
0.214,636,2,Male,Other,CSP60,Private,72,0,72,sedan,I,injection,regular,6,M1,7,None
0.92,152,0,Female,Other,CSP50,Private+trip to office,31,0,57,sedan,I,direct injection overpowered,diesel,6,B,15,None
0.143,153,2,Female,Alone,CSP50,Private+trip to office,30,0,132,sedan,I,injection,regular,4,B,11,None
1.0,415,0,Female,Other,CSP50,Private,53,0,58,microvan,Q,direct injection overpowered,diesel,8,H,15,Private garage
0.676,155,0,Male,Other,CSP55,Private,31,0,100,cabriolet,J,injection,regular,7,B,4,Private garage
0.5,87,6,Male,Alone,CSP50,Private+trip to office,25,0,80,sedan,J,injection overpowered,diesel,5,M1,10,None
1.0,456,0,Male,Other,CSP60,Private,67,0,50,sedan,R,direct injection overpowered,diesel,9,H,19,Collective garage
0.75,155,6,Male,Alone,CSP50,Private+trip to office,33,0,100,sedan,D,injection overpowered,diesel,3,B,11,None
0.25,344,2,Male,Other,CSP1,Professional,47,0,86,sport utility vehicle,S,injection,regular,5,H,16,Collective garage
0.105,181,0,Male,Other,CSP50,Private+trip to office,33,1,51,sedan,G,injection,regular,5,B,16,None
0.25,298,0,Female,Other,CSP50,Professional,54,0,50,station wagon,J,injection,regular,7,M1,18,Private garage
0.833,121,4,Male,Alone,CSP50,Private,29,1,80,sedan,F,injection,regular,6,B,20,Private garage
0.685,145,0,Female,Other,CSP50,Private+trip to office,31,0,100,sedan,K,injection,regular,8,M1,15,None
0.741,184,8,Female,Other,CSP50,Professional,40,0,58,van,G,injection,diesel,1,M1,16,None
0.5,352,11,Male,Alone,OTHER,Private,49,1,50,sedan,L,injection,regular,7,M2,18,None
1.0,228,11,Female,Alone,CSP50,Private+trip to office,37,0,50,sedan,D,injection,regular,2,A,13,None
0.249,363,8,Female,Other,CSP55,Private,59,1,50,sedan,D,injection,regular,3,B,15,None
0.333,146,0,Male,Alone,CSP50,Private+trip to office,38,0,80,cabriolet,O,injection,regular,8,M2,16,Collective garage
0.499,480,4,Male,Other,CSP60,Private,60,0,50,sedan,M,injection,regular,7,M2,7,Collective garage
0.416,588,4,Male,Alone,CSP60,Private,71,0,50,station wagon,K,injection,regular,8,M2,19,None
0.916,558,3,Female,Other,CSP60,Private,71,1,50,sedan,F,injection,regular,3,B,17,None
0.666,451,0,Male,Other,CSP50,Private+trip to office,56,1,50,sedan,I,injection,regular,6,B,9,None
0.5,94,4,Male,Alone,CSP50,Private+trip to office,26,0,85,sedan,F,injection,regular,3,B,7,Collective garage
0.147,365,2,Female,Other,CSP50,Private+trip to office,56,0,82,station wagon,Q,direct injection overpowered,diesel,8,H,7,Collective garage
0.666,172,4,Male,Other,CSP50,Private+trip to office,34,0,90,sedan,F,injection,regular,4,B,9,None
0.499,314,2,Female,Other,CSP55,Private+trip to office,46,0,71,sedan,D,injection,regular,3,A,15,None
0.583,163,4,Female,Alone,CSP50,Professional,32,0,95,sedan,D,injection,regular,2,B,5,None
0.151,196,2,Male,Other,CSP50,Professional,34,0,62,station wagon,K,injection,regular,7,M2,9,None
0.676,497,0,Male,Other,CSP50,Professional,60,0,50,microvan,K,injection,regular,6,M1,17,None
0.666,175,0,Female,Other,CSP50,Private+trip to office,33,0,80,microvan,L,direct injection overpowered,diesel,6,M1,16,None
0.542,316,0,Male,Other,CSP66,Professional,44,0,50,sedan,Q,direct injection overpowered,diesel,8,H,16,Collective garage
0.478,262,0,Male,Other,CSP50,Professional,41,0,57,station wagon,H,direct injection overpowered,diesel,2,0,20,None
0.814,254,3,Female,Other,CSP50,Private,39,0,59,microvan,Q,injection,regular,8,H,7,Private garage
0.583,425,6,Male,Other,CSP1,Professional,70,0,50,sedan,K,direct injection overpowered,diesel,5,M2,10,None
0.45,402,0,Female,Other,CSP60,Private,66,0,50,coupe,N,direct injection overpowered,diesel,8,M2,17,Collective garage
0.416,369,3,Male,Other,CSP50,Private+trip to office,51,0,50,microvan,M,injection overpowered,regular,7,H,9,None
0.401,394,2,Male,Other,CSP48,Professional,51,0,53,coupe,E,injection overpowered,regular,1,A,17,None
0.497,581,8,Female,Alone,CSP60,Private,67,0,50,sedan,D,injection,regular,2,A,6,None
0.416,168,0,Male,Alone,CSP50,Private+trip to office,32,0,100,sedan,I,injection,regular,8,B,5,None
0.308,131,8,Male,Alone,CSP50,Private+trip to office,29,0,64,sedan,D,injection,regular,2,B,14,None
1.0,137,3,Male,Alone,CSP50,Professional,45,0,54,other microvan,O,injection,regular,5,H,16,Collective garage
0.457,216,3,Male,Other,CSP42,Professional run,36,0,55,sedan,F,injection,regular,3,A,14,Collective garage
0.762,151,3,Female,Other,CSP50,Private+trip to office,30,0,85,sedan,G,injection,diesel,4,B,19,Collective garage
0.499,160,5,Female,Alone,CSP50,Private+trip to office,32,1,51,sedan,K,injection,regular,4,B,11,None
0.463,408,4,Female,Other,CSP37,Private,65,0,65,sedan,I,injection,regular,5,B,8,Private garage
0.583,299,4,Female,Other,CSP50,Private+trip to office,44,0,50,microvan,O,injection overpowered,diesel,5,H,14,None
0.666,618,5,Female,Alone,CSP60,Private,73,0,50,sedan,E,injection,regular,4,B,15,None
0.143,184,5,Male,Other,CSP50,Professional,39,0,59,sedan,K,injection,regular,7,M2,13,Collective garage
0.764,112,4,Male,Alone,CSP55,Private+trip to office,27,0,60,coupe,L,injection,regular,8,M2,8,Collective garage
0.416,114,5,Female,Other,CSP50,Private,29,0,80,sedan,K,injection,regular,6,B,13,Collective garage
1.0,397,4,Male,Other,CSP55,Private+trip to office,59,0,50,station wagon,N,direct injection overpowered,diesel,7,M2,11,None
0.497,291,0,Male,Other,CSP50,Professional,43,0,58,microvan,Q,injection overpowered,diesel,5,H,13,Private garage
0.499,321,0,Male,Other,CSP50,Private+trip to office,45,0,50,sedan,J,injection,regular,4,M1,16,None
0.916,132,4,Female,Other,CSP50,Private+trip to office,29,0,57,sedan,E,injection,regular,3,B,13,None
0.5,222,2,Male,Other,CSP50,Professional,37,0,106,sport utility vehicle,N,injection overpowered,diesel,2,H,8,None
0.892,190,0,Female,Other,CSP50,Private,35,0,80,microvan,M,direct injection overpowered,diesel,6,M1,15,None
0.753,524,4,Male,Other,CSP50,Private+trip to office,66,0,55,sedan,M,injection,regular,7,M2,16,Private garage
0.166,513,1,Female,Other,CSP50,Private+trip to office,62,0,50,sedan,L,direct injection overpowered,diesel,8,M1,7,None
0.502,386,6,Female,Other,CSP42,Private,50,0,50,sedan,R,injection,regular,8,H,4,Collective garage
0.416,362,4,Male,Other,CSP50,Private+trip to office,51,0,50,sedan,I,injection,regular,6,B,12,None
0.588,125,0,Female,Other,CSP50,Professional,29,0,57,sedan,M,injection overpowered,regular,8,M1,16,None
0.428,94,6,Female,Other,CSP50,Private+trip to office,32,0,95,sedan,G,injection,regular,5,M1,17,None
0.66,292,2,Female,Other,CSP50,Professional,48,0,68,cabriolet,J,injection,regular,8,B,8,None
0.329,452,11,Male,Other,OTHER,Professional run,56,0,50,sedan,N,direct injection overpowered,diesel,8,M2,11,Collective garage
0.916,296,2,Male,Other,OTHER,Professional,43,0,50,sedan,L,direct injection overpowered,diesel,6,M2,13,Private garage
0.5,172,3,Male,Alone,CSP50,Private,33,0,85,sedan,J,direct injection overpowered,diesel,5,M1,11,Private garage
0.5,171,1,Male,Other,CSP50,Professional,32,0,69,station wagon,N,direct injection overpowered,diesel,8,M2,7,Collective garage
0.6,112,2,Female,Alone,CSP50,Private+trip to office,27,0,60,sedan,I,direct injection overpowered,diesel,5,B,15,None
0.573,46,6,Female,Alone,CSP26,Private+trip to office,22,0,95,sedan,C,injection,regular,2,A,8,None
0.643,250,2,Male,Other,CSP50,Private,41,0,100,van,E,injection,diesel,2,M1,11,None
0.5,182,1,Male,Other,CSP50,Private+trip to office,40,0,50,other microvan,K,direct injection overpowered,diesel,5,M1,17,Collective garage
0.916,206,0,Male,Other,CSP1,Professional,36,0,78,sport utility vehicle,M,direct injection overpowered,diesel,4,M2,19,None
0.5,85,4,Male,Alone,CSP50,Private+trip to office,25,1,90,sedan,L,direct injection overpowered,diesel,5,B,17,None
0.871,654,5,Male,Other,CSP60,Private,83,1,50,sedan,M,injection,regular,7,M2,15,None
0.434,186,3,Female,Other,CSP50,Private+trip to office,35,0,90,sedan,I,injection,regular,6,M1,3,None
0.764,356,3,Female,Other,CSP50,Private,48,0,58,sedan,L,direct injection overpowered,diesel,7,M1,16,None
0.916,466,2,Male,Other,CSP50,Professional,59,0,50,sedan,L,direct injection overpowered,diesel,8,M2,19,None
1.0,235,1,Female,Other,CSP50,Private+trip to office,38,0,85,sedan,J,injection,regular,7,B,15,Collective garage
1.0,225,2,Female,Other,CSP50,Private+trip to office,37,1,50,sedan,F,injection,regular,3,B,17,None
0.499,685,5,Male,Other,CSP60,Private,81,0,58,sedan,I,injection,regular,6,B,17,None
0.166,60,1,Male,Other,CSP50,Private,30,0,90,cabriolet,M,injection,regular,8,M1,16,Private garage
0.759,226,0,Female,Other,CSP50,Private+trip to office,37,1,68,microvan,L,direct injection overpowered,diesel,4,M1,20,None
1.0,387,2,Male,Other,CSP50,Professional,50,0,74,other microvan,N,injection,regular,6,H,18,None
1.0,651,6,Male,Other,CSP60,Private,76,0,59,sedan,P,injection,regular,9,H,14,Collective garage
0.833,21,3,Male,Alone,CSP26,Private+trip to office,20,0,100,sedan,D,injection,regular,4,B,10,Collective garage
0.833,440,2,Female,Other,CSP50,Private+trip to office,56,0,50,cabriolet,I,injection,regular,7,B,14,None
0.833,635,2,Male,Other,CSP60,Private,80,0,50,sedan,K,injection,regular,8,M2,15,Private garage
0.583,459,3,Male,Alone,CSP1,Professional,57,0,57,sedan,G,injection,regular,4,A,1,None
0.749,109,4,Male,Other,CSP50,Private,29,0,95,sedan,J,injection,diesel,3,M1,18,None
0.187,97,1,Male,Alone,CSP50,Private,28,0,95,sedan,I,direct injection overpowered,diesel,5,B,19,None
0.749,217,4,Male,Alone,CSP50,Private+trip to office,36,0,72,sedan,F,injection,regular,4,B,10,None
0.539,254,0,Male,Other,CSP50,Professional,46,0,95,sport utility vehicle,R,direct injection overpowered,diesel,6,H,9,Collective garage
0.708,180,2,Female,Alone,CSP55,Private+trip to office,33,0,56,sedan,D,injection,regular,3,A,12,None
0.5,358,3,Male,Alone,CSP50,Private+trip to office,48,0,50,sport utility vehicle,M,injection,regular,4,H,9,Collective garage
0.274,312,1,Male,Other,CSP50,Private+trip to office,45,0,64,sedan,K,direct injection overpowered,diesel,6,M1,12,None
0.749,174,6,Female,Other,CSP50,Private+trip to office,33,0,60,sedan,I,injection,regular,5,M1,18,Collective garage
0.307,318,11,Male,Other,CSP50,Private+trip to office,47,0,58,sedan,G,injection,diesel,4,B,20,None
0.636,334,0,Male,Other,CSP50,Private,51,0,50,sedan,K,injection,regular,8,B,11,None
0.833,670,3,Male,Other,CSP60,Private,75,0,50,sedan,P,injection,regular,8,H,17,Private garage
0.666,445,2,Female,Other,CSP50,Professional run,56,0,50,sedan,L,direct injection overpowered,diesel,5,M1,16,None
0.849,480,3,Female,Other,CSP50,Professional,61,0,65,station wagon,H,injection,regular,3,M1,7,None
0.631,306,2,Female,Other,CSP50,Private,54,0,66,cabriolet,Q,injection overpowered,regular,8,H,15,Private garage
0.871,47,2,Female,Alone,CSP50,Private+trip to office,23,0,95,cabriolet,I,injection,regular,7,B,19,Collective garage
0.654,128,1,Female,Other,CSP55,Professional,29,0,60,sedan,I,direct injection overpowered,diesel,5,B,17,None
0.807,101,1,Female,Alone,CSP50,Private+trip to office,32,0,95,sedan,F,injection,regular,4,B,11,None
0.142,124,1,Male,Other,CSP50,Private+trip to office,28,0,60,cabriolet,L,injection,regular,7,M1,15,Private garage
0.399,284,4,Male,Other,CSP55,Professional,43,0,50,sedan,K,injection,regular,7,M2,20,None
0.75,232,1,Male,Other,CSP50,Professional,38,0,50,sedan,L,injection,regular,5,B,16,None
0.916,246,1,Male,Other,CSP50,Private+trip to office,53,0,50,microvan,L,direct injection overpowered,diesel,6,M2,14,None
0.166,308,11,Male,Other,CSP50,Private,46,0,80,sedan,OTHER,injection,regular,9,H,3,Collective garage
0.249,536,1,Female,Other,CSP42,Professional,67,0,50,sedan,G,direct injection overpowered,diesel,4,B,6,None
0.486,481,2,Male,Other,CSP50,Professional,58,0,50,sport utility vehicle,N,injection,regular,4,0,12,None
0.969,95,1,Male,Other,CSP50,Private,25,0,95,sedan,K,injection,regular,6,B,6,None
0.833,36,5,Female,Alone,CSP55,Private+trip to office,24,0,90,sedan,I,injection,regular,4,M1,13,None
0.75,227,8,Female,Other,CSP50,Private+trip to office,38,0,50,microvan,M,injection overpowered,diesel,4,H,5,None
0.28,159,0,Male,Alone,CSP50,Private+trip to office,32,0,54,cabriolet,L,injection,regular,8,M1,13,Collective garage
0.499,78,3,Female,Alone,CSP50,Private+trip to office,29,0,72,sedan,E,injection,regular,4,A,18,None
0.833,185,4,Male,Alone,CSP50,Private+trip to office,39,1,50,sport utility vehicle,P,injection overpowered,regular,9,M1,18,Collective garage
0.166,235,2,Male,Alone,CSP50,Private,43,0,80,sedan,J,injection,regular,6,0,13,None
0.711,100,0,Male,Alone,CSP26,Private+trip to office,33,0,76,sedan,F,injection,regular,4,B,15,None
1.0,250,2,Female,Other,CSP50,Private+trip to office,61,0,50,sedan,I,injection,regular,6,M1,8,None
0.207,206,3,Male,Other,CSP50,Professional,35,0,50,sedan,I,injection overpowered,diesel,5,M1,6,None
0.349,372,2,Male,Other,CSP60,Private,76,0,50,sedan,L,injection,regular,8,M2,20,None
0.711,445,6,Male,Other,CSP50,Private,72,0,50,sedan,M,injection,regular,7,M2,7,Collective garage
0.25,212,4,Female,Other,CSP66,Private+trip to office,35,1,50,sedan,I,injection,regular,6,B,20,None
0.916,420,1,Female,Other,CSP1,Professional run,55,0,50,sedan,F,injection,regular,3,B,16,None
0.327,241,4,Male,Other,CSP50,Private+trip to office,38,0,50,sport utility vehicle,P,injection overpowered,regular,9,M1,16,Collective garage
0.195,97,0,Male,Alone,CSP50,Private+trip to office,27,0,90,sedan,I,direct injection overpowered,diesel,5,B,16,Collective garage
0.666,100,4,Male,Alone,CSP55,Private,26,0,57,sedan,J,direct injection overpowered,diesel,5,M1,19,None
0.499,182,1,Male,Other,CSP50,Private+trip to office,33,0,85,microvan,L,direct injection overpowered,diesel,5,M1,16,None
0.583,409,11,Male,Other,CSP50,Private,52,1,50,coupe,V,injection,regular,9,H,16,Private garage
0.583,301,1,Male,Other,CSP50,Private+trip to office,43,0,50,van,E,injection,diesel,3,B,17,Private garage
0.5,92,6,Female,Alone,CSP55,Private+trip to office,27,0,85,sedan,E,injection,regular,3,B,7,None
0.166,224,6,Female,Other,CSP50,Private,37,0,54,sedan,D,injection,regular,2,A,15,None
0.132,204,6,Male,Other,CSP50,Private,35,0,50,station wagon,K,injection,regular,7,M2,6,None
0.666,117,2,Male,Other,CSP50,Professional,34,0,75,sedan,G,direct injection overpowered,diesel,4,B,19,None
0.583,94,1,Female,Alone,CSP50,Professional,25,0,76,sedan,G,injection,regular,4,B,17,None
0.169,181,4,Male,Other,CSP55,Private+trip to office,33,0,50,sedan,F,injection,regular,3,A,3,None
0.916,393,0,Female,Alone,CSP66,Professional,51,0,57,sedan,K,injection,regular,4,B,8,None
0.666,200,2,Male,Other,CSP50,Professional,39,0,58,van,J,injection,diesel,1,0,16,None
0.666,511,0,Female,Other,CSP50,Private+trip to office,64,0,50,sedan,E,injection,regular,3,A,15,None
0.631,325,3,Male,Other,CSP55,Private+trip to office,45,0,50,other microvan,J,injection,regular,6,M1,14,None
0.452,431,2,Male,Other,CSP50,Private+trip to office,56,0,50,sedan,L,injection,regular,8,M2,19,Private garage
0.536,82,4,Male,Alone,CSP55,Private,31,0,100,sedan,H,injection,regular,6,M1,19,Collective garage
0.333,316,8,Male,Alone,CSP50,Private,49,0,90,sedan,I,injection,regular,7,M2,16,Private garage
0.749,138,5,Male,Other,CSP50,Private,30,0,68,sedan,N,injection,regular,9,M2,12,None
0.944,64,1,Female,Alone,CSP50,Professional,24,0,76,sedan,F,injection,regular,4,B,18,Collective garage
0.598,368,1,Female,Other,CSP55,Private+trip to office,56,0,50,sedan,L,direct injection overpowered,diesel,5,B,16,None
0.666,134,3,Male,Alone,CSP50,Private+trip to office,29,0,58,sedan,F,injection,regular,5,B,12,None
0.872,522,2,Female,Alone,CSP60,Private,75,0,50,sedan,G,injection,regular,5,B,12,None
0.749,84,2,Female,Other,CSP37,Private,37,0,119,cabriolet,J,injection,regular,8,B,16,None
0.692,299,2,Male,Alone,CSP50,Private+trip to office,47,0,52,sedan,P,injection overpowered,regular,8,H,12,None
0.461,494,4,Female,Other,CSP60,Private,70,1,50,sedan,H,injection,regular,7,B,15,None
0.497,301,0,Male,Other,CSP50,Private+trip to office,45,0,90,sport utility vehicle,R,direct injection overpowered,diesel,7,H,11,Collective garage
0.583,214,8,Female,Other,CSP50,Private+trip to office,37,0,50,sedan,D,injection,regular,3,B,17,None
0.997,26,3,Female,Alone,CSP50,Private+trip to office,25,0,118,sedan,H,injection,diesel,4,M1,20,None
0.75,234,2,Female,Other,CSP50,Private+trip to office,39,1,50,sedan,D,injection,regular,3,A,14,Collective garage
0.49,728,3,Female,Other,CSP60,Private,81,1,50,sedan,E,injection,regular,2,A,7,None
0.796,353,4,Male,Other,CSP55,Private,48,0,50,other microvan,Q,injection,regular,8,H,8,Collective garage
0.749,190,3,Female,Alone,CSP55,Private+trip to office,34,0,64,sedan,E,injection,regular,4,A,20,Collective garage
0.249,416,1,Male,Other,CSP50,Professional,52,0,50,other microvan,N,direct injection overpowered,diesel,5,H,19,Collective garage
0.423,429,2,Female,Other,CSP50,Private+trip to office,54,0,50,sedan,K,direct injection overpowered,diesel,5,B,5,None
0.833,335,1,Male,Other,CSP1,Professional,48,0,50,other microvan,J,injection,regular,5,M1,16,None
0.605,154,5,Male,Other,CSP50,Private,30,0,51,microvan,K,injection,regular,4,M1,5,None
0.352,480,3,Female,Other,CSP1,Professional,65,0,156,sedan,F,injection,regular,4,B,5,None
1.0,630,3,Female,Other,CSP60,Private,74,0,50,sedan,F,injection,diesel,3,B,16,None
0.416,131,3,Male,Other,CSP50,Private+trip to office,28,0,95,sedan,I,direct injection overpowered,diesel,5,B,13,None
0.749,162,3,Male,Alone,CSP50,Private+trip to office,32,0,80,cabriolet,O,injection overpowered,regular,9,H,16,Private garage
0.569,293,4,Male,Other,CSP50,Private+trip to office,45,0,93,sedan,J,injection,regular,7,M2,19,None
0.916,464,8,Female,Other,CSP50,Private+trip to office,58,0,90,sedan,I,injection,regular,7,B,14,None
0.825,392,0,Female,Other,CSP50,Private+trip to office,64,0,64,sedan,K,injection,regular,5,M1,13,None
0.329,4,0,Female,Alone,CSP26,Private+trip to office,21,0,100,sedan,D,injection,regular,2,B,11,None
0.083,179,1,Male,Other,CSP55,Private+trip to office,33,0,60,bus,L,direct injection overpowered,diesel,6,M1,15,None
0.916,54,4,Female,Other,CSP50,Private+trip to office,26,0,80,sedan,H,injection,diesel,4,B,17,None
0.916,122,11,Male,Other,CSP50,Private+trip to office,39,0,100,sedan,M,injection,regular,6,H,15,None
0.833,199,2,Female,Alone,CSP50,Professional,35,0,57,sedan,G,injection,regular,3,B,19,Private garage
0.499,60,1,Female,Alone,CSP50,Private+trip to office,32,0,85,sedan,E,injection,regular,3,B,3,Private garage
0.583,113,3,Female,Other,CSP50,Private,36,0,80,sedan,J,injection,regular,4,B,13,None
0.549,130,3,Female,Other,CSP50,Private+trip to office,29,1,125,sedan,F,injection,regular,5,B,7,None
0.249,237,5,Male,Alone,CSP50,Professional,40,0,60,microvan,P,injection,regular,7,H,13,None
0.558,70,0,Female,Alone,CSP26,Private+trip to office,26,0,85,sedan,G,injection,regular,2,B,16,Collective garage
0.666,343,4,Male,Alone,CSP1,Professional,50,0,95,cabriolet,Q,injection overpowered,regular,8,H,2,Private garage
0.564,105,5,Male,Other,CSP50,Private,27,1,64,sedan,M,injection,regular,8,M2,13,Collective garage
0.083,421,2,Male,Other,CSP60,Private,78,0,50,sedan,O,direct injection overpowered,diesel,7,M1,6,None
0.916,107,0,Male,Other,CSP46,Professional,27,0,85,van,L,direct injection overpowered,diesel,2,0,7,None
0.833,320,2,Male,Other,CSP48,Private,50,0,50,sedan,J,injection,regular,7,B,16,Private garage
0.939,104,0,Female,Other,CSP50,Private+trip to office,28,0,125,sedan,J,direct injection overpowered,diesel,6,M1,15,None
0.749,285,1,Male,Other,CSP50,Professional,41,0,53,sedan,L,direct injection overpowered,diesel,7,M2,19,None
0.916,424,1,Male,Other,CSP60,Private,60,0,50,sedan,O,direct injection overpowered,diesel,8,H,16,Collective garage
0.833,178,1,Female,Other,CSP50,Private,33,0,58,sedan,L,direct injection overpowered,diesel,6,M1,19,None
0.436,250,3,Female,Other,CSP50,Private,41,0,50,sedan,I,injection,regular,8,B,12,Private garage
0.583,230,0,Male,Other,CSP46,Professional,38,0,95,van,K,direct injection overpowered,diesel,1,0,20,None
0.916,417,4,Female,Other,CSP37,Private,59,0,90,sedan,K,injection,regular,6,M1,10,None
0.133,346,11,Female,Other,CSP48,Professional,49,0,50,sedan,D,injection,diesel,3,B,17,None
0.25,506,4,Male,Other,CSP50,Private+trip to office,62,0,65,coupe,M,injection,regular,8,M2,9,Collective garage
0.25,160,2,Female,Alone,CSP50,Private,31,0,90,coupe,E,injection overpowered,regular,1,A,9,None
0.955,666,11,Male,Other,CSP60,Private,73,0,50,sedan,O,injection,diesel,5,H,18,Private garage
0.353,514,2,Male,Other,CSP50,Professional,61,0,50,microvan,L,direct injection overpowered,diesel,5,M1,13,None
0.5,451,4,Female,Alone,CSP50,Private+trip to office,56,0,50,sedan,K,injection,regular,7,M2,13,None
0.666,408,5,Female,Other,CSP37,Private,66,0,50,sedan,F,injection,regular,3,B,7,None
0.583,172,4,Male,Other,CSP50,Private+trip to office,32,0,51,sedan,H,injection,regular,8,M1,15,None
0.833,120,3,Female,Alone,CSP50,Private+trip to office,41,0,95,sedan,D,injection,regular,3,A,14,None
0.833,167,2,Male,Alone,CSP50,Private+trip to office,31,0,60,sedan,K,injection,regular,6,M1,11,None
0.499,145,2,Male,Other,CSP50,Private,37,0,80,sport utility vehicle,Q,direct injection overpowered,diesel,4,H,8,Collective garage
0.833,326,4,Male,Other,CSP50,Private+trip to office,56,0,50,sport utility vehicle,K,injection,regular,4,H,19,None
0.069,173,0,Male,Other,CSP50,Private,32,0,72,microvan,L,direct injection overpowered,diesel,6,M1,17,Collective garage
1.0,400,1,Male,Other,CSP1,Private+trip to office,53,0,50,sedan,P,injection,regular,8,H,7,None
0.666,237,1,Female,Alone,CSP50,Private+trip to office,39,1,72,sedan,E,injection,regular,3,B,16,None
1.0,160,4,Male,Other,CSP50,Private+trip to office,31,0,76,microvan,K,direct injection overpowered,diesel,5,M1,19,None
0.852,526,1,Male,Other,CSP60,Private,66,0,50,sedan,K,injection,regular,7,M2,18,Collective garage
0.572,497,0,Female,Alone,CSP55,Private+trip to office,59,0,50,sedan,F,injection,regular,5,B,15,None
0.5,698,0,Male,Other,CSP60,Private,76,0,50,sedan,K,injection,regular,8,M1,16,None
1.0,502,1,Male,Other,CSP50,Private,61,0,50,sedan,G,injection,regular,5,B,16,None
0.416,131,1,Male,Alone,CSP50,Private,30,1,57,sedan,K,injection,regular,4,B,11,None
1.0,126,2,Male,Alone,CSP42,Private,42,0,68,sedan,L,direct injection overpowered,diesel,5,B,11,None
0.916,228,2,Female,Alone,CSP50,Private+trip to office,37,0,50,station wagon,M,direct injection overpowered,diesel,7,M2,9,None
0.666,145,1,Female,Alone,CSP50,Private+trip to office,30,0,106,sedan,I,injection,regular,4,B,11,None
0.666,93,1,Male,Alone,CSP50,Private+trip to office,27,0,95,sedan,G,injection,regular,4,B,20,None
0.091,435,11,Male,Other,CSP46,Professional,54,0,50,van,G,direct injection overpowered,diesel,4,M1,3,None
0.823,295,3,Female,Other,CSP50,Professional,43,0,108,other microvan,J,injection,regular,6,M1,18,None
0.333,411,1,Female,Other,CSP50,Professional,53,0,50,sedan,L,direct injection overpowered,diesel,6,0,6,None
0.691,129,4,Male,Other,CSP50,Professional run,28,0,58,sedan,N,injection overpowered,regular,8,H,17,None
0.916,433,2,Male,Other,CSP50,Professional,54,0,62,sport utility vehicle,P,direct injection overpowered,diesel,3,H,9,Collective garage
0.483,277,2,Male,Other,CSP1,Private+trip to office,41,0,50,sedan,S,injection,regular,9,H,16,Collective garage
0.916,93,3,Male,Other,CSP50,Private,27,0,112,sport utility vehicle,L,injection,regular,5,H,19,Private garage
0.916,141,2,Male,Other,CSP50,Professional,39,0,60,van,K,direct injection overpowered,diesel,3,0,5,None
0.842,170,3,Female,Alone,CSP50,Private+trip to office,33,0,54,sedan,H,injection,regular,7,B,9,None
1.0,497,6,Male,Other,CSP60,Private,64,1,50,station wagon,I,injection,regular,5,M1,18,Collective garage
0.833,292,0,Male,Other,CSP66,Professional,43,0,50,station wagon,Q,direct injection overpowered,diesel,9,M2,3,Private garage
0.893,493,11,Male,Other,CSP50,Private+trip to office,62,1,50,sedan,G,injection,regular,6,B,20,None
0.883,576,1,Male,Other,CSP60,Private,66,0,50,sedan,O,direct injection overpowered,diesel,8,M2,16,Private garage
1.0,487,1,Male,Other,CSP66,Private+trip to office,59,0,50,coupe,S,injection,regular,9,H,7,Private garage
0.411,240,3,Male,Alone,CSP1,Professional,38,0,54,sport utility vehicle,O,injection,regular,9,M1,17,Private garage
0.814,284,3,Female,Other,CSP50,Private+trip to office,43,0,57,sedan,H,direct injection overpowered,diesel,5,B,19,None
0.583,176,3,Male,Other,CSP50,Private+trip to office,32,0,50,microvan,K,injection,regular,6,M1,12,None
0.426,186,0,Male,Other,CSP1,Professional,33,0,64,station wagon,I,direct injection overpowered,diesel,3,M1,12,None
0.41,133,4,Female,Alone,CSP50,Private+trip to office,31,0,76,sedan,G,injection,diesel,4,B,10,None
0.396,89,1,Male,Other,CSP50,Professional,26,0,76,sedan,H,injection,regular,6,B,19,None
1.0,385,2,Female,Alone,CSP50,Private+trip to office,53,0,53,cabriolet,J,injection,regular,8,B,16,Private garage
0.396,435,5,Male,Other,CSP50,Private+trip to office,55,0,58,cabriolet,O,injection,regular,8,H,17,Private garage
0.916,722,2,Male,Other,CSP60,Private,78,0,50,other microvan,K,injection,regular,5,M1,7,Collective garage
0.5,626,4,Female,Other,CSP60,Private,75,0,50,sedan,I,injection,regular,6,M1,9,Private garage
0.957,87,0,Female,Alone,CSP26,Private+trip to office,26,0,68,sedan,H,direct injection overpowered,diesel,5,B,5,None
0.336,509,11,Female,Alone,CSP60,Private,66,1,50,sedan,H,injection,regular,5,M1,17,Private garage
0.91,292,3,Male,Other,CSP46,Professional,44,0,50,microvan,L,direct injection overpowered,diesel,5,M1,19,None
0.091,87,8,Female,Other,CSP50,Professional,25,0,64,sedan,D,injection,regular,3,B,3,None
0.249,324,3,Male,Other,CSP1,Professional,46,0,50,sedan,M,injection,regular,8,M1,17,None
0.751,104,0,Male,Other,CSP55,Private+trip to office,26,0,68,sedan,I,injection,regular,7,B,12,None
0.583,111,0,Female,Alone,CSP50,Private+trip to office,27,0,100,sedan,H,injection,regular,5,B,15,None
0.945,45,1,Male,Other,CSP50,Private,26,0,100,other microvan,L,direct injection overpowered,diesel,4,M1,12,Collective garage
0.819,593,0,Male,Other,CSP60,Private,67,0,50,sedan,M,direct injection overpowered,diesel,7,M2,12,Private garage
1.0,635,2,Male,Other,CSP60,Private,81,0,50,sedan,J,injection,regular,8,M1,7,Collective garage
0.756,161,1,Male,Other,CSP50,Professional,31,0,50,sedan,J,direct injection overpowered,diesel,6,M1,15,None
0.5,403,0,Male,Other,CSP1,Private,51,0,50,sport utility vehicle,S,injection,regular,5,H,16,Collective garage
0.416,377,2,Female,Other,CSP37,Private,49,0,118,cabriolet,R,injection overpowered,regular,9,H,8,Collective garage
0.217,44,0,Female,Alone,CSP26,Private+trip to office,24,0,100,cabriolet,J,injection,regular,6,B,8,None
0.499,556,2,Male,Other,CSP60,Private,64,0,50,sedan,I,injection,regular,8,B,16,None
1.0,360,6,Female,Other,CSP1,Professional,56,0,50,sedan,H,injection,regular,5,M1,15,None
0.407,162,5,Female,Other,CSP50,Private,39,1,80,sedan,D,injection,regular,3,A,20,None
0.749,222,4,Female,Alone,CSP26,Private+trip to office,38,0,76,sedan,L,direct injection overpowered,diesel,7,M1,16,None
0.17,353,4,Male,Other,CSP50,Private+trip to office,48,0,50,sedan,I,injection,diesel,4,M1,20,Collective garage
0.582,774,1,Male,Other,CSP60,Private,83,0,50,sedan,J,injection,regular,7,M1,16,None
0.469,409,1,Male,Other,CSP50,Private+trip to office,55,0,50,sedan,J,injection,regular,7,M2,18,Collective garage
0.083,114,1,Female,Other,CSP50,Private+trip to office,27,1,62,sedan,I,direct injection overpowered,diesel,5,M1,12,None
0.633,357,0,Female,Other,CSP50,Private+trip to office,49,0,100,sedan,G,injection,regular,4,A,16,None
0.622,131,0,Male,Other,CSP48,Private,36,1,81,sedan,V,injection,regular,9,H,19,Private garage
0.67,1,0,Female,Alone,CSP50,Private+trip to office,22,0,100,sedan,J,direct injection overpowered,diesel,5,M1,19,None
0.997,629,2,Male,Other,CSP60,Private,74,0,50,sedan,O,injection,regular,8,H,15,Private garage
0.333,266,3,Male,Other,CSP50,Professional,41,0,50,sedan,M,injection,regular,8,M2,9,None
0.157,665,6,Male,Other,CSP60,Private,77,1,76,sedan,OTHER,injection,regular,8,H,15,Private garage
0.822,489,6,Female,Other,CSP37,Private,59,0,50,sedan,J,injection overpowered,diesel,5,M1,10,Private garage
0.833,105,1,Female,Alone,CSP50,Private+trip to office,26,1,80,sedan,D,injection,regular,3,B,20,None
0.5,440,0,Male,Other,CSP1,Professional,56,0,50,sedan,P,direct injection overpowered,diesel,8,H,16,None
0.491,357,1,Female,Other,CSP50,Private+trip to office,49,1,50,sedan,F,injection,regular,4,B,19,None
0.728,626,1,Male,Other,CSP60,Private,71,1,50,sedan,I,injection,regular,5,M1,18,None
0.833,295,0,Female,Other,CSP50,Professional,42,0,50,station wagon,K,direct injection overpowered,diesel,6,M1,8,None
0.5,77,1,Female,Other,CSP37,Private,36,0,95,other microvan,H,injection,regular,4,M1,8,None
0.5,71,4,Male,Other,CSP46,Professional,46,0,85,van,L,direct injection overpowered,diesel,3,0,20,None
0.51,316,2,Male,Other,CSP1,Private+trip to office,44,0,50,microvan,L,injection,regular,7,M1,17,Collective garage
1.0,127,5,Male,Other,CSP55,Professional,29,0,76,station wagon,L,injection overpowered,diesel,6,M2,7,None
0.076,393,8,Female,Other,CSP50,Private,51,0,147,sedan,L,injection,regular,7,M2,6,Collective garage
0.49,127,5,Male,Alone,CSP50,Private+trip to office,28,0,95,sedan,C,injection,regular,3,B,20,None
0.916,183,6,Female,Other,CSP1,Professional,40,0,85,sedan,K,injection,regular,7,M2,14,None
0.149,438,5,Female,Other,CSP37,Private,56,0,50,coupe,O,injection overpowered,regular,9,H,4,Collective garage
0.833,66,3,Male,Alone,CSP50,Professional,27,0,85,sport utility vehicle,P,injection overpowered,regular,9,M1,16,Collective garage
0.5,220,0,Male,Alone,CSP50,Private+trip to office,36,0,50,cabriolet,N,injection,regular,9,M1,3,None
0.611,417,0,Female,Other,CSP50,Private+trip to office,53,0,50,sedan,H,direct injection overpowered,diesel,4,B,13,None
0.516,500,4,Male,Other,CSP1,Professional,61,0,148,sedan,O,injection,regular,8,H,5,None
0.744,153,1,Female,Other,CSP50,Professional,34,0,85,sedan,O,direct injection overpowered,diesel,7,M2,8,Collective garage
0.983,21,0,Female,Other,CSP48,Private+trip to office,25,0,100,cabriolet,F,injection overpowered,regular,1,A,12,None
0.499,100,8,Male,Alone,CSP50,Private+trip to office,26,0,106,sedan,J,injection,regular,5,M1,16,None
0.127,337,4,Male,Other,CSP50,Private+trip to office,46,0,51,station wagon,O,direct injection overpowered,diesel,8,M2,9,None
0.166,288,1,Male,Other,CSP50,Professional,53,0,68,van,L,direct injection overpowered,diesel,2,0,15,None
0.333,268,0,Male,Other,CSP1,Professional,41,0,60,microvan,L,injection,regular,7,M2,10,None
0.963,148,2,Male,Alone,CSP50,Private,30,0,56,cabriolet,O,injection overpowered,regular,9,M1,15,Collective garage
0.749,207,8,Male,Other,CSP48,Private,51,0,60,sedan,M,injection,diesel,5,M2,20,None
0.666,287,3,Female,Other,CSP50,Private+trip to office,43,0,50,sport utility vehicle,L,injection,regular,4,H,16,None
0.728,311,3,Female,Other,CSP37,Private,44,0,50,sedan,K,injection,regular,7,M1,16,None
0.916,357,4,Male,Other,CSP55,Private+trip to office,50,0,50,station wagon,I,direct injection overpowered,diesel,3,M1,16,None
0.499,160,1,Male,Alone,CSP46,Professional run,34,0,110,van,K,direct injection overpowered,diesel,10,0,6,None
0.144,213,5,Male,Other,CSP50,Private,58,1,59,coupe,O,injection overpowered,regular,9,M1,12,None
0.5,424,4,Male,Other,CSP50,Professional run,56,0,50,van,F,injection,diesel,2,M1,15,None
0.75,430,1,Male,Other,CSP50,Professional,57,0,61,sedan,O,injection,regular,9,M2,7,Private garage
0.586,167,3,Male,Other,CSP50,Private,39,0,54,sedan,N,direct injection overpowered,diesel,7,M2,10,Collective garage
0.333,205,0,Male,Other,CSP55,Private+trip to office,35,0,50,station wagon,P,injection,regular,9,M2,1,None
0.5,118,0,Female,Other,CSP50,Private+trip to office,29,0,90,sedan,L,direct injection overpowered,diesel,5,B,20,None
0.749,218,5,Female,Alone,CSP50,Private,46,0,85,sedan,D,injection,regular,3,A,20,Collective garage
0.916,539,3,Male,Other,CSP60,Private,68,0,56,sedan,H,injection,regular,3,B,16,Collective garage
0.764,376,1,Male,Other,CSP50,Professional,51,0,50,van,I,direct injection overpowered,diesel,4,M1,3,None
0.275,344,1,Male,Other,CSP50,Private+trip to office,55,0,72,bus,K,injection,regular,7,M1,14,None
0.617,505,1,Female,Other,CSP60,Private,66,0,50,sedan,H,injection,regular,6,M1,17,None
0.532,247,5,Male,Alone,CSP55,Private+trip to office,41,1,50,sedan,G,injection,regular,6,B,19,None
0.808,470,4,Male,Alone,CSP55,Private+trip to office,58,0,50,sedan,J,injection,regular,7,M2,16,Private garage
0.916,162,3,Male,Alone,CSP50,Private+trip to office,33,0,60,sedan,J,direct injection overpowered,diesel,5,M1,20,None
0.586,101,2,Female,Alone,CSP50,Private,28,0,90,sedan,E,injection,regular,3,B,12,None
0.823,405,8,Female,Other,CSP50,Private,52,1,50,sedan,H,injection,diesel,3,M1,11,None
0.841,269,4,Male,Other,CSP50,Professional,40,0,50,sport utility vehicle,OTHER,injection,regular,8,H,9,Collective garage
0.424,318,2,Female,Other,CSP50,Professional,44,0,50,sedan,E,injection,regular,4,A,7,None
0.5,420,1,Male,Other,CSP50,Professional,53,0,50,sedan,O,injection,regular,9,M2,19,Collective garage
0.485,268,2,Male,Other,CSP55,Private,40,0,50,sedan,M,direct injection overpowered,diesel,7,M2,20,None
0.499,177,3,Male,Alone,CSP50,Private+trip to office,33,0,54,sedan,K,injection,regular,6,M1,7,None
0.75,319,1,Male,Alone,CSP50,Private+trip to office,46,0,95,coupe,P,injection,regular,9,M2,16,Collective garage
0.333,236,1,Male,Other,CSP50,Private,37,0,51,sedan,L,injection,regular,5,B,5,None
0.808,651,5,Male,Other,CSP60,Private,79,0,56,sedan,M,injection,regular,8,M2,17,Collective garage
0.74,448,0,Female,Other,CSP55,Private+trip to office,56,0,50,sedan,G,injection,regular,4,B,13,None
0.749,236,2,Male,Other,CSP55,Private+trip to office,47,0,57,sedan,N,direct injection overpowered,diesel,8,M2,7,Collective garage
0.333,107,11,Male,Other,CSP50,Private+trip to office,33,0,85,van,N,injection,diesel,1,0,11,None
0.401,296,6,Male,Other,CSP50,Private,46,0,50,sedan,N,injection overpowered,regular,8,H,17,None
0.743,304,2,Female,Alone,CSP50,Private+trip to office,46,0,50,sedan,E,injection,regular,4,A,15,None
0.413,119,0,Male,Alone,CSP50,Private+trip to office,28,0,100,sedan,H,direct injection overpowered,diesel,4,B,20,None
0.249,388,5,Male,Alone,CSP55,Private+trip to office,51,0,50,sedan,D,injection,regular,3,A,15,None
0.31,312,1,Male,Other,CSP50,Private,65,0,64,sport utility vehicle,P,direct injection overpowered,diesel,9,M2,1,Collective garage
0.237,145,1,Male,Other,CSP55,Private,30,0,60,station wagon,L,direct injection overpowered,diesel,4,H,16,None
0.48,160,2,Male,Other,CSP55,Private+trip to office,31,0,60,station wagon,L,direct injection overpowered,diesel,7,M1,14,None
0.568,309,8,Male,Other,CSP48,Private,45,0,52,sedan,I,injection,regular,6,M1,10,Private garage
0.166,85,0,Male,Alone,CSP50,Private+trip to office,26,0,95,cabriolet,K,injection,regular,8,B,8,Collective garage
0.749,218,3,Female,Other,CSP50,Private+trip to office,36,0,50,sedan,H,injection,regular,6,B,14,None
0.333,416,2,Male,Other,CSP50,Professional,66,0,50,sedan,U,injection,regular,9,H,8,Collective garage
0.729,428,11,Male,Other,CSP1,Professional,67,0,50,other microvan,N,injection,regular,3,H,16,None
1.0,488,4,Male,Other,CSP60,Private,83,1,66,sedan,E,injection,regular,4,B,19,None
0.75,121,2,Male,Other,CSP50,Private+trip to office,29,0,64,sport utility vehicle,R,direct injection overpowered,diesel,6,H,12,Collective garage
0.337,34,8,Female,Alone,CSP50,Private+trip to office,21,0,90,sedan,E,injection,regular,3,B,20,None
0.749,460,6,Male,Other,CSP1,Professional,56,0,50,other microvan,N,injection overpowered,diesel,5,H,17,None
0.082,170,2,Male,Alone,CSP1,Professional,33,0,52,cabriolet,J,injection,regular,8,B,8,Collective garage
0.955,167,0,Female,Other,CSP50,Professional,33,0,64,other microvan,L,injection,regular,6,M1,16,None
0.111,203,0,Male,Other,CSP55,Private,43,0,76,microvan,N,direct injection overpowered,diesel,7,M1,16,Collective garage
0.646,78,1,Male,Alone,CSP50,Professional,24,0,106,van,N,direct injection overpowered,diesel,10,0,20,None
0.582,219,11,Male,Other,CSP1,Professional,38,0,85,sedan,N,injection,diesel,3,M2,19,None
0.75,114,3,Female,Other,CSP50,Private+trip to office,27,0,76,sedan,I,injection,regular,4,B,17,None
0.733,310,1,Male,Alone,CSP50,Professional,44,0,58,sedan,J,injection,regular,6,B,11,None
1.0,288,2,Male,Other,CSP50,Professional,44,0,68,van,E,injection,diesel,3,B,19,None
0.975,334,2,Male,Other,CSP50,Professional,46,0,50,van,F,injection,diesel,4,B,9,None
0.391,494,6,Male,Other,CSP48,Private,59,0,50,station wagon,P,injection,regular,8,M2,12,Collective garage
0.441,476,11,Male,Other,CSP50,Private,58,0,58,sedan,L,injection,regular,5,0,9,None
0.666,154,2,Female,Alone,CSP50,Private+trip to office,31,0,132,sedan,K,direct injection overpowered,diesel,5,B,5,None
0.499,466,6,Female,Alone,CSP55,Private,57,0,50,sedan,H,injection,regular,5,M1,15,None
0.407,228,2,Male,Other,CSP55,Private+trip to office,57,0,50,other microvan,L,direct injection overpowered,diesel,5,M1,16,None
0.291,143,2,Male,Other,CSP50,Private,38,0,80,sport utility vehicle,M,direct injection overpowered,diesel,7,M1,20,None
0.916,435,11,Male,Other,CSP60,Private,78,1,50,sedan,D,carburation,regular,2,A,16,Private garage
0.5,117,3,Male,Other,CSP50,Private+trip to office,28,0,80,sedan,I,injection,regular,7,B,15,None
0.714,161,2,Female,Alone,CSP50,Private+trip to office,31,0,95,sedan,H,direct injection overpowered,diesel,5,B,5,None
1.0,587,6,Male,Other,CSP66,Professional,67,0,53,sedan,M,injection,regular,8,H,17,Private garage
0.333,397,4,Male,Other,CSP48,Professional,59,0,50,van,I,injection,regular,2,0,14,None
0.416,145,0,Male,Other,CSP50,Professional,33,0,72,station wagon,G,injection,regular,3,M1,19,Collective garage
0.499,518,5,Male,Other,CSP60,Private,71,0,80,sedan,H,injection,regular,6,B,1,Private garage
0.499,490,3,Male,Other,CSP50,Private+trip to office,59,0,50,sedan,J,injection,regular,6,M1,5,None
0.916,447,11,Female,Other,CSP55,Private+trip to office,55,0,50,sedan,J,injection overpowered,regular,7,M2,11,None
1.0,325,2,Male,Alone,CSP50,Private+trip to office,50,0,50,sedan,G,injection,regular,7,B,10,None
0.325,237,1,Male,Other,CSP50,Private+trip to office,38,0,50,microvan,L,direct injection overpowered,diesel,5,M1,17,None
0.602,356,0,Male,Other,CSP55,Private+trip to office,56,0,50,sedan,H,injection,regular,7,B,16,Private garage
0.166,275,0,Female,Other,CSP55,Private+trip to office,41,0,57,cabriolet,M,injection,regular,7,M1,1,Collective garage
0.25,560,3,Male,Other,CSP60,Private,82,0,50,sedan,G,injection,regular,6,B,15,None
0.163,115,0,Female,Other,CSP50,Private+trip to office,30,0,60,microvan,L,direct injection overpowered,diesel,6,M1,19,Private garage
0.321,155,4,Female,Other,CSP50,Private+trip to office,36,1,90,sedan,E,injection,regular,3,A,16,None
0.666,400,2,Male,Other,CSP50,Private+trip to office,52,0,50,sedan,L,injection,regular,5,B,3,None
0.444,300,6,Male,Other,CSP55,Private+trip to office,47,0,50,sport utility vehicle,K,injection,regular,5,H,8,None
0.916,239,1,Male,Other,CSP50,Professional,47,0,77,sedan,R,direct injection overpowered,diesel,8,H,5,Private garage
0.433,277,2,Male,Other,CSP55,Private+trip to office,46,1,50,other microvan,J,injection,regular,5,M2,14,None
0.532,392,4,Female,Other,CSP55,Private+trip to office,52,0,50,sedan,E,injection,regular,3,A,17,None
0.583,365,0,Male,Alone,CSP55,Private,78,1,68,sedan,F,injection,regular,4,A,15,None
1.0,135,3,Female,Other,CSP50,Private+trip to office,30,0,57,sedan,H,direct injection overpowered,diesel,5,B,20,None
0.997,600,4,Male,Other,CSP50,Private+trip to office,68,0,50,sport utility vehicle,R,injection overpowered,diesel,4,H,17,Collective garage
0.753,524,2,Male,Other,CSP1,Professional,62,0,50,sedan,M,direct injection overpowered,diesel,7,M2,6,Private garage
0.916,212,0,Male,Other,CSP50,Professional,36,0,90,sedan,P,direct injection overpowered,diesel,8,M2,17,Private garage
0.499,225,5,Male,Alone,CSP50,Private+trip to office,39,0,64,sedan,C,injection,regular,3,A,16,None
0.494,522,1,Male,Other,CSP60,Private,62,0,50,sedan,N,direct injection overpowered,diesel,8,M2,10,Private garage
0.499,354,6,Male,Other,CSP50,Professional,47,0,55,sedan,U,injection,regular,9,H,16,Collective garage
0.416,174,2,Female,Other,CSP55,Private,33,0,80,sedan,J,direct injection overpowered,diesel,5,M1,17,Private garage
0.583,147,1,Male,Alone,CSP50,Professional,33,0,58,sedan,F,injection,regular,4,B,10,None
0.75,106,1,Female,Alone,CSP37,Private,27,0,95,sedan,J,injection,regular,6,B,16,None
0.733,303,6,Female,Alone,CSP50,Professional,47,0,85,sedan,E,injection,regular,2,A,17,Collective garage
0.747,478,0,Male,Other,CSP50,Professional,58,0,50,sedan,M,direct injection overpowered,diesel,8,M2,20,None
0.916,263,4,Male,Other,CSP50,Professional,40,0,78,sedan,E,injection,regular,3,B,18,None
0.666,197,0,Male,Other,CSP55,Private+trip to office,34,0,50,station wagon,P,injection,regular,9,M2,1,None
0.616,149,1,Male,Other,CSP50,Private+trip to office,30,0,51,microvan,J,injection,regular,6,M1,17,Collective garage
0.333,117,4,Male,Other,CSP50,Private+trip to office,31,0,60,sedan,L,injection,regular,7,M2,16,None
0.124,46,8,Female,Alone,CSP26,Private+trip to office,21,0,90,sedan,I,injection,diesel,4,M1,12,None
1.0,156,1,Male,Other,CSP50,Private+trip to office,31,0,60,station wagon,P,direct injection overpowered,diesel,8,M2,16,Private garage
0.552,656,2,Male,Other,CSP60,Private,79,0,50,sedan,J,direct injection overpowered,diesel,5,M1,16,None
0.818,127,1,Male,Other,CSP50,Private+trip to office,29,0,76,sedan,E,injection,regular,3,B,17,None
0.799,27,2,Female,Alone,CSP26,Private+trip to office,20,0,90,sedan,G,injection,regular,7,B,17,Private garage
0.5,555,11,Male,Other,CSP60,Private,67,1,50,sedan,H,injection,diesel,3,H,14,None
0.833,236,0,Male,Other,CSP50,Private+trip to office,37,0,100,microvan,O,direct injection overpowered,diesel,6,H,16,None
0.665,512,8,Male,Other,CSP50,Private+trip to office,61,0,55,sedan,Q,injection,regular,9,M2,18,Collective garage
0.25,486,4,Male,Other,CSP60,Private,58,0,50,sport utility vehicle,R,injection,regular,5,H,12,Collective garage
0.879,564,3,Male,Other,CSP60,Private,69,0,50,sedan,I,injection,regular,7,M1,16,None
0.741,18,4,Female,Alone,CSP37,Private,42,0,95,sedan,I,injection,regular,4,B,17,None
0.151,156,6,Male,Other,CSP50,Private,31,1,68,coupe,P,injection,regular,8,H,19,Collective garage
0.833,43,8,Female,Other,CSP50,Private,42,0,95,sedan,I,injection,regular,5,M2,18,None
1.0,176,6,Male,Other,CSP50,Private+trip to office,33,0,50,station wagon,K,injection overpowered,diesel,5,M2,11,None
0.749,111,4,Male,Alone,CSP50,Private+trip to office,27,0,68,station wagon,I,injection,regular,7,M1,17,None
0.083,113,2,Female,Other,CSP50,Private+trip to office,27,0,57,sedan,K,direct injection overpowered,diesel,7,M1,15,None
0.408,181,4,Female,Other,CSP55,Private+trip to office,42,0,64,sedan,H,injection,regular,5,M1,13,Collective garage
0.833,196,1,Male,Other,CSP50,Private+trip to office,50,0,50,sedan,K,injection,regular,5,B,7,None
0.916,184,2,Female,Other,CSP50,Private,41,0,50,other microvan,K,injection,regular,5,M1,16,None
0.747,453,1,Male,Other,CSP42,Private+trip to office,68,0,50,sedan,F,injection,regular,4,B,19,Collective garage
0.532,425,0,Male,Other,CSP60,Private,65,0,50,sedan,M,injection,regular,8,M2,15,Collective garage
0.749,437,0,Female,Other,CSP50,Professional,56,0,50,microvan,I,direct injection overpowered,diesel,3,M1,13,None
0.338,97,6,Female,Alone,CSP50,Private+trip to office,27,0,147,sedan,E,injection,regular,3,B,3,None
0.499,242,3,Male,Other,CSP50,Private+trip to office,42,0,50,coupe,L,injection overpowered,regular,8,H,7,Collective garage
0.894,229,1,Male,Other,CSP50,Private+trip to office,37,0,62,sedan,G,injection,diesel,4,B,13,None
0.542,289,5,Male,Other,CSP50,Private,42,0,52,sedan,P,injection,regular,8,H,6,None
0.292,109,3,Male,Alone,CSP50,Private+trip to office,28,0,95,sport utility vehicle,M,injection,regular,5,H,16,None
0.926,289,4,Female,Other,CSP55,Private+trip to office,50,0,56,sedan,K,direct injection overpowered,diesel,5,M2,14,None
0.135,299,2,Male,Other,CSP49,Professional,43,0,51,sport utility vehicle,N,injection,regular,4,0,16,Private garage
0.416,163,0,Female,Other,CSP55,Private+trip to office,32,0,70,sedan,E,injection,regular,4,A,15,None
0.749,466,1,Female,Other,CSP60,Private,71,0,51,sedan,K,injection,regular,6,M1,16,Collective garage
0.416,208,5,Male,Alone,CSP55,Private+trip to office,40,0,50,microvan,J,injection,regular,6,M1,8,Collective garage
0.553,304,0,Male,Other,CSP50,Private+trip to office,45,0,67,sedan,N,injection,regular,8,M2,18,Private garage
0.666,521,6,Female,Other,CSP50,Private+trip to office,66,0,50,sedan,I,injection,diesel,3,M1,19,None
0.5,147,8,Female,Other,CSP50,Private,30,1,54,cabriolet,K,injection,regular,7,M1,19,None
0.905,317,0,Male,Other,CSP1,Private+trip to office,45,0,67,microvan,O,injection overpowered,regular,8,H,19,None
0.211,259,2,Male,Alone,CSP46,Professional,39,0,80,van,G,direct injection overpowered,diesel,2,M1,4,None
0.333,403,2,Male,Other,CSP48,Professional,52,0,50,other microvan,P,direct injection overpowered,diesel,6,H,3,Collective garage
0.733,268,5,Male,Other,CSP50,Private,42,1,50,cabriolet,Q,injection,regular,9,H,9,Private garage
0.499,114,1,Female,Alone,CSP50,Private,42,0,95,sedan,I,direct injection overpowered,diesel,5,B,14,None
0.916,102,1,Female,Other,CSP50,Private+trip to office,26,0,60,sedan,K,direct injection overpowered,diesel,7,M1,15,None
0.584,219,5,Male,Other,CSP1,Private+trip to office,50,0,70,station wagon,H,injection,diesel,2,M1,13,None
0.73,98,0,Male,Other,CSP50,Private,26,0,68,cabriolet,M,injection,regular,8,M1,15,None
0.711,145,0,Male,Other,CSP50,Private+trip to office,30,0,90,sedan,M,direct injection overpowered,diesel,8,M1,7,None
0.416,333,5,Male,Other,CSP50,Professional,48,0,76,coupe,P,injection,regular,9,M2,9,None
0.568,310,6,Female,Other,CSP50,Private+trip to office,45,1,50,sedan,E,injection,regular,3,A,7,None
0.769,469,4,Male,Other,CSP50,Professional,58,0,95,sedan,K,direct injection overpowered,diesel,7,M1,4,None
1.0,648,1,Female,Other,CSP60,Private,73,0,58,sedan,F,injection,regular,4,B,16,Collective garage
0.827,622,0,Male,Other,CSP60,Private,71,0,50,sport utility vehicle,R,injection,regular,5,H,8,Collective garage
0.5,137,0,Male,Alone,CSP55,Private+trip to office,29,1,64,sedan,H,direct injection overpowered,diesel,4,B,13,Collective garage
0.097,218,2,Male,Other,CSP55,Private,37,0,63,sedan,N,injection overpowered,regular,8,M1,11,Private garage
0.097,83,2,Male,Alone,CSP50,Private+trip to office,25,0,112,sedan,D,injection,regular,3,B,9,None
0.26,115,1,Male,Other,CSP50,Professional,37,0,118,sedan,L,injection,regular,8,B,11,Collective garage
0.641,470,1,Male,Other,CSP60,Private,60,1,50,sedan,H,injection,regular,6,M1,13,None
0.163,379,4,Male,Other,CSP60,Private,63,0,85,sedan,J,direct injection overpowered,diesel,5,B,10,None
0.499,623,1,Male,Other,CSP50,Professional,71,0,50,sedan,L,injection,regular,5,B,9,Collective garage
0.867,186,2,Female,Other,CSP55,Private+trip to office,33,0,63,sedan,J,direct injection overpowered,diesel,5,M1,14,None
0.554,340,0,Male,Other,CSP50,Professional,48,0,50,sedan,G,injection,regular,4,A,1,None
0.916,56,0,Male,Other,CSP50,Private+trip to office,22,0,90,sedan,J,injection,regular,7,B,3,None
0.833,435,3,Male,Other,CSP50,Professional,61,0,60,station wagon,P,direct injection overpowered,diesel,7,H,18,Private garage
0.583,303,4,Male,Other,CSP55,Private+trip to office,58,0,50,sedan,H,injection,regular,6,M1,11,None
0.382,137,2,Male,Alone,CSP50,Private+trip to office,29,0,72,sedan,K,injection,regular,6,B,17,Collective garage
1.0,358,4,Male,Other,CSP50,Private+trip to office,51,0,50,sedan,G,injection,regular,4,B,12,None
0.333,247,2,Female,Other,CSP50,Private+trip to office,38,0,90,sedan,Q,injection,regular,9,H,7,Collective garage
0.666,44,1,Female,Alone,CSP26,Private+trip to office,21,0,156,sedan,G,injection,regular,4,B,15,None
0.942,332,0,Male,Other,CSP66,Professional,46,0,50,sport utility vehicle,R,direct injection overpowered,diesel,7,H,8,Private garage
0.966,516,2,Male,Other,CSP60,Private,85,0,50,sedan,E,injection,regular,3,A,7,None
0.385,199,2,Male,Other,CSP50,Professional run,34,0,88,coupe,E,injection overpowered,regular,1,A,15,None
0.916,134,4,Male,Other,CSP50,Private,30,0,76,sedan,H,injection,diesel,3,B,12,None
0.833,676,1,Male,Other,CSP60,Private,75,0,50,sedan,K,direct injection overpowered,diesel,7,M2,20,None
0.476,339,4,Female,Other,CSP55,Private,52,0,50,sedan,J,injection,regular,4,B,19,None
0.416,168,6,Male,Other,CSP50,Private+trip to office,32,0,50,microvan,K,direct injection overpowered,diesel,5,M1,12,None
0.285,38,6,Male,Alone,CSP26,Private+trip to office,24,0,85,sedan,J,direct injection overpowered,diesel,7,M1,15,None
0.333,146,5,Female,Other,CSP1,Private,30,0,90,sedan,G,injection,diesel,4,B,9,None
0.336,419,2,Male,Other,CSP50,Private,64,1,76,sport utility vehicle,K,injection,regular,3,M2,16,None
0.719,129,1,Male,Alone,CSP50,Professional,29,0,100,sedan,H,injection,regular,7,B,18,None
0.083,238,1,Male,Other,OTHER,Private+trip to office,38,0,50,microvan,L,direct injection overpowered,diesel,6,M1,20,None
0.583,463,3,Male,Other,CSP50,Private+trip to office,57,0,50,sedan,O,injection,regular,8,H,8,None
0.636,424,0,Female,Alone,CSP1,Professional,68,0,67,sedan,G,injection,regular,2,B,13,None
0.539,159,6,Male,Other,CSP50,Private,31,0,76,sedan,H,injection,regular,5,M2,18,None
0.293,148,1,Male,Other,CSP50,Private,31,0,85,cabriolet,M,injection,regular,8,M1,11,None
0.833,130,4,Male,Other,CSP50,Private+trip to office,29,0,68,coupe,O,injection overpowered,regular,9,M1,11,Collective garage
1.0,355,8,Female,Other,CSP50,Private+trip to office,49,0,50,sedan,O,direct injection overpowered,diesel,8,H,7,Collective garage
0.666,110,0,Female,Other,CSP50,Private+trip to office,28,0,50,sedan,J,direct injection overpowered,diesel,5,M1,11,None
0.666,354,6,Male,Other,CSP50,Private+trip to office,49,0,50,sedan,R,injection,regular,9,H,16,Private garage
0.249,240,0,Female,Other,OTHER,Professional,39,0,56,sedan,G,injection,regular,4,B,14,None
0.083,471,6,Male,Other,CSP1,Professional,58,0,50,sedan,U,injection,regular,9,H,8,Collective garage
0.705,539,2,Male,Other,CSP60,Private,63,0,50,sedan,L,injection,regular,5,B,16,Private garage
0.573,48,0,Male,Other,CSP50,Private+trip to office,24,0,80,sedan,J,direct injection overpowered,diesel,5,B,20,Collective garage
0.856,198,0,Male,Alone,CSP50,Private+trip to office,34,0,63,sedan,L,direct injection overpowered,diesel,7,M1,14,None
0.553,383,1,Male,Other,CSP1,Professional,52,0,50,sedan,E,injection,regular,4,A,15,None
0.833,186,2,Male,Other,CSP50,Private,35,0,51,sedan,H,injection,regular,6,B,16,None
0.5,151,0,Male,Other,CSP50,Professional run,40,0,67,van,P,direct injection overpowered,diesel,3,0,11,None
0.583,423,4,Female,Other,CSP60,Private,58,0,50,sedan,Q,injection,regular,9,H,1,Collective garage
0.299,485,3,Female,Other,CSP50,Private+trip to office,58,0,97,coupe,OTHER,injection overpowered,regular,1,A,13,Collective garage
0.461,77,0,Male,Alone,CSP50,Private+trip to office,25,0,80,sedan,F,injection,regular,4,B,1,None
0.692,398,3,Male,Other,CSP50,Private+trip to office,54,0,50,sport utility vehicle,L,injection,regular,5,H,9,None
0.348,265,4,Female,Other,CSP50,Private+trip to office,40,0,50,cabriolet,J,injection,regular,5,M1,17,Private garage
0.861,55,3,Female,Alone,CSP50,Private+trip to office,26,0,100,sedan,G,injection,regular,3,B,11,None
0.75,240,1,Male,Alone,CSP50,Professional,38,0,50,sedan,I,direct injection overpowered,diesel,5,B,15,Collective garage
0.388,129,1,Male,Alone,CSP66,Private+trip to office,28,0,80,sedan,L,direct injection overpowered,diesel,8,M1,16,None
1.0,549,4,Female,Other,CSP46,Professional,65,0,50,sport utility vehicle,N,injection overpowered,diesel,2,0,5,Private garage
0.5,203,0,Male,Alone,CSP46,Professional,37,0,60,van,J,direct injection overpowered,diesel,2,0,3,Private garage
0.956,404,2,Male,Other,CSP50,Professional,51,0,50,sedan,R,injection,regular,9,H,17,Private garage
1.0,337,4,Female,Other,CSP1,Professional,46,0,50,sedan,D,injection,regular,3,A,7,None
0.25,85,3,Female,Alone,CSP26,Private+trip to office,25,0,76,sedan,L,direct injection overpowered,diesel,7,M1,17,Private garage
0.791,542,2,Male,Other,CSP60,Private,68,0,50,other microvan,P,direct injection overpowered,diesel,6,H,20,None
0.791,600,8,Male,Other,CSP60,Private,71,0,50,sedan,H,injection,diesel,4,M1,13,None
0.75,273,2,Male,Other,CSP50,Professional,41,0,50,cabriolet,OTHER,injection,regular,9,H,8,Collective garage
0.931,18,11,Female,Other,CSP50,Private,40,0,100,sedan,G,injection,regular,5,B,16,None
0.083,542,3,Male,Other,CSP60,Private,67,0,50,sedan,I,injection,regular,5,M1,12,None
0.852,590,5,Female,Other,CSP60,Private,79,1,72,sedan,F,injection,regular,4,B,5,None
0.253,212,4,Male,Alone,CSP50,Private+trip to office,39,0,100,station wagon,K,direct injection overpowered,diesel,5,M1,18,None
0.791,238,2,Male,Other,CSP46,Professional,39,0,62,van,K,injection,diesel,10,0,15,Private garage
0.499,334,3,Male,Other,CSP1,Professional,48,0,50,microvan,O,direct injection overpowered,diesel,5,H,18,None
0.808,631,5,Male,Other,CSP60,Private,73,0,52,sedan,I,injection,regular,5,M2,6,None
0.323,543,5,Male,Other,CSP60,Private,66,0,50,sedan,K,injection,regular,7,M2,15,None
0.163,100,0,Male,Other,CSP50,Professional,32,0,64,microvan,L,direct injection overpowered,diesel,6,M1,13,Collective garage
0.689,231,6,Male,Other,CSP50,Private+trip to office,39,0,51,coupe,L,injection,regular,8,M2,15,None
0.583,414,1,Male,Other,CSP50,Private+trip to office,55,0,50,sedan,E,injection,regular,4,A,20,None
0.941,453,8,Male,Other,CSP50,Private,55,0,50,station wagon,Q,injection,regular,8,H,4,Private garage
0.916,231,1,Male,Alone,CSP1,Private+trip to office,37,0,100,van,G,direct injection overpowered,diesel,4,B,16,Collective garage
0.583,208,1,Male,Other,CSP50,Private,37,0,80,microvan,N,injection,regular,8,M2,12,None
0.916,383,4,Female,Other,OTHER,Professional,50,0,50,sedan,F,injection,regular,3,B,15,None
0.833,160,2,Male,Alone,CSP50,Private,32,0,95,sedan,H,direct injection overpowered,diesel,5,B,15,None
0.394,71,0,Male,Other,CSP50,Private+trip to office,51,0,100,sedan,E,injection,regular,2,A,18,None
0.561,392,2,Male,Other,CSP50,Private+trip to office,50,0,50,sedan,N,injection,regular,8,M2,17,None
0.926,227,3,Female,Alone,CSP50,Private+trip to office,42,0,90,sedan,J,injection,regular,7,M1,10,None
0.666,125,4,Female,Alone,CSP26,Private+trip to office,29,0,112,sedan,L,injection,regular,7,B,11,None
0.786,590,0,Male,Other,CSP60,Private,82,0,55,sedan,M,injection,regular,8,M2,14,Private garage
0.749,204,4,Male,Other,CSP50,Private+trip to office,35,0,80,sedan,F,injection,regular,3,A,11,None
0.416,127,6,Female,Alone,CSP50,Private+trip to office,35,0,64,sedan,D,injection,regular,3,A,16,None
0.751,282,3,Female,Other,CSP50,Private,42,0,56,sport utility vehicle,R,injection,regular,2,H,16,Collective garage
0.916,589,6,Male,Other,CSP60,Private,71,0,50,sedan,Q,injection,regular,9,H,11,Collective garage
0.422,409,4,Male,Other,CSP60,Private,62,0,51,station wagon,J,injection,regular,6,M2,19,None
0.598,72,2,Male,Alone,CSP50,Private+trip to office,28,0,76,station wagon,O,direct injection overpowered,diesel,7,M2,19,Collective garage
0.62,204,0,Male,Other,CSP66,Private+trip to office,49,0,52,sedan,J,injection,regular,6,B,16,Private garage
1.0,420,11,Male,Other,CSP66,Professional,54,0,50,sedan,S,injection,regular,6,H,17,Collective garage
0.916,213,3,Male,Other,CSP48,Private+trip to office,35,0,50,van,I,injection,diesel,2,M1,16,None
0.935,467,0,Male,Other,CSP48,Professional,57,0,62,sedan,G,injection,regular,6,B,17,None
0.583,543,2,Female,Alone,CSP60,Private,75,1,50,sedan,I,injection,regular,6,B,15,Private garage
0.987,332,2,Male,Other,CSP50,Professional,47,0,50,other microvan,L,injection,regular,7,M2,6,None
0.75,157,2,Female,Other,CSP50,Private+trip to office,31,0,72,sedan,I,injection,regular,6,M1,14,Private garage
0.478,191,2,Male,Other,CSP50,Private,34,0,64,sport utility vehicle,M,direct injection overpowered,diesel,4,M2,9,None
0.833,81,5,Male,Other,CSP50,Professional,29,0,72,sedan,G,injection,regular,6,B,12,None
0.499,359,0,Male,Alone,CSP50,Private+trip to office,52,0,64,sedan,J,injection,regular,6,M1,7,None
0.749,227,4,Female,Alone,CSP50,Private+trip to office,37,1,50,sport utility vehicle,L,injection,regular,4,M2,16,None
0.583,196,1,Male,Other,CSP66,Professional,35,0,68,sport utility vehicle,R,direct injection overpowered,diesel,4,H,7,Private garage
0.117,401,8,Male,Other,CSP50,Professional,54,0,50,van,M,injection overpowered,diesel,1,0,13,None
0.916,130,1,Male,Other,CSP1,Private+trip to office,31,0,78,sedan,L,direct injection overpowered,diesel,6,M1,17,None
0.583,20,1,Female,Alone,CSP50,Private+trip to office,28,0,95,sedan,G,direct injection overpowered,diesel,4,B,13,Collective garage
0.617,209,0,Female,Alone,CSP1,Professional,35,0,58,cabriolet,J,injection,regular,8,B,8,Collective garage
0.255,199,6,Female,Other,CSP50,Private+trip to office,40,0,50,sedan,H,injection,regular,5,M1,17,None
0.249,288,2,Male,Other,CSP50,Professional run,42,0,50,van,I,direct injection overpowered,diesel,4,M1,16,Private garage
0.833,428,4,Male,Other,CSP50,Private,57,0,50,sedan,K,injection,regular,6,M1,14,Collective garage
0.299,314,4,Female,Other,CSP55,Private+trip to office,46,0,50,sedan,M,injection,regular,7,M2,7,None
1.0,118,0,Male,Other,CSP50,Private+trip to office,27,0,85,sedan,K,direct injection overpowered,diesel,7,M1,13,Collective garage
0.458,139,3,Male,Alone,CSP50,Private+trip to office,30,0,91,cabriolet,O,injection overpowered,regular,9,M1,6,Collective garage
0.872,563,6,Male,Other,CSP60,Private,67,0,50,sedan,O,injection overpowered,diesel,7,H,18,None
0.333,77,11,Female,Other,CSP50,Private+trip to office,26,0,80,sedan,OTHER,carburation,regular,10,A,19,None
0.333,196,4,Female,Other,CSP50,Professional,34,0,64,sedan,K,injection,regular,6,B,17,None
0.166,456,5,Male,Other,CSP50,Private,56,0,50,sedan,I,injection,regular,6,M1,6,Private garage
0.68,319,0,Male,Other,CSP50,Professional,44,0,50,sport utility vehicle,N,direct injection overpowered,diesel,4,0,16,None
0.486,332,1,Female,Other,CSP60,Private,67,1,50,coupe,D,injection overpowered,regular,1,A,16,None
0.31,129,8,Female,Alone,CSP55,Private+trip to office,31,0,57,sedan,OTHER,injection,regular,2,M1,13,None
0.968,335,5,Male,Other,CSP50,Private,55,1,59,sedan,Q,injection,regular,8,H,17,Collective garage
1.0,67,5,Male,Alone,CSP26,Private+trip to office,24,0,106,cabriolet,Q,injection,regular,9,H,16,Collective garage
0.388,220,8,Male,Other,CSP55,Private+trip to office,36,0,50,microvan,N,injection overpowered,diesel,3,H,15,None
0.677,337,1,Male,Other,CSP50,Professional,47,0,50,sedan,K,injection,regular,6,B,15,Collective garage
0.583,55,2,Female,Other,CSP50,Professional,24,0,80,sedan,G,direct injection overpowered,diesel,4,B,17,None
0.74,384,4,Female,Other,CSP50,Private+trip to office,52,0,50,sedan,L,injection,regular,8,M2,17,None
0.75,302,4,Male,Other,CSP50,Private+trip to office,43,0,50,microvan,N,direct injection overpowered,diesel,3,H,16,Private garage
0.404,384,1,Male,Other,CSP46,Professional,51,0,80,cabriolet,F,injection overpowered,regular,1,A,2,None
0.841,582,5,Female,Other,CSP60,Private,84,1,75,sedan,G,injection,regular,4,B,17,None
0.75,92,6,Female,Alone,CSP26,Private+trip to office,25,0,90,sedan,D,injection,regular,2,A,15,None
0.517,270,2,Female,Other,CSP50,Private+trip to office,42,0,60,other microvan,J,injection,regular,6,M1,15,None
0.333,510,6,Female,Other,CSP50,Private+trip to office,60,1,68,sedan,E,injection,regular,3,B,20,Collective garage
0.661,188,1,Male,Alone,CSP50,Private,35,0,100,cabriolet,M,injection,regular,8,M1,10,Private garage
0.509,363,3,Male,Other,CSP50,Private+trip to office,50,0,50,sedan,N,direct injection overpowered,diesel,8,M2,17,None
0.792,547,2,Female,Other,CSP60,Private,79,0,50,sedan,F,injection,regular,3,B,7,None
0.749,509,5,Male,Other,CSP50,Private+trip to office,62,0,61,coupe,M,injection,regular,8,M2,9,Collective garage
0.769,167,2,Female,Alone,CSP50,Private+trip to office,32,0,63,cabriolet,K,carburation,regular,3,M1,7,None
0.106,133,6,Female,Alone,CSP50,Private+trip to office,39,1,95,sedan,G,injection,diesel,4,B,17,None
0.039,321,8,Female,Other,CSP50,Private,50,0,50,sedan,K,direct injection overpowered,diesel,5,M1,15,None
1.0,286,0,Male,Other,CSP50,Professional,53,0,62,sedan,K,direct injection overpowered,diesel,6,M1,13,None
0.176,2,0,Female,Other,CSP50,Private+trip to office,24,0,100,sedan,G,injection,regular,4,B,17,None
0.479,414,8,Male,Other,CSP60,Private,63,0,58,sedan,G,injection,regular,3,B,20,Collective garage
0.433,276,2,Male,Other,CSP50,Professional,41,0,50,sedan,O,direct injection overpowered,diesel,8,H,17,Private garage
0.564,164,5,Male,Alone,CSP26,Private+trip to office,33,0,64,sedan,G,injection,diesel,3,B,18,None
0.166,282,6,Female,Other,CSP60,Private,66,0,85,sedan,F,injection,regular,3,B,17,None
1.0,458,8,Male,Other,CSP50,Professional,56,0,50,station wagon,Q,injection,diesel,6,H,18,Collective garage
0.341,464,3,Male,Other,CSP50,Private+trip to office,60,0,50,station wagon,I,direct injection overpowered,diesel,3,M1,15,None
0.749,88,4,Female,Alone,CSP26,Private+trip to office,25,0,72,sedan,L,direct injection overpowered,diesel,7,M1,17,Private garage
0.728,104,1,Male,Alone,CSP50,Professional run,28,0,100,sedan,M,direct injection overpowered,diesel,7,M1,17,None
0.333,99,2,Male,Other,CSP55,Private,26,1,76,cabriolet,I,injection,regular,7,B,18,None
1.0,228,1,Male,Other,CSP50,Professional,37,0,50,other microvan,O,direct injection overpowered,diesel,5,H,16,Private garage
0.326,402,3,Male,Other,CSP1,Professional,52,0,50,sport utility vehicle,M,injection,regular,4,H,15,Collective garage
0.666,126,1,Male,Alone,CSP50,Private+trip to office,29,0,85,sport utility vehicle,Q,direct injection overpowered,diesel,6,H,17,Collective garage
0.575,610,3,Male,Other,CSP42,Professional,75,0,50,van,L,direct injection overpowered,diesel,3,0,17,None
0.669,275,2,Male,Other,CSP50,Private+trip to office,41,0,50,sedan,Q,injection overpowered,regular,9,H,16,Private garage
0.249,341,1,Male,Other,CSP48,Private,46,1,62,sedan,K,injection,regular,5,M1,8,None
0.916,292,2,Male,Alone,CSP1,Professional,43,0,85,sport utility vehicle,U,injection,regular,8,H,2,Collective garage
0.916,366,3,Male,Other,CSP49,Professional,55,0,50,sport utility vehicle,L,injection,regular,4,H,17,None
0.252,318,5,Female,Other,CSP50,Private+trip to office,45,0,50,sport utility vehicle,P,injection,regular,5,H,11,Private garage
0.806,157,8,Male,Other,CSP50,Professional,40,0,68,sport utility vehicle,R,injection overpowered,diesel,4,H,17,Collective garage
0.419,665,1,Male,Other,CSP60,Private,75,0,50,sedan,J,injection,regular,6,B,12,Collective garage
0.833,149,3,Male,Alone,CSP50,Professional,32,0,90,coupe,S,injection,regular,9,H,7,Collective garage
0.416,299,3,Male,Other,CSP50,Private+trip to office,43,0,50,sedan,F,injection,regular,5,A,17,Collective garage
0.73,283,3,Male,Alone,CSP50,Private,42,0,54,sedan,I,injection,regular,6,M1,11,None
0.833,148,1,Female,Other,CSP50,Private+trip to office,31,0,85,microvan,J,injection,regular,6,M1,15,Collective garage
0.086,70,8,Female,Other,CSP50,Private+trip to office,31,0,85,sedan,H,injection overpowered,diesel,5,B,4,None
0.616,387,1,Male,Other,CSP42,Professional,50,0,52,cabriolet,F,injection overpowered,regular,1,A,18,Collective garage
0.249,496,5,Male,Other,CSP1,Professional,60,0,55,coupe,S,injection,regular,9,H,12,Collective garage
0.916,93,3,Male,Other,CSP42,Private,59,0,100,cabriolet,V,injection,regular,9,H,4,Private garage
0.774,174,11,Female,Alone,CSP50,Professional,34,0,50,sedan,F,carburation,regular,5,B,12,Collective garage
0.916,308,2,Male,Other,CSP46,Private,45,0,50,microvan,P,direct injection overpowered,diesel,6,H,11,Private garage
0.666,718,2,Male,Other,CSP60,Private,81,1,50,sedan,I,injection,regular,6,M1,16,Collective garage
0.509,108,5,Male,Other,CSP26,Private+trip to office,27,0,60,sedan,F,injection,regular,6,B,20,None
0.162,232,5,Female,Other,CSP50,Private+trip to office,50,0,50,sedan,E,injection,diesel,3,B,20,None
0.583,186,8,Male,Alone,CSP50,Private+trip to office,35,0,85,sedan,J,injection,regular,8,M1,13,None
0.916,369,1,Female,Other,CSP37,Private,49,0,50,sedan,L,injection,regular,5,B,7,None
0.177,336,0,Male,Other,CSP46,Professional,50,0,50,sedan,J,injection,regular,6,M1,2,Collective garage
0.853,360,0,Male,Other,CSP50,Private+trip to office,49,0,50,sport utility vehicle,N,injection,regular,6,0,6,None
0.416,178,5,Male,Other,CSP46,Private,49,1,54,sedan,K,injection,regular,7,M1,20,Collective garage
0.833,123,5,Female,Alone,CSP50,Private+trip to office,38,1,100,sedan,G,injection,diesel,4,B,17,None
0.916,130,5,Female,Alone,CSP55,Private+trip to office,34,0,90,sedan,H,injection,diesel,3,M1,15,None
0.916,654,3,Male,Other,CSP66,Private+trip to office,74,0,50,coupe,OTHER,injection,regular,9,H,8,Private garage
1.0,351,2,Female,Alone,CSP1,Professional,48,0,50,sedan,C,injection,regular,2,B,11,None
0.749,348,8,Male,Other,CSP60,Private,70,0,50,sedan,K,injection,diesel,5,M2,12,None
0.833,453,0,Male,Other,CSP60,Private,58,0,50,sedan,P,direct injection overpowered,diesel,9,M2,3,Private garage
